Month,Division,Campus,Service Line,Room Type,Occ Units,Available Units/Beds,OCC%
1/31/2026,Central Ohio,Greenville - 423,AL,Companion,0,0,0%
1/31/2026,Central Ohio,Greenville - 423,AL/MC,MC - Compan;A Vw;B Loc;B Sz,0,0,0%
1/31/2026,Central Ohio,Greenville - 423,AL/MC,MC - Compan;B Vw;B Loc;B Sz,0,0,0%
1/31/2026,Central Ohio,Greenville - 423,HC,Companion,0,0,0%
1/31/2026,Central Ohio,Greenville - 423,HC,Private,0,0,0%
1/31/2026,Central Ohio,Greenville - 423,HC/MC,Legacy Lane - Companion,0,0,0%
1/31/2026,Central Ohio,Greenville - 423,HC/MC,Legacy Lane - Private,0,0,0%
1/31/2026,Central Ohio,Springfield FG - 401,AL,Companion,0,0,0%
1/31/2026,Central Ohio,Springfield FG - 401,AL,Companion - Single,0,0,0%
1/31/2026,Central Ohio,Springfield FG - 401,AL,One Bedroom,0,0,0%
1/31/2026,Central Ohio,Springfield FG - 401,AL,Studio - Double,0,0,0%
1/31/2026,Central Ohio,Springfield FG - 401,AL/MC,Legacy Bldng - Companion,0,0,0%
1/31/2026,Central Ohio,Springfield FG - 401,AL/MC,Legacy Bldng - Private,0,1,0%
1/31/2026,Central Ohio,Springfield FG - 401,HC,Companion,0,0,0%
1/31/2026,Central Ohio,Springfield FG - 401,HC,Private,0,0,0%
1/31/2026,Central Ohio,Springfield FG - 401,VIL,Independent Living - Villa 1,0,0,0%
1/31/2026,Central South Indiana,Avon - 5166,AL,Companion,1,1,100%
1/31/2026,Central South Indiana,Avon - 5166,AL,One BR Apt-Double,4.2,5,84%
1/31/2026,Central South Indiana,Avon - 5166,AL,One BR Apt-Single,2,2,100%
1/31/2026,Central South Indiana,Avon - 5166,AL,Studio - Private,16.8,18,94%
1/31/2026,Central South Indiana,Avon - 5166,AL,Studio Deluxe - Double,3.2,4,79%
1/31/2026,Central South Indiana,Avon - 5166,AL/MC,Legacy Lane - Companion,0,1,0%
1/31/2026,Central South Indiana,Avon - 5166,AL/MC,Legacy Lane - Private,8.7,12,73%
1/31/2026,Central South Indiana,Avon - 5166,HC,Companion,18.7,22,85%
1/31/2026,Central South Indiana,Avon - 5166,HC,Private,30,32,94%
1/31/2026,Central South Indiana,Carmel - 5165,AL,1BR Deluxe,4,4,100%
1/31/2026,Central South Indiana,Carmel - 5165,AL,1BR;B Vw;B Loc;A Sz,4.2,5,83%
1/31/2026,Central South Indiana,Carmel - 5165,AL,1BR;B Vw;B Loc;C Sz,5,5,100%
1/31/2026,Central South Indiana,Carmel - 5165,AL,Companion,0,0,0%
1/31/2026,Central South Indiana,Carmel - 5165,AL,One BR Apt-Double,0,0,0%
1/31/2026,Central South Indiana,Carmel - 5165,AL,Studio; B Vw:B Loc; C Sz,4.2,5,84%
1/31/2026,Central South Indiana,Carmel - 5165,AL,Studio;B Vw;B Loc;A Sz,1,1,100%
1/31/2026,Central South Indiana,Carmel - 5165,AL/MC,Legacy Lane - Companion,2,2,100%
1/31/2026,Central South Indiana,Carmel - 5165,AL/MC,Legacy Lane - Private,8,11,73%
1/31/2026,Central South Indiana,Carmel - 5165,HC,Companion,22.5,25,90%
1/31/2026,Central South Indiana,Carmel - 5165,HC,Private,28.6,32,90%
1/31/2026,Central South Indiana,Carmel - 5165,HC,Studio Deluxe,3.5,4,89%
1/31/2026,Central South Indiana,Greenfield - 125,AL,Companion,7,7,100%
1/31/2026,Central South Indiana,Greenfield - 125,AL,One Bedroom,1,1,100%
1/31/2026,Central South Indiana,Greenfield - 125,AL,Studio - Double,7.8,9,87%
1/31/2026,Central South Indiana,Greenfield - 125,AL,Studio - Private,16.7,17,98%
1/31/2026,Central South Indiana,Greenfield - 125,AL/MC,Legacy Bldng - Companion,4.9,6,81%
1/31/2026,Central South Indiana,Greenfield - 125,AL/MC,Legacy Bldng - Private,16.7,19,88%
1/31/2026,Central South Indiana,Greenfield - 125,AL/MC,Legacy Bldng - Private Inter View,2.9,4,73%
1/31/2026,Central South Indiana,Greenfield - 125,HC,Companion,40.4,45,90%
1/31/2026,Central South Indiana,Greenfield - 125,HC,Private,18,21,86%
1/31/2026,Central South Indiana,Greenfield - 125,HC,Private Deluxe,0,0,0%
1/31/2026,Central South Indiana,Greenfield - 125,VIL,Independent Living - Villa 1,24,24,100%
1/31/2026,Central South Indiana,Indianapolis AP - 5160,AL,Studio - Companion,6,10,60%
1/31/2026,Central South Indiana,Indianapolis AP - 5160,AL,Studio - Private,4.3,6,71%
1/31/2026,Central South Indiana,Indianapolis AP - 5160,HC,Companion,24.6,28,88%
1/31/2026,Central South Indiana,Indianapolis AP - 5160,HC,Private,46,56,82%
1/31/2026,Central South Indiana,Indianapolis CL - 5161,AL,One Bedroom,3,4,74%
1/31/2026,Central South Indiana,Indianapolis CL - 5161,AL,Studio - Companion,8.2,10,82%
1/31/2026,Central South Indiana,Indianapolis CL - 5161,AL,Studio - Companion Deluxe,1,1,100%
1/31/2026,Central South Indiana,Indianapolis CL - 5161,AL,Studio - End of Hall,3,4,75%
1/31/2026,Central South Indiana,Indianapolis CL - 5161,AL,Studio - Private,6.1,8,76%
1/31/2026,Central South Indiana,Indianapolis CL - 5161,AL,Studio - Private Deluxe,3,3,100%
1/31/2026,Central South Indiana,Indianapolis CL - 5161,AL/MC,Legacy Lane - Companion,2,2,100%
1/31/2026,Central South Indiana,Indianapolis CL - 5161,AL/MC,Legacy Lane - Private,8.8,9,98%
1/31/2026,Central South Indiana,Indianapolis CL - 5161,HC,Companion,10,14,72%
1/31/2026,Central South Indiana,Indianapolis CL - 5161,HC,Private,34.6,43,81%
1/31/2026,Central South Indiana,Mooresville - 5174,AL,1 Bedroom,0,0,0%
1/31/2026,Central South Indiana,Mooresville - 5174,AL,Studio - Double,0,0,0%
1/31/2026,Central South Indiana,Mooresville - 5174,AL,Studio - Private,15,15,100%
1/31/2026,Central South Indiana,Mooresville - 5174,HC,Companion,16.9,19,89%
1/31/2026,Central South Indiana,Mooresville - 5174,HC,Private,30.6,32,96%
1/31/2026,Central South Indiana,New Castle GO - 2153,AL,Companion,1,4,25%
1/31/2026,Central South Indiana,New Castle GO - 2153,AL,Studio - Private,14.9,18,83%
1/31/2026,Central South Indiana,New Castle GO - 2153,AL/MC,Legacy Lane - Companion,2,2,100%
1/31/2026,Central South Indiana,New Castle GO - 2153,AL/MC,Legacy Lane - Private,7.9,9,87%
1/31/2026,Central South Indiana,New Castle GO - 2153,HC,Companion,47.2,53,89%
1/31/2026,Central South Indiana,New Castle GO - 2153,HC,Private,4.5,5,90%
1/31/2026,Central South Indiana,New Castle SL - 2152,SL,One BR Apt Deluxe-Double,0,0,0%
1/31/2026,Central South Indiana,New Castle SL - 2152,SL,One BR Apt Deluxe-Single,2,2,100%
1/31/2026,Central South Indiana,New Castle SL - 2152,SL,One BR Apt-Double,0,0,0%
1/31/2026,Central South Indiana,New Castle SL - 2152,SL,One BR Apt-Single,37,37,100%
1/31/2026,Central South Indiana,New Castle SL - 2152,SL,Studio - Private,12.7,16,79%
1/31/2026,Central South Indiana,New Castle SL - 2152,SL,Two BR Apt-Double,0,0,0%
1/31/2026,Central South Indiana,New Castle SL - 2152,SL,Two BR Apt-Single,2,4,50%
1/31/2026,Central South Indiana,Westfield - 5171,AL,One BR Apt-Double,4,4,100%
1/31/2026,Central South Indiana,Westfield - 5171,AL,Studio - Private,23.2,24,97%
1/31/2026,Central South Indiana,Westfield - 5171,AL,Studio - Private Deluxe,2,2,100%
1/31/2026,Central South Indiana,Westfield - 5171,AL/MC,LL - Companion,1.3,2,66%
1/31/2026,Central South Indiana,Westfield - 5171,AL/MC,LL - Studio,7.5,9,84%
1/31/2026,Central South Indiana,Westfield - 5171,HC,Companion,9.5,10,95%
1/31/2026,Central South Indiana,Westfield - 5171,HC,Private,43.5,45,97%
1/31/2026,Great Lakes,Battle Creek - 501,AL,Studio - Private,28.5,30,95%
1/31/2026,Great Lakes,Battle Creek - 501,AL/MC,Legacy Bldng - Companion,0,0,0%
1/31/2026,Great Lakes,Battle Creek - 501,AL/MC,Legacy Bldng - Private,0,0,0%
1/31/2026,Great Lakes,Battle Creek - 501,HC,Companion,42.6,47,91%
1/31/2026,Great Lakes,Battle Creek - 501,HC,Private,26.5,30,88%
1/31/2026,Great Lakes,Belmont - 519,AL,Compan;B Vw;C Loc;B Sz,0.5,1,45%
1/31/2026,Great Lakes,Belmont - 519,AL,Compan;C Vw;C Loc;A Sz,2,2,100%
1/31/2026,Great Lakes,Belmont - 519,AL,Compan;C Vw;C Loc;B Sz,1,1,100%
1/31/2026,Great Lakes,Belmont - 519,AL,Studio;A Vw;A Loc;B Sz,2,2,100%
1/31/2026,Great Lakes,Belmont - 519,AL,Studio;A Vw;C Loc;B Sz,1,1,100%
1/31/2026,Great Lakes,Belmont - 519,AL,Studio;B Vw;C Loc;B Sz,3.6,4,91%
1/31/2026,Great Lakes,Belmont - 519,AL,Studio;C Vw;A Loc;B Sz,1,1,100%
1/31/2026,Great Lakes,Belmont - 519,AL,Studio;C Vw;B Loc;B Sz,2,2,100%
1/31/2026,Great Lakes,Belmont - 519,AL,Studio;C Vw;C Loc;B Sz,4.8,5,96%
1/31/2026,Great Lakes,Belmont - 519,AL/MC,MC-Compan;A Vw;A Loc;A Sz,1,1,100%
1/31/2026,Great Lakes,Belmont - 519,AL/MC,MC-Compan;A Vw;B Loc;A Sz,1,1,100%
1/31/2026,Great Lakes,Belmont - 519,AL/MC,MC-Compan;C Vw;B Loc;A Sz,0.8,1,77%
1/31/2026,Great Lakes,Belmont - 519,AL/MC,MC-Studio;A Vw;A Loc;B Sz,2,2,100%
1/31/2026,Great Lakes,Belmont - 519,AL/MC,MC-Studio;A Vw;C Loc;B Sz,5,5,100%
1/31/2026,Great Lakes,Belmont - 519,AL/MC,MC-Studio;C Vw;C Loc;B Sz,5,5,100%
1/31/2026,Great Lakes,Belmont - 519,HC,Compan;A Vw;C Loc;B Sz,5.7,6,95%
1/31/2026,Great Lakes,Belmont - 519,HC,Compan;B Vw;C Loc;B Sz,2,2,100%
1/31/2026,Great Lakes,Belmont - 519,HC,Compan;C Vw;C Loc;B Sz,3.9,4,98%
1/31/2026,Great Lakes,Belmont - 519,HC,Studio;A Vw;B Loc;B Sz,1.9,2,97%
1/31/2026,Great Lakes,Belmont - 519,HC,Studio;A Vw;C Loc;B Sz,11.1,12,92%
1/31/2026,Great Lakes,Belmont - 519,HC,Studio;B Vw;A Loc;A Sz,0.5,1,52%
1/31/2026,Great Lakes,Belmont - 519,HC,Studio;B Vw;B Loc;B Sz,1,1,100%
1/31/2026,Great Lakes,Belmont - 519,HC,Studio;B Vw;C Loc;B Sz,8.3,9,92%
1/31/2026,Great Lakes,Belmont - 519,HC,Studio;C Vw;A Loc;B Sz,4.7,5,95%
1/31/2026,Great Lakes,Belmont - 519,HC,Studio;C Vw;B Loc;B Sz,5.2,6,87%
1/31/2026,Great Lakes,Belmont - 519,HC,Studio;C Vw;C Loc;B Sz,10.4,12,87%
1/31/2026,Great Lakes,Belmont - 519,SL,1BR;A Vw;B Loc;A Sz,1,1,100%
1/31/2026,Great Lakes,Belmont - 519,SL,1BR;A Vw;B Loc;B Sz,3.5,4,87%
1/31/2026,Great Lakes,Belmont - 519,SL,1BR;B Vw;B Loc;A Sz,2,2,100%
1/31/2026,Great Lakes,Belmont - 519,SL,1BR;B Vw;B Loc;B Sz,5,5,100%
1/31/2026,Great Lakes,Belmont - 519,SL,1BR;C Vw;B Loc;A Sz,4,4,100%
1/31/2026,Great Lakes,Belmont - 519,SL,1BR;C Vw;B Loc;B Sz,3,3,100%
1/31/2026,Great Lakes,Belmont - 519,SL,1BR;C Vw;B Loc;C Sz,1,1,100%
1/31/2026,Great Lakes,Belmont - 519,SL,Studio;A Vw;B Loc;B Sz,2,2,100%
1/31/2026,Great Lakes,Belmont - 519,SL,Studio;B Vw;B Loc;B Sz,1,1,100%
1/31/2026,Great Lakes,Belmont - 519,SL,Studio;C Vw;B Loc;B Sz,1,1,100%
1/31/2026,Great Lakes,Byron Center - 518,AL,Compan;A Vw;C Loc;A Sz,2,2,100%
1/31/2026,Great Lakes,Byron Center - 518,AL,Compan;B Vw;C Loc;B Sz,1,1,100%
1/31/2026,Great Lakes,Byron Center - 518,AL,Compan;C Vw;C Loc;B Sz,1,1,100%
1/31/2026,Great Lakes,Byron Center - 518,AL,Studio;A Vw;A Loc;B Sz,3,3,100%
1/31/2026,Great Lakes,Byron Center - 518,AL,Studio;A Vw;B Loc;B Sz,1,1,100%
1/31/2026,Great Lakes,Byron Center - 518,AL,Studio;A Vw;C Loc;B Sz,4.5,5,91%
1/31/2026,Great Lakes,Byron Center - 518,AL,Studio;B Vw;C Loc;B Sz,3.5,4,87%
1/31/2026,Great Lakes,Byron Center - 518,AL,Studio;C Vw;B Loc;B Sz,1,1,100%
1/31/2026,Great Lakes,Byron Center - 518,AL,Studio;C Vw;C Loc;B Sz,1,1,100%
1/31/2026,Great Lakes,Byron Center - 518,AL/MC,MC-Compan;A Vw;A Loc;A Sz,1,1,100%
1/31/2026,Great Lakes,Byron Center - 518,AL/MC,MC-Compan;A Vw;C Loc;A Sz,1,1,100%
1/31/2026,Great Lakes,Byron Center - 518,AL/MC,MC-Compan;A Vw;C Loc;B Sz,0.8,2,42%
1/31/2026,Great Lakes,Byron Center - 518,AL/MC,MC-Compan;C Vw;C Loc;B Sz,2,2,100%
1/31/2026,Great Lakes,Byron Center - 518,AL/MC,MC-Studio;A Vw;A Loc;B Sz,1,1,100%
1/31/2026,Great Lakes,Byron Center - 518,AL/MC,MC-Studio;A Vw;C Loc;B Sz,2,2,100%
1/31/2026,Great Lakes,Byron Center - 518,AL/MC,MC-Studio;C Vw;C Loc;B Sz,2.5,3,85%
1/31/2026,Great Lakes,Byron Center - 518,HC,Compan;C Vw;C Loc;B Sz,11.4,12,95%
1/31/2026,Great Lakes,Byron Center - 518,HC,Companion,0,0,0%
1/31/2026,Great Lakes,Byron Center - 518,HC,Private,0,0,0%
1/31/2026,Great Lakes,Byron Center - 518,HC,Studio DLX;C Vw;C Loc;B Sz,2,2,100%
1/31/2026,Great Lakes,Byron Center - 518,HC,Studio;A Vw;A Loc;B Sz,1.9,2,95%
1/31/2026,Great Lakes,Byron Center - 518,HC,Studio;A Vw;C Loc;B Sz,8,9,89%
1/31/2026,Great Lakes,Byron Center - 518,HC,Studio;C Vw;A Loc;B Sz,5.4,6,90%
1/31/2026,Great Lakes,Byron Center - 518,HC,Studio;C Vw;C Loc;B Sz,25.7,29,89%
1/31/2026,Great Lakes,Byron Center - 518,SL,1BR;A Vw;C Loc;A Sz,1,1,100%
1/31/2026,Great Lakes,Byron Center - 518,SL,1BR;A Vw;C Loc;B Sz,4,4,100%
1/31/2026,Great Lakes,Byron Center - 518,SL,1BR;B Vw;C Loc;B Sz,7,7,100%
1/31/2026,Great Lakes,Byron Center - 518,SL,1BR;C Vw;C Loc;B Sz,1,2,50%
1/31/2026,Great Lakes,Byron Center - 518,SL,1BR;C Vw;C Loc;C Sz,1,1,100%
1/31/2026,Great Lakes,Byron Center - 518,SL,Studio;A Vw;C Loc;A Sz,2,2,100%
1/31/2026,Great Lakes,Byron Center - 518,SL,Studio;B Vw;C Loc;B Sz,3,3,100%
1/31/2026,Great Lakes,Byron Center - 518,SL,Studio;B Vw;C Loc;C Sz,1,1,100%
1/31/2026,Great Lakes,Byron Center - 518,SL,Studio;C Vw;C Loc;B Sz,1,1,100%
1/31/2026,Great Lakes,Hudsonville - 524,AL,Compan;A Vw;C Loc;B Sz,2,2,100%
1/31/2026,Great Lakes,Hudsonville - 524,AL,Compan;C Vw;C Loc;B Sz,2,2,100%
1/31/2026,Great Lakes,Hudsonville - 524,AL,Studio;A Vw;A Loc;B Sz,2.5,3,83%
1/31/2026,Great Lakes,Hudsonville - 524,AL,Studio;A Vw;C Loc;B Sz,10,10,100%
1/31/2026,Great Lakes,Hudsonville - 524,AL,Studio;C Vw;C Loc;B Sz,2,2,100%
1/31/2026,Great Lakes,Hudsonville - 524,AL/MC,MC-Compan;A Vw;C Loc;B Sz,2,2,100%
1/31/2026,Great Lakes,Hudsonville - 524,AL/MC,MC-Compan;C Vw;C Loc;B Sz,1,1,100%
1/31/2026,Great Lakes,Hudsonville - 524,AL/MC,MC-Studio;A Vw;A Loc;B Sz,2,2,100%
1/31/2026,Great Lakes,Hudsonville - 524,AL/MC,MC-Studio;A Vw;C Loc;B Sz,5,5,100%
1/31/2026,Great Lakes,Hudsonville - 524,AL/MC,MC-Studio;C Vw;C Loc;B Sz,4.2,5,84%
1/31/2026,Great Lakes,Hudsonville - 524,HC,Compan;A Vw;C Loc;B Sz,3.8,4,94%
1/31/2026,Great Lakes,Hudsonville - 524,HC,Compan;C Vw;C Loc;B Sz,9,16,56%
1/31/2026,Great Lakes,Hudsonville - 524,HC,Studio Dlx;C Vw;C Loc;B Sz,1,1,100%
1/31/2026,Great Lakes,Hudsonville - 524,HC,Studio;A Vw;A Loc;B Sz,2.5,3,85%
1/31/2026,Great Lakes,Hudsonville - 524,HC,Studio;A Vw;C Loc;B Sz,5.3,10,53%
1/31/2026,Great Lakes,Hudsonville - 524,HC,Studio;C Vw;A Loc;B Sz,3.5,4,87%
1/31/2026,Great Lakes,Hudsonville - 524,HC,Studio;C Vw;C Loc;B Sz,12,20,60%
1/31/2026,Great Lakes,Hudsonville - 524,SL,1BR;A Vw;C Loc;A Sz,2,2,100%
1/31/2026,Great Lakes,Hudsonville - 524,SL,1BR;A Vw;C Loc;B Sz,6.5,7,93%
1/31/2026,Great Lakes,Hudsonville - 524,SL,1BR;C Vw;A Loc;B Sz,2,2,100%
1/31/2026,Great Lakes,Hudsonville - 524,SL,1BR;C Vw;C Loc;A Sz,1,1,100%
1/31/2026,Great Lakes,Hudsonville - 524,SL,1BR;C Vw;C Loc;B Sz,5,5,100%
1/31/2026,Great Lakes,Hudsonville - 524,SL,1BR;C Vw;C Loc;C Sz,2,2,100%
1/31/2026,Great Lakes,Hudsonville - 524,SL,2BR;C Vw;A Loc;B Sz,1,1,100%
1/31/2026,Great Lakes,Hudsonville - 524,SL,Studio;A Vw;C Loc;B Sz,1.5,2,76%
1/31/2026,Great Lakes,Hudsonville - 524,SL,Studio;C Vw;C Loc;B Sz,3,3,100%
1/31/2026,Great Lakes,Lowell - 156,AL,Companion,3.1,4,77%
1/31/2026,Great Lakes,Lowell - 156,AL,Studio - Double,9.8,10,98%
1/31/2026,Great Lakes,Lowell - 156,AL,Studio - Private,5.2,6,87%
1/31/2026,Great Lakes,Lowell - 156,AL/MC,Legacy Lane - Companion,3,3,100%
1/31/2026,Great Lakes,Lowell - 156,AL/MC,Legacy Lane - Private,7.3,8,92%
1/31/2026,Great Lakes,Lowell - 156,HC,Companion,21.9,24,91%
1/31/2026,Great Lakes,Lowell - 156,HC,Private,32,34,94%
1/31/2026,Great Lakes,Muskegon - 525,AL,Compan;A Vw;C Loc;B Sz,2,2,100%
1/31/2026,Great Lakes,Muskegon - 525,AL,Compan;C Vw;C Loc;B Sz,2,2,100%
1/31/2026,Great Lakes,Muskegon - 525,AL,Studio;A Vw;A Loc;B Sz,3,3,100%
1/31/2026,Great Lakes,Muskegon - 525,AL,Studio;A Vw;C Loc;B Sz,10,10,100%
1/31/2026,Great Lakes,Muskegon - 525,AL,Studio;C Vw;C Loc;B Sz,2,2,100%
1/31/2026,Great Lakes,Muskegon - 525,AL/MC,MC-Compan;A Vw;C Loc;B Sz,2,2,100%
1/31/2026,Great Lakes,Muskegon - 525,AL/MC,MC-Compan;C Vw;C Loc;B Sz,1,1,100%
1/31/2026,Great Lakes,Muskegon - 525,AL/MC,MC-Studio;A Vw;A Loc;B Sz,2,2,100%
1/31/2026,Great Lakes,Muskegon - 525,AL/MC,MC-Studio;A Vw;C Loc;B Sz,4.5,5,90%
1/31/2026,Great Lakes,Muskegon - 525,AL/MC,MC-Studio;C Vw;C Loc;B Sz,3.5,5,69%
1/31/2026,Great Lakes,Muskegon - 525,HC,Compan;A Vw;C Loc;B Sz,2.9,4,72%
1/31/2026,Great Lakes,Muskegon - 525,HC,Compan;C Vw;C Loc;B Sz,8.9,16,56%
1/31/2026,Great Lakes,Muskegon - 525,HC,Studio Dlx;C Vw;C Loc;B Sz,0.2,1,23%
1/31/2026,Great Lakes,Muskegon - 525,HC,Studio;A Vw;A Loc;B Sz,2.3,3,76%
1/31/2026,Great Lakes,Muskegon - 525,HC,Studio;A Vw;C Loc;B Sz,5.8,10,58%
1/31/2026,Great Lakes,Muskegon - 525,HC,Studio;C Vw;A Loc;B Sz,5.1,6,85%
1/31/2026,Great Lakes,Muskegon - 525,HC,Studio;C Vw;C Loc;B Sz,11.2,18,62%
1/31/2026,Great Lakes,Muskegon - 525,SL,1BR;A Vw;C Loc;A Sz,1,2,50%
1/31/2026,Great Lakes,Muskegon - 525,SL,1BR;A Vw;C Loc;B Sz,7,7,100%
1/31/2026,Great Lakes,Muskegon - 525,SL,1BR;C Vw;A Loc;B Sz,2,2,100%
1/31/2026,Great Lakes,Muskegon - 525,SL,1BR;C Vw;C Loc;A Sz,1,1,97%
1/31/2026,Great Lakes,Muskegon - 525,SL,1BR;C Vw;C Loc;B Sz,5,5,100%
1/31/2026,Great Lakes,Muskegon - 525,SL,1BR;C Vw;C Loc;C Sz,2,2,100%
1/31/2026,Great Lakes,Muskegon - 525,SL,2BR;C Vw;A Loc;B Sz,1,1,100%
1/31/2026,Great Lakes,Muskegon - 525,SL,Studio;A Vw;C Loc;B Sz,1,2,50%
1/31/2026,Great Lakes,Muskegon - 525,SL,Studio;C Vw;C Loc;B Sz,2,3,67%
1/31/2026,Great Lakes,Sun Prairie - 572,AL,1 Bedroom,4,4,100%
1/31/2026,Great Lakes,Sun Prairie - 572,AL,2 Bedroom,4,4,100%
1/31/2026,Great Lakes,Sun Prairie - 572,AL,Studio,5,6,83%
1/31/2026,Great Lakes,Sun Prairie - 572,HC,Companion,8.4,11,76%
1/31/2026,Great Lakes,Sun Prairie - 572,HC,Private,17.5,18,97%
1/31/2026,Great Lakes,Sun Prairie - 572,HC,Private - 100 Hall,7.7,10,77%
1/31/2026,Great Lakes,Valparaiso - 139,AL,Companion,4.5,5,90%
1/31/2026,Great Lakes,Valparaiso - 139,AL,Companion - End of Hall,0.6,1,61%
1/31/2026,Great Lakes,Valparaiso - 139,AL,Studio - Private,16.5,23,72%
1/31/2026,Great Lakes,Valparaiso - 139,AL,Studio - Private - End of Hall,1,4,25%
1/31/2026,Great Lakes,Valparaiso - 139,AL,Studio - Private Deluxe,0.9,1,87%
1/31/2026,Great Lakes,Valparaiso - 139,AL/MC,Legacy Bldng - Companion,3,3,100%
1/31/2026,Great Lakes,Valparaiso - 139,AL/MC,Legacy Bldng - Private,24.4,26,94%
1/31/2026,Great Lakes,Valparaiso - 139,HC,Companion,22,24,92%
1/31/2026,Great Lakes,Valparaiso - 139,HC,Private,33.1,36,92%
1/31/2026,Great Lakes,Valparaiso - 139,HC,TCU - Private Deluxe,0.8,1,84%
1/31/2026,Great Lakes,Waunakee - 571,AL,1 Bedroom,30.8,32,96%
1/31/2026,Great Lakes,Waunakee - 571,AL,2 Bedroom,6,6,100%
1/31/2026,Great Lakes,Waunakee - 571,AL,CBRF Studio,0,0,0%
1/31/2026,Great Lakes,Waunakee - 571,AL,Studio,31.5,32,98%
1/31/2026,Great Lakes,Waunakee - 571,AL/MC,MC - Companion,0.8,2,40%
1/31/2026,Great Lakes,Waunakee - 571,AL/MC,MC - Studio,1.5,2,74%
1/31/2026,Great Lakes,Waunakee - 571,AL/MC,MC - Studio Deluxe,13.2,14,94%
1/31/2026,Great Lakes,Waunakee - 571,HC,Companion,11.7,13,90%
1/31/2026,Great Lakes,Waunakee - 571,HC,Private,42.5,51,83%
1/31/2026,Great Lakes,Waunakee - 571,VIL,1 Bedroom,8,8,100%
1/31/2026,Kentuckiana,Corydon - 2180,AL,Companion,3,4,75%
1/31/2026,Kentuckiana,Corydon - 2180,AL,Studio - Private,14.1,15,94%
1/31/2026,Kentuckiana,Corydon - 2180,AL/MC,Legacy Bldng - Companion,2,3,67%
1/31/2026,Kentuckiana,Corydon - 2180,AL/MC,Legacy Bldng - Private,7.1,8,89%
1/31/2026,Kentuckiana,Corydon - 2180,HC,Companion,21.3,24,89%
1/31/2026,Kentuckiana,Corydon - 2180,HC,Private,32,34,94%
1/31/2026,Kentuckiana,Corydon - 2180,VIL,INDEPENDENT LIVING - 1 BR,8,8,100%
1/31/2026,Kentuckiana,Corydon - 2180,VIL,INDEPENDENT LIVING - 2 BR,13.5,14,97%
1/31/2026,Kentuckiana,Corydon - 2180,VIL,Independent Living - 2BR,20,20,100%
1/31/2026,Kentuckiana,Louisville ES - 210,AL/MC,MC - Studio;A Vw;B Loc;B Sz,17.1,18,95%
1/31/2026,Kentuckiana,Louisville ES - 210,AL/MC,MC - Studio;B Vw;B Loc;B Sz,21,21,100%
1/31/2026,Kentuckiana,Louisville ES - 210,AL/MC,MC - Studio;C Vw;B Loc;B Sz,21,21,100%
1/31/2026,Kentuckiana,Louisville FH - 2137,AL,One BR Apt,14,14,100%
1/31/2026,Kentuckiana,Louisville FH - 2137,AL,One BR Apt - B Location,6,6,100%
1/31/2026,Kentuckiana,Louisville FH - 2137,AL,One BR Apt-Double,4,4,100%
1/31/2026,Kentuckiana,Louisville FH - 2137,AL,Studio A-A2-A3-D3,7,7,100%
1/31/2026,Kentuckiana,Louisville FH - 2137,AL,Studio D-D5,9,10,90%
1/31/2026,Kentuckiana,Louisville FH - 2137,AL,Studio D2,1,1,100%
1/31/2026,Kentuckiana,Louisville FH - 2137,AL,Studio D4,3.4,4,84%
1/31/2026,Kentuckiana,Louisville FH - 2137,AL,Two BR Apt-Double,3,3,100%
1/31/2026,Kentuckiana,Louisville FH - 2137,AL,Two BR Apt-Single,3,3,100%
1/31/2026,Kentuckiana,Louisville FH - 2137,HC,Companion,10.7,16,67%
1/31/2026,Kentuckiana,Louisville FH - 2137,HC,Private,67,71,94%
1/31/2026,Kentuckiana,Louisville FS - 2154,AL,Companion,1.4,3,45%
1/31/2026,Kentuckiana,Louisville FS - 2154,AL,Studio,16,17,94%
1/31/2026,Kentuckiana,Louisville FS - 2154,AL/MC,MC - Companion,3,3,100%
1/31/2026,Kentuckiana,Louisville FS - 2154,AL/MC,MC - Studio,7.8,8,98%
1/31/2026,Kentuckiana,Louisville FS - 2154,HC,Companion,21.7,24,91%
1/31/2026,Kentuckiana,Louisville FS - 2154,HC,Private,33.2,34,98%
1/31/2026,Kentuckiana,Louisville FS - 2154,VIL,Independent Living - Villa 1,33,34,97%
1/31/2026,Kentuckiana,Louisville GR - 126,AL,Companion,4,4,100%
1/31/2026,Kentuckiana,Louisville GR - 126,AL,Studio,17.2,18,95%
1/31/2026,Kentuckiana,Louisville GR - 126,HC,Companion,19.5,20,97%
1/31/2026,Kentuckiana,Louisville GR - 126,HC,Private,30.3,31,98%
1/31/2026,Kentuckiana,Louisville GR - 126,HC,Private Deluxe,0,0,0%
1/31/2026,Kentuckiana,Louisville GR - 126,HC/MC,MC - COMPANION,3.9,4,98%
1/31/2026,Kentuckiana,Louisville GR - 126,HC/MC,MC - PRIVATE,10.9,11,99%
1/31/2026,Kentuckiana,Louisville PT - 127,HC,Private,36.7,39,94%
1/31/2026,Kentuckiana,Louisville PT - 127,HC,TCU - Private,18.9,21,90%
1/31/2026,Kentuckiana,Louisville PT - 127,HC/MC,Legacy Lane - Companion,21.5,22,98%
1/31/2026,Kentuckiana,Louisville PT - 127,HC/MC,Legacy Lane - Private,6,6,100%
1/31/2026,Kentuckiana,Louisville SB - 175,AL,1 BR;B Vw;A Loc;A Sz,0.6,1,61%
1/31/2026,Kentuckiana,Louisville SB - 175,AL,1 BR;B Vw;A Loc;B Sz,1,1,100%
1/31/2026,Kentuckiana,Louisville SB - 175,AL,1 BR;B Vw;B Loc;B Sz,2,2,100%
1/31/2026,Kentuckiana,Louisville SB - 175,AL,1 BR;B Vw;C Loc;B Sz,0.2,1,19%
1/31/2026,Kentuckiana,Louisville SB - 175,AL,1 BR;B Vw;C Loc;C Sz,1,2,50%
1/31/2026,Kentuckiana,Louisville SB - 175,AL,Compan;A Vw;C Loc;B Sz,2,2,100%
1/31/2026,Kentuckiana,Louisville SB - 175,AL,Compan;B Vw;B Loc;B Sz,0,0,0%
1/31/2026,Kentuckiana,Louisville SB - 175,AL,Compan;B Vw;C Loc;B Sz,2,2,100%
1/31/2026,Kentuckiana,Louisville SB - 175,AL,Compan;C Vw;B Loc;B Sz,1,1,100%
1/31/2026,Kentuckiana,Louisville SB - 175,AL,Studio;A Vw;A Loc;B Sz,2,2,100%
1/31/2026,Kentuckiana,Louisville SB - 175,AL,Studio;A Vw;B Loc;B Sz,2,2,98%
1/31/2026,Kentuckiana,Louisville SB - 175,AL,Studio;A Vw;C Loc;B Sz,4.9,5,98%
1/31/2026,Kentuckiana,Louisville SB - 175,AL,Studio;B Vw;A Loc;B Sz,0,0,0%
1/31/2026,Kentuckiana,Louisville SB - 175,AL,Studio;B Vw;B Loc;B Sz,1,1,100%
1/31/2026,Kentuckiana,Louisville SB - 175,AL,Studio;B Vw;C Loc;B Sz,4,6,67%
1/31/2026,Kentuckiana,Louisville SB - 175,AL,Studio;C Vw;C Loc;B Sz,0,0,0%
1/31/2026,Kentuckiana,Louisville SB - 175,HC,Compan;C Vw;B Loc;B Sz,8,8,100%
1/31/2026,Kentuckiana,Louisville SB - 175,HC,Compan;C Vw;C Loc;B Sz,8,8,100%
1/31/2026,Kentuckiana,Louisville SB - 175,HC,Studio;B Vw;A Loc;B Sz,2,2,98%
1/31/2026,Kentuckiana,Louisville SB - 175,HC,Studio;B Vw;B Loc;B Sz,1.7,2,85%
1/31/2026,Kentuckiana,Louisville SB - 175,HC,Studio;B Vw;C Loc;B Sz,1.6,2,82%
1/31/2026,Kentuckiana,Louisville SB - 175,HC,Studio;C Vw;A Loc;B Sz,4,4,100%
1/31/2026,Kentuckiana,Louisville SB - 175,HC,Studio;C Vw;B Loc;B Sz,2,2,100%
1/31/2026,Kentuckiana,Louisville SB - 175,HC,Studio;C Vw;C Loc;B Sz,13.2,14,94%
1/31/2026,Kentuckiana,Louisville SB - 175,HC/MC,Legacy-Compan;B Vw;C Loc;B Sz,5,5,100%
1/31/2026,Kentuckiana,Louisville SB - 175,HC/MC,Legacy-Compan;C Vw;C Loc;B Sz,1,1,100%
1/31/2026,Kentuckiana,Louisville SB - 175,HC/MC,Legacy-Stu Dlx;C Vw;A Loc;B Sz,1,1,100%
1/31/2026,Kentuckiana,Louisville SB - 175,HC/MC,Legacy-Studio;B Vw;A Loc;B Sz,1,1,100%
1/31/2026,Kentuckiana,Louisville SB - 175,HC/MC,Legacy-Studio;B Vw;B Loc;B Sz,1,1,100%
1/31/2026,Kentuckiana,Louisville SB - 175,HC/MC,Legacy-Studio;B Vw;C Loc;B Sz,2,2,100%
1/31/2026,Kentuckiana,Louisville SB - 175,HC/MC,Legacy-Studio;C Vw;C Loc;B Sz,13,13,100%
1/31/2026,Kentuckiana,Louisville SB - 175,SL,1BR;A Vw;A Loc;A Sz,1,1,100%
1/31/2026,Kentuckiana,Louisville SB - 175,SL,1BR;A Vw;B Loc;B Sz,0.6,1,65%
1/31/2026,Kentuckiana,Louisville SB - 175,SL,1BR;A Vw;C Loc;B Sz,2.6,3,86%
1/31/2026,Kentuckiana,Louisville SB - 175,SL,1BR;B Vw;A Loc;A Sz,2,2,100%
1/31/2026,Kentuckiana,Louisville SB - 175,SL,1BR;B Vw;A Loc;B Sz,1,1,100%
1/31/2026,Kentuckiana,Louisville SB - 175,SL,1BR;B Vw;B Loc;A Sz,2,2,100%
1/31/2026,Kentuckiana,Louisville SB - 175,SL,1BR;B Vw;B Loc;C Sz,1,1,100%
1/31/2026,Kentuckiana,Louisville SB - 175,SL,1BR;B Vw;C Loc;B Sz,7,7,100%
1/31/2026,Kentuckiana,Louisville SB - 175,SL,Studio;A Vw;C Loc;A Sz,2,2,100%
1/31/2026,Kentuckiana,Louisville SB - 175,SL,Studio;B Vw;C Loc;B Sz,2,2,100%
1/31/2026,Kentuckiana,Louisville WP - 145,AL,Companion,4,4,100%
1/31/2026,Kentuckiana,Louisville WP - 145,AL,Studio,17.4,18,96%
1/31/2026,Kentuckiana,Louisville WP - 145,HC,Companion,8.2,11,75%
1/31/2026,Kentuckiana,Louisville WP - 145,HC,Private,47.8,52,92%
1/31/2026,Kentuckiana,Louisville WS - 190,AL,1BR Compan;A Vw;A Loc;A Sz,1.5,2,76%
1/31/2026,Kentuckiana,Louisville WS - 190,AL,1BR DLX Compan;A Vw;A Loc;A Sz,3,3,100%
1/31/2026,Kentuckiana,Louisville WS - 190,AL,1BR DLX;A Vw;A Loc;A Sz,2,2,100%
1/31/2026,Kentuckiana,Louisville WS - 190,AL,1BR;A Vw;A Loc;A Sz,32.5,35,93%
1/31/2026,Kentuckiana,Louisville WS - 190,AL,1BR;A Vw;A Loc;B Sz,11,11,100%
1/31/2026,Kentuckiana,Louisville WS - 190,AL,2BR Compan;A Vw;A Loc;B Sz,5,5,100%
1/31/2026,Kentuckiana,Louisville WS - 190,AL,Studio;A Vw;A Loc;B Sz,4,4,100%
1/31/2026,Kentuckiana,Louisville WS - 190,AL/MC,MC-Studio;A Vw; A Loc; A Sz,8.7,11,79%
1/31/2026,Kentuckiana,Louisville WS - 190,AL/MC,MC-Studio;B Vw; A Loc; A Sz,4,5,80%
1/31/2026,Kentuckiana,Louisville WS - 190,HC,L;Stud;1 Bath;A Vw;B Loc;B Sz,13.7,15,92%
1/31/2026,Kentuckiana,Louisville WS - 190,HC,L;Stud;1 Bath;B Vw;B Loc;B Sz,8.2,9,91%
1/31/2026,Kentuckiana,Louisville WS - 190,HC,W;Stud;.5 Bath;A Vw;B Loc;B Sz,1,1,100%
1/31/2026,Kentuckiana,Louisville WS - 190,HC,W;Stud;.5 Bath;B Vw;B Loc;A Sz,1,1,100%
1/31/2026,Kentuckiana,Louisville WS - 190,HC,W;Stud;.5 Bath;B Vw;B Loc;B Sz,13,13,100%
1/31/2026,Kentuckiana,Louisville WS - 190,HC,W;Stud;1 Bath;A Vw;B Loc;B Sz,4,4,100%
1/31/2026,Kentuckiana,Louisville WS - 190,HC,W;Stud;1 Bath;B Vw;B Loc;B Sz,9,9,100%
1/31/2026,Kentuckiana,Louisville WS - 190,SL,1BR DLX;A Vw;B Loc;A Sz,0,1,0%
1/31/2026,Kentuckiana,Louisville WS - 190,SL,1BR DLX;A Vw;B Loc;B Sz,1,1,100%
1/31/2026,Kentuckiana,Louisville WS - 190,SL,1BR;A Vw;B Loc;A Sz,7,9,78%
1/31/2026,Kentuckiana,Louisville WS - 190,SL,1BR;A Vw;B Loc;B Sz,0,0,0%
1/31/2026,Kentuckiana,Louisville WS - 190,SL,2BR DLX;A Vw;B Loc;B Sz,3,3,100%
1/31/2026,Kentuckiana,Louisville WS - 190,SL,2BR;A Vw;B Loc;B Sz,1.4,3,47%
1/31/2026,Kentuckiana,Louisville WS - 190,VIL,Patio Home Deluxe,17,17,100%
1/31/2026,Kentuckiana,Louisville WS - 190,VIL,Patio Home Standard,8,8,100%
1/31/2026,Kentuckiana,Louisville WS - 190,VIL,Patio Home w/ Study,31.6,32,99%
1/31/2026,Kentuckiana,New Albany AW - 105,HC,Companion,24.5,34,72%
1/31/2026,Kentuckiana,New Albany AW - 105,HC,Private,24.7,27,92%
1/31/2026,Kentuckiana,New Albany AW - 105,HC/MC,Legacy Lane - Companion,15.8,16,99%
1/31/2026,Kentuckiana,New Albany AW - 105,HC/MC,Legacy Lane - Private,12.5,14,90%
1/31/2026,Kentuckiana,New Albany RC - 236,AL,1 Bedroom,1.1,3,38%
1/31/2026,Kentuckiana,New Albany RC - 236,AL,1BR;A Vw;B Loc;B Sz,5,7,73%
1/31/2026,Kentuckiana,New Albany RC - 236,AL,1BR;A Vw;C Loc;B Sz,2,2,100%
1/31/2026,Kentuckiana,New Albany RC - 236,AL,1BR;B Vw;B Loc;B Sz,2,6,31%
1/31/2026,Kentuckiana,New Albany RC - 236,AL,1BR;B Vw;C Loc;B Sz,0.9,3,32%
1/31/2026,Kentuckiana,New Albany RC - 236,AL,2BR,1.3,2,66%
1/31/2026,Kentuckiana,New Albany RC - 236,AL,Studio DLX;A Vw;B Loc;B Sz,3.3,6,55%
1/31/2026,Kentuckiana,New Albany RC - 236,AL,Studio DLX;B Vw;B Loc;B Sz,3,6,50%
1/31/2026,Kentuckiana,New Albany RC - 236,AL,Studio;A Vw;B Loc;B Sz,2.1,4,52%
1/31/2026,Kentuckiana,New Albany RC - 236,AL,Studio;A Vw;C Loc;B Sz,0,2,0%
1/31/2026,Kentuckiana,New Albany RC - 236,AL,Studio;B Vw;B Loc;B Sz,10.1,11,92%
1/31/2026,Kentuckiana,New Albany RC - 236,AL,Studio;B Vw;C Loc;B Sz,3.6,4,90%
1/31/2026,Kentuckiana,New Albany RC - 236,AL/MC,MC-Compan;B Vw;B Loc;B Sz,0.9,2,44%
1/31/2026,Kentuckiana,New Albany RC - 236,AL/MC,MC-Studio;B Vw;B Loc;B Sz,20.2,21,96%
1/31/2026,Kentuckiana,New Albany RC - 236,VIL,INDEPENDENT LIVING 2 BR,13.9,16,87%
1/31/2026,Kentuckiana,New Albany SC - 5151,AL,1 BR DLX - A View - 5th FLOOR - DOUBLE,1,2,50%
1/31/2026,Kentuckiana,New Albany SC - 5151,AL,1BR - 4TH FLOOR - SINGLE,5.3,6,88%
1/31/2026,Kentuckiana,New Albany SC - 5151,AL,1BR - 5TH FLOOR - DOUBLE,4,4,100%
1/31/2026,Kentuckiana,New Albany SC - 5151,AL,1BR Alcove - Single,1.4,2,68%
1/31/2026,Kentuckiana,New Albany SC - 5151,AL,1BR DLX - 4TH FLOOR - DOUBLE,2,2,100%
1/31/2026,Kentuckiana,New Albany SC - 5151,AL,1BR DLX - 4TH FLOOR - SINGLE,6.2,7,88%
1/31/2026,Kentuckiana,New Albany SC - 5151,AL,1BR DLX - 5TH FLOOR - DOUBLE,1,1,100%
1/31/2026,Kentuckiana,New Albany SC - 5151,AL,1BR DLX - 5TH FLOOR - SINGLE,2.4,3,80%
1/31/2026,Kentuckiana,New Albany SC - 5151,AL,Studio - Private,5.3,6,88%
1/31/2026,Kentuckiana,New Albany SC - 5151,AL,Studio - Private Deluxe,1.1,2,56%
1/31/2026,Kentuckiana,New Albany SC - 5151,AL,Two BR Apt-Double,2,3,67%
1/31/2026,Kentuckiana,New Albany SC - 5151,AL,Two BR Apt-Single,1,1,100%
1/31/2026,Kentuckiana,New Albany SC - 5151,HC,Companion,18.9,24,79%
1/31/2026,Kentuckiana,New Albany SC - 5151,HC,Private,26.5,28,95%
1/31/2026,Kentuckiana,New Albany SC - 5151,HC,Private Deluxe,3.6,4,91%
1/31/2026,Kentuckiana,New Albany SC - 5151,VIL,1BR; 1st Fl; A Vw; 626 SqFt,0,0,0%
1/31/2026,Kentuckiana,New Albany SC - 5151,VIL,1BR; 1st Fl; B Vw; 764 SqFt,0,0,0%
1/31/2026,Kentuckiana,New Albany SC - 5151,VIL,1BR; 1st Fl; B Vw; 837 SqFt,0,0,0%
1/31/2026,Kentuckiana,New Albany SC - 5151,VIL,1BR; 1st Fl; C Vw; 738 SqFt,0,0,0%
1/31/2026,Kentuckiana,New Albany SC - 5151,VIL,1BR; 1st Fl; C Vw; 778 SqFt,0,0,0%
1/31/2026,Kentuckiana,New Albany SC - 5151,VIL,2BR; 1st Fl; A Vw; 980 SqFt,0,0,0%
1/31/2026,Kentuckiana,New Albany SC - 5151,VIL,Independent Living - 1 BR,0,0,0%
1/31/2026,Kentuckiana,New Albany SC - 5151,VIL,Independent Living - 1 BR DLX,0,0,0%
1/31/2026,Kentuckiana,New Albany SC - 5151,VIL,Independent Living - 2 BR,0,0,0%
1/31/2026,Kentuckiana,New Albany SC - 5151,VIL,Independent Living - Villa,31.3,36,87%
1/31/2026,Kentuckiana,New Albany SC - 5151,VIL,One BR - Cloister,1,1,100%
1/31/2026,Kentuckiana,New Albany SC - 5151,VIL,Studio; 1st Fl; B Vw; 403 SqFt,0,0,0%
1/31/2026,Kentuckiana,New Albany SC - 5151,VIL,Studio; 1st Fl; C Vw; 454 SqFt,0,0,0%
1/31/2026,Kentuckiana,New Albany SC - 5151,VIL,Two BR,1,1,100%
1/31/2026,Kentuckiana,New Albany SC - 5151,VIL,Two BR - Cloister,1,2,50%
1/31/2026,Kingston East,Hickory KRH-0563,SL,One BR - Large,5.6,6,94%
1/31/2026,Kingston East,Hickory KRH-0563,SL,One BR - Medium,10,11,91%
1/31/2026,Kingston East,Hickory KRH-0563,SL,One BR - Standard,63.4,80,79%
1/31/2026,Kingston East,Hickory KRH-0563,SL,Studio - Alcove,3,4,75%
1/31/2026,Kingston East,Hickory KRH-0563,SL,Studio - Efficiency,3,3,100%
1/31/2026,Kingston East,Hickory KRH-0563,SL,Studio - Hotel,7.3,10,73%
1/31/2026,Kingston East,Hickory KRH-0563,SL,Two Bedroom,6,6,100%
1/31/2026,Kingston West,Santa Fe KRS-0564,AL,One Bedroom,34,37,92%
1/31/2026,Kingston West,Santa Fe KRS-0564,AL,One BR - Alta Vista,3.1,4,78%
1/31/2026,Kingston West,Santa Fe KRS-0564,AL,One BR - Canyon Court,1,1,100%
1/31/2026,Kingston West,Santa Fe KRS-0564,AL,One BR - VDS,3,4,75%
1/31/2026,Kingston West,Santa Fe KRS-0564,AL,One BR Large - VDS,3,3,100%
1/31/2026,Kingston West,Santa Fe KRS-0564,AL,One BR Medium - VDS,1,1,100%
1/31/2026,Kingston West,Santa Fe KRS-0564,AL,Studio,14.3,17,84%
1/31/2026,Kingston West,Santa Fe KRS-0564,AL,Studio - Canyon Court,0,1,0%
1/31/2026,Kingston West,Santa Fe KRS-0564,AL,Studio - VDS,1,1,100%
1/31/2026,Kingston West,Santa Fe KRS-0564,AL,Studio Double - CC,1,1,100%
1/31/2026,Kingston West,Santa Fe KRS-0564,AL,Studio Double C size - CC,0,1,0%
1/31/2026,Kingston West,Santa Fe KRS-0564,AL,Two BR - One Bath,3.3,6,55%
1/31/2026,Kingston West,Santa Fe KRS-0564,AL,Two BR - Two Bath,13,15,87%
1/31/2026,Kingston West,Santa Fe KRS-0564,AL/MC,MC - Studio,24.8,39,64%
1/31/2026,Kingston West,Santa Fe KRS-0564,AL/MC,MC - Studio Deluxe,1,1,100%
1/31/2026,Michigan,Commerce - 503,AL,Companion,4,4,100%
1/31/2026,Michigan,Commerce - 503,AL,Studio - Private,16.9,18,94%
1/31/2026,Michigan,Commerce - 503,AL/MC,Legacy Bldng - Companion,2.5,3,84%
1/31/2026,Michigan,Commerce - 503,AL/MC,Legacy Bldng - Private,20.7,26,80%
1/31/2026,Michigan,Commerce - 503,HC,Companion,5.2,6,87%
1/31/2026,Michigan,Commerce - 503,HC,Private,48,50,96%
1/31/2026,Michigan,Commerce - 503,HC,Private Deluxe,4.9,5,98%
1/31/2026,Michigan,Commerce - 503,VIL,Independent Living - Villa 1,29.2,34,86%
1/31/2026,Michigan,East Lansing - 2507,AL,Companion,7,7,100%
1/31/2026,Michigan,East Lansing - 2507,AL,Studio - Private,21.5,22,98%
1/31/2026,Michigan,East Lansing - 2507,AL/MC,Legacy Bldng - Companion,5,6,84%
1/31/2026,Michigan,East Lansing - 2507,AL/MC,Legacy Bldng - Private,18.2,23,79%
1/31/2026,Michigan,East Lansing - 2507,HC,Companion,21.8,22,99%
1/31/2026,Michigan,East Lansing - 2507,HC,Private,40.7,43,95%
1/31/2026,Michigan,East Lansing - 2507,HC/MC,Legacy Lane - Companion,0,0,0%
1/31/2026,Michigan,East Lansing - 2507,HC/MC,Legacy Lane - Private,0,0,0%
1/31/2026,Michigan,Grand Blanc - 2505,AL,Companion,2,4,50%
1/31/2026,Michigan,Grand Blanc - 2505,AL,Studio - Private,13.1,18,73%
1/31/2026,Michigan,Grand Blanc - 2505,AL/MC,Legacy Lane - Companion,2,2,100%
1/31/2026,Michigan,Grand Blanc - 2505,AL/MC,Legacy Lane - Private,8,9,89%
1/31/2026,Michigan,Grand Blanc - 2505,HC,Companion,32.2,36,89%
1/31/2026,Michigan,Grand Blanc - 2505,HC,Private,26.7,28,95%
1/31/2026,Michigan,Howell - 2509,AL,Companion,5,5,100%
1/31/2026,Michigan,Howell - 2509,AL,Studio - Private,27,27,100%
1/31/2026,Michigan,Howell - 2509,AL,Studio - Private Deluxe,2,2,100%
1/31/2026,Michigan,Howell - 2509,AL/MC,MC-Compan;A Vw;B Loc;B Sz,3,3,100%
1/31/2026,Michigan,Howell - 2509,AL/MC,MC-Compan;A Vw;C Loc;B Sz,3,3,100%
1/31/2026,Michigan,Howell - 2509,AL/MC,MC-Studio;A Vw;A Loc;B Sz,2,2,100%
1/31/2026,Michigan,Howell - 2509,AL/MC,MC-Studio;A Vw;C Loc;B Sz,3,3,100%
1/31/2026,Michigan,Howell - 2509,AL/MC,MC-Studio;B Vw;A Loc;B Sz,4,4,99%
1/31/2026,Michigan,Howell - 2509,AL/MC,MC-Studio;B Vw;B Loc;B Sz,3.5,4,89%
1/31/2026,Michigan,Howell - 2509,AL/MC,MC-Studio;B Vw;C Loc;B Sz,9,9,100%
1/31/2026,Michigan,Howell - 2509,HC,Companion,15.9,16,100%
1/31/2026,Michigan,Howell - 2509,HC,Private,38.7,40,97%
1/31/2026,Michigan,Jackson - 502,AL,Companion,0,0,0%
1/31/2026,Michigan,Jackson - 502,AL/MC,Legacy Lane - Companion,0,0,0%
1/31/2026,Michigan,Lapeer - 2506,AL,Companion,3.1,4,78%
1/31/2026,Michigan,Lapeer - 2506,AL,Studio - Private,15.6,18,87%
1/31/2026,Michigan,Lapeer - 2506,AL/MC,Legacy Lane - Companion,1.9,2,94%
1/31/2026,Michigan,Lapeer - 2506,AL/MC,Legacy Lane - Private,5.4,9,60%
1/31/2026,Michigan,Lapeer - 2506,HC,Companion,31.2,34,92%
1/31/2026,Michigan,Lapeer - 2506,HC,Private,44.5,46,97%
1/31/2026,Michigan,Macomb - 2508,AL,Companion,6,6,100%
1/31/2026,Michigan,Macomb - 2508,AL,Studio - Private,22.3,28,79%
1/31/2026,Michigan,Macomb - 2508,AL/MC,Legacy Bldng - Companion,6,6,99%
1/31/2026,Michigan,Macomb - 2508,AL/MC,Legacy Bldng - Private,22.5,23,98%
1/31/2026,Michigan,Macomb - 2508,HC,Companion,23.6,24,98%
1/31/2026,Michigan,Macomb - 2508,HC,Private,32.7,33,99%
1/31/2026,Michigan,Novi - 2510,AL,Companion,6.8,7,97%
1/31/2026,Michigan,Novi - 2510,AL,Studio - Private,15.5,24,65%
1/31/2026,Michigan,Novi - 2510,HC,Companion,14.9,16,93%
1/31/2026,Michigan,Novi - 2510,HC,Private,35.1,37,95%
1/31/2026,Michigan,Novi - 2510,HC,Private Deluxe,0.9,1,90%
1/31/2026,Michigan,Okemos - 2504,AL,Companion,4,4,100%
1/31/2026,Michigan,Okemos - 2504,AL,Studio - Private,16,16,100%
1/31/2026,Michigan,Okemos - 2504,HC,Companion,20.8,24,87%
1/31/2026,Michigan,Okemos - 2504,HC,Private,29.2,32,91%
1/31/2026,Michigan,Okemos - 2504,HC,TCU - Companion,6,6,100%
1/31/2026,Michigan,Okemos - 2504,HC,TCU - Private,5.5,6,91%
1/31/2026,Michigan,Romeo - 2512,AL,Companion,6.8,7,98%
1/31/2026,Michigan,Romeo - 2512,AL,Studio - Private,22.4,23,97%
1/31/2026,Michigan,Romeo - 2512,AL,Studio - Private Deluxe,1,1,100%
1/31/2026,Michigan,Romeo - 2512,AL/MC,Legacy Lane - Companion,6,6,100%
1/31/2026,Michigan,Romeo - 2512,AL/MC,Legacy Lane - Private,22.8,23,99%
1/31/2026,Michigan,Romeo - 2512,HC,Companion,17.6,18,98%
1/31/2026,Michigan,Romeo - 2512,HC,Private,35.7,37,97%
1/31/2026,Michigan,Romeo SL - 527,SL,1BR;A Vw;B Loc;B Sz,11,11,100%
1/31/2026,Michigan,Romeo SL - 527,SL,1BR;B Vw;A Loc;B Sz,1,1,100%
1/31/2026,Michigan,Romeo SL - 527,SL,1BR;B Vw;B Loc;B Sz,2,2,100%
1/31/2026,Michigan,Romeo SL - 527,SL,1BR;B Vw;C Loc;B Sz,2,2,100%
1/31/2026,Michigan,Romeo SL - 527,SL,1BR;C Vw;A Loc;A Sz,2,2,100%
1/31/2026,Michigan,Romeo SL - 527,SL,1BR;C Vw;A Loc;B Sz,1,1,100%
1/31/2026,Michigan,Romeo SL - 527,SL,1BR;C Vw;B Loc;B Sz,15,15,100%
1/31/2026,Michigan,Romeo SL - 527,SL,1BR;C Vw;B Loc;C Sz,3,3,100%
1/31/2026,Michigan,Romeo SL - 527,SL,1BR;C Vw;C Loc;B Sz,15.4,16,96%
1/31/2026,Michigan,Romeo SL - 527,SL,1BR;C Vw;C Loc;C Sz,4,4,100%
1/31/2026,Michigan,Romeo SL - 527,SL,2BR;A Vw;B Loc;B Sz,1,1,100%
1/31/2026,Michigan,Romeo SL - 527,SL,2BR;B Vw;A Loc;B Sz,1,1,100%
1/31/2026,Michigan,Romeo SL - 527,SL,2BR;C Vw;A Loc;C Sz,1,1,100%
1/31/2026,Michigan,Romeo SL - 527,SL,Studio Dlx;C Vw;A Loc;B Sz,3,3,100%
1/31/2026,Michigan,Romeo SL - 527,SL,Studio Dlx;C Vw;C Loc;B Sz,3.7,4,92%
1/31/2026,Michigan,Romeo SL - 527,SL,Studio;B Vw;B Loc;A Sz,3,3,100%
1/31/2026,Michigan,Romeo SL - 527,SL,Studio;B Vw;B Loc;B Sz,1,1,100%
1/31/2026,Michigan,Romeo SL - 527,SL,Studio;B Vw;C Loc;A Sz,1,1,100%
1/31/2026,Michigan,Romeo SL - 527,SL,Studio;B Vw;C Loc;B Sz,3,3,100%
1/31/2026,Michigan,Romeo SL - 527,SL,Studio;C Vw;B Loc;A Sz,2,2,100%
1/31/2026,Michigan,Romeo SL - 527,SL,Studio;C Vw;C Loc;A Sz,2,2,100%
1/31/2026,North Central Indiana,Anderson - 112,AL,Companion,2,2,100%
1/31/2026,North Central Indiana,Anderson - 112,AL,Studio - Double 300 SQ FT,4.9,5,99%
1/31/2026,North Central Indiana,Anderson - 112,AL,Studio - Double 330 SQ FT,5.6,6,94%
1/31/2026,North Central Indiana,Anderson - 112,AL,Studio 300 SQ FT,13.4,14,96%
1/31/2026,North Central Indiana,Anderson - 112,AL,Studio 330 SQ FT,0,0,0%
1/31/2026,North Central Indiana,Anderson - 112,AL/MC,Legacy Bldng - Companion,2.4,4,59%
1/31/2026,North Central Indiana,Anderson - 112,AL/MC,Legacy Bldng - Private,13,17,76%
1/31/2026,North Central Indiana,Anderson - 112,HC,Companion,21.7,25,87%
1/31/2026,North Central Indiana,Anderson - 112,HC,Private,34.2,38,90%
1/31/2026,North Central Indiana,Anderson - 112,HC/MC,Legacy Lane - Companion,3.1,4,78%
1/31/2026,North Central Indiana,Anderson - 112,HC/MC,Legacy Lane - Private,5.4,6,89%
1/31/2026,North Central Indiana,Anderson - 112,VIL,Independent Living - Villa,22.7,26,87%
1/31/2026,North Central Indiana,Crawfordsville - 5167,AL,Companion,0,0,0%
1/31/2026,North Central Indiana,Crawfordsville - 5167,AL,One BR Apt-Double,3,4,75%
1/31/2026,North Central Indiana,Crawfordsville - 5167,AL,One BR Apt-Single,4,4,100%
1/31/2026,North Central Indiana,Crawfordsville - 5167,AL,Studio - Double,5.9,6,99%
1/31/2026,North Central Indiana,Crawfordsville - 5167,AL,Studio - Private,11.5,12,96%
1/31/2026,North Central Indiana,Crawfordsville - 5167,AL,Studio Deluxe - Double,4,4,100%
1/31/2026,North Central Indiana,Crawfordsville - 5167,AL/MC,MC - Companion,1,1,100%
1/31/2026,North Central Indiana,Crawfordsville - 5167,AL/MC,MC - Studio - Private,14,14,100%
1/31/2026,North Central Indiana,Crawfordsville - 5167,AL/MC,MC - Studio Double,1,1,100%
1/31/2026,North Central Indiana,Crawfordsville - 5167,HC,Companion,20.6,22,94%
1/31/2026,North Central Indiana,Crawfordsville - 5167,HC,Private,34.6,37,93%
1/31/2026,North Central Indiana,Delphi - 2134,AL,Compan;A Vw;B Loc;B Sz,1,1,100%
1/31/2026,North Central Indiana,Delphi - 2134,AL,Compan;A Vw;C Loc;B Sz,3,3,100%
1/31/2026,North Central Indiana,Delphi - 2134,AL,Compan;B Vw;C Loc;B Sz,2,2,100%
1/31/2026,North Central Indiana,Delphi - 2134,AL,Studio - Double:B Vw:C Loc;B Sz,1,1,100%
1/31/2026,North Central Indiana,Delphi - 2134,AL,Studio - Double;A Vw;A Loc;B Sz,3.9,4,97%
1/31/2026,North Central Indiana,Delphi - 2134,AL,Studio - Double;A Vw;B Loc;B Sz,1,1,100%
1/31/2026,North Central Indiana,Delphi - 2134,AL,Studio - Double;A Vw;C Loc;B Sz,1,1,100%
1/31/2026,North Central Indiana,Delphi - 2134,AL,Studio - Double;B Vw;A Loc;B Sz,1.7,2,85%
1/31/2026,North Central Indiana,Delphi - 2134,AL,Studio - Double;B Vw;B Loc;B Sz,1,1,100%
1/31/2026,North Central Indiana,Delphi - 2134,AL,Studio;A Vw;C Loc;B Sz,1.3,4,33%
1/31/2026,North Central Indiana,Delphi - 2134,AL,Studio;B Vw;B Loc;B Sz,0.9,1,87%
1/31/2026,North Central Indiana,Delphi - 2134,AL,Studio;B Vw;C Loc;B Sz,5,5,100%
1/31/2026,North Central Indiana,Delphi - 2134,HC,Companion,38,39,98%
1/31/2026,North Central Indiana,Delphi - 2134,HC,Private,7.9,10,79%
1/31/2026,North Central Indiana,Delphi - 2134,HC,Private Dlx - Renovated,3.8,6,64%
1/31/2026,North Central Indiana,Delphi - 2134,HC,TCU - Private,3.5,7,50%
1/31/2026,North Central Indiana,Kokomo WK - 5168,AL,One BR Apt-Double,5,5,100%
1/31/2026,North Central Indiana,Kokomo WK - 5168,AL,One BR Apt-Single,3,3,100%
1/31/2026,North Central Indiana,Kokomo WK - 5168,AL,Studio - Double,1,1,100%
1/31/2026,North Central Indiana,Kokomo WK - 5168,AL,Studio - Private,16.9,17,99%
1/31/2026,North Central Indiana,Kokomo WK - 5168,AL,Studio - Private Deluxe,4,4,100%
1/31/2026,North Central Indiana,Kokomo WK - 5168,HC,Companion,7.5,8,94%
1/31/2026,North Central Indiana,Kokomo WK - 5168,HC,Private,48.9,62,79%
1/31/2026,North Central Indiana,Kokomo WP - 106,AL,Companion,2,2,100%
1/31/2026,North Central Indiana,Kokomo WP - 106,AL,Studio - Double,2,2,100%
1/31/2026,North Central Indiana,Kokomo WP - 106,AL,Studio - Private,17,18,95%
1/31/2026,North Central Indiana,Kokomo WP - 106,AL/MC,Legacy Bldng - Companion,2,3,67%
1/31/2026,North Central Indiana,Kokomo WP - 106,AL/MC,Legacy Bldng - Private,17.5,18,97%
1/31/2026,North Central Indiana,Kokomo WP - 106,HC,Companion,49.1,58,85%
1/31/2026,North Central Indiana,Kokomo WP - 106,HC,Private,13.6,17,80%
1/31/2026,North Central Indiana,Kokomo WP - 106,HC,Private Deluxe,2,2,100%
1/31/2026,North Central Indiana,Kokomo WP - 106,HC/MC,Legacy Lane - Companion,4,4,100%
1/31/2026,North Central Indiana,Kokomo WP - 106,HC/MC,Legacy Lane - Private,6,6,100%
1/31/2026,North Central Indiana,Kokomo WP - 106,VIL,Independent Living - Villa 1,15.6,22,71%
1/31/2026,North Central Indiana,Kokomo WP - 106,VIL,Villa 1 BR,5.4,10,54%
1/31/2026,North Central Indiana,Kokomo WP - 106,VIL,Villa 2 BR,10,12,83%
1/31/2026,North Central Indiana,Lafayette CS - 133,AL,Companion,4.1,6,68%
1/31/2026,North Central Indiana,Lafayette CS - 133,AL,Studio - Private,25.2,28,90%
1/31/2026,North Central Indiana,Lafayette CS - 133,AL/MC,Legacy Bldng - Companion,0.6,1,58%
1/31/2026,North Central Indiana,Lafayette CS - 133,AL/MC,Legacy Bldng - Private,17.8,19,94%
1/31/2026,North Central Indiana,Lafayette CS - 133,AL/MC,Legacy Bldng - Studio,0.8,1,84%
1/31/2026,North Central Indiana,Lafayette CS - 133,HC,Companion,25.5,26,98%
1/31/2026,North Central Indiana,Lafayette CS - 133,HC,Private,32.2,35,92%
1/31/2026,North Central Indiana,Lafayette CS - 133,HC/MC,Legacy Lane - Companion,3.6,4,90%
1/31/2026,North Central Indiana,Lafayette CS - 133,HC/MC,Legacy Lane - Private,5.7,6,96%
1/31/2026,North Central Indiana,Lafayette CS - 133,VIL,Independent Living - 2BR,23.9,24,99%
1/31/2026,North Central Indiana,Lafayette SL - 5162,AL,Companion,0,0,0%
1/31/2026,North Central Indiana,Lafayette SL - 5162,AL,One BR Apt-Double,8,8,100%
1/31/2026,North Central Indiana,Lafayette SL - 5162,AL,Studio - Double,0.8,1,84%
1/31/2026,North Central Indiana,Lafayette SL - 5162,AL,Studio - Private,12.5,13,96%
1/31/2026,North Central Indiana,Lafayette SL - 5162,AL,Studio - Private Deluxe,3.5,4,86%
1/31/2026,North Central Indiana,Lafayette SL - 5162,AL,Studio Executive Deluxe - Double,4,4,100%
1/31/2026,North Central Indiana,Lafayette SL - 5162,AL/MC,MC - Companion,1,1,100%
1/31/2026,North Central Indiana,Lafayette SL - 5162,AL/MC,MC - Studio - Private,11.7,12,97%
1/31/2026,North Central Indiana,Lafayette SL - 5162,HC,Companion,17,18,94%
1/31/2026,North Central Indiana,Lafayette SL - 5162,HC,Private,30.9,36,86%
1/31/2026,North Central Indiana,Lafayette SL - 5162,HC,Private Deluxe,5.1,6,85%
1/31/2026,North Central Indiana,Lafayette SM - 2136,HC,Companion,25.8,26,99%
1/31/2026,North Central Indiana,Lafayette SM - 2136,HC,Private,10.8,15,72%
1/31/2026,North Central Indiana,Lafayette SM - 2136,HC/MC,Legacy Lane - Companion,24.7,26,95%
1/31/2026,North Central Indiana,Lafayette SM - 2136,HC/MC,Legacy Lane - Private,3,3,100%
1/31/2026,North Central Indiana,Lebanon - 104,AL,Companion,3,3,100%
1/31/2026,North Central Indiana,Lebanon - 104,AL,Companion - Single,1,1,100%
1/31/2026,North Central Indiana,Lebanon - 104,AL,Studio - Companion,1,1,100%
1/31/2026,North Central Indiana,Lebanon - 104,AL,Studio - Private,2.4,3,81%
1/31/2026,North Central Indiana,Lebanon - 104,AL,Studio - Private - A Location,5.6,6,94%
1/31/2026,North Central Indiana,Lebanon - 104,AL,Studio - Private - End of Hall,7.3,8,91%
1/31/2026,North Central Indiana,Lebanon - 104,AL/MC,Legacy Lane - Companion,2,2,100%
1/31/2026,North Central Indiana,Lebanon - 104,AL/MC,Legacy Lane - Private,8.1,9,90%
1/31/2026,North Central Indiana,Lebanon - 104,HC,Companion,34.7,42,83%
1/31/2026,North Central Indiana,Lebanon - 104,HC,Private,17.7,26,68%
1/31/2026,North Central Indiana,Muncie - 128,AL,1BR;A Vw;B Loc;B Sz,2,2,100%
1/31/2026,North Central Indiana,Muncie - 128,AL,1BR;B Vw;B Loc;A Sz,1,1,100%
1/31/2026,North Central Indiana,Muncie - 128,AL,1BR;B Vw;B Loc;B Sz,1,1,100%
1/31/2026,North Central Indiana,Muncie - 128,AL,Compan;A Vw;B Loc;B Sz,3,3,100%
1/31/2026,North Central Indiana,Muncie - 128,AL,Companion,4,4,100%
1/31/2026,North Central Indiana,Muncie - 128,AL,Studio - Companion,1,1,100%
1/31/2026,North Central Indiana,Muncie - 128,AL,Studio - Private,13,17,77%
1/31/2026,North Central Indiana,Muncie - 128,AL,Studio;A Vw;B Loc;B Sz,1.7,2,87%
1/31/2026,North Central Indiana,Muncie - 128,AL,Studio;B Vw;B Loc;B Sz,2,2,100%
1/31/2026,North Central Indiana,Muncie - 128,AL/MC,Legacy Lane - Private,0,0,0%
1/31/2026,North Central Indiana,Muncie - 128,AL/MC,MC-Compan;A Vw;B Loc;B Sz,2.9,3,98%
1/31/2026,North Central Indiana,Muncie - 128,AL/MC,MC-Compan;A Vw;C Loc;B Sz,2.8,3,94%
1/31/2026,North Central Indiana,Muncie - 128,AL/MC,MC-Studio;A Vw;A Loc;B Sz,4,4,100%
1/31/2026,North Central Indiana,Muncie - 128,AL/MC,MC-Studio;A Vw;B Loc;B Sz,2,2,100%
1/31/2026,North Central Indiana,Muncie - 128,AL/MC,MC-Studio;A Vw;C Loc;B Sz,4,4,100%
1/31/2026,North Central Indiana,Muncie - 128,AL/MC,MC-Studio;B Vw;A Loc;B Sz,2,2,100%
1/31/2026,North Central Indiana,Muncie - 128,AL/MC,MC-Studio;B Vw;B Loc;B Sz,2.9,3,96%
1/31/2026,North Central Indiana,Muncie - 128,AL/MC,MC-Studio;B Vw;C Loc;B Sz,7.9,8,98%
1/31/2026,North Central Indiana,Muncie - 128,HC,Companion,29.4,32,92%
1/31/2026,North Central Indiana,Muncie - 128,HC,Private,9.7,11,89%
1/31/2026,North Central Indiana,Muncie - 128,HC,TCU - Companion,0,0,0%
1/31/2026,North Central Indiana,Muncie - 128,HC,TCU - Private,10,11,91%
1/31/2026,North Central Indiana,Muncie - 128,HC/MC,MC - Companion,3.8,4,95%
1/31/2026,North Central Indiana,Muncie - 128,HC/MC,MC- Private,7.3,8,92%
1/31/2026,North Central Indiana,Muncie - 128,VIL,IL - Villa - 2BR;A Loc,10,10,100%
1/31/2026,North Central Indiana,Muncie - 128,VIL,IL - Villa - 2BR;B Loc,8,8,100%
1/31/2026,North Central Indiana,Muncie - 128,VIL,IL - Villa - 2BR;C Loc,11,12,92%
1/31/2026,North Central Indiana,Noblesville - 141,AL,Companion,7,7,100%
1/31/2026,North Central Indiana,Noblesville - 141,AL,Studio - Private,25.7,27,95%
1/31/2026,North Central Indiana,Noblesville - 141,AL/MC,Legacy Bldng - Companion,2,3,67%
1/31/2026,North Central Indiana,Noblesville - 141,AL/MC,Legacy Bldng - Private,24.6,26,95%
1/31/2026,North Central Indiana,Noblesville - 141,HC,Companion,23.9,24,100%
1/31/2026,North Central Indiana,Noblesville - 141,HC,Private,20.6,21,98%
1/31/2026,North Central Indiana,Noblesville - 141,HC,TCU - Companion,2,2,100%
1/31/2026,North Central Indiana,Noblesville - 141,HC,TCU - Private,13.1,14,94%
1/31/2026,North Central Indiana,West Lafayette - 2135,AL,Companion,3,5,60%
1/31/2026,North Central Indiana,West Lafayette - 2135,AL,One BR Apt Deluxe-Double,7,6,117%
1/31/2026,North Central Indiana,West Lafayette - 2135,AL,One BR Apt Deluxe-Single,10,10,100%
1/31/2026,North Central Indiana,West Lafayette - 2135,AL,One BR Apt-Double,1,1,100%
1/31/2026,North Central Indiana,West Lafayette - 2135,AL,One BR Apt-Single,5.9,6,99%
1/31/2026,North Central Indiana,West Lafayette - 2135,AL,Studio 234 SQ FT,3,4,75%
1/31/2026,North Central Indiana,West Lafayette - 2135,AL,Studio 299 SQ FT,12,16,75%
1/31/2026,North Central Indiana,West Lafayette - 2135,AL,Studio 315 SQ FT,12.5,14,89%
1/31/2026,North Central Indiana,West Lafayette - 2135,AL,Studio 315 SQ FT - Double,1,1,100%
1/31/2026,North Central Indiana,West Lafayette - 2135,HC,Companion,48.3,58,83%
1/31/2026,North Central Indiana,West Lafayette - 2135,HC,Private,11,13,85%
1/31/2026,North IN & Kingston,Ashland KOA-0554,HC,Companion,43.3,46,94%
1/31/2026,North IN & Kingston,Ashland KOA-0554,HC,Companion Deluxe,6.5,16,41%
1/31/2026,North IN & Kingston,Ashland KOA-0554,HC,Private,17.7,18,99%
1/31/2026,North IN & Kingston,Ashland KOA-0554,HC,Private - Rehab,12.3,13,94%
1/31/2026,North IN & Kingston,Ashland KOA-0554,HC,Private Deluxe - Rehab,12.1,17,71%
1/31/2026,North IN & Kingston,Elkhart - 132,AL,One BR Apt-Double,9.8,10,98%
1/31/2026,North IN & Kingston,Elkhart - 132,AL,One BR Apt-Single,4,4,100%
1/31/2026,North IN & Kingston,Elkhart - 132,AL,Studio - Companion,0,0,0%
1/31/2026,North IN & Kingston,Elkhart - 132,AL,Studio - Private,18.6,20,93%
1/31/2026,North IN & Kingston,Elkhart - 132,AL,"Studio - Private - Small (B01,B05)",1.9,2,94%
1/31/2026,North IN & Kingston,Elkhart - 132,AL/MC,Legacy Lane - Companion,1.4,2,71%
1/31/2026,North IN & Kingston,Elkhart - 132,AL/MC,Legacy Lane - Private,11.5,12,96%
1/31/2026,North IN & Kingston,Elkhart - 132,HC,Companion,18.8,20,94%
1/31/2026,North IN & Kingston,Elkhart - 132,HC,Private,38.1,40,95%
1/31/2026,North IN & Kingston,Fort Wayne KHC-0551,HC,Companion,39,50,78%
1/31/2026,North IN & Kingston,Fort Wayne KHC-0551,HC,Companion Deluxe,23.3,32,73%
1/31/2026,North IN & Kingston,Fort Wayne KHC-0551,HC,Private,29.5,33,89%
1/31/2026,North IN & Kingston,Fort Wayne KHC-0551,HC/MC,MC - Companion,15,18,84%
1/31/2026,North IN & Kingston,Fort Wayne KHC-0551,HC/MC,MC - Private,3,4,75%
1/31/2026,North IN & Kingston,Fort Wayne KOD-0553,AL/MC,MC - Companion,9.9,11,90%
1/31/2026,North IN & Kingston,Fort Wayne KOD-0553,AL/MC,MC - Studio,15.9,23,69%
1/31/2026,North IN & Kingston,Fort Wayne KSL-0552,AL,One Bedroom,22.5,27,83%
1/31/2026,North IN & Kingston,Fort Wayne KSL-0552,AL,Studio,25,26,96%
1/31/2026,North IN & Kingston,Fort Wayne KSL-0552,AL,Studio Deluxe,7,9,78%
1/31/2026,North IN & Kingston,Goshen MW - 124,HC,Companion,38.4,39,99%
1/31/2026,North IN & Kingston,Goshen MW - 124,HC,Private,14.4,15,96%
1/31/2026,North IN & Kingston,Goshen MW - 124,HC,TCU - Companion,0.8,1,84%
1/31/2026,North IN & Kingston,Goshen MW - 124,HC,TCU - Private,14.4,15,96%
1/31/2026,North IN & Kingston,Goshen MW - 124,HC/MC,MC - Companion,7.6,8,95%
1/31/2026,North IN & Kingston,Goshen MW - 124,HC/MC,MC - Studio - Private,6,6,100%
1/31/2026,North IN & Kingston,Goshen SL - 2184,AL,One BR + Den-Double,2,2,100%
1/31/2026,North IN & Kingston,Goshen SL - 2184,AL,One BR + Den-Single,1,1,100%
1/31/2026,North IN & Kingston,Goshen SL - 2184,AL,One BR 571 SQ FT-Single,3,3,100%
1/31/2026,North IN & Kingston,Goshen SL - 2184,AL,One BR 591 SQ FT-Double,1,1,100%
1/31/2026,North IN & Kingston,Goshen SL - 2184,AL,One BR 605 SQ FT-Double,1,1,100%
1/31/2026,North IN & Kingston,Goshen SL - 2184,AL,One BR 605 SQ FT-Single,1,1,100%
1/31/2026,North IN & Kingston,Goshen SL - 2184,AL,One BR 608 SQ FT-Double,2,2,100%
1/31/2026,North IN & Kingston,Goshen SL - 2184,AL,One BR 608 SQ FT-Single,3,3,100%
1/31/2026,North IN & Kingston,Goshen SL - 2184,AL,One BR 621 SQ FT-Double,0,0,0%
1/31/2026,North IN & Kingston,Goshen SL - 2184,AL,One BR 621 SQ FT-Single,1,1,100%
1/31/2026,North IN & Kingston,Goshen SL - 2184,AL,One BR 624 SQ FT-Double,1,1,100%
1/31/2026,North IN & Kingston,Goshen SL - 2184,AL,One BR 624 SQ FT-Single,1,1,100%
1/31/2026,North IN & Kingston,Goshen SL - 2184,AL,One BR 639 SQ FT-Double,2,2,100%
1/31/2026,North IN & Kingston,Goshen SL - 2184,AL,One BR 639 SQ FT-Single,4,4,100%
1/31/2026,North IN & Kingston,Goshen SL - 2184,AL,One BR 652 SQ FT-Double,0,0,0%
1/31/2026,North IN & Kingston,Goshen SL - 2184,AL,One BR 652 SQ FT-Single,2,2,100%
1/31/2026,North IN & Kingston,Goshen SL - 2184,AL,One BR 686 SQ FT-Double,1,1,100%
1/31/2026,North IN & Kingston,Goshen SL - 2184,AL,One BR Balcony-Double,1,1,100%
1/31/2026,North IN & Kingston,Goshen SL - 2184,AL,One BR Balcony-Single,1,1,100%
1/31/2026,North IN & Kingston,Goshen SL - 2184,AL,One BR Deluxe 668 SQ FT-Double,3,3,100%
1/31/2026,North IN & Kingston,Goshen SL - 2184,AL,One BR Deluxe 668 SQ FT-Single,1,1,100%
1/31/2026,North IN & Kingston,Goshen SL - 2184,AL,One BR Deluxe 711 SQ FT-Double,0,0,0%
1/31/2026,North IN & Kingston,Goshen SL - 2184,AL,One BR Deluxe 711 SQ FT-Single,2,2,100%
1/31/2026,North IN & Kingston,Goshen SL - 2184,AL,One BR Patio-Double,0,0,0%
1/31/2026,North IN & Kingston,Goshen SL - 2184,AL,One BR Patio-Single,2,2,100%
1/31/2026,North IN & Kingston,Goshen SL - 2184,AL,One BR V 605 SQ FT-Double,2,2,100%
1/31/2026,North IN & Kingston,Goshen SL - 2184,AL,Studio 323 SQ FT,1,1,100%
1/31/2026,North IN & Kingston,Goshen SL - 2184,AL,Studio 372 SQ FT,4,4,100%
1/31/2026,North IN & Kingston,Goshen SL - 2184,AL,Studio 376 SQ FT,2,2,100%
1/31/2026,North IN & Kingston,Goshen SL - 2184,AL,Studio 391 SQ FT,7.6,8,95%
1/31/2026,North IN & Kingston,Goshen SL - 2184,AL,Studio 440 SQ FT,1,1,100%
1/31/2026,North IN & Kingston,Goshen SL - 2184,AL,Studio 449 SQ FT,1,1,100%
1/31/2026,North IN & Kingston,Goshen SL - 2184,AL,Studio 452 SQ FT,1,1,100%
1/31/2026,North IN & Kingston,Goshen SL - 2184,AL,Studio P 449 SQ FT,2,2,100%
1/31/2026,North IN & Kingston,Goshen SL - 2184,AL,Studio V 449 SQ FT,2,2,100%
1/31/2026,North IN & Kingston,Goshen SL - 2184,AL,Two BR 1036 SQ FT-Double,5,5,100%
1/31/2026,North IN & Kingston,Goshen SL - 2184,AL,Two BR 1036 SQ FT-Single,2,2,100%
1/31/2026,North IN & Kingston,Goshen SL - 2184,AL,Two BR 928 SQ FT-Double,1,1,100%
1/31/2026,North IN & Kingston,Goshen SL - 2184,AL,Two BR 928 SQ FT-Single,1,1,100%
1/31/2026,North IN & Kingston,Goshen SL - 2184,AL/MC,Legacy Lane - Studio 374 SQ FT,4,4,100%
1/31/2026,North IN & Kingston,Goshen SL - 2184,AL/MC,Legacy Lane - Studio 382 SQ FT,3.9,4,98%
1/31/2026,North IN & Kingston,Goshen SL - 2184,AL/MC,Legacy Lane - Studio 401 SQ FT,2,2,100%
1/31/2026,North IN & Kingston,Goshen SL - 2184,AL/MC,Legacy Lane - Studio 408 SQ FT,1,1,100%
1/31/2026,North IN & Kingston,Goshen SL - 2184,SL,One BR 608 SQ FT-Single,0,0,0%
1/31/2026,North IN & Kingston,Goshen SL - 2184,SL,One BR 621 SQ FT - Single,0,0,0%
1/31/2026,North IN & Kingston,Goshen SL - 2184,SL,One BR 624 SQ FT - Double,0,0,0%
1/31/2026,North IN & Kingston,Goshen SL - 2184,SL,One BR 686 SQ FT - Double,0,0,0%
1/31/2026,North IN & Kingston,Goshen SL - 2184,SL,One BR Deluxe 711 SQ FT - Single,0,0,0%
1/31/2026,North IN & Kingston,Goshen SL - 2184,SL,Studio 372 SQ FT,0,0,0%
1/31/2026,North IN & Kingston,Goshen SL - 2184,SL,Studio 376 SQ FT,0,0,0%
1/31/2026,North IN & Kingston,Goshen SL - 2184,SL,Studio 391 SQ FT,0,0,0%
1/31/2026,North IN & Kingston,Goshen SL - 2184,SL,Studio 440 SQ FT,0,0,0%
1/31/2026,North IN & Kingston,Goshen SL - 2184,SL,Studio 452 SQ FT,0,0,0%
1/31/2026,North IN & Kingston,Goshen SL - 2184,SL,Studio P 449 SQ FT,0,0,0%
1/31/2026,North IN & Kingston,Kendallville - 2185,AL,Companion,3,4,75%
1/31/2026,North IN & Kingston,Kendallville - 2185,AL,Studio - Private,13,15,87%
1/31/2026,North IN & Kingston,Kendallville - 2185,AL/MC,Legacy Lane - Companion,3,3,100%
1/31/2026,North IN & Kingston,Kendallville - 2185,AL/MC,Legacy Lane - Private,8,8,100%
1/31/2026,North IN & Kingston,Kendallville - 2185,HC,Companion,23.4,24,97%
1/31/2026,North IN & Kingston,Kendallville - 2185,HC,Private,29.1,34,86%
1/31/2026,North IN & Kingston,Marion KOM-0555,AL,Companion,10,11,91%
1/31/2026,North IN & Kingston,Marion KOM-0555,AL,One Bedroom,45.4,60,76%
1/31/2026,North IN & Kingston,Marion KOM-0555,AL,Two BR - One Bath,1,4,25%
1/31/2026,North IN & Kingston,Marion KOM-0555,AL,Two BR - Two Bath,3,6,49%
1/31/2026,North IN & Kingston,Marion KOM-0555,AL/MC,MC - Studio,26.2,32,82%
1/31/2026,North IN & Kingston,Miamisburg KOM-0556,HC,Companion,62.5,74,84%
1/31/2026,North IN & Kingston,Miamisburg KOM-0556,HC,Companion Deluxe,17.9,24,75%
1/31/2026,North IN & Kingston,Miamisburg KOM-0556,HC,Companion Rehab,2.4,4,60%
1/31/2026,North IN & Kingston,Miamisburg KOM-0556,HC,Private,6.6,7,95%
1/31/2026,North IN & Kingston,Miamisburg KOM-0556,HC,Private Deluxe,3.7,4,93%
1/31/2026,North IN & Kingston,Miamisburg KOM-0556,HC,Private Deluxe - E Hall,0,0,0%
1/31/2026,North IN & Kingston,Perrysburg KHC-0557,HC,Companion,3.3,4,83%
1/31/2026,North IN & Kingston,Perrysburg KHC-0557,HC,Private,51.4,52,99%
1/31/2026,North IN & Kingston,Perrysburg KHC-0557,HC,Private Deluxe,5.1,6,85%
1/31/2026,North IN & Kingston,Perrysburg KSL-0558,AL,2 FL One Bedroom,14.4,14,100%
1/31/2026,North IN & Kingston,Perrysburg KSL-0558,AL,2 FL Studio,25.8,26,100%
1/31/2026,North IN & Kingston,Perrysburg KSL-0558,AL,2 FL Two Bedroom,1,1,100%
1/31/2026,North IN & Kingston,Perrysburg KSL-0558,AL,One Bedroom,7.6,8,95%
1/31/2026,North IN & Kingston,Perrysburg KSL-0558,AL,Studio,2,2,100%
1/31/2026,North IN & Kingston,Perrysburg KSL-0558,AL,Two Bedroom,1,1,100%
1/31/2026,North IN & Kingston,Perrysburg KSL-0558,AL/MC,MC - Studio,20.7,25,83%
1/31/2026,North IN & Kingston,Perrysburg KSL-0558,AL/MC,MC - Studio Deluxe,7.1,9,79%
1/31/2026,North IN & Kingston,Perrysburg KSL-0558,SL,2 FL One Bedroom,0,2,0%
1/31/2026,North IN & Kingston,Perrysburg KSL-0558,SL,2 FL Studio,0,1,0%
1/31/2026,North IN & Kingston,Sylvania KHC-0559,HC,Companion,51.9,54,96%
1/31/2026,North IN & Kingston,Sylvania KHC-0559,HC,Companion Rehab,24.7,26,95%
1/31/2026,North IN & Kingston,Sylvania KHC-0559,HC,Private,26,26,100%
1/31/2026,North IN & Kingston,Sylvania KHC-0559,HC,Private Deluxe,1,1,97%
1/31/2026,North IN & Kingston,Sylvania KHC-0559,HC,Private Rehab,19.5,20,97%
1/31/2026,North IN & Kingston,Sylvania KSL-0560,AL,2 FL Studio,5.5,6,100%
1/31/2026,North IN & Kingston,Sylvania KSL-0560,AL,2 FL Studio - Alcove,1,1,100%
1/31/2026,North IN & Kingston,Sylvania KSL-0560,AL,2 FL Studio Deluxe,2,2,100%
1/31/2026,North IN & Kingston,Sylvania KSL-0560,AL,2 FL Two BR - Large,2,2,100%
1/31/2026,North IN & Kingston,Sylvania KSL-0560,AL,2FL One BR - Large,2,3,67%
1/31/2026,North IN & Kingston,Sylvania KSL-0560,AL,2FL One BR - Medium,15.5,16,97%
1/31/2026,North IN & Kingston,Sylvania KSL-0560,AL,2FL One BR - Small,2,4,50%
1/31/2026,North IN & Kingston,Sylvania KSL-0560,AL,2FL Two BR - Medium,1,1,100%
1/31/2026,North IN & Kingston,Sylvania KSL-0560,AL,Companion - CL,2,2,100%
1/31/2026,North IN & Kingston,Sylvania KSL-0560,AL,One Bedroom - CL,2,2,100%
1/31/2026,North IN & Kingston,Sylvania KSL-0560,AL,One BR - Large,2.5,3,84%
1/31/2026,North IN & Kingston,Sylvania KSL-0560,AL,One BR - Medium,15,16,94%
1/31/2026,North IN & Kingston,Sylvania KSL-0560,AL,Studio,7.3,11,66%
1/31/2026,North IN & Kingston,Sylvania KSL-0560,AL,Studio - Alcove,2,2,100%
1/31/2026,North IN & Kingston,Sylvania KSL-0560,AL,Studio - CL,19.5,24,81%
1/31/2026,North IN & Kingston,Sylvania KSL-0560,AL,Studio Deluxe,3,4,74%
1/31/2026,North IN & Kingston,Sylvania KSL-0560,AL,Studio Deluxe - CL,2,2,100%
1/31/2026,North IN & Kingston,Sylvania KSL-0560,AL,Studio Double - CL,1,1,100%
1/31/2026,North IN & Kingston,Sylvania KSL-0560,AL,Two BR - Large,3,3,100%
1/31/2026,North IN & Kingston,Sylvania KSL-0560,AL/MC,MC - Companion,2,2,100%
1/31/2026,North IN & Kingston,Sylvania KSL-0560,AL/MC,MC - Studio,25,25,100%
1/31/2026,North IN & Kingston,Sylvania KSL-0560,AL/MC,MC - Studio Deluxe,2,2,100%
1/31/2026,North IN & Kingston,Sylvania KSL-0560,SL,2 FL Studio,0,6,0%
1/31/2026,North IN & Kingston,Sylvania KSL-0560,SL,2 FL Studio - Alcove,0,2,0%
1/31/2026,North IN & Kingston,Sylvania KSL-0560,SL,2 FL Studio Deluxe,0,3,0%
1/31/2026,North IN & Kingston,Sylvania KSL-0560,SL,2 FL Two BR - Large,0,0,0%
1/31/2026,North IN & Kingston,Vermilion KHC-0561,HC,Companion,40.3,50,81%
1/31/2026,North IN & Kingston,Vermilion KHC-0561,HC,Companion Deluxe,13,14,93%
1/31/2026,North IN & Kingston,Vermilion KHC-0561,HC,Companion Rehab,18,22,82%
1/31/2026,North IN & Kingston,Vermilion KHC-0561,HC,Private,15.1,16,94%
1/31/2026,North IN & Kingston,Vermilion KHC-0561,HC/MC,MC - Companion,16,16,100%
1/31/2026,North IN & Kingston,Vermilion KHC-0561,HC/MC,MC - Private,2,2,100%
1/31/2026,North IN & Kingston,Vermilion KSL-0562,AL,One Bedroom,3.4,4,84%
1/31/2026,North IN & Kingston,Vermilion KSL-0562,AL,Studio,9,10,90%
1/31/2026,North IN & Kingston,Vermilion KSL-0562,AL,Studio - Double,19,22,86%
1/31/2026,North IN & Kingston,Vermilion KSL-0562,AL,Two Bedroom,7.6,12,63%
1/31/2026,North Ohio,Bellevue - 414,AL,Companion,3.9,4,98%
1/31/2026,North Ohio,Bellevue - 414,AL,Studio - Private,17.5,18,97%
1/31/2026,North Ohio,Bellevue - 414,AL/MC,Legacy Lane - Companion,1.8,2,92%
1/31/2026,North Ohio,Bellevue - 414,AL/MC,Legacy Lane - Private,8.5,9,94%
1/31/2026,North Ohio,Bellevue - 414,HC,Companion,21.4,22,97%
1/31/2026,North Ohio,Bellevue - 414,HC,Private,35.8,38,94%
1/31/2026,North Ohio,Bellevue - 414,VIL,Independent Living - Villa,23,24,96%
1/31/2026,North Ohio,Bowling Green - 443,AL,2 FL 1BR;C Vw;C Loc;C Sz,1,1,100%
1/31/2026,North Ohio,Bowling Green - 443,AL,2 FL Studio;C Vw;B Loc;B Sz,1,1,100%
1/31/2026,North Ohio,Bowling Green - 443,AL,Compan;A Vw;C Loc;B Sz,2,2,100%
1/31/2026,North Ohio,Bowling Green - 443,AL,Compan;C Vw;C Loc;B Sz,2,2,100%
1/31/2026,North Ohio,Bowling Green - 443,AL,Studio;A Vw;A Loc;B Sz,2.6,3,88%
1/31/2026,North Ohio,Bowling Green - 443,AL,Studio;A Vw;C Loc;B Sz,8.4,10,84%
1/31/2026,North Ohio,Bowling Green - 443,AL,Studio;C Vw;C Loc;B Sz,2,2,100%
1/31/2026,North Ohio,Bowling Green - 443,AL/MC,MC-Compan;A Vw;C Loc;B Sz,2,2,100%
1/31/2026,North Ohio,Bowling Green - 443,AL/MC,MC-Compan;C Vw;C Loc;B Sz,0.3,1,29%
1/31/2026,North Ohio,Bowling Green - 443,AL/MC,MC-Studio;A Vw;A Loc;B Sz,2,2,100%
1/31/2026,North Ohio,Bowling Green - 443,AL/MC,MC-Studio;A Vw;C Loc;B Sz,4.6,5,93%
1/31/2026,North Ohio,Bowling Green - 443,AL/MC,MC-Studio;C Vw;C Loc;B Sz,4.6,5,92%
1/31/2026,North Ohio,Bowling Green - 443,HC,Companion,3,4,75%
1/31/2026,North Ohio,Bowling Green - 443,HC,Studio Dlx;A Vw;A Loc;C Sz,1,1,100%
1/31/2026,North Ohio,Bowling Green - 443,HC,Studio;A Vw;B Loc;B Sz,3.8,5,75%
1/31/2026,North Ohio,Bowling Green - 443,HC,Studio;A Vw;C Loc;B Sz,8.3,10,83%
1/31/2026,North Ohio,Bowling Green - 443,HC,Studio;C Vw;B Loc;B Sz,6.7,7,96%
1/31/2026,North Ohio,Bowling Green - 443,HC,Studio;C Vw;C Loc;B Sz,18.2,23,79%
1/31/2026,North Ohio,Bowling Green - 443,SL,2 FL 1BR;A Vw;C Loc;A Sz,2,2,100%
1/31/2026,North Ohio,Bowling Green - 443,SL,2 FL 1BR;A Vw;C Loc;B Sz,6,7,86%
1/31/2026,North Ohio,Bowling Green - 443,SL,2 FL 1BR;C Vw;A Loc;B Sz,3,3,100%
1/31/2026,North Ohio,Bowling Green - 443,SL,2 FL 1BR;C Vw;C Loc;A Sz,1,1,100%
1/31/2026,North Ohio,Bowling Green - 443,SL,2 FL 1BR;C Vw;C Loc;B Sz,5,5,100%
1/31/2026,North Ohio,Bowling Green - 443,SL,2 FL 1BR;C Vw;C Loc;C Sz,1,1,67%
1/31/2026,North Ohio,Bowling Green - 443,SL,2 FL Studio;A Vw;B Loc;B Sz,1,2,50%
1/31/2026,North Ohio,Bowling Green - 443,SL,2 FL Studio;C Vw;B Loc;B Sz,1.5,2,77%
1/31/2026,North Ohio,Findlay - 408,AL,One BR Apt Deluxe-Double,3.8,4,96%
1/31/2026,North Ohio,Findlay - 408,AL,One BR Apt Deluxe-Single,3,3,100%
1/31/2026,North Ohio,Findlay - 408,AL,One BR Apt-Double,24.7,27,91%
1/31/2026,North Ohio,Findlay - 408,AL,Two BR Apt Deluxe-Double,4,4,100%
1/31/2026,North Ohio,Findlay - 408,AL,Two BR Apt-Double,2,2,100%
1/31/2026,North Ohio,Findlay - 408,AL,Two BR Apt-Single,1.4,2,64%
1/31/2026,North Ohio,Findlay - 408,AL/MC,Legacy Bldng - Companion,0.9,1,87%
1/31/2026,North Ohio,Findlay - 408,AL/MC,Legacy Bldng - Private,15.4,23,67%
1/31/2026,North Ohio,Findlay - 408,AL/MC,Legacy Bldng - Private Deluxe,5,5,100%
1/31/2026,North Ohio,Findlay - 408,HC,Companion,12.1,20,61%
1/31/2026,North Ohio,Findlay - 408,HC,Private,55.2,61,91%
1/31/2026,North Ohio,Findlay - 408,HC,Private Deluxe,14,15,94%
1/31/2026,North Ohio,Findlay - 408,HC/MC,Legacy Lane - Companion,0,0,0%
1/31/2026,North Ohio,Findlay - 408,HC/MC,Legacy Lane - Private,0,0,0%
1/31/2026,North Ohio,Fremont - 403,AL,Companion,4,4,100%
1/31/2026,North Ohio,Fremont - 403,AL,Studio - Private,14,14,100%
1/31/2026,North Ohio,Fremont - 403,AL,Studio - Private C Sz,1,1,100%
1/31/2026,North Ohio,Fremont - 403,AL/MC,MC Companion,4,4,100%
1/31/2026,North Ohio,Fremont - 403,AL/MC,MC Companion Deluxe,1,1,100%
1/31/2026,North Ohio,Fremont - 403,AL/MC,MC Studio,6,6,100%
1/31/2026,North Ohio,Fremont - 403,HC,Companion,27.7,28,99%
1/31/2026,North Ohio,Fremont - 403,HC,Private,29.1,30,97%
1/31/2026,North Ohio,Fremont - 403,HC,Private Deluxe,1.9,2,94%
1/31/2026,North Ohio,Fremont - 403,HC,TCU - Private,0,0,0%
1/31/2026,North Ohio,Genoa - 411,AL,One BR Apt Deluxe-Double,3,3,100%
1/31/2026,North Ohio,Genoa - 411,AL,One BR Apt Deluxe-Single,4,4,100%
1/31/2026,North Ohio,Genoa - 411,AL,One BR Apt-Double,3.4,4,84%
1/31/2026,North Ohio,Genoa - 411,AL,One BR Apt-Single,12.5,15,83%
1/31/2026,North Ohio,Genoa - 411,AL,Studio - Private,14.5,16,91%
1/31/2026,North Ohio,Genoa - 411,AL,Two BR Apt-Double,2,2,100%
1/31/2026,North Ohio,Genoa - 411,AL,Two BR Apt-Single,0,0,0%
1/31/2026,North Ohio,Genoa - 411,AL/MC,MC-Compan;B Vw;A Loc;B Sz,1.6,2,82%
1/31/2026,North Ohio,Genoa - 411,AL/MC,MC-Compan;B Vw;B Loc;B Sz,1,1,100%
1/31/2026,North Ohio,Genoa - 411,AL/MC,MC-Studio Dlx;B Vw;B Loc;B Sz,2.8,4,70%
1/31/2026,North Ohio,Genoa - 411,AL/MC,MC-Studio;B Vw;B Loc;B Sz,3,3,100%
1/31/2026,North Ohio,Genoa - 411,HC,Companion,31.8,33,96%
1/31/2026,North Ohio,Genoa - 411,HC,Private,33.4,35,95%
1/31/2026,North Ohio,Kalida - 406,AL,1BR,1,1,100%
1/31/2026,North Ohio,Kalida - 406,AL,Companion,2.5,4,62%
1/31/2026,North Ohio,Kalida - 406,AL,Studio - Private,14.5,16,90%
1/31/2026,North Ohio,Kalida - 406,AL/MC,Legacy Lane - Companion,2,2,100%
1/31/2026,North Ohio,Kalida - 406,AL/MC,Legacy Lane - Private,7.8,8,98%
1/31/2026,North Ohio,Kalida - 406,AL/MC,Legacy Lane - Private Deluxe,1,1,100%
1/31/2026,North Ohio,Kalida - 406,HC,Companion,33,34,97%
1/31/2026,North Ohio,Kalida - 406,HC,Private,21.3,28,76%
1/31/2026,North Ohio,Leipsic - 409,AL,One BR Apt-Double,11.7,14,84%
1/31/2026,North Ohio,Leipsic - 409,AL,One BR Apt-Single,2,2,100%
1/31/2026,North Ohio,Leipsic - 409,AL,Studio - Private,9,9,100%
1/31/2026,North Ohio,Leipsic - 409,AL,Studio - Private Deluxe,8.8,9,98%
1/31/2026,North Ohio,Leipsic - 409,AL,Two BR Apt-Double,0.2,1,23%
1/31/2026,North Ohio,Leipsic - 409,HC,Companion,28.5,34,84%
1/31/2026,North Ohio,Leipsic - 409,HC,Private,15.1,18,84%
1/31/2026,North Ohio,Leipsic - 409,VIL,Independent Living - One BR,18,19,95%
1/31/2026,North Ohio,Leipsic - 409,VIL,Independent Living - Studio,7,9,78%
1/31/2026,North Ohio,Leipsic - 409,VIL,Independent Living - Two BR,16,16,100%
1/31/2026,North Ohio,Monclova - 2422,AL,Companion,6.9,7,98%
1/31/2026,North Ohio,Monclova - 2422,AL,Companion - B Location,2,2,100%
1/31/2026,North Ohio,Monclova - 2422,AL,Studio - Private,20.4,23,89%
1/31/2026,North Ohio,Monclova - 2422,AL,Studio - Private Deluxe,2,2,100%
1/31/2026,North Ohio,Monclova - 2422,AL/MC,Legacy Bldng - Companion,6,6,100%
1/31/2026,North Ohio,Monclova - 2422,AL/MC,Legacy Bldng - Private,21,23,91%
1/31/2026,North Ohio,Monclova - 2422,HC,AL-Studio Private,0,0,0%
1/31/2026,North Ohio,Monclova - 2422,HC,Companion,22.6,24,94%
1/31/2026,North Ohio,Monclova - 2422,HC,Private,30.8,32,96%
1/31/2026,North Ohio,Monclova - 2422,HC,Private Deluxe,4,4,100%
1/31/2026,North Ohio,Monclova - 2422,HC/MC,Legacy Lane - Companion,0,0,0%
1/31/2026,North Ohio,Monclova - 2422,HC/MC,Legacy Lane - Private,0,0,0%
1/31/2026,North Ohio,Monclova - 2422,VIL,1BR; A Location,12,12,100%
1/31/2026,North Ohio,Monclova - 2422,VIL,2BR; A Location,22,22,100%
1/31/2026,North Ohio,North Baltimore - 415,AL,AL Studio - Companion,1,1,100%
1/31/2026,North Ohio,North Baltimore - 415,AL,Companion,0,0,0%
1/31/2026,North Ohio,North Baltimore - 415,AL,One BR Apt-Double,2,3,67%
1/31/2026,North Ohio,North Baltimore - 415,AL,One BR Apt-Single,1,1,100%
1/31/2026,North Ohio,North Baltimore - 415,AL,Studio - Double,0,1,0%
1/31/2026,North Ohio,North Baltimore - 415,AL,Studio - Private,13,14,93%
1/31/2026,North Ohio,North Baltimore - 415,HC,Companion,20.7,24,86%
1/31/2026,North Ohio,North Baltimore - 415,HC,Private,13.9,15,93%
1/31/2026,North Ohio,North Baltimore - 415,HC/MC,Legacy Lane - Companion,10.4,11,95%
1/31/2026,North Ohio,North Baltimore - 415,HC/MC,Legacy Lane - Private,4,4,100%
1/31/2026,North Ohio,Ottawa MO - 430,AL,Companion,7,7,100%
1/31/2026,North Ohio,Ottawa MO - 430,AL,Studio - Private,18,18,100%
1/31/2026,North Ohio,Ottawa MO - 430,HC,Companion,26.8,28,96%
1/31/2026,North Ohio,Ottawa MO - 430,HC,Private,29.1,30,97%
1/31/2026,North Ohio,Ottawa MO - 430,HC,Private Deluxe,10,10,100%
1/31/2026,North Ohio,Ottawa MO - 430,HC/MC,Legacy Way - Companion,7.5,8,93%
1/31/2026,North Ohio,Ottawa MO - 430,HC/MC,Legacy Way - Private Deluxe,9.7,10,97%
1/31/2026,North Ohio,Sylvania - 2427,AL,Companion,6.3,7,90%
1/31/2026,North Ohio,Sylvania - 2427,AL,Studio - Private,23.3,24,97%
1/31/2026,North Ohio,Sylvania - 2427,AL,Studio - Private Deluxe,2,2,100%
1/31/2026,North Ohio,Sylvania - 2427,HC,Companion,23.1,24,96%
1/31/2026,North Ohio,Sylvania - 2427,HC,Private,37.2,38,98%
1/31/2026,North Ohio,Sylvania - 2427,VIL,Ind Liv - Vil - Wood Floors,6,9,67%
1/31/2026,North Ohio,Sylvania - 2427,VIL,Independent Living - 2BR,20,21,95%
1/31/2026,North Ohio,Tiffin - 435,AL,Compan;A Vw;C Loc;B Sz,4,4,100%
1/31/2026,North Ohio,Tiffin - 435,AL,Studio - Double;A Vw;A Loc;B Sz,8,8,100%
1/31/2026,North Ohio,Tiffin - 435,AL,Studio - Double;A Vw;C Loc;B Sz,2,2,100%
1/31/2026,North Ohio,Tiffin - 435,AL,Studio;A Vw;A Loc;B Sz,1,1,100%
1/31/2026,North Ohio,Tiffin - 435,AL,Studio;A Vw;C Loc;B Sz,4,4,100%
1/31/2026,North Ohio,Tiffin - 435,HC,AL-Studio DLX;A Vw;C Loc;B Sz,3,3,100%
1/31/2026,North Ohio,Tiffin - 435,HC,AL-Studio;A Vw;A Loc;B Sz,5,5,99%
1/31/2026,North Ohio,Tiffin - 435,HC,AL-Studio;A Vw;C Loc;B Sz,7,7,100%
1/31/2026,North Ohio,Tiffin - 435,HC,Compan;A Vw;B Loc;B Sz,2,2,100%
1/31/2026,North Ohio,Tiffin - 435,HC,Compan;B Vw;A Loc;B Sz,6,6,100%
1/31/2026,North Ohio,Tiffin - 435,HC,Compan;B Vw;B Loc;B Sz,3.8,4,96%
1/31/2026,North Ohio,Tiffin - 435,HC,Studio Dlx;A Vw;B Loc;B Sz,2,2,100%
1/31/2026,North Ohio,Tiffin - 435,HC,Studio Dlx;A Vw;C Loc;B Sz,1,1,100%
1/31/2026,North Ohio,Tiffin - 435,HC,Studio Dlx;B Vw;B Loc;B Sz,2,2,98%
1/31/2026,North Ohio,Tiffin - 435,HC,Studio Dlx;B Vw;C Loc;B Sz,0.4,1,42%
1/31/2026,North Ohio,Tiffin - 435,HC,Studio;A Vw;A Loc;B Sz,2,2,100%
1/31/2026,North Ohio,Tiffin - 435,HC,Studio;A Vw;B Loc;B Sz,0.9,1,90%
1/31/2026,North Ohio,Tiffin - 435,HC,Studio;A Vw;C Loc;B Sz,5,5,100%
1/31/2026,North Ohio,Tiffin - 435,HC,Studio;B Vw;A Loc;B Sz,3.9,4,97%
1/31/2026,North Ohio,Tiffin - 435,HC,Studio;B Vw;B Loc;B Sz,4.8,5,95%
1/31/2026,North Ohio,Tiffin - 435,HC,Studio;B Vw;C Loc;B Sz,15.8,17,93%
1/31/2026,North Ohio,Willard - 2424,AL,Companion,4,4,100%
1/31/2026,North Ohio,Willard - 2424,AL,Studio - Double,9.9,10,99%
1/31/2026,North Ohio,Willard - 2424,AL,Studio - Private,8,8,100%
1/31/2026,North Ohio,Willard - 2424,AL/MC,MC - Companion,2,2,100%
1/31/2026,North Ohio,Willard - 2424,AL/MC,MC - Studio,6.9,7,99%
1/31/2026,North Ohio,Willard - 2424,HC,Companion,37.8,38,100%
1/31/2026,North Ohio,Willard - 2424,HC,Private,30.1,31,97%
1/31/2026,North Ohio,Willard - 2424,VIL,1BR,6,6,100%
1/31/2026,North Ohio,Willard - 2424,VIL,2BR,20,20,100%
1/31/2026,Northwest Indiana,Logansport - 130,AL,Companion,4,4,100%
1/31/2026,Northwest Indiana,Logansport - 130,AL,Studio - Private,15.2,18,85%
1/31/2026,Northwest Indiana,Logansport - 130,HC,Companion,30.4,31,98%
1/31/2026,Northwest Indiana,Logansport - 130,HC,Private,17.2,24,72%
1/31/2026,Northwest Indiana,Logansport - 130,HC/MC,Legacy Lane - Private,11.6,12,97%
1/31/2026,Northwest Indiana,Merrillville - 122,AL,Companion,0,0,0%
1/31/2026,Northwest Indiana,Monticello - 140,AL,1 Bedroom,1,1,100%
1/31/2026,Northwest Indiana,Monticello - 140,AL,Companion,4,6,67%
1/31/2026,Northwest Indiana,Monticello - 140,AL,Studio - Private,23.4,26,90%
1/31/2026,Northwest Indiana,Monticello - 140,AL/MC,Legacy Lane - Companion,5.9,6,99%
1/31/2026,Northwest Indiana,Monticello - 140,AL/MC,Legacy Lane - Private,22.2,23,97%
1/31/2026,Northwest Indiana,Monticello - 140,HC,Companion,24.9,25,99%
1/31/2026,Northwest Indiana,Monticello - 140,HC,Private,28.1,35,80%
1/31/2026,Northwest Indiana,Peru - 2144,AL,L-One BR Apt Deluxe-Double,0,0,0%
1/31/2026,Northwest Indiana,Peru - 2144,AL,L-One BR Apt Deluxe-Single,2,2,100%
1/31/2026,Northwest Indiana,Peru - 2144,AL,L-One BR Apt-Double,1,1,100%
1/31/2026,Northwest Indiana,Peru - 2144,AL,L-One BR Apt-Single,12.7,13,98%
1/31/2026,Northwest Indiana,Peru - 2144,AL,L-Two BR Apt Deluxe-Double,1,2,50%
1/31/2026,Northwest Indiana,Peru - 2144,AL,L-Two BR Apt-Double,4.6,6,77%
1/31/2026,Northwest Indiana,Peru - 2144,AL,One BR Apt Deluxe-Single,2,2,100%
1/31/2026,Northwest Indiana,Peru - 2144,AL,One BR Apt-Double,0,0,0%
1/31/2026,Northwest Indiana,Peru - 2144,AL,One BR Apt-Single,13.4,14,96%
1/31/2026,Northwest Indiana,Peru - 2144,AL,Two BR Apt Deluxe-Double,2,2,100%
1/31/2026,Northwest Indiana,Peru - 2144,AL,Two BR Apt-Double,5.3,6,88%
1/31/2026,Northwest Indiana,Peru - 2144,HC,Companion,11.1,12,92%
1/31/2026,Northwest Indiana,Peru - 2144,HC,Private,23,27,85%
1/31/2026,Northwest Indiana,Peru - 2144,HC/MC,Legacy Lane - Companion,7.7,8,97%
1/31/2026,Northwest Indiana,Peru - 2144,HC/MC,Legacy Lane - Private,7.8,8,98%
1/31/2026,Northwest Indiana,Peru - 2144,SL,One BR Apt Deluxe-Single,0,0,0%
1/31/2026,Northwest Indiana,Peru - 2144,SL,One BR Apt-Double,0,0,0%
1/31/2026,Northwest Indiana,Peru - 2144,SL,One BR Apt-Single,0,0,0%
1/31/2026,Northwest Indiana,Peru - 2144,SL,Two BR Apt Deluxe-Double,0,0,0%
1/31/2026,Northwest Indiana,Peru - 2144,SL,Two BR Apt-Double,0,0,0%
1/31/2026,Northwest Indiana,Peru - 2144,SL,Two BR Apt-Single,0,0,0%
1/31/2026,Northwest Indiana,Peru - 2144,VIL,Independent Living - Villa 1,6,6,100%
1/31/2026,Northwest Indiana,Peru - 2144,VIL,One BR Apt Deluxe-Single,0,0,0%
1/31/2026,Northwest Indiana,Peru - 2144,VIL,One BR Apt-Double,0,0,0%
1/31/2026,Northwest Indiana,Peru - 2144,VIL,One BR Apt-Single,0,0,0%
1/31/2026,Northwest Indiana,Peru - 2144,VIL,Two BR Apt Deluxe-Double,0,0,0%
1/31/2026,Northwest Indiana,Peru - 2144,VIL,Two BR Apt-Double,0,0,0%
1/31/2026,Northwest Indiana,South Bend - 5169,AL,Companion,0,0,0%
1/31/2026,Northwest Indiana,South Bend - 5169,AL,One BR Apt-Double,2,2,100%
1/31/2026,Northwest Indiana,South Bend - 5169,AL,One BR Apt-Single,3,3,100%
1/31/2026,Northwest Indiana,South Bend - 5169,AL,Studio - Double,6.2,7,88%
1/31/2026,Northwest Indiana,South Bend - 5169,AL,Studio - Private,11.4,12,95%
1/31/2026,Northwest Indiana,South Bend - 5169,AL,Studio - Private Deluxe,2,2,100%
1/31/2026,Northwest Indiana,South Bend - 5169,AL,Studio Base - Double,2,2,100%
1/31/2026,Northwest Indiana,South Bend - 5169,AL,Studio Base - Private,2,2,100%
1/31/2026,Northwest Indiana,South Bend - 5169,AL/MC,Legacy Lane - Companion,2,2,100%
1/31/2026,Northwest Indiana,South Bend - 5169,AL/MC,Legacy Lane - Private,9,9,100%
1/31/2026,Northwest Indiana,South Bend - 5169,HC,Companion,9.5,10,95%
1/31/2026,Northwest Indiana,South Bend - 5169,HC,Private,36.3,45,81%
1/31/2026,Northwest Indiana,Wabash - 5170,AL,Companion,2,2,100%
1/31/2026,Northwest Indiana,Wabash - 5170,AL,One BR Apt-Double,7.7,8,96%
1/31/2026,Northwest Indiana,Wabash - 5170,AL,One BR Apt-Single,1,1,100%
1/31/2026,Northwest Indiana,Wabash - 5170,AL,Studio - Private,12.6,13,97%
1/31/2026,Northwest Indiana,Wabash - 5170,AL,Studio - Private - C View,3,3,100%
1/31/2026,Northwest Indiana,Wabash - 5170,AL,Studio - Private - End of Hall,2,3,67%
1/31/2026,Northwest Indiana,Wabash - 5170,AL/MC,MC-Companion,0,1,0%
1/31/2026,Northwest Indiana,Wabash - 5170,AL/MC,MC-Private,10,12,83%
1/31/2026,Northwest Indiana,Wabash - 5170,HC,Companion,22.4,26,86%
1/31/2026,Northwest Indiana,Wabash - 5170,HC,Private,30,32,94%
1/31/2026,Northwest Indiana,Warsaw - 302,AL,Compan;A Vw;C Loc;B Sz,4.8,5,96%
1/31/2026,Northwest Indiana,Warsaw - 302,AL,Studio;A Vw;A Loc;B Sz,3,3,100%
1/31/2026,Northwest Indiana,Warsaw - 302,AL,Studio;A Vw;B Loc;B Sz,2,2,100%
1/31/2026,Northwest Indiana,Warsaw - 302,AL,Studio;A Vw;C Loc;B Sz,6.9,7,98%
1/31/2026,Northwest Indiana,Warsaw - 302,AL,Studio;B Vw;B Loc;B Sz,1,2,50%
1/31/2026,Northwest Indiana,Warsaw - 302,AL/MC,MC - Compan;A Vw;B Loc;B Sz,1,1,100%
1/31/2026,Northwest Indiana,Warsaw - 302,AL/MC,MC - Compan;A Vw;C Loc;B Sz,1,1,100%
1/31/2026,Northwest Indiana,Warsaw - 302,AL/MC,MC - Compan;C Vw;C Loc;B Sz,1,1,100%
1/31/2026,Northwest Indiana,Warsaw - 302,AL/MC,MC - Studio;A Vw;A Loc;B Sz,2,2,100%
1/31/2026,Northwest Indiana,Warsaw - 302,AL/MC,MC - Studio;A Vw;C Loc;B Sz,6,6,100%
1/31/2026,Northwest Indiana,Warsaw - 302,AL/MC,MC - Studio;B Vw;C Loc;B Sz,1,1,100%
1/31/2026,Northwest Indiana,Warsaw - 302,AL/MC,MC - Studio;C Vw;C Loc;B Sz,3,3,100%
1/31/2026,Northwest Indiana,Warsaw - 302,HC,Compan;A Vw;B Loc;B Sz,4,4,100%
1/31/2026,Northwest Indiana,Warsaw - 302,HC,Compan;A Vw;C Loc;B Sz,4,4,100%
1/31/2026,Northwest Indiana,Warsaw - 302,HC,Compan;B Vw;C Loc;B Sz,1.6,2,81%
1/31/2026,Northwest Indiana,Warsaw - 302,HC,Compan;C Vw;B Loc;B Sz,9.6,10,96%
1/31/2026,Northwest Indiana,Warsaw - 302,HC,Compan;C Vw;C Loc;B Sz,7.8,8,98%
1/31/2026,Northwest Indiana,Warsaw - 302,HC,Companion,0,0,0%
1/31/2026,Northwest Indiana,Warsaw - 302,HC,Private,0,0,0%
1/31/2026,Northwest Indiana,Warsaw - 302,HC,Studio Dlx;C Vw;B Loc;B Sz,1,1,97%
1/31/2026,Northwest Indiana,Warsaw - 302,HC,Studio Dlx;C Vw;C Loc;B Sz,1,1,100%
1/31/2026,Northwest Indiana,Warsaw - 302,HC,Studio;A Vw;A Loc;B Sz,3,3,99%
1/31/2026,Northwest Indiana,Warsaw - 302,HC,Studio;A Vw;C Loc;B Sz,5.6,6,94%
1/31/2026,Northwest Indiana,Warsaw - 302,HC,Studio;B Vw;A Loc;B Sz,1,1,100%
1/31/2026,Northwest Indiana,Warsaw - 302,HC,Studio;B Vw;C Loc;B Sz,0.8,1,81%
1/31/2026,Northwest Indiana,Warsaw - 302,HC,Studio;C Vw;A Loc;B Sz,5.9,6,98%
1/31/2026,Northwest Indiana,Warsaw - 302,HC,Studio;C Vw;C Loc;B Sz,12.8,13,99%
1/31/2026,South Kentucky,Bardstown - 233,AL,1BR;A Vw;A Loc;B Sz,3,3,100%
1/31/2026,South Kentucky,Bardstown - 233,AL,1BR;A Vw;B Loc;B Sz,1,1,100%
1/31/2026,South Kentucky,Bardstown - 233,AL,1BR;A Vw;C Loc;B Sz,1,1,97%
1/31/2026,South Kentucky,Bardstown - 233,AL,1BR;B Vw;A Loc;B Sz,4,4,100%
1/31/2026,South Kentucky,Bardstown - 233,AL,1BR;B Vw;B Loc;B Sz,2,2,98%
1/31/2026,South Kentucky,Bardstown - 233,AL,1BR;B Vw;C Loc;B Sz,1.3,2,65%
1/31/2026,South Kentucky,Bardstown - 233,AL,2BR;B Vw;B Loc;B Sz,1,1,100%
1/31/2026,South Kentucky,Bardstown - 233,AL,2BR;B Vw;C Loc;B Sz,0,1,0%
1/31/2026,South Kentucky,Bardstown - 233,AL,Studio - Special,2,2,100%
1/31/2026,South Kentucky,Bardstown - 233,AL,Studio Dlx;A Vw;A Loc;B Sz,2,2,100%
1/31/2026,South Kentucky,Bardstown - 233,AL,Studio Dlx;A Vw;B Loc;B Sz,2,2,100%
1/31/2026,South Kentucky,Bardstown - 233,AL,Studio Dlx;A Vw;C Loc;B Sz,2,2,100%
1/31/2026,South Kentucky,Bardstown - 233,AL,Studio Dlx;B Vw;A Loc;B Sz,2,2,100%
1/31/2026,South Kentucky,Bardstown - 233,AL,Studio Dlx;B Vw;B Loc;B Sz,2,2,100%
1/31/2026,South Kentucky,Bardstown - 233,AL,Studio Dlx;B Vw;C Loc;B Sz,2,2,100%
1/31/2026,South Kentucky,Bardstown - 233,AL,Studio;A Vw;A Loc;B Sz,3,3,100%
1/31/2026,South Kentucky,Bardstown - 233,AL,Studio;A Vw;B Loc;B Sz,3,3,100%
1/31/2026,South Kentucky,Bardstown - 233,AL,Studio;A Vw;C Loc;B Sz,3,3,100%
1/31/2026,South Kentucky,Bardstown - 233,AL,Studio;B Vw;A Loc;B Sz,7,7,100%
1/31/2026,South Kentucky,Bardstown - 233,AL,Studio;B Vw;B Loc;B Sz,5.4,6,90%
1/31/2026,South Kentucky,Bardstown - 233,AL,Studio;B Vw;C Loc;B Sz,5,5,100%
1/31/2026,South Kentucky,Bardstown - 233,AL/MC,MC-2BR;A Vw;C Loc;B Sz,0,2,0%
1/31/2026,South Kentucky,Bardstown - 233,AL/MC,MC-Studio Special,2,2,100%
1/31/2026,South Kentucky,Bardstown - 233,AL/MC,MC-Studio;A Vw;A Loc;B Sz,1,1,100%
1/31/2026,South Kentucky,Bardstown - 233,AL/MC,MC-Studio;A Vw;B Loc;B Sz,1,1,100%
1/31/2026,South Kentucky,Bardstown - 233,AL/MC,MC-Studio;A Vw;C Loc;B Sz,3.2,4,79%
1/31/2026,South Kentucky,Bardstown - 233,AL/MC,MC-Studio;B Vw;A Loc;B Sz,1.8,2,90%
1/31/2026,South Kentucky,Bardstown - 233,AL/MC,MC-Studio;B Vw;B Loc;B Sz,2,2,100%
1/31/2026,South Kentucky,Bardstown - 233,AL/MC,MC-Studio;B Vw;C Loc;B Sz,0.4,3,14%
1/31/2026,South Kentucky,Bardstown - 233,AL/MC,MC-Studio;C Vw;A Loc;B Sz,1,2,50%
1/31/2026,South Kentucky,Bardstown - 233,AL/MC,MC-Studio;C Vw;B Loc;B Sz,1.8,3,59%
1/31/2026,South Kentucky,Bardstown - 233,AL/MC,MC-Studio;C Vw;C Loc;B Sz,1,1,100%
1/31/2026,South Kentucky,Cynthiana - 114,AL,Companion,5.8,6,97%
1/31/2026,South Kentucky,Cynthiana - 114,AL,Studio,25.5,27,95%
1/31/2026,South Kentucky,Cynthiana - 114,AL,Studio - Private - End of Hall,0,0,0%
1/31/2026,South Kentucky,Cynthiana - 114,HC,Companion,19,20,95%
1/31/2026,South Kentucky,Cynthiana - 114,HC,Private,21.4,22,97%
1/31/2026,South Kentucky,Cynthiana - 114,HC/MC,Legacy Lane - Companion,0,0,0%
1/31/2026,South Kentucky,Cynthiana - 114,HC/MC,Legacy Lane - Private,12.2,13,94%
1/31/2026,South Kentucky,Cynthiana - 114,SL,Studio - Private,0,0,0%
1/31/2026,South Kentucky,Cynthiana - 114,SL,Studio - Private - End of Hall,2,2,100%
1/31/2026,South Kentucky,Danville - 231,AL,1BR,10.5,13,80%
1/31/2026,South Kentucky,Danville - 231,AL,2BR,2,2,100%
1/31/2026,South Kentucky,Danville - 231,AL,Studio,23.8,29,82%
1/31/2026,South Kentucky,Danville - 231,AL,Studio Dlx,10,12,83%
1/31/2026,South Kentucky,Danville - 231,AL/MC,MC - 2BR,1,2,50%
1/31/2026,South Kentucky,Danville - 231,AL/MC,MC - Studio,13.5,21,65%
1/31/2026,South Kentucky,Harrodsburg - 2187,AL,Compan;A Vw;C Loc;B Sz,1,1,100%
1/31/2026,South Kentucky,Harrodsburg - 2187,AL,Compan;B Vw;B Loc;B Sz,0,0,0%
1/31/2026,South Kentucky,Harrodsburg - 2187,AL,Compan;C Vw;B Loc;B Sz,1,1,100%
1/31/2026,South Kentucky,Harrodsburg - 2187,AL,Compan;C Vw;C Loc;B Sz,1,1,100%
1/31/2026,South Kentucky,Harrodsburg - 2187,AL,Companion,4,5,80%
1/31/2026,South Kentucky,Harrodsburg - 2187,AL,Studio - Private,4.1,5,83%
1/31/2026,South Kentucky,Harrodsburg - 2187,AL,Studio - Private - Special,5.7,6,95%
1/31/2026,South Kentucky,Harrodsburg - 2187,AL,Studio;A Vw;A Loc;B Sz,2,2,100%
1/31/2026,South Kentucky,Harrodsburg - 2187,AL,Studio;A Vw;B Loc;B Sz,4,4,100%
1/31/2026,South Kentucky,Harrodsburg - 2187,AL,Studio;A Vw;C Loc;B Sz,0,0,0%
1/31/2026,South Kentucky,Harrodsburg - 2187,AL,Studio;B Vw;B Loc;B Sz,2,2,100%
1/31/2026,South Kentucky,Harrodsburg - 2187,AL,Studio;C Vw;A Loc;B Sz,1,1,100%
1/31/2026,South Kentucky,Harrodsburg - 2187,HC,Compan;A Vw;C Loc;B Sz,12,12,100%
1/31/2026,South Kentucky,Harrodsburg - 2187,HC,Compan;C Vw;C Loc;B Sz,8,8,100%
1/31/2026,South Kentucky,Harrodsburg - 2187,HC,Companion,0,0,0%
1/31/2026,South Kentucky,Harrodsburg - 2187,HC,Private,0,0,0%
1/31/2026,South Kentucky,Harrodsburg - 2187,HC,Studio;A Vw;C Loc;B Sz,4.9,5,97%
1/31/2026,South Kentucky,Harrodsburg - 2187,HC,Studio;B Vw;A Loc;B Sz,1,1,100%
1/31/2026,South Kentucky,Harrodsburg - 2187,HC,Studio;B Vw;C Loc;B Sz,6.6,7,94%
1/31/2026,South Kentucky,Harrodsburg - 2187,HC,Studio;C Vw;A Loc;B Sz,6.9,7,99%
1/31/2026,South Kentucky,Harrodsburg - 2187,HC,Studio;C Vw;C Loc;B Sz,4.2,5,84%
1/31/2026,South Kentucky,Harrodsburg - 2187,SL,Studio;A Vw;C Loc;B Sz,2,2,100%
1/31/2026,South Kentucky,La Grange - 177,AL,Compan;A Vw;C Loc;A Sz,2,2,100%
1/31/2026,South Kentucky,La Grange - 177,AL,Compan;C Vw;C Loc;B Sz,2,2,100%
1/31/2026,South Kentucky,La Grange - 177,AL,Studio;A Vw;A Loc;B Sz,2.8,3,92%
1/31/2026,South Kentucky,La Grange - 177,AL,Studio;A Vw;C Loc;B Sz,10,10,100%
1/31/2026,South Kentucky,La Grange - 177,AL,Studio;C Vw;C Loc;B Sz,2,2,100%
1/31/2026,South Kentucky,La Grange - 177,AL/MC,MC-Compan;A Vw;C Loc;B Sz,2,2,100%
1/31/2026,South Kentucky,La Grange - 177,AL/MC,MC-Compan;C Vw;C Loc;B Sz,0.7,1,68%
1/31/2026,South Kentucky,La Grange - 177,AL/MC,MC-Studio;A Vw;A Loc;B Sz,2,2,100%
1/31/2026,South Kentucky,La Grange - 177,AL/MC,MC-Studio;A Vw;C Loc;B Sz,4.7,5,95%
1/31/2026,South Kentucky,La Grange - 177,AL/MC,MC-Studio;C Vw;C Loc;B Sz,5,5,100%
1/31/2026,South Kentucky,La Grange - 177,HC,Studio Dlx;A Vw;A Loc;C Sz,1,1,100%
1/31/2026,South Kentucky,La Grange - 177,HC,Studio;A Vw;B Loc;B Sz,3.5,4,87%
1/31/2026,South Kentucky,La Grange - 177,HC,Studio;A Vw;C Loc;B Sz,9.2,10,92%
1/31/2026,South Kentucky,La Grange - 177,HC,Studio;C Vw;B Loc;B Sz,6,7,86%
1/31/2026,South Kentucky,La Grange - 177,HC,Studio;C Vw;C Loc;B Sz,14.1,16,88%
1/31/2026,South Kentucky,La Grange - 177,HC/MC,MC-Compan;A Vw;C Loc;B Sz,4,4,100%
1/31/2026,South Kentucky,La Grange - 177,HC/MC,MC-Studio;A Vw;C Loc;B Sz,1.5,2,76%
1/31/2026,South Kentucky,La Grange - 177,HC/MC,MC-Studio;C Vw;C Loc;B Sz,5.3,6,88%
1/31/2026,South Kentucky,La Grange - 177,SL,1BR;A Vw;B Loc;B Sz,2,2,100%
1/31/2026,South Kentucky,La Grange - 177,SL,1BR;A Vw;C Loc;A Sz,2,2,100%
1/31/2026,South Kentucky,La Grange - 177,SL,1BR;A Vw;C Loc;B Sz,8,8,100%
1/31/2026,South Kentucky,La Grange - 177,SL,1BR;C Vw;A Loc;B Sz,3,3,100%
1/31/2026,South Kentucky,La Grange - 177,SL,1BR;C Vw;C Loc;A Sz,1,1,100%
1/31/2026,South Kentucky,La Grange - 177,SL,1BR;C Vw;C Loc;B Sz,3,3,100%
1/31/2026,South Kentucky,La Grange - 177,SL,1BR;C Vw;C Loc;C Sz,1,1,100%
1/31/2026,South Kentucky,La Grange - 177,SL,Studio;A Vw;C Loc;B Sz,2,2,100%
1/31/2026,South Kentucky,La Grange - 177,SL,Studio;C Vw;C Loc;B Sz,3,3,100%
1/31/2026,South Kentucky,Lexington WC - 2148,AL,Companion,2.4,3,80%
1/31/2026,South Kentucky,Lexington WC - 2148,AL,Studio,15.6,16,97%
1/31/2026,South Kentucky,Lexington WC - 2148,AL/MC,Legacy Lane - Companion,3,3,100%
1/31/2026,South Kentucky,Lexington WC - 2148,AL/MC,Legacy Lane - Studio,4.5,6,75%
1/31/2026,South Kentucky,Lexington WC - 2148,HC,Companion,17.2,18,96%
1/31/2026,South Kentucky,Lexington WC - 2148,HC,Private,32.9,35,94%
1/31/2026,South Kentucky,Lexington WC - 2148,HC,Private Deluxe,0.8,1,77%
1/31/2026,South Kentucky,Lexington WC - 2148,HC,TCU - Companion,0,0,0%
1/31/2026,South Kentucky,Lexington WC - 2148,HC,TCU - Private,0,0,0%
1/31/2026,South Kentucky,Lexington WC - 2148,SL,Studio - Private,1,1,100%
1/31/2026,South Kentucky,Lexington WF - 2147,AL,Companion,7.6,8,95%
1/31/2026,South Kentucky,Lexington WF - 2147,AL,Independent Living,0,0,0%
1/31/2026,South Kentucky,Lexington WF - 2147,AL,Studio,12.4,13,95%
1/31/2026,South Kentucky,Lexington WF - 2147,AL,Studio - Deluxe,1.2,2,60%
1/31/2026,South Kentucky,Lexington WF - 2147,HC,Companion,13.7,16,86%
1/31/2026,South Kentucky,Lexington WF - 2147,HC,Private,32.5,34,96%
1/31/2026,South Kentucky,Lexington WF - 2147,HC,Private Deluxe,3.9,4,98%
1/31/2026,South Kentucky,Lexington WF - 2147,SL,Independent Living,0,0,0%
1/31/2026,South Kentucky,Lexington WH - 2146,AL,Companion,7,7,100%
1/31/2026,South Kentucky,Lexington WH - 2146,AL,Studio - Private,16.8,23,73%
1/31/2026,South Kentucky,Lexington WH - 2146,AL,Two BR Apt - Double,0,2,0%
1/31/2026,South Kentucky,Lexington WH - 2146,AL/MC,Legacy Bldg - Studio,16.1,17,95%
1/31/2026,South Kentucky,Lexington WH - 2146,AL/MC,Legacy Bldng - Companion,3.3,4,82%
1/31/2026,South Kentucky,Lexington WH - 2146,HC,Companion,11.9,14,85%
1/31/2026,South Kentucky,Lexington WH - 2146,HC,Private,27.2,28,97%
1/31/2026,South Kentucky,Lexington WH - 2146,HC,Private Deluxe,10,11,91%
1/31/2026,South Kentucky,Lexington WH - 2146,HC/MC,Legacy Lane - Companion,6,6,100%
1/31/2026,South Kentucky,Lexington WH - 2146,HC/MC,Legacy Lane - Private,4.4,5,88%
1/31/2026,South Kentucky,Lexington WH - 2146,SL,Studio - Private,0,2,0%
1/31/2026,South Kentucky,Mount Washington - 176,AL,Compan;A Vw;C Loc;A Sz,2,2,100%
1/31/2026,South Kentucky,Mount Washington - 176,AL,Compan;B Vw;C Loc;B Sz,2,2,100%
1/31/2026,South Kentucky,Mount Washington - 176,AL,Studio;A Vw;A Loc;B Sz,3,3,100%
1/31/2026,South Kentucky,Mount Washington - 176,AL,Studio;A Vw;B Loc;B Sz,2,2,100%
1/31/2026,South Kentucky,Mount Washington - 176,AL,Studio;A Vw;C Loc;B Sz,3.5,4,88%
1/31/2026,South Kentucky,Mount Washington - 176,AL,Studio;B Vw;C Loc;B Sz,4,4,100%
1/31/2026,South Kentucky,Mount Washington - 176,AL,Studio;C Vw;B Loc;B Sz,2,2,100%
1/31/2026,South Kentucky,Mount Washington - 176,AL/MC,MC-Compan;A Vw;B Loc;B Sz,0,1,0%
1/31/2026,South Kentucky,Mount Washington - 176,AL/MC,MC-Compan;A Vw;C Loc;B Sz,1,1,100%
1/31/2026,South Kentucky,Mount Washington - 176,AL/MC,MC-Compan;C Vw;C Loc;B Sz,0.4,1,35%
1/31/2026,South Kentucky,Mount Washington - 176,AL/MC,MC-Studio;A Vw;A Loc;B Sz,0.8,2,42%
1/31/2026,South Kentucky,Mount Washington - 176,AL/MC,MC-Studio;A Vw;C Loc;B Sz,4.5,5,91%
1/31/2026,South Kentucky,Mount Washington - 176,AL/MC,MC-Studio;B Vw;C Loc;B Sz,1,1,100%
1/31/2026,South Kentucky,Mount Washington - 176,AL/MC,MC-Studio;C Vw;C Loc;B Sz,4,4,100%
1/31/2026,South Kentucky,Mount Washington - 176,HC,Compan;A Vw;B Loc;B Sz,1.7,2,87%
1/31/2026,South Kentucky,Mount Washington - 176,HC,Compan;A Vw;C Loc;B Sz,2,2,100%
1/31/2026,South Kentucky,Mount Washington - 176,HC,Compan;C Vw;B Loc;B Sz,5.9,6,99%
1/31/2026,South Kentucky,Mount Washington - 176,HC,Compan;C Vw;C Loc;B Sz,5.6,6,93%
1/31/2026,South Kentucky,Mount Washington - 176,HC,Studio;A Vw;A Loc;B Sz,1.8,2,89%
1/31/2026,South Kentucky,Mount Washington - 176,HC,Studio;A Vw;C Loc;B Sz,2.9,3,97%
1/31/2026,South Kentucky,Mount Washington - 176,HC,Studio;C Vw;A Loc;B Sz,2.7,3,91%
1/31/2026,South Kentucky,Mount Washington - 176,HC,Studio;C Vw;B Loc;B Sz,1,1,97%
1/31/2026,South Kentucky,Mount Washington - 176,HC,Studio;C Vw;C Loc;B Sz,16.8,17,99%
1/31/2026,South Kentucky,Mount Washington - 176,HC/MC,MC-Compan;A Vw;C Loc;B Sz,4,4,100%
1/31/2026,South Kentucky,Mount Washington - 176,HC/MC,MC-Compan;C Vw;A Loc;B Sz,0,0,0%
1/31/2026,South Kentucky,Mount Washington - 176,HC/MC,MC-Compan;C Vw;C Loc;B Sz,2,2,98%
1/31/2026,South Kentucky,Mount Washington - 176,HC/MC,MC-Studio;A Vw;A Loc;B Sz,1,1,100%
1/31/2026,South Kentucky,Mount Washington - 176,HC/MC,MC-Studio;A Vw;B Loc;B Sz,2,2,100%
1/31/2026,South Kentucky,Mount Washington - 176,HC/MC,MC-Studio;A Vw;C Loc;B Sz,2,2,100%
1/31/2026,South Kentucky,Mount Washington - 176,HC/MC,MC-Studio;C Vw;C Loc;B Sz,1.9,2,94%
1/31/2026,South Kentucky,Shelbyville SF - 234,AL,1BR;C Vw;C Loc;B Sz,13,13,100%
1/31/2026,South Kentucky,Shelbyville SF - 234,AL,2BR;A Vw;C Loc;B Sz,1.6,2,79%
1/31/2026,South Kentucky,Shelbyville SF - 234,AL,Studio Dlx;A Vw;A Loc;B Sz,2,2,100%
1/31/2026,South Kentucky,Shelbyville SF - 234,AL,Studio Dlx;A Vw;C Loc;B Sz,4,4,100%
1/31/2026,South Kentucky,Shelbyville SF - 234,AL,Studio Dlx;C Vw;A Loc;B Sz,2,2,100%
1/31/2026,South Kentucky,Shelbyville SF - 234,AL,Studio Dlx;C Vw;C Loc;B Sz,4,4,100%
1/31/2026,South Kentucky,Shelbyville SF - 234,AL,Studio;A Vw;A Loc;B Sz,4,4,100%
1/31/2026,South Kentucky,Shelbyville SF - 234,AL,Studio;A Vw;B Loc;B Sz,3,3,100%
1/31/2026,South Kentucky,Shelbyville SF - 234,AL,Studio;A Vw;C Loc;B Sz,3,3,100%
1/31/2026,South Kentucky,Shelbyville SF - 234,AL,Studio;C Vw;A Loc;B Sz,8,8,100%
1/31/2026,South Kentucky,Shelbyville SF - 234,AL,Studio;C Vw;B Loc;B Sz,6,6,100%
1/31/2026,South Kentucky,Shelbyville SF - 234,AL,Studio;C Vw;C Loc;B Sz,4.8,5,96%
1/31/2026,South Kentucky,Shelbyville SF - 234,AL/MC,MC-2BR;A Vw;C Loc;B Sz,2,2,100%
1/31/2026,South Kentucky,Shelbyville SF - 234,AL/MC,MC-Studio;A Vw;A Loc;B Sz,3,3,100%
1/31/2026,South Kentucky,Shelbyville SF - 234,AL/MC,MC-Studio;A Vw;B Loc;B Sz,1,1,100%
1/31/2026,South Kentucky,Shelbyville SF - 234,AL/MC,MC-Studio;C Vw;A Loc;B Sz,4,4,100%
1/31/2026,South Kentucky,Shelbyville SF - 234,AL/MC,MC-Studio;C Vw;B Loc;B Sz,5,5,100%
1/31/2026,South Kentucky,Shelbyville SF - 234,AL/MC,MC-Studio;C Vw;C Loc;B Sz,8,8,100%
1/31/2026,South Kentucky,Winchester - 232,AL,1BR;B Vw;A Loc;B Sz,8,8,100%
1/31/2026,South Kentucky,Winchester - 232,AL,1BR;B Vw;C Loc;B Sz,5,5,100%
1/31/2026,South Kentucky,Winchester - 232,AL,2BR;B Vw;A Loc;B Sz,1,1,100%
1/31/2026,South Kentucky,Winchester - 232,AL,2BR;B Vw;C Loc;B Sz,1,1,100%
1/31/2026,South Kentucky,Winchester - 232,AL,Studio Dlx;B Vw;A Loc;B Sz,4,4,100%
1/31/2026,South Kentucky,Winchester - 232,AL,Studio Dlx;B Vw;C Loc;B Sz,8,8,100%
1/31/2026,South Kentucky,Winchester - 232,AL,Studio;B Vw;A Loc;B Sz,12,15,80%
1/31/2026,South Kentucky,Winchester - 232,AL,Studio;B Vw;C Loc;B Sz,11.4,14,81%
1/31/2026,South Kentucky,Winchester - 232,AL/MC,MC-2BR,1.4,2,71%
1/31/2026,South Kentucky,Winchester - 232,AL/MC,MC-Studio,19.2,21,92%
1/31/2026,Southeast Indiana,Batesville - 120,AL,Companion,4,4,100%
1/31/2026,Southeast Indiana,Batesville - 120,AL,Studio - Double,10,10,100%
1/31/2026,Southeast Indiana,Batesville - 120,AL,Studio - Private,7.8,8,98%
1/31/2026,Southeast Indiana,Batesville - 120,AL/MC,Legacy Lane - Companion,2,2,100%
1/31/2026,Southeast Indiana,Batesville - 120,AL/MC,Legacy Lane - Private,9,9,100%
1/31/2026,Southeast Indiana,Batesville - 120,HC,Companion,48.2,50,96%
1/31/2026,Southeast Indiana,Batesville - 120,HC,Private,10.4,11,94%
1/31/2026,Southeast Indiana,Bedford - 115,AL,Companion,3.7,4,94%
1/31/2026,Southeast Indiana,Bedford - 115,AL,Studio - Companion,9.6,10,96%
1/31/2026,Southeast Indiana,Bedford - 115,AL,Studio - Private,7,8,88%
1/31/2026,Southeast Indiana,Bedford - 115,AL/MC,Legacy Lane - Companion,3,3,100%
1/31/2026,Southeast Indiana,Bedford - 115,AL/MC,Legacy Lane - Private,6.9,8,86%
1/31/2026,Southeast Indiana,Bedford - 115,HC,Companion,40.1,42,96%
1/31/2026,Southeast Indiana,Bedford - 115,HC,HC Private Deluxe New,3.7,4,92%
1/31/2026,Southeast Indiana,Bedford - 115,HC,HC Private New,6.2,7,88%
1/31/2026,Southeast Indiana,Bedford - 115,HC,Private,13.1,15,87%
1/31/2026,Southeast Indiana,Bloomington HS - 5149,AL,Companion,7,7,100%
1/31/2026,Southeast Indiana,Bloomington HS - 5149,AL,Studio - Private,21,22,96%
1/31/2026,Southeast Indiana,Bloomington HS - 5149,AL,Studio - Private A Loc,3,3,100%
1/31/2026,Southeast Indiana,Bloomington HS - 5149,AL,Studio - Private Deluxe,1.5,2,77%
1/31/2026,Southeast Indiana,Bloomington HS - 5149,AL/MC,Legacy Bldng - Companion,5,5,100%
1/31/2026,Southeast Indiana,Bloomington HS - 5149,AL/MC,Legacy Bldng - Private,19.1,20,95%
1/31/2026,Southeast Indiana,Bloomington HS - 5149,AL/MC,Legacy Bldng - Private Deluxe,3.7,4,94%
1/31/2026,Southeast Indiana,Bloomington HS - 5149,HC,Companion,25.8,30,86%
1/31/2026,Southeast Indiana,Bloomington HS - 5149,HC,Companion Deluxe,3.6,4,90%
1/31/2026,Southeast Indiana,Bloomington HS - 5149,HC,Private,27.9,30,93%
1/31/2026,Southeast Indiana,Bloomington HS - 5149,HC,TCU - Companion,0,0,0%
1/31/2026,Southeast Indiana,Bloomington HS - 5149,HC,TCU - Private,0,0,0%
1/31/2026,Southeast Indiana,Bloomington SC - 5164,AL,One BR Apt Deluxe-Double,3,3,100%
1/31/2026,Southeast Indiana,Bloomington SC - 5164,AL,One BR Apt Deluxe-Single,4,4,100%
1/31/2026,Southeast Indiana,Bloomington SC - 5164,AL,One BR Apt-Double,7,7,100%
1/31/2026,Southeast Indiana,Bloomington SC - 5164,AL,One BR Apt-Single,1,1,100%
1/31/2026,Southeast Indiana,Bloomington SC - 5164,AL,Studio - Private,4,4,100%
1/31/2026,Southeast Indiana,Bloomington SC - 5164,AL,Studio - Private Deluxe-Double,4,4,100%
1/31/2026,Southeast Indiana,Bloomington SC - 5164,AL/MC,LL - Compan;A Vw;A Loc;B Sz,1,1,100%
1/31/2026,Southeast Indiana,Bloomington SC - 5164,AL/MC,LL - Studio;A Vw;A Loc;A Sz,4,4,100%
1/31/2026,Southeast Indiana,Bloomington SC - 5164,AL/MC,LL - Studio;A Vw;A Loc;B Sz,2,2,100%
1/31/2026,Southeast Indiana,Bloomington SC - 5164,AL/MC,LL - Studio;A Vw;B Loc;B Sz,2,2,100%
1/31/2026,Southeast Indiana,Bloomington SC - 5164,AL/MC,LL - Studio;B Vw;A Loc;B Sz,2,2,100%
1/31/2026,Southeast Indiana,Bloomington SC - 5164,AL/MC,LL - Studio;B Vw;B Loc;B Sz,1,1,100%
1/31/2026,Southeast Indiana,Bloomington SC - 5164,AL/MC,LL - Studio;C Vw;A Loc;B Sz,1,1,100%
1/31/2026,Southeast Indiana,Bloomington SC - 5164,HC,Companion,4.7,5,94%
1/31/2026,Southeast Indiana,Bloomington SC - 5164,HC,Private,45.5,46,99%
1/31/2026,Southeast Indiana,Bloomington SC - 5164,HC,TCU - Companion,2,2,100%
1/31/2026,Southeast Indiana,Bloomington SC - 5164,HC,TCU - Private,1,1,100%
1/31/2026,Southeast Indiana,Columbus - 107,AL,Companion,4,4,100%
1/31/2026,Southeast Indiana,Columbus - 107,AL,Studio - Companion,8.9,10,89%
1/31/2026,Southeast Indiana,Columbus - 107,AL,Studio - Private,4.9,8,61%
1/31/2026,Southeast Indiana,Columbus - 107,AL/MC,Legacy Lane - Companion,1,1,100%
1/31/2026,Southeast Indiana,Columbus - 107,AL/MC,Legacy Lane - Private,9,10,90%
1/31/2026,Southeast Indiana,Columbus - 107,HC,Companion,32.5,36,90%
1/31/2026,Southeast Indiana,Columbus - 107,HC,Private,26.7,32,83%
1/31/2026,Southeast Indiana,Greensburg - 150,AL,Companion,4,4,100%
1/31/2026,Southeast Indiana,Greensburg - 150,AL,Studio - Private,15.6,18,87%
1/31/2026,Southeast Indiana,Greensburg - 150,AL/MC,Legacy Lane - Companion,2,2,100%
1/31/2026,Southeast Indiana,Greensburg - 150,AL/MC,Legacy Lane - Private,7.6,9,85%
1/31/2026,Southeast Indiana,Greensburg - 150,HC,Companion,30.2,34,89%
1/31/2026,Southeast Indiana,Greensburg - 150,HC,Private,13.3,30,44%
1/31/2026,Southeast Indiana,Hanover - 116,AL,Companion,0,0,0%
1/31/2026,Southeast Indiana,Hanover - 116,AL,One BR Apt-Double,4,4,100%
1/31/2026,Southeast Indiana,Hanover - 116,AL,Studio - Private,0,0,0%
1/31/2026,Southeast Indiana,Hanover - 116,AL,Studio;B Vw;B Loc;A Sz,6,6,100%
1/31/2026,Southeast Indiana,Hanover - 116,AL,Studio;B Vw;B Loc;B Sz,2.9,3,98%
1/31/2026,Southeast Indiana,Hanover - 116,AL,Studio;B Vw;B Loc;C Sz,8,8,100%
1/31/2026,Southeast Indiana,Hanover - 116,AL,Studio;End of Hall,3,3,100%
1/31/2026,Southeast Indiana,Hanover - 116,HC,Companion,28.2,32,88%
1/31/2026,Southeast Indiana,Hanover - 116,HC,Private,3.2,4,81%
1/31/2026,Southeast Indiana,Hanover - 116,HC/MC,Legacy Lane - Companion,17.6,18,98%
1/31/2026,Southeast Indiana,Hanover - 116,HC/MC,Legacy Lane - Private,1,1,100%
1/31/2026,Southeast Indiana,Lawrenceburg - 143,AL,Companion,4,4,100%
1/31/2026,Southeast Indiana,Lawrenceburg - 143,AL,Companion - Single,0.5,1,52%
1/31/2026,Southeast Indiana,Lawrenceburg - 143,AL,Studio - Double,1,1,100%
1/31/2026,Southeast Indiana,Lawrenceburg - 143,AL,Studio - Private,27.4,28,98%
1/31/2026,Southeast Indiana,Lawrenceburg - 143,AL/MC,Legacy Bldng - Companion,1,1,100%
1/31/2026,Southeast Indiana,Lawrenceburg - 143,AL/MC,Legacy Bldng - Private,17.4,20,87%
1/31/2026,Southeast Indiana,Lawrenceburg - 143,HC,Companion,22.7,24,94%
1/31/2026,Southeast Indiana,Lawrenceburg - 143,HC,Private,34,37,92%
1/31/2026,Southeast Indiana,Lawrenceburg - 143,HC/MC,Legacy Lane - Companion,3.8,4,95%
1/31/2026,Southeast Indiana,Lawrenceburg - 143,HC/MC,Legacy Lane - Private,6,6,100%
1/31/2026,Southeast Indiana,Madison - 2157,AL,Companion,4,4,100%
1/31/2026,Southeast Indiana,Madison - 2157,AL,Studio - Private,23.2,24,97%
1/31/2026,Southeast Indiana,Madison - 2157,HC,Companion,16.9,18,94%
1/31/2026,Southeast Indiana,Madison - 2157,HC,Private,16.4,21,78%
1/31/2026,Southeast Indiana,Madison - 2157,HC,TCU - Private,10.2,11,93%
1/31/2026,Southeast Indiana,Madison - 2157,SL,1BR; 1st Fl; A Vw; 626 SqFt,1,1,100%
1/31/2026,Southeast Indiana,Madison - 2157,SL,1BR; 1st Fl; B Vw; 764 SqFt,1,1,100%
1/31/2026,Southeast Indiana,Madison - 2157,SL,1BR; 1st Fl; B Vw; 837 SqFt,1,1,100%
1/31/2026,Southeast Indiana,Madison - 2157,SL,1BR; 1st Fl; C Vw; 738 SqFt,0.5,1,52%
1/31/2026,Southeast Indiana,Madison - 2157,SL,1BR; 1st Fl; C Vw; 778 SqFt,1,1,100%
1/31/2026,Southeast Indiana,Madison - 2157,SL,1BR; 4th Fl; A Vw; 467 SqFt,1,1,100%
1/31/2026,Southeast Indiana,Madison - 2157,SL,1BR; 4th Fl; B Vw; 486 SqFt,1,1,100%
1/31/2026,Southeast Indiana,Madison - 2157,SL,1BR; 4th Fl; B Vw; 494 SqFt,1,1,100%
1/31/2026,Southeast Indiana,Madison - 2157,SL,1BR; 4th Fl; B Vw; 497 SqFt,1,1,100%
1/31/2026,Southeast Indiana,Madison - 2157,SL,1BR; 4th Fl; C Vw; 512 SqFt,1,1,100%
1/31/2026,Southeast Indiana,Madison - 2157,SL,1BR; 4th Fl; C Vw; 513 SqFt,0.3,1,26%
1/31/2026,Southeast Indiana,Madison - 2157,SL,1BR; 4th Fl; C Vw; 523 SqFt,1,1,100%
1/31/2026,Southeast Indiana,Madison - 2157,SL,1BR; 4th Fl; C Vw; 532 SqFt,1,1,100%
1/31/2026,Southeast Indiana,Madison - 2157,SL,1BR; 4th Fl; C Vw; 567 SqFt,1,1,100%
1/31/2026,Southeast Indiana,Madison - 2157,SL,2BR; 1st Fl; A Vw; 980 SqFt,1,1,100%
1/31/2026,Southeast Indiana,Madison - 2157,SL,2BR; 4th Fl; A Vw; 729 SqFt,0,1,0%
1/31/2026,Southeast Indiana,Madison - 2157,SL,2BR; 4th Fl; A Vw; 734 SqFt,1,1,100%
1/31/2026,Southeast Indiana,Madison - 2157,SL,2BR; 4th Fl; A Vw; 756 SqFt,1,1,100%
1/31/2026,Southeast Indiana,Madison - 2157,SL,2BR; 4th Fl; A Vw; 924 SqFt,1,1,100%
1/31/2026,Southeast Indiana,Madison - 2157,SL,2BR; 4th Fl; B Vw; 929 SqFt,1,1,100%
1/31/2026,Southeast Indiana,Madison - 2157,SL,2BR; 4th Fl; C Vw; 737 SqFt,1,1,100%
1/31/2026,Southeast Indiana,Madison - 2157,SL,2BR; 4th Fl; C Vw; 791 SqFt,1,1,100%
1/31/2026,Southeast Indiana,Madison - 2157,SL,Studio; 1st Fl; B Vw; 403 SqFt,0.5,1,45%
1/31/2026,Southeast Indiana,Madison - 2157,SL,Studio; 1st Fl; C Vw; 454 SqFt,0.6,1,58%
1/31/2026,Southeast Indiana,Scottsburg - 121,AL,Companion,0,0,0%
1/31/2026,Southeast Indiana,Scottsburg - 121,AL,Studio - Private,16.2,18,90%
1/31/2026,Southeast Indiana,Scottsburg - 121,AL,Studio - Private Deluxe,4,4,100%
1/31/2026,Southeast Indiana,Scottsburg - 121,HC,Companion,43.5,44,99%
1/31/2026,Southeast Indiana,Scottsburg - 121,HC,Private,19.8,27,73%
1/31/2026,Southeast Indiana,Seymour - 109,AL,Companion,4,4,100%
1/31/2026,Southeast Indiana,Seymour - 109,AL,Studio - Private,17.1,18,95%
1/31/2026,Southeast Indiana,Seymour - 109,AL/MC,Legacy Lane - Private,3,3,100%
1/31/2026,Southeast Indiana,Seymour - 109,HC,Companion,32.2,44,73%
1/31/2026,Southeast Indiana,Seymour - 109,HC,Private,1.7,2,85%
1/31/2026,Southeast Indiana,Seymour - 109,HC,TCU - Private,7.9,12,66%
1/31/2026,Southeast Indiana,Seymour - 109,HC/MC,Legacy Lane - Companion,4,4,100%
1/31/2026,Southeast Indiana,Seymour - 109,HC/MC,Legacy Lane - Private,6,6,100%
1/31/2026,Southeast Indiana,Shelbyville - 118,AL,Companion,5,5,100%
1/31/2026,Southeast Indiana,Shelbyville - 118,AL,Studio - Private,17,17,100%
1/31/2026,Southeast Indiana,Shelbyville - 118,AL/MC,Legacy Lane - Companion,3,3,100%
1/31/2026,Southeast Indiana,Shelbyville - 118,AL/MC,Legacy Lane - Private,8,8,100%
1/31/2026,Southeast Indiana,Shelbyville - 118,HC,Companion,49.6,54,92%
1/31/2026,Southeast Indiana,Shelbyville - 118,HC,Private,4.7,5,94%
1/31/2026,Southeast Indiana,Shelbyville - 118,VIL,Independent Living - Villa,16.5,19,87%
1/31/2026,Southeast Ohio,Delphos - 407,AL,Compan;A Vw;A Loc;B Sz,1,2,50%
1/31/2026,Southeast Ohio,Delphos - 407,AL,Compan;A Vw;C Loc;B Sz,2,2,100%
1/31/2026,Southeast Ohio,Delphos - 407,AL,Compan;B Vw;C Loc;B Sz,1,2,50%
1/31/2026,Southeast Ohio,Delphos - 407,AL,Compan;C Vw;A Loc;B Sz,0,1,0%
1/31/2026,Southeast Ohio,Delphos - 407,AL,Studio;A Vw;A Loc;B Sz,2.8,3,92%
1/31/2026,Southeast Ohio,Delphos - 407,AL,Studio;A Vw;C Loc;B Sz,6,9,67%
1/31/2026,Southeast Ohio,Delphos - 407,AL,Studio;A Vw;C Loc;C Sz,1,1,100%
1/31/2026,Southeast Ohio,Delphos - 407,AL,Studio;B Vw;A Loc;B Sz,3,4,75%
1/31/2026,Southeast Ohio,Delphos - 407,AL,Studio;B Vw;C Loc;B Sz,3,5,60%
1/31/2026,Southeast Ohio,Delphos - 407,AL,Studio;B Vw;C Loc;C Sz,1,1,100%
1/31/2026,Southeast Ohio,Delphos - 407,AL,Studio;C Vw;C Loc;B Sz,3.8,4,94%
1/31/2026,Southeast Ohio,Delphos - 407,HC,Compan;A Vw;C Loc;B Sz,3.3,4,82%
1/31/2026,Southeast Ohio,Delphos - 407,HC,Compan;C Vw;A Loc;B Sz,2.3,4,57%
1/31/2026,Southeast Ohio,Delphos - 407,HC,Compan;C Vw;C Loc;B Sz,8,8,100%
1/31/2026,Southeast Ohio,Delphos - 407,HC,Companion,0,0,0%
1/31/2026,Southeast Ohio,Delphos - 407,HC,Private,0,0,0%
1/31/2026,Southeast Ohio,Delphos - 407,HC,Stu Dlx;A Vw;A Loc;B Sz,1,1,100%
1/31/2026,Southeast Ohio,Delphos - 407,HC,Stu Dlx;A Vw;C Loc;B Sz,1,1,100%
1/31/2026,Southeast Ohio,Delphos - 407,HC,Stu Dlx;C Vw;A Loc;B Sz,0.5,1,52%
1/31/2026,Southeast Ohio,Delphos - 407,HC,Stu Dlx;C Vw;C Loc;B Sz,1,1,100%
1/31/2026,Southeast Ohio,Delphos - 407,HC,Studio;A Vw;A Loc;B Sz,2.8,3,95%
1/31/2026,Southeast Ohio,Delphos - 407,HC,Studio;A Vw;C Loc;B Sz,5.7,6,95%
1/31/2026,Southeast Ohio,Delphos - 407,HC,Studio;C Vw;A Loc;B Sz,2.6,3,87%
1/31/2026,Southeast Ohio,Delphos - 407,HC,Studio;C Vw;C Loc;B Sz,18.8,22,85%
1/31/2026,Southeast Ohio,Gahanna - 436,AL,Compan;A Vw;C Loc;A Sz,2,2,100%
1/31/2026,Southeast Ohio,Gahanna - 436,AL,Compan;B Vw;C Loc;B Sz,1.9,2,94%
1/31/2026,Southeast Ohio,Gahanna - 436,AL,Studio;A Vw;A Loc;B Sz,3,3,100%
1/31/2026,Southeast Ohio,Gahanna - 436,AL,Studio;A Vw;B Loc;B Sz,2,2,100%
1/31/2026,Southeast Ohio,Gahanna - 436,AL,Studio;A Vw;C Loc;B Sz,4,4,100%
1/31/2026,Southeast Ohio,Gahanna - 436,AL,Studio;B Vw;C Loc;B Sz,4,4,100%
1/31/2026,Southeast Ohio,Gahanna - 436,AL,Studio;C Vw;B Loc;B Sz,2,2,100%
1/31/2026,Southeast Ohio,Gahanna - 436,AL/MC,MC-Compan;A Vw;B Loc;B Sz,1,1,100%
1/31/2026,Southeast Ohio,Gahanna - 436,AL/MC,MC-Compan;A Vw;C Loc;B Sz,0,1,0%
1/31/2026,Southeast Ohio,Gahanna - 436,AL/MC,MC-Compan;C Vw;C Loc;B Sz,1,1,100%
1/31/2026,Southeast Ohio,Gahanna - 436,AL/MC,MC-Studio;A Vw;A Loc;B Sz,1,2,50%
1/31/2026,Southeast Ohio,Gahanna - 436,AL/MC,MC-Studio;A Vw;C Loc;B Sz,3.3,5,66%
1/31/2026,Southeast Ohio,Gahanna - 436,AL/MC,MC-Studio;B Vw;C Loc;B Sz,0,1,0%
1/31/2026,Southeast Ohio,Gahanna - 436,AL/MC,MC-Studio;C Vw;C Loc;B Sz,4,4,100%
1/31/2026,Southeast Ohio,Gahanna - 436,HC,Compan;A Vw;B Loc;B Sz,1.3,2,65%
1/31/2026,Southeast Ohio,Gahanna - 436,HC,Compan;A Vw;C Loc;B Sz,4.5,6,76%
1/31/2026,Southeast Ohio,Gahanna - 436,HC,Compan;C Vw;B Loc;B Sz,5.2,6,87%
1/31/2026,Southeast Ohio,Gahanna - 436,HC,Compan;C Vw;C Loc;B Sz,8.4,10,84%
1/31/2026,Southeast Ohio,Gahanna - 436,HC,Studio;A Vw;A Loc;B Sz,2.3,3,77%
1/31/2026,Southeast Ohio,Gahanna - 436,HC,Studio;A Vw;B Loc;B Sz,1,1,100%
1/31/2026,Southeast Ohio,Gahanna - 436,HC,Studio;A Vw;C Loc;B Sz,4.4,5,87%
1/31/2026,Southeast Ohio,Gahanna - 436,HC,Studio;C Vw;A Loc;B Sz,2.8,3,92%
1/31/2026,Southeast Ohio,Gahanna - 436,HC,Studio;C Vw;B Loc;B Sz,3,3,100%
1/31/2026,Southeast Ohio,Gahanna - 436,HC,Studio;C Vw;C Loc;B Sz,17.8,19,94%
1/31/2026,Southeast Ohio,Gahanna - 436,SL,1BR;A Vw;B Loc;A Sz,0,1,0%
1/31/2026,Southeast Ohio,Gahanna - 436,SL,1BR;A Vw;B Loc;B Sz,0.7,1,68%
1/31/2026,Southeast Ohio,Gahanna - 436,SL,1BR;A Vw;C Loc;B Sz,1,3,33%
1/31/2026,Southeast Ohio,Gahanna - 436,SL,1BR;B Vw;A Loc;A Sz,2,2,100%
1/31/2026,Southeast Ohio,Gahanna - 436,SL,1BR;B Vw;A Loc;B Sz,1,1,100%
1/31/2026,Southeast Ohio,Gahanna - 436,SL,1BR;B Vw;B Loc;A Sz,1,2,50%
1/31/2026,Southeast Ohio,Gahanna - 436,SL,1BR;B Vw;C Loc;B Sz,5,7,71%
1/31/2026,Southeast Ohio,Gahanna - 436,SL,1BR;C Vw;B Loc;C Sz,0.1,1,10%
1/31/2026,Southeast Ohio,Gahanna - 436,SL,Studio;A Vw;C Loc;A Sz,2,2,100%
1/31/2026,Southeast Ohio,Gahanna - 436,SL,Studio;B Vw;C Loc;B Sz,2,2,100%
1/31/2026,Southeast Ohio,Hilliard - 437,AL,Compan;A Vw;C Loc;A Sz,2,2,100%
1/31/2026,Southeast Ohio,Hilliard - 437,AL,Compan;B Vw;C Loc;B Sz,1,1,100%
1/31/2026,Southeast Ohio,Hilliard - 437,AL,Compan;C Vw;C Loc;B Sz,1,1,100%
1/31/2026,Southeast Ohio,Hilliard - 437,AL,Studio;A Vw;A Loc;B Sz,3,3,100%
1/31/2026,Southeast Ohio,Hilliard - 437,AL,Studio;A Vw;B Loc;B Sz,1,1,100%
1/31/2026,Southeast Ohio,Hilliard - 437,AL,Studio;A Vw;C Loc;B Sz,9,9,100%
1/31/2026,Southeast Ohio,Hilliard - 437,AL,Studio;C Vw;B Loc;B Sz,1,1,100%
1/31/2026,Southeast Ohio,Hilliard - 437,AL,Studio;C Vw;C Loc;B Sz,1,1,100%
1/31/2026,Southeast Ohio,Hilliard - 437,AL/MC,MC-Compan;A Vw;A Loc;B Sz,1,1,100%
1/31/2026,Southeast Ohio,Hilliard - 437,AL/MC,MC-Compan;A Vw;B Loc;B Sz,1,1,100%
1/31/2026,Southeast Ohio,Hilliard - 437,AL/MC,MC-Compan;C Vw;B Loc;A Sz,1,1,100%
1/31/2026,Southeast Ohio,Hilliard - 437,AL/MC,MC-Studio;A Vw;A Loc;B Sz,2,2,100%
1/31/2026,Southeast Ohio,Hilliard - 437,AL/MC,MC-Studio;A Vw;C Loc;B Sz,5,5,100%
1/31/2026,Southeast Ohio,Hilliard - 437,AL/MC,MC-Studio;B Vw;C Loc;B Sz,2,2,100%
1/31/2026,Southeast Ohio,Hilliard - 437,AL/MC,MC-Studio;C Vw;C Loc;B Sz,2.9,3,98%
1/31/2026,Southeast Ohio,Hilliard - 437,HC,Compan;C Vw;A Loc;B Sz,7.5,8,94%
1/31/2026,Southeast Ohio,Hilliard - 437,HC,Compan;C Vw;B Loc;B Sz,3.6,4,91%
1/31/2026,Southeast Ohio,Hilliard - 437,HC,Compan;C Vw;C Loc;B Sz,7.2,8,90%
1/31/2026,Southeast Ohio,Hilliard - 437,HC,Studio Dlx;A Vw;A Loc;C Sz,1,1,100%
1/31/2026,Southeast Ohio,Hilliard - 437,HC,Studio;A Vw;B Loc;B Sz,3,3,99%
1/31/2026,Southeast Ohio,Hilliard - 437,HC,Studio;A Vw;C Loc;B Sz,10,10,100%
1/31/2026,Southeast Ohio,Hilliard - 437,HC,Studio;B Vw;C Loc;B Sz,2,2,98%
1/31/2026,Southeast Ohio,Hilliard - 437,HC,Studio;C Vw;A Loc;B Sz,3,3,99%
1/31/2026,Southeast Ohio,Hilliard - 437,HC,Studio;C Vw;B Loc;B Sz,1,1,100%
1/31/2026,Southeast Ohio,Hilliard - 437,HC,Studio;C Vw;C Loc;B Sz,13.8,14,99%
1/31/2026,Southeast Ohio,Hilliard - 437,SL,1BR;A Vw;B Loc;A Sz,1,1,100%
1/31/2026,Southeast Ohio,Hilliard - 437,SL,1BR;A Vw;B Loc;B Sz,1,1,100%
1/31/2026,Southeast Ohio,Hilliard - 437,SL,1BR;A Vw;C Loc;A Sz,1,1,100%
1/31/2026,Southeast Ohio,Hilliard - 437,SL,1BR;A Vw;C Loc;B Sz,8,8,100%
1/31/2026,Southeast Ohio,Hilliard - 437,SL,1BR;B Vw;C Loc;B Sz,1,1,100%
1/31/2026,Southeast Ohio,Hilliard - 437,SL,1BR;C Vw;A Loc;B Sz,2,3,67%
1/31/2026,Southeast Ohio,Hilliard - 437,SL,1BR;C Vw;B Loc;A Sz,1,1,100%
1/31/2026,Southeast Ohio,Hilliard - 437,SL,1BR;C Vw;C Loc;A Sz,0,1,0%
1/31/2026,Southeast Ohio,Hilliard - 437,SL,1BR;C Vw;C Loc;B Sz,0,2,0%
1/31/2026,Southeast Ohio,Hilliard - 437,SL,1BR;C Vw;C Loc;C Sz,1,1,100%
1/31/2026,Southeast Ohio,Hilliard - 437,SL,Studio;A Vw;C Loc;A Sz,2,2,100%
1/31/2026,Southeast Ohio,Hilliard - 437,SL,Studio;B Vw;C Loc;B Sz,1,1,100%
1/31/2026,Southeast Ohio,Hilliard - 437,SL,Studio;C Vw;C Loc;B Sz,1,1,100%
1/31/2026,Southeast Ohio,Lancaster - 445,AL,2 FL 1BR;C Vw;B Loc;B Sz,1,1,100%
1/31/2026,Southeast Ohio,Lancaster - 445,AL,2 FL Studio;B Vw;B Loc;B Sz,1,1,100%
1/31/2026,Southeast Ohio,Lancaster - 445,AL,Compan;B Vw;B Loc;B Sz,2.7,4,67%
1/31/2026,Southeast Ohio,Lancaster - 445,AL,Studio Double;B Vw;A Loc;B Sz,6.2,7,88%
1/31/2026,Southeast Ohio,Lancaster - 445,AL,Studio Double;B Vw;B Loc;B Sz,5.6,8,70%
1/31/2026,Southeast Ohio,Lancaster - 445,AL/MC,MC-Compan;B Vw;B Loc;B Sz,1.4,3,47%
1/31/2026,Southeast Ohio,Lancaster - 445,AL/MC,MC-Studio Double;B Vw;B Loc;B Sz,10.7,12,89%
1/31/2026,Southeast Ohio,Lancaster - 445,HC,Compan;B Vw;B Loc;B Sz,14.5,20,72%
1/31/2026,Southeast Ohio,Lancaster - 445,HC,Studio Dlx;B Vw;A Loc;A Sz,0.9,1,87%
1/31/2026,Southeast Ohio,Lancaster - 445,HC,Studio;B Vw;A Loc;B Sz,5.8,7,83%
1/31/2026,Southeast Ohio,Lancaster - 445,HC,Studio;B Vw;B Loc;B Sz,19.3,24,80%
1/31/2026,Southeast Ohio,Lancaster - 445,SL,2 FL 1BR;B Vw;B Loc;A Sz,3,3,100%
1/31/2026,Southeast Ohio,Lancaster - 445,SL,2 FL 1BR;B Vw;B Loc;B Sz,12,13,92%
1/31/2026,Southeast Ohio,Lancaster - 445,SL,2 FL 1BR;C Vw;B Loc;B Sz,1,1,100%
1/31/2026,Southeast Ohio,Lancaster - 445,SL,2 FL 1BR;C Vw;B Loc;C Sz,1,1,97%
1/31/2026,Southeast Ohio,Lancaster - 445,SL,2 FL 2BR;B Vw;B Loc;B Sz,1,1,100%
1/31/2026,Southeast Ohio,Lancaster - 445,SL,2 FL Studio;B Vw;B Loc;B Sz,4,4,100%
1/31/2026,Southeast Ohio,Lima - 410,HC,Companion,27.4,28,98%
1/31/2026,Southeast Ohio,Lima - 410,HC,Private,9.3,10,93%
1/31/2026,Southeast Ohio,Lima - 410,HC,TCU - Companion,0,0,0%
1/31/2026,Southeast Ohio,Lima - 410,HC,TCU - Private,8.1,10,81%
1/31/2026,Southeast Ohio,Lima - 410,HC/MC,MC - Companion,13.9,14,99%
1/31/2026,Southeast Ohio,Lima SL - 433,AL,Compan;A Vw;C Loc;B Sz,2,2,100%
1/31/2026,Southeast Ohio,Lima SL - 433,AL,Compan;B Vw;C Loc;B Sz,2,2,100%
1/31/2026,Southeast Ohio,Lima SL - 433,AL,Studio;A Vw;A Loc;B Sz,3,3,100%
1/31/2026,Southeast Ohio,Lima SL - 433,AL,Studio;A Vw;B Loc;B Sz,1,1,100%
1/31/2026,Southeast Ohio,Lima SL - 433,AL,Studio;A Vw;C Loc;B Sz,5,5,100%
1/31/2026,Southeast Ohio,Lima SL - 433,AL,Studio;B Vw;B Loc;B Sz,1,1,100%
1/31/2026,Southeast Ohio,Lima SL - 433,AL,Studio;B Vw;C Loc;B Sz,5,5,100%
1/31/2026,Southeast Ohio,Lima SL - 433,AL/MC,Legacy-Compan;B Vw;B Loc;B Sz,2,2,100%
1/31/2026,Southeast Ohio,Lima SL - 433,AL/MC,Legacy-Compan;C Vw;B Loc;B Sz,1,1,100%
1/31/2026,Southeast Ohio,Lima SL - 433,AL/MC,Legacy-Studio;B Vw;A Loc;B Sz,2,2,100%
1/31/2026,Southeast Ohio,Lima SL - 433,AL/MC,Legacy-Studio;B Vw;C Loc;B Sz,9.9,10,99%
1/31/2026,Southeast Ohio,Lima SL - 433,HC,Compan;A Vw;C Loc;B Sz,4,4,99%
1/31/2026,Southeast Ohio,Lima SL - 433,HC,Compan;C Vw;B Loc;B Sz,5.8,6,97%
1/31/2026,Southeast Ohio,Lima SL - 433,HC,Compan;C Vw;C Loc;B Sz,9.7,10,97%
1/31/2026,Southeast Ohio,Lima SL - 433,HC,Studio Dlx;A Vw;B Loc;B Sz,0.9,1,87%
1/31/2026,Southeast Ohio,Lima SL - 433,HC,Studio Dlx;A Vw;C Loc;B Sz,0.8,1,84%
1/31/2026,Southeast Ohio,Lima SL - 433,HC,Studio;A Vw;A Loc;B Sz,2.8,3,94%
1/31/2026,Southeast Ohio,Lima SL - 433,HC,Studio;A Vw;B Loc;B Sz,1,1,100%
1/31/2026,Southeast Ohio,Lima SL - 433,HC,Studio;A Vw;C Loc;B Sz,4.9,5,97%
1/31/2026,Southeast Ohio,Lima SL - 433,HC,Studio;B Vw;C Loc;B Sz,3,3,99%
1/31/2026,Southeast Ohio,Lima SL - 433,HC,Studio;C Vw;A Loc;B Sz,3,3,100%
1/31/2026,Southeast Ohio,Lima SL - 433,HC,Studio;C Vw;B Loc;B Sz,2.9,3,97%
1/31/2026,Southeast Ohio,Lima SL - 433,HC,Studio;C Vw;C Loc;B Sz,15.1,16,94%
1/31/2026,Southeast Ohio,New Albany SM - 438,AL,2 FL 1BR;B Vw;A Loc;A Sz,2,2,100%
1/31/2026,Southeast Ohio,New Albany SM - 438,AL,2 FL 1BR;B Vw;B Loc;A Sz,1,1,100%
1/31/2026,Southeast Ohio,New Albany SM - 438,AL,2 FL 1BR;B Vw;B Loc;B Sz,2.2,2,100%
1/31/2026,Southeast Ohio,New Albany SM - 438,AL,Compan;A Vw;C Loc;A Sz,2,2,100%
1/31/2026,Southeast Ohio,New Albany SM - 438,AL,Compan;B Vw;C Loc;B Sz,2,2,100%
1/31/2026,Southeast Ohio,New Albany SM - 438,AL,Studio;A Vw;A Loc;B Sz,2.9,3,98%
1/31/2026,Southeast Ohio,New Albany SM - 438,AL,Studio;A Vw;B Loc;B Sz,1.3,2,63%
1/31/2026,Southeast Ohio,New Albany SM - 438,AL,Studio;A Vw;C Loc;B Sz,4,4,100%
1/31/2026,Southeast Ohio,New Albany SM - 438,AL,Studio;B Vw;C Loc;B Sz,3.6,4,90%
1/31/2026,Southeast Ohio,New Albany SM - 438,AL,Studio;C Vw;B Loc;B Sz,1.9,2,94%
1/31/2026,Southeast Ohio,New Albany SM - 438,AL/MC,Legacy-Compan;A Vw;B Loc;B Sz,0.2,1,16%
1/31/2026,Southeast Ohio,New Albany SM - 438,AL/MC,Legacy-Compan;A Vw;C Loc;B Sz,0,1,0%
1/31/2026,Southeast Ohio,New Albany SM - 438,AL/MC,Legacy-Compan;C Vw;C Loc;B Sz,1,1,100%
1/31/2026,Southeast Ohio,New Albany SM - 438,AL/MC,Legacy-Studio;A Vw;A Loc;B Sz,1,2,50%
1/31/2026,Southeast Ohio,New Albany SM - 438,AL/MC,Legacy-Studio;A Vw;C Loc;B Sz,3.9,5,77%
1/31/2026,Southeast Ohio,New Albany SM - 438,AL/MC,Legacy-Studio;B Vw;C Loc;B Sz,1,1,100%
1/31/2026,Southeast Ohio,New Albany SM - 438,AL/MC,Legacy-Studio;C Vw;C Loc;B Sz,4,4,100%
1/31/2026,Southeast Ohio,New Albany SM - 438,HC,Compan;C Vw;B Loc;B Sz,3,4,76%
1/31/2026,Southeast Ohio,New Albany SM - 438,HC,Compan;C Vw;C Loc;B Sz,14.5,20,72%
1/31/2026,Southeast Ohio,New Albany SM - 438,HC,Studio Dlx;C Vw;C Loc;B Sz,2.6,4,65%
1/31/2026,Southeast Ohio,New Albany SM - 438,HC,Studio;A Vw;A Loc;B Sz,2.7,3,90%
1/31/2026,Southeast Ohio,New Albany SM - 438,HC,Studio;A Vw;B Loc;B Sz,0.9,1,90%
1/31/2026,Southeast Ohio,New Albany SM - 438,HC,Studio;A Vw;C Loc;B Sz,3.6,5,72%
1/31/2026,Southeast Ohio,New Albany SM - 438,HC,Studio;C Vw;A Loc;B Sz,2.8,3,94%
1/31/2026,Southeast Ohio,New Albany SM - 438,HC,Studio;C Vw;B Loc;B Sz,2.4,3,81%
1/31/2026,Southeast Ohio,New Albany SM - 438,HC,Studio;C Vw;C Loc;B Sz,14,15,93%
1/31/2026,Southeast Ohio,New Albany SM - 438,SL,1BR;A Vw;B Loc;A Sz,1,1,100%
1/31/2026,Southeast Ohio,New Albany SM - 438,SL,1BR;A Vw;B Loc;B Sz,1,1,100%
1/31/2026,Southeast Ohio,New Albany SM - 438,SL,1BR;A Vw;C Loc;B Sz,3,3,100%
1/31/2026,Southeast Ohio,New Albany SM - 438,SL,1BR;B Vw;A Loc;A Sz,0,0,0%
1/31/2026,Southeast Ohio,New Albany SM - 438,SL,1BR;B Vw;A Loc;B Sz,1,1,100%
1/31/2026,Southeast Ohio,New Albany SM - 438,SL,1BR;B Vw;B Loc;A Sz,0,0,0%
1/31/2026,Southeast Ohio,New Albany SM - 438,SL,1BR;B Vw;C Loc;B Sz,3,3,100%
1/31/2026,Southeast Ohio,New Albany SM - 438,SL,1BR;C Vw;B Loc;C Sz,1,1,100%
1/31/2026,Southeast Ohio,New Albany SM - 438,SL,2 FL 1BR;B Vw;A Loc;A Sz,0,0,0%
1/31/2026,Southeast Ohio,New Albany SM - 438,SL,2 FL 1BR;B Vw;B Loc;A Sz,1,1,100%
1/31/2026,Southeast Ohio,New Albany SM - 438,SL,2 FL 1BR;B Vw;B Loc;B Sz,1.2,2,63%
1/31/2026,Southeast Ohio,New Albany SM - 438,SL,Studio;A Vw;C Loc;A Sz,1.6,2,82%
1/31/2026,Southeast Ohio,New Albany SM - 438,SL,Studio;B Vw;C Loc;B Sz,1.8,2,92%
1/31/2026,Southeast Ohio,Pickerington - 421,AL,Compan;B Vw;C Loc;B Sz,3.5,4,88%
1/31/2026,Southeast Ohio,Pickerington - 421,AL,Studio;B Vw;A Loc;B Sz,3.3,4,81%
1/31/2026,Southeast Ohio,Pickerington - 421,AL,Studio;B Vw;B Loc;B Sz,1,1,100%
1/31/2026,Southeast Ohio,Pickerington - 421,AL,Studio;B Vw;C Loc;B Sz,7,8,88%
1/31/2026,Southeast Ohio,Pickerington - 421,AL,Studio;C Vw;A Loc;B Sz,1,1,100%
1/31/2026,Southeast Ohio,Pickerington - 421,AL,Studio;C Vw;B Loc;B Sz,1,1,100%
1/31/2026,Southeast Ohio,Pickerington - 421,AL/MC,Legacy-Compan;B Vw;B Loc;B Sz,0,0,0%
1/31/2026,Southeast Ohio,Pickerington - 421,AL/MC,Legacy-Compan;B Vw;C Loc;B Sz,2,2,100%
1/31/2026,Southeast Ohio,Pickerington - 421,AL/MC,Legacy-Compan;C Vw;C Loc;B Sz,0,1,0%
1/31/2026,Southeast Ohio,Pickerington - 421,AL/MC,Legacy-Studio;B Vw;A Loc;B Sz,1,2,50%
1/31/2026,Southeast Ohio,Pickerington - 421,AL/MC,Legacy-Studio;B Vw;C Loc;B Sz,4.8,7,69%
1/31/2026,Southeast Ohio,Pickerington - 421,AL/MC,Legacy-Studio;C Vw;C Loc;B Sz,3,3,100%
1/31/2026,Southeast Ohio,Pickerington - 421,HC,Compan;C Vw;A Loc;B Sz,4,4,100%
1/31/2026,Southeast Ohio,Pickerington - 421,HC,Compan;C Vw;B Loc;B Sz,4,4,100%
1/31/2026,Southeast Ohio,Pickerington - 421,HC,Companion,14.9,16,93%
1/31/2026,Southeast Ohio,Pickerington - 421,HC,Studio;A Vw;A Loc;B Sz,3,3,100%
1/31/2026,Southeast Ohio,Pickerington - 421,HC,Studio;A Vw;B Loc;B Sz,0.9,1,94%
1/31/2026,Southeast Ohio,Pickerington - 421,HC,Studio;A Vw;C Loc;B Sz,4.8,5,95%
1/31/2026,Southeast Ohio,Pickerington - 421,HC,Studio;B Vw;C Loc;B Sz,0.9,1,94%
1/31/2026,Southeast Ohio,Pickerington - 421,HC,Studio;C Vw;A Loc;B Sz,3,3,99%
1/31/2026,Southeast Ohio,Pickerington - 421,HC,Studio;C Vw;B Loc;B Sz,2.8,3,95%
1/31/2026,Southeast Ohio,Pickerington - 421,HC,Studio;C Vw;C Loc;B Sz,17.1,18,95%
1/31/2026,Southeast Ohio,Pickerington - 421,SL,1BR Dlx;A Vw;A Loc;B Sz,0,1,0%
1/31/2026,Southeast Ohio,Pickerington - 421,SL,1BR Dlx;A Vw;B Loc;B Sz,1,1,100%
1/31/2026,Southeast Ohio,Pickerington - 421,SL,1BR Dlx;B Vw;A Loc;A Sz,1,1,100%
1/31/2026,Southeast Ohio,Pickerington - 421,SL,1BR Dlx;B Vw;B Loc;A Sz,0,1,0%
1/31/2026,Southeast Ohio,Pickerington - 421,SL,1BR;A Vw;C Loc;B Sz,1,2,50%
1/31/2026,Southeast Ohio,Pickerington - 421,SL,1BR;B Vw;A Loc;A Sz,1,1,100%
1/31/2026,Southeast Ohio,Pickerington - 421,SL,1BR;B Vw;A Loc;B Sz,2,2,100%
1/31/2026,Southeast Ohio,Pickerington - 421,SL,1BR;B Vw;B Loc;B Sz,1.8,2,92%
1/31/2026,Southeast Ohio,Pickerington - 421,SL,1BR;B Vw;C Loc;B Sz,5,6,83%
1/31/2026,Southeast Ohio,Pickerington - 421,SL,1BR;C Vw;B Loc;C Sz,1,1,100%
1/31/2026,Southeast Ohio,Pickerington - 421,SL,Studio;B Vw;C Loc;A Sz,1,2,50%
1/31/2026,Southeast Ohio,Pickerington - 421,SL,Studio;B Vw;C Loc;B Sz,2,2,100%
1/31/2026,Southeast Ohio,Zanesville OB - 2425,AL,Companion,3,3,100%
1/31/2026,Southeast Ohio,Zanesville OB - 2425,AL,Studio - Private,13.6,14,97%
1/31/2026,Southeast Ohio,Zanesville OB - 2425,HC,Companion,19.5,20,97%
1/31/2026,Southeast Ohio,Zanesville OB - 2425,HC,Private,33,35,94%
1/31/2026,Southwest Indiana,Boonville - 110,AL,Companion,4,4,100%
1/31/2026,Southwest Indiana,Boonville - 110,AL,Studio - Double,9.6,10,96%
1/31/2026,Southwest Indiana,Boonville - 110,AL,Studio - Private,4.7,8,58%
1/31/2026,Southwest Indiana,Boonville - 110,AL/MC,Legacy Lane - Companion,1,2,50%
1/31/2026,Southwest Indiana,Boonville - 110,AL/MC,Legacy Lane - Private,4,9,44%
1/31/2026,Southwest Indiana,Boonville - 110,HC,Companion,46.8,56,84%
1/31/2026,Southwest Indiana,Boonville - 110,HC,Private,3.4,4,85%
1/31/2026,Southwest Indiana,Evansville NR - 2186,AL,Companion,4,4,100%
1/31/2026,Southwest Indiana,Evansville NR - 2186,AL,Studio - Private,15,15,100%
1/31/2026,Southwest Indiana,Evansville NR - 2186,AL/MC,Legacy Lane - Companion,2.8,3,95%
1/31/2026,Southwest Indiana,Evansville NR - 2186,AL/MC,Legacy Lane - Private,8,8,100%
1/31/2026,Southwest Indiana,Evansville NR - 2186,HC,Companion,22.9,24,95%
1/31/2026,Southwest Indiana,Evansville NR - 2186,HC,Private,33.4,34,98%
1/31/2026,Southwest Indiana,Evansville NR - 2186,VIL,Independent Living - Villa 1,20,20,100%
1/31/2026,Southwest Indiana,Evansville NR - 2186,VIL,Independent Living - Villa 2,10,10,100%
1/31/2026,Southwest Indiana,Evansville RP - 111,AL,1BR;A Vw;B Loc;B Sz,4,4,100%
1/31/2026,Southwest Indiana,Evansville RP - 111,AL,Studio - Double;A Vw;B Loc;B Sz,4,4,100%
1/31/2026,Southwest Indiana,Evansville RP - 111,AL,Studio - Double;B Vw;B Loc;B Sz,1,1,100%
1/31/2026,Southwest Indiana,Evansville RP - 111,AL,Studio - Double;C Vw;B Loc;B Sz,5,5,100%
1/31/2026,Southwest Indiana,Evansville RP - 111,AL,Studio;A Vw;B Loc;A Sz,2,2,100%
1/31/2026,Southwest Indiana,Evansville RP - 111,AL,Studio;A Vw;B Loc;B Sz,3.6,4,90%
1/31/2026,Southwest Indiana,Evansville RP - 111,AL,Studio;A Vw;B Loc;C Sz,7.7,9,86%
1/31/2026,Southwest Indiana,Evansville RP - 111,AL,Studio;B Vw;B Loc;B Sz,2,2,100%
1/31/2026,Southwest Indiana,Evansville RP - 111,AL,Studio;B Vw;B Loc;C Sz,2,2,100%
1/31/2026,Southwest Indiana,Evansville RP - 111,AL,Studio;C Vw;B Loc;A Sz,1.8,2,90%
1/31/2026,Southwest Indiana,Evansville RP - 111,AL,Studio;C Vw;B Loc;C Sz,7,7,100%
1/31/2026,Southwest Indiana,Evansville RP - 111,HC,Companion,24.5,26,94%
1/31/2026,Southwest Indiana,Evansville RP - 111,HC,Private,34.7,36,97%
1/31/2026,Southwest Indiana,Evansville RP - 111,HC,TCU - Private Deluxe 460 SQ FT,2.6,3,88%
1/31/2026,Southwest Indiana,Evansville WR - 142,AL,Companion,3.5,5,78%
1/31/2026,Southwest Indiana,Evansville WR - 142,AL,Studio - Double,1,1,100%
1/31/2026,Southwest Indiana,Evansville WR - 142,AL,Studio - Private,27.4,28,98%
1/31/2026,Southwest Indiana,Evansville WR - 142,AL,Studio - Private Deluxe,1,1,100%
1/31/2026,Southwest Indiana,Evansville WR - 142,AL/MC,Legacy Bldng - Companion,1,1,100%
1/31/2026,Southwest Indiana,Evansville WR - 142,AL/MC,Legacy Bldng - Private,23.8,28,85%
1/31/2026,Southwest Indiana,Evansville WR - 142,HC,Companion,14.3,17,84%
1/31/2026,Southwest Indiana,Evansville WR - 142,HC,Private,25.4,28,91%
1/31/2026,Southwest Indiana,Evansville WR - 142,HC/MC,MC - Companion,6.7,10,67%
1/31/2026,Southwest Indiana,Evansville WR - 142,HC/MC,MC - Studio,3,4,75%
1/31/2026,Southwest Indiana,Ferdinand - 303,AL,Compan;A Vw;B Loc;A Sz,1,1,100%
1/31/2026,Southwest Indiana,Ferdinand - 303,AL,Compan;A Vw;C Loc;A Sz,1,1,100%
1/31/2026,Southwest Indiana,Ferdinand - 303,AL,Compan;A Vw;C Loc;B Sz,1,1,100%
1/31/2026,Southwest Indiana,Ferdinand - 303,AL,Compan;B Vw;B Loc;B Sz,0.9,1,87%
1/31/2026,Southwest Indiana,Ferdinand - 303,AL,Studio;A Vw;A Loc;B Sz,1,1,100%
1/31/2026,Southwest Indiana,Ferdinand - 303,AL,Studio;A Vw;C Loc;B Sz,5.3,6,88%
1/31/2026,Southwest Indiana,Ferdinand - 303,AL,Studio;B Vw;A Loc;B Sz,4,4,100%
1/31/2026,Southwest Indiana,Ferdinand - 303,AL,Studio;C Vw;A Loc;B Sz,4,4,100%
1/31/2026,Southwest Indiana,Ferdinand - 303,AL/MC,Legacy Compan;A Vw;A Loc;B Sz,2,2,100%
1/31/2026,Southwest Indiana,Ferdinand - 303,AL/MC,Legacy Studio;A Vw;A Loc;B Sz,4,4,100%
1/31/2026,Southwest Indiana,Ferdinand - 303,AL/MC,Legacy Studio;A Vw;B Loc;B Sz,2,2,100%
1/31/2026,Southwest Indiana,Ferdinand - 303,AL/MC,Legacy Studio;B Vw;A Loc;B Sz,1,1,100%
1/31/2026,Southwest Indiana,Ferdinand - 303,AL/MC,Legacy Studio;B Vw;C Loc;B Sz,7,7,100%
1/31/2026,Southwest Indiana,Ferdinand - 303,HC,Compan;A Vw;C Loc;B Sz,4,4,100%
1/31/2026,Southwest Indiana,Ferdinand - 303,HC,Compan;C Vw;A Loc;B Sz,7.9,8,99%
1/31/2026,Southwest Indiana,Ferdinand - 303,HC,Compan;C Vw;C Loc;B Sz,11.7,12,98%
1/31/2026,Southwest Indiana,Ferdinand - 303,HC,Companion,0,0,0%
1/31/2026,Southwest Indiana,Ferdinand - 303,HC,Private,0,0,0%
1/31/2026,Southwest Indiana,Ferdinand - 303,HC,Studio;A Vw;A Loc;B Sz,3.7,4,94%
1/31/2026,Southwest Indiana,Ferdinand - 303,HC,Studio;A Vw;C Loc;B Sz,6,6,100%
1/31/2026,Southwest Indiana,Ferdinand - 303,HC,Studio;C Vw;A Loc;B Sz,9.9,10,99%
1/31/2026,Southwest Indiana,Ferdinand - 303,HC,Studio;C Vw;C Loc;B Sz,25.8,26,99%
1/31/2026,Southwest Indiana,Ferdinand - 303,HC/MC,Legacy Lane - Companion,0,0,0%
1/31/2026,Southwest Indiana,Ferdinand - 303,HC/MC,Legacy-Compan;A Vw;A Loc;B Sz,2,2,100%
1/31/2026,Southwest Indiana,Ferdinand - 303,HC/MC,Legacy-Compan;A Vw;C Loc;B Sz,5.9,6,98%
1/31/2026,Southwest Indiana,Ferdinand - 303,HC/MC,Legacy-Compan;C Vw;C Loc;B Sz,0,0,0%
1/31/2026,Southwest Indiana,Ferdinand - 303,HC/MC,Legacy-Studio;A Vw;A Loc;B Sz,2,2,100%
1/31/2026,Southwest Indiana,Ferdinand - 303,HC/MC,Legacy-Studio;A Vw;C Loc;B Sz,4.8,5,97%
1/31/2026,Southwest Indiana,Ferdinand - 303,HC/MC,Legacy-Studio;B Vw;C Loc;B Sz,3,3,100%
1/31/2026,Southwest Indiana,Greencastle - 119,AL,Companion,4,4,100%
1/31/2026,Southwest Indiana,Greencastle - 119,AL,Studio - Double,9.1,10,91%
1/31/2026,Southwest Indiana,Greencastle - 119,AL,Studio - Private,7.3,8,91%
1/31/2026,Southwest Indiana,Greencastle - 119,AL/MC,Legacy Lane - Companion,2,2,100%
1/31/2026,Southwest Indiana,Greencastle - 119,AL/MC,Legacy Lane - Private,8.7,9,96%
1/31/2026,Southwest Indiana,Greencastle - 119,HC,Companion,50.5,57,89%
1/31/2026,Southwest Indiana,Greencastle - 119,HC,Private,4,4,100%
1/31/2026,Southwest Indiana,Greencastle - 119,HC,Private Deluxe,1,1,100%
1/31/2026,Southwest Indiana,Jasper - 108,AL,Companion,5.9,6,98%
1/31/2026,Southwest Indiana,Jasper - 108,AL,One Bedroom,1,1,100%
1/31/2026,Southwest Indiana,Jasper - 108,AL,Studio - Private,26.4,27,98%
1/31/2026,Southwest Indiana,Jasper - 108,HC,Companion,49,54,91%
1/31/2026,Southwest Indiana,Jasper - 108,HC,Private,3.8,4,95%
1/31/2026,Southwest Indiana,Jasper - 108,VIL,Independent Living - Villa 1,23.9,24,100%
1/31/2026,Southwest Indiana,Petersburg - 304,AL,Companion,2,3,67%
1/31/2026,Southwest Indiana,Petersburg - 304,AL,Studio - Private,11.4,13,88%
1/31/2026,Southwest Indiana,Petersburg - 304,HC,Companion,43.5,46,95%
1/31/2026,Southwest Indiana,Petersburg - 304,HC,Private,8.1,9,90%
1/31/2026,Southwest Indiana,Petersburg - 304,HC,TCU - Private,7.5,9,83%
1/31/2026,Southwest Indiana,Princeton - 117,AL,1 Bedroom,1,1,100%
1/31/2026,Southwest Indiana,Princeton - 117,AL,Companion,5.2,6,86%
1/31/2026,Southwest Indiana,Princeton - 117,AL,Studio - Private,27.5,28,98%
1/31/2026,Southwest Indiana,Princeton - 117,HC,Companion,27.9,34,82%
1/31/2026,Southwest Indiana,Princeton - 117,HC,Private,3.9,4,98%
1/31/2026,Southwest Indiana,Princeton - 117,HC,Private Deluxe,12.4,15,83%
1/31/2026,Southwest Indiana,Princeton - 117,HC,TCU - Companion,1.5,8,19%
1/31/2026,Southwest Indiana,Princeton - 117,HC,TCU - Private,4.3,7,61%
1/31/2026,Southwest Indiana,Spencer - 101,HC,Companion,0,0,0%
1/31/2026,Southwest Indiana,Spencer - 101,HC,Private,0,0,0%
1/31/2026,Southwest Indiana,Spencer - 101,HC,TCU - Companion,0,0,0%
1/31/2026,Southwest Indiana,Spencer - 101,HC,TCU - Private,0,0,0%
1/31/2026,Southwest Indiana,Spencer - 101,HC/MC,Legacy Lane - Companion,0,0,0%
1/31/2026,Southwest Indiana,Spencer - 101,HC/MC,Legacy Lane - Private,0,0,0%
1/31/2026,Southwest Indiana,Tell City - 103,AL,Companion,4,4,99%
1/31/2026,Southwest Indiana,Tell City - 103,AL,Studio - Private,17.5,18,97%
1/31/2026,Southwest Indiana,Tell City - 103,HC,Companion,50.2,56,90%
1/31/2026,Southwest Indiana,Tell City - 103,HC,Private,4,4,100%
1/31/2026,Southwest Indiana,Tell City - 103,HC,TCU - Companion,2.7,4,68%
1/31/2026,Southwest Indiana,Tell City - 103,HC,TCU - Private,5,14,36%
1/31/2026,Southwest Indiana,Tell City - 103,HC/MC,Legacy Lane - Companion,4,4,100%
1/31/2026,Southwest Indiana,Tell City - 103,HC/MC,Legacy Lane - Private,8.7,9,96%
1/31/2026,Southwest Indiana,Tell City - 103,VIL,Independent Living - Villa 1,17,18,95%
1/31/2026,Southwest Indiana,Terre Haute CC - 129,AL,Companion,4,4,100%
1/31/2026,Southwest Indiana,Terre Haute CC - 129,AL,Studio - Private,17.4,18,96%
1/31/2026,Southwest Indiana,Terre Haute CC - 129,AL/MC,Legacy Lane - Companion,2,2,100%
1/31/2026,Southwest Indiana,Terre Haute CC - 129,AL/MC,Legacy Lane - Private,9,9,100%
1/31/2026,Southwest Indiana,Terre Haute CC - 129,HC,Companion,38.8,44,88%
1/31/2026,Southwest Indiana,Terre Haute CC - 129,HC,Private,15.2,16,95%
1/31/2026,Southwest Indiana,Terre Haute CC - 129,VIL,Patio Home 2BR,20.8,24,87%
1/31/2026,Southwest Indiana,Terre Haute HC - 5163,AL,One BR Apt-Double,3.1,4,78%
1/31/2026,Southwest Indiana,Terre Haute HC - 5163,AL,Studio - Double,3.6,4,91%
1/31/2026,Southwest Indiana,Terre Haute HC - 5163,AL,Studio - Private,18.2,20,91%
1/31/2026,Southwest Indiana,Terre Haute HC - 5163,AL,Studio Deluxe - Double,1,2,50%
1/31/2026,Southwest Indiana,Terre Haute HC - 5163,AL/MC,LL - Compan;A Vw;C Loc;B Sz,1,1,100%
1/31/2026,Southwest Indiana,Terre Haute HC - 5163,AL/MC,LL - Studio;A Vw;A Loc;B Sz,1,1,100%
1/31/2026,Southwest Indiana,Terre Haute HC - 5163,AL/MC,LL - Studio;A Vw;B Loc;B Sz,1,1,100%
1/31/2026,Southwest Indiana,Terre Haute HC - 5163,AL/MC,LL - Studio;A Vw;C Loc;B Sz,4,4,100%
1/31/2026,Southwest Indiana,Terre Haute HC - 5163,AL/MC,LL - Studio;B Vw;A Loc;B Sz,1,1,100%
1/31/2026,Southwest Indiana,Terre Haute HC - 5163,AL/MC,LL - Studio;B Vw;B Loc;B Sz,1,1,100%
1/31/2026,Southwest Indiana,Terre Haute HC - 5163,AL/MC,LL - Studio;B Vw;C Loc;B Sz,1,1,100%
1/31/2026,Southwest Indiana,Terre Haute HC - 5163,HC,Companion,13.8,14,99%
1/31/2026,Southwest Indiana,Terre Haute HC - 5163,HC,Private,41.2,46,90%
1/31/2026,Southwest Indiana,Vincennes - 131,AL,Companion,4,4,100%
1/31/2026,Southwest Indiana,Vincennes - 131,AL,Studio - Private,17.7,18,99%
1/31/2026,Southwest Indiana,Vincennes - 131,HC,Companion,32.4,38,85%
1/31/2026,Southwest Indiana,Vincennes - 131,HC,Private,2.9,4,73%
1/31/2026,Southwest Indiana,Vincennes - 131,HC,Private Deluxe,9,9,100%
1/31/2026,Southwest Indiana,Vincennes - 131,HC,TCU - Companion,10.2,13,79%
1/31/2026,Southwest Indiana,Vincennes - 131,HC,TCU - Private,14.3,16,90%
1/31/2026,Southwest Indiana,Washington - 305,AL,Companion,4,4,100%
1/31/2026,Southwest Indiana,Washington - 305,AL,Studio - Private,15.9,16,99%
1/31/2026,Southwest Indiana,Washington - 305,AL/MC,Legacy Lane - Companion,2.8,3,95%
1/31/2026,Southwest Indiana,Washington - 305,AL/MC,Legacy Lane - Private,6.9,8,87%
1/31/2026,Southwest Indiana,Washington - 305,HC,Companion,18.3,19,96%
1/31/2026,Southwest Indiana,Washington - 305,HC,Private,20.9,23,91%
1/31/2026,Southwest Indiana,Washington - 305,HC/MC,Legacy Lane - Companion,4.4,6,73%
1/31/2026,Southwest Indiana,Washington - 305,HC/MC,Legacy Lane - Private,5.6,7,80%
1/31/2026,Southwest Indiana,Washington - 305,VIL,Independent Living - Villa 1,18,18,100%
1/31/2026,Southwest Indiana,Washington - 305,VIL,Villa 1 BR,4,4,100%
1/31/2026,Southwest Indiana,Washington - 305,VIL,Villa 2 BR,6,6,100%
1/31/2026,Southwest Ohio,Colerain - 412,AL,Companion,2.6,3,86%
1/31/2026,Southwest Ohio,Colerain - 412,AL,Studio - Companion,6.7,7,96%
1/31/2026,Southwest Ohio,Colerain - 412,AL,Studio - Private,4.8,5,97%
1/31/2026,Southwest Ohio,Colerain - 412,AL/MC,Legacy-Compan;A Vw;C Loc;B Sz,3,3,100%
1/31/2026,Southwest Ohio,Colerain - 412,AL/MC,Legacy-Studio;A Vw;C Loc;B Sz,2,4,50%
1/31/2026,Southwest Ohio,Colerain - 412,AL/MC,Legacy-Studio;C Vw;A Loc;B Sz,4,4,100%
1/31/2026,Southwest Ohio,Colerain - 412,HC,Companion,23.9,30,80%
1/31/2026,Southwest Ohio,Colerain - 412,HC,Private,19.6,26,75%
1/31/2026,Southwest Ohio,Colerain - 412,VIL,Independent Living - Villa,0,0,0%
1/31/2026,Southwest Ohio,Colerain - 412,VIL,Patio Home 1BR,17,20,85%
1/31/2026,Southwest Ohio,Colerain - 412,VIL,Patio Home 2BR,7,8,88%
1/31/2026,Southwest Ohio,Englewood - 416,AL,Companion,3,3,100%
1/31/2026,Southwest Ohio,Englewood - 416,AL,Companion - 400 Hall,2,2,100%
1/31/2026,Southwest Ohio,Englewood - 416,AL,Studio - Private,17.6,18,98%
1/31/2026,Southwest Ohio,Englewood - 416,AL,Studio - Private - 400 Hall,9,10,90%
1/31/2026,Southwest Ohio,Englewood - 416,AL,Studio - Private A,1,1,100%
1/31/2026,Southwest Ohio,Englewood - 416,AL/MC,Legacy Bldng - Companion,1,1,100%
1/31/2026,Southwest Ohio,Englewood - 416,AL/MC,Legacy Bldng - Private,15.5,17,91%
1/31/2026,Southwest Ohio,Englewood - 416,AL/MC,Legacy Bldng - Private Deluxe,2,2,100%
1/31/2026,Southwest Ohio,Englewood - 416,HC,Companion,7.6,8,96%
1/31/2026,Southwest Ohio,Englewood - 416,HC,Private,49,51,96%
1/31/2026,Southwest Ohio,Englewood - 416,HC/MC,Legacy Lane - Companion,6,6,100%
1/31/2026,Southwest Ohio,Englewood - 416,HC/MC,Legacy Lane - Private,5,5,100%
1/31/2026,Southwest Ohio,Englewood - 416,VIL,1BR;A Location,6,6,100%
1/31/2026,Southwest Ohio,Englewood - 416,VIL,1BR;A Location;With Patio,2,2,100%
1/31/2026,Southwest Ohio,Englewood - 416,VIL,1BR;B Location,1,1,100%
1/31/2026,Southwest Ohio,Englewood - 416,VIL,1BR;B Location;With Patio,1,1,100%
1/31/2026,Southwest Ohio,Englewood - 416,VIL,2BR;A Location,11,11,100%
1/31/2026,Southwest Ohio,Englewood - 416,VIL,2BR;A Location;With Patio,3,3,100%
1/31/2026,Southwest Ohio,Englewood - 416,VIL,2BR;B Location,2,2,100%
1/31/2026,Southwest Ohio,Englewood - 416,VIL,2BR;C Location,3,3,100%
1/31/2026,Southwest Ohio,Englewood - 416,VIL,2BR;C Location;With Patio,1,1,100%
1/31/2026,Southwest Ohio,Hamilton - 439,AL,Compan;A Vw;C Loc;A Sz,2,2,100%
1/31/2026,Southwest Ohio,Hamilton - 439,AL,Compan;A Vw;C Loc;B Sz,2,2,100%
1/31/2026,Southwest Ohio,Hamilton - 439,AL,Studio;A Vw;A Loc;B Sz,2.9,3,97%
1/31/2026,Southwest Ohio,Hamilton - 439,AL,Studio;A Vw;B Loc;B Sz,1.4,2,68%
1/31/2026,Southwest Ohio,Hamilton - 439,AL,Studio;A Vw;C Loc;B Sz,8,8,100%
1/31/2026,Southwest Ohio,Hamilton - 439,AL,Studio;B Vw;B Loc;B Sz,1,1,100%
1/31/2026,Southwest Ohio,Hamilton - 439,AL,Studio;C Vw;B Loc;B Sz,1,1,100%
1/31/2026,Southwest Ohio,Hamilton - 439,AL/MC,MC-Compan;A Vw;B Loc;B Sz,2,2,100%
1/31/2026,Southwest Ohio,Hamilton - 439,AL/MC,MC-Compan;C Vw;B Loc;B Sz,1,1,100%
1/31/2026,Southwest Ohio,Hamilton - 439,AL/MC,MC-Studio;A Vw;A Loc;B Sz,2,2,100%
1/31/2026,Southwest Ohio,Hamilton - 439,AL/MC,MC-Studio;A Vw;C Loc;B Sz,5,5,100%
1/31/2026,Southwest Ohio,Hamilton - 439,AL/MC,MC-Studio;B Vw;C Loc;B Sz,1,1,100%
1/31/2026,Southwest Ohio,Hamilton - 439,AL/MC,MC-Studio;C Vw;C Loc;B Sz,4,4,100%
1/31/2026,Southwest Ohio,Hamilton - 439,HC,Compan;A Vw;A Loc;B Sz,1.9,2,94%
1/31/2026,Southwest Ohio,Hamilton - 439,HC,Compan;A Vw;B Loc;B Sz,2,2,100%
1/31/2026,Southwest Ohio,Hamilton - 439,HC,Compan;A Vw;C Loc;B Sz,1.9,2,97%
1/31/2026,Southwest Ohio,Hamilton - 439,HC,Compan;C Vw;A Loc;B Sz,5.7,6,95%
1/31/2026,Southwest Ohio,Hamilton - 439,HC,Compan;C Vw;B Loc;B Sz,4,4,100%
1/31/2026,Southwest Ohio,Hamilton - 439,HC,Compan;C Vw;C Loc;B Sz,1.9,2,94%
1/31/2026,Southwest Ohio,Hamilton - 439,HC,Studio Dlx;A Vw;B Loc;B Sz,1,1,100%
1/31/2026,Southwest Ohio,Hamilton - 439,HC,Studio Dlx;C Vw;A Loc;B Sz,1.9,2,95%
1/31/2026,Southwest Ohio,Hamilton - 439,HC,Studio;A Vw;A Loc;B Sz,1.9,2,95%
1/31/2026,Southwest Ohio,Hamilton - 439,HC,Studio;A Vw;B Loc;B Sz,0.9,1,94%
1/31/2026,Southwest Ohio,Hamilton - 439,HC,Studio;A Vw;C Loc;B Sz,9.9,10,99%
1/31/2026,Southwest Ohio,Hamilton - 439,HC,Studio;C Vw;A Loc;B Sz,2.9,3,96%
1/31/2026,Southwest Ohio,Hamilton - 439,HC,Studio;C Vw;B Loc;B Sz,1,1,100%
1/31/2026,Southwest Ohio,Hamilton - 439,HC,Studio;C Vw;C Loc;B Sz,14.7,15,98%
1/31/2026,Southwest Ohio,Harrison - 442,AL,Compan;A Vw;C Loc;A Sz,1.9,2,94%
1/31/2026,Southwest Ohio,Harrison - 442,AL,Compan;B Vw;C Loc;B Sz,1,1,100%
1/31/2026,Southwest Ohio,Harrison - 442,AL,Compan;C Vw;C Loc;B Sz,0.5,1,45%
1/31/2026,Southwest Ohio,Harrison - 442,AL,Studio - Double,0,0,0%
1/31/2026,Southwest Ohio,Harrison - 442,AL,Studio;A Vw;A Loc;B Sz,2.9,3,97%
1/31/2026,Southwest Ohio,Harrison - 442,AL,Studio;A Vw;B Loc;B Sz,1,1,100%
1/31/2026,Southwest Ohio,Harrison - 442,AL,Studio;A Vw;C Loc;B Sz,9,9,100%
1/31/2026,Southwest Ohio,Harrison - 442,AL,Studio;C Vw;B Loc;B Sz,1,1,100%
1/31/2026,Southwest Ohio,Harrison - 442,AL,Studio;C Vw;C Loc;B Sz,1,1,100%
1/31/2026,Southwest Ohio,Harrison - 442,AL/MC,MC-Compan;A Vw;A Loc;B Sz,1,1,100%
1/31/2026,Southwest Ohio,Harrison - 442,AL/MC,MC-Compan;A Vw;B Loc;B Sz,1,1,100%
1/31/2026,Southwest Ohio,Harrison - 442,AL/MC,MC-Compan;C Vw;B Loc;A Sz,1,1,100%
1/31/2026,Southwest Ohio,Harrison - 442,AL/MC,MC-Studio;A Vw;A Loc;B Sz,2,2,100%
1/31/2026,Southwest Ohio,Harrison - 442,AL/MC,MC-Studio;A Vw;C Loc;B Sz,4.4,5,88%
1/31/2026,Southwest Ohio,Harrison - 442,AL/MC,MC-Studio;B Vw;C Loc;B Sz,2,2,100%
1/31/2026,Southwest Ohio,Harrison - 442,AL/MC,MC-Studio;C Vw;C Loc;B Sz,3,3,100%
1/31/2026,Southwest Ohio,Harrison - 442,HC,Compan;A Vw;C Loc;B Sz,4,4,100%
1/31/2026,Southwest Ohio,Harrison - 442,HC,Compan;B Vw;C Loc;B Sz,2,2,100%
1/31/2026,Southwest Ohio,Harrison - 442,HC,Compan;C Vw;A Loc;B Sz,2,2,100%
1/31/2026,Southwest Ohio,Harrison - 442,HC,Compan;C Vw;B Loc;B Sz,2,2,100%
1/31/2026,Southwest Ohio,Harrison - 442,HC,Compan;C Vw;C Loc;B Sz,5.8,6,96%
1/31/2026,Southwest Ohio,Harrison - 442,HC,Studio Dlx;A Vw;A Loc;C Sz,0.9,1,90%
1/31/2026,Southwest Ohio,Harrison - 442,HC,Studio Dlx;C Vw;B Loc;B Sz,4,4,99%
1/31/2026,Southwest Ohio,Harrison - 442,HC,Studio;A Vw;B Loc;B Sz,3,3,99%
1/31/2026,Southwest Ohio,Harrison - 442,HC,Studio;A Vw;C Loc;B Sz,6.5,7,93%
1/31/2026,Southwest Ohio,Harrison - 442,HC,Studio;B Vw;C Loc;B Sz,6.4,7,91%
1/31/2026,Southwest Ohio,Harrison - 442,HC,Studio;C Vw;A Loc;B Sz,3.7,4,92%
1/31/2026,Southwest Ohio,Harrison - 442,HC,Studio;C Vw;C Loc;B Sz,11.4,12,95%
1/31/2026,Southwest Ohio,Harrison - 442,SL,1BR;A Vw;B Loc;A Sz,1,1,100%
1/31/2026,Southwest Ohio,Harrison - 442,SL,1BR;A Vw;B Loc;B Sz,1,1,100%
1/31/2026,Southwest Ohio,Harrison - 442,SL,1BR;A Vw;C Loc;A Sz,1,1,100%
1/31/2026,Southwest Ohio,Harrison - 442,SL,1BR;A Vw;C Loc;B Sz,9,9,100%
1/31/2026,Southwest Ohio,Harrison - 442,SL,1BR;C Vw;A Loc;B Sz,2.8,3,95%
1/31/2026,Southwest Ohio,Harrison - 442,SL,1BR;C Vw;B Loc;A Sz,1,1,100%
1/31/2026,Southwest Ohio,Harrison - 442,SL,1BR;C Vw;C Loc;A Sz,1,1,100%
1/31/2026,Southwest Ohio,Harrison - 442,SL,1BR;C Vw;C Loc;B Sz,1.8,2,92%
1/31/2026,Southwest Ohio,Harrison - 442,SL,1BR;C Vw;C Loc;C Sz,1,1,100%
1/31/2026,Southwest Ohio,Harrison - 442,SL,Studio;A Vw;C Loc;A Sz,1.9,2,95%
1/31/2026,Southwest Ohio,Harrison - 442,SL,Studio;B Vw;C Loc;B Sz,1,1,100%
1/31/2026,Southwest Ohio,Harrison - 442,SL,Studio;C Vw;C Loc;B Sz,1,1,100%
1/31/2026,Southwest Ohio,Liberty Township - 441,AL,Compan;A Vw;C Loc;A Sz,2,2,100%
1/31/2026,Southwest Ohio,Liberty Township - 441,AL,Compan;C Vw;C Loc;B Sz,2,2,100%
1/31/2026,Southwest Ohio,Liberty Township - 441,AL,Studio;A Vw;A Loc;B Sz,5,5,100%
1/31/2026,Southwest Ohio,Liberty Township - 441,AL,Studio;A Vw;B Loc;B Sz,7.9,8,98%
1/31/2026,Southwest Ohio,Liberty Township - 441,AL,Studio;C Vw;A Loc;B Sz,1.4,2,69%
1/31/2026,Southwest Ohio,Liberty Township - 441,AL/MC,MC-Compan;A Vw;C Loc;B Sz,2,2,100%
1/31/2026,Southwest Ohio,Liberty Township - 441,AL/MC,MC-Compan;C Vw;C Loc;B Sz,1,1,100%
1/31/2026,Southwest Ohio,Liberty Township - 441,AL/MC,MC-Studio;A Vw;A Loc;B Sz,2,2,100%
1/31/2026,Southwest Ohio,Liberty Township - 441,AL/MC,MC-Studio;A Vw;C Loc;B Sz,5,5,100%
1/31/2026,Southwest Ohio,Liberty Township - 441,AL/MC,MC-Studio;C Vw;C Loc;B Sz,3.8,5,77%
1/31/2026,Southwest Ohio,Liberty Township - 441,HC,Compan;A Vw;C Loc;B Sz,3,4,75%
1/31/2026,Southwest Ohio,Liberty Township - 441,HC,Compan;C Vw;C Loc;B Sz,3.5,8,44%
1/31/2026,Southwest Ohio,Liberty Township - 441,HC,Studio Dlx;A Vw;A Loc;C Sz,1,1,100%
1/31/2026,Southwest Ohio,Liberty Township - 441,HC,Studio;A Vw;B Loc;B Sz,3.8,4,96%
1/31/2026,Southwest Ohio,Liberty Township - 441,HC,Studio;A Vw;C Loc;B Sz,5,9,56%
1/31/2026,Southwest Ohio,Liberty Township - 441,HC,Studio;C Vw;B Loc;B Sz,6.1,7,88%
1/31/2026,Southwest Ohio,Liberty Township - 441,HC,Studio;C Vw;C Loc;B Sz,13.7,21,65%
1/31/2026,Southwest Ohio,Liberty Township - 441,SL,2 FL 1BR;A Vw;C Loc;B Sz,11,11,100%
1/31/2026,Southwest Ohio,Liberty Township - 441,SL,2 FL 1BR;C Vw;A Loc;B Sz,3,3,100%
1/31/2026,Southwest Ohio,Liberty Township - 441,SL,2 FL 1BR;C Vw;C Loc;B Sz,4.7,5,94%
1/31/2026,Southwest Ohio,Liberty Township - 441,SL,2 FL 1BR;C Vw;C Loc;C Sz,1,1,97%
1/31/2026,Southwest Ohio,Liberty Township - 441,SL,2 FL Studio;A Vw;C Loc;B Sz,3,3,100%
1/31/2026,Southwest Ohio,Liberty Township - 441,SL,2 FL Studio;C Vw;C Loc;B Sz,2,2,100%
1/31/2026,Southwest Ohio,Miami Township - 440,AL,Compan;A Vw;C Loc;A Sz,2,2,100%
1/31/2026,Southwest Ohio,Miami Township - 440,AL,Compan;B Vw;C Loc;B Sz,2,2,100%
1/31/2026,Southwest Ohio,Miami Township - 440,AL,Studio ABB - Double,1,1,100%
1/31/2026,Southwest Ohio,Miami Township - 440,AL,Studio;A Vw;A Loc;B Sz,3,3,100%
1/31/2026,Southwest Ohio,Miami Township - 440,AL,Studio;A Vw;C Loc;B Sz,9,9,100%
1/31/2026,Southwest Ohio,Miami Township - 440,AL,Studio;C Vw;B Loc;B Sz,1,1,100%
1/31/2026,Southwest Ohio,Miami Township - 440,AL,Studio;C Vw;C Loc;B Sz,1,1,100%
1/31/2026,Southwest Ohio,Miami Township - 440,AL/MC,MC-Compan;A Vw;A Loc;B Sz,1,1,100%
1/31/2026,Southwest Ohio,Miami Township - 440,AL/MC,MC-Compan;A Vw;B Loc;B Sz,1,1,100%
1/31/2026,Southwest Ohio,Miami Township - 440,AL/MC,MC-Compan;C Vw;B Loc;A Sz,0.4,1,35%
1/31/2026,Southwest Ohio,Miami Township - 440,AL/MC,MC-Studio;A Vw;A Loc;B Sz,2,2,100%
1/31/2026,Southwest Ohio,Miami Township - 440,AL/MC,MC-Studio;A Vw;C Loc;B Sz,5,5,100%
1/31/2026,Southwest Ohio,Miami Township - 440,AL/MC,MC-Studio;B Vw;C Loc;B Sz,2,2,100%
1/31/2026,Southwest Ohio,Miami Township - 440,AL/MC,MC-Studio;C Vw;C Loc;B Sz,3,3,100%
1/31/2026,Southwest Ohio,Miami Township - 440,HC,Compan;A Vw;C Loc;B Sz,4,4,100%
1/31/2026,Southwest Ohio,Miami Township - 440,HC,Compan;B Vw;C Loc;B Sz,2,2,98%
1/31/2026,Southwest Ohio,Miami Township - 440,HC,Compan;C Vw;A Loc;B Sz,2,2,100%
1/31/2026,Southwest Ohio,Miami Township - 440,HC,Compan;C Vw;B Loc;B Sz,5.9,6,99%
1/31/2026,Southwest Ohio,Miami Township - 440,HC,Compan;C Vw;C Loc;B Sz,5.7,6,95%
1/31/2026,Southwest Ohio,Miami Township - 440,HC,Studio Dlx;A Vw;A Loc;C Sz,1,1,100%
1/31/2026,Southwest Ohio,Miami Township - 440,HC,Studio;A Vw;B Loc;B Sz,3,3,99%
1/31/2026,Southwest Ohio,Miami Township - 440,HC,Studio;A Vw;C Loc;B Sz,6.9,7,99%
1/31/2026,Southwest Ohio,Miami Township - 440,HC,Studio;B Vw;C Loc;B Sz,6.8,7,97%
1/31/2026,Southwest Ohio,Miami Township - 440,HC,Studio;C Vw;A Loc;B Sz,4,4,99%
1/31/2026,Southwest Ohio,Miami Township - 440,HC,Studio;C Vw;C Loc;B Sz,11.6,12,97%
1/31/2026,Southwest Ohio,Miami Township - 440,SL,1BR;A Vw;C Loc;A Sz,1,2,50%
1/31/2026,Southwest Ohio,Miami Township - 440,SL,1BR;A Vw;C Loc;B Sz,9.2,10,92%
1/31/2026,Southwest Ohio,Miami Township - 440,SL,1BR;C Vw;A Loc;B Sz,3,3,100%
1/31/2026,Southwest Ohio,Miami Township - 440,SL,1BR;C Vw;C Loc;A Sz,2,2,100%
1/31/2026,Southwest Ohio,Miami Township - 440,SL,1BR;C Vw;C Loc;B Sz,2,2,100%
1/31/2026,Southwest Ohio,Miami Township - 440,SL,1BR;C Vw;C Loc;C Sz,1,1,100%
1/31/2026,Southwest Ohio,Miami Township - 440,SL,Studio;A Vw;C Loc;A Sz,2,2,100%
1/31/2026,Southwest Ohio,Miami Township - 440,SL,Studio;B Vw;C Loc;B Sz,2,2,100%
1/31/2026,Southwest Ohio,Richmond FP - 123,AL,Companion,3.6,4,90%
1/31/2026,Southwest Ohio,Richmond FP - 123,AL,Studio - Companion,2.4,3,78%
1/31/2026,Southwest Ohio,Richmond FP - 123,AL,Studio - Private,14.2,15,95%
1/31/2026,Southwest Ohio,Richmond FP - 123,AL/MC,MC Companion,1.8,2,89%
1/31/2026,Southwest Ohio,Richmond FP - 123,AL/MC,MC Studio,7.2,9,80%
1/31/2026,Southwest Ohio,Richmond FP - 123,HC,Companion,48.6,50,97%
1/31/2026,Southwest Ohio,Richmond FP - 123,HC,Private,6.2,8,77%
1/31/2026,Southwest Ohio,Richmond SR - 5173,AL,Studio - Private,15,15,100%
1/31/2026,Southwest Ohio,Richmond SR - 5173,HC,Private,48.5,55,88%
1/31/2026,Southwest Ohio,Springfield WG - 2429,AL,"Compan-Cbl,Frnt V,PbArea,SqFt",1,1,100%
1/31/2026,Southwest Ohio,Springfield WG - 2429,AL,"Companion - Cbl,Crt V",1,1,100%
1/31/2026,Southwest Ohio,Springfield WG - 2429,AL,"Companion - Cbl,Frnt V",3,3,100%
1/31/2026,Southwest Ohio,Springfield WG - 2429,AL,"Companion - Cbl,Frnt V,Sq Ft",0,0,0%
1/31/2026,Southwest Ohio,Springfield WG - 2429,AL,"Companion - Cbl,Glf V,Sq Ft",2,2,100%
1/31/2026,Southwest Ohio,Springfield WG - 2429,AL,"Companion - Cbl,PbArea,Crt V",1,1,100%
1/31/2026,Southwest Ohio,Springfield WG - 2429,AL,"Studio - Cbl,Crt V",2,2,100%
1/31/2026,Southwest Ohio,Springfield WG - 2429,AL,"Studio - Cbl,Crt V,Sq Ft",1,1,100%
1/31/2026,Southwest Ohio,Springfield WG - 2429,AL,"Studio - Cbl,Frnt V",6,6,100%
1/31/2026,Southwest Ohio,Springfield WG - 2429,AL,"Studio - Cbl,Frnt V,Pb Area",2.9,3,96%
1/31/2026,Southwest Ohio,Springfield WG - 2429,AL,"Studio - Cbl,Frnt V,Sq Ft",1,1,100%
1/31/2026,Southwest Ohio,Springfield WG - 2429,AL,"Studio - Cbl,Glf V",3.6,4,90%
1/31/2026,Southwest Ohio,Springfield WG - 2429,AL,"Studio - Cbl,Glf V,Pb Area",4,4,100%
1/31/2026,Southwest Ohio,Springfield WG - 2429,AL,"Studio - Cbl,Glf V,Sq Ft",1,1,100%
1/31/2026,Southwest Ohio,Springfield WG - 2429,AL,Studio DLX,1,1,100%
1/31/2026,Southwest Ohio,Springfield WG - 2429,HC,Companion - Cbl;Crt V,8,8,100%
1/31/2026,Southwest Ohio,Springfield WG - 2429,HC,Companion - Cbl;Frnt V,4,4,100%
1/31/2026,Southwest Ohio,Springfield WG - 2429,HC,Companion - Cbl;Pb Area;Crt V,4,4,100%
1/31/2026,Southwest Ohio,Springfield WG - 2429,HC,Deluxe - Cbl;Crt V,0.9,1,94%
1/31/2026,Southwest Ohio,Springfield WG - 2429,HC,Deluxe - Cbl;Frnt V,1.8,2,90%
1/31/2026,Southwest Ohio,Springfield WG - 2429,HC,Private - Cbl;Crt V,21.3,22,97%
1/31/2026,Southwest Ohio,Springfield WG - 2429,HC,Private - Cbl;Frnt V,6.9,7,99%
1/31/2026,Southwest Ohio,Springfield WG - 2429,HC,Private - Cbl;Frnt V;Pb Area,2.9,3,98%
1/31/2026,Southwest Ohio,Springfield WG - 2429,HC,Private - Cbl;Pb Area;Crt V,2.9,3,98%
1/31/2026,Southwest Ohio,Springfield WG - 2429,SL,One Bedroom  701,1,1,100%
1/31/2026,Southwest Ohio,Springfield WG - 2429,SL,One Bedroom  702,1,1,100%
1/31/2026,Southwest Ohio,Springfield WG - 2429,SL,One Bedroom  703,1,1,100%
1/31/2026,Southwest Ohio,Springfield WG - 2429,SL,One Bedroom  704,1,1,100%
1/31/2026,Southwest Ohio,Springfield WG - 2429,SL,One Bedroom  705,1,1,100%
1/31/2026,Southwest Ohio,Springfield WG - 2429,SL,One Bedroom  706,1,1,100%
1/31/2026,Southwest Ohio,Springfield WG - 2429,SL,One Bedroom 711,1,1,100%
1/31/2026,Southwest Ohio,Springfield WG - 2429,SL,One Bedroom 712,1,1,100%
1/31/2026,Southwest Ohio,Springfield WG - 2429,SL,One Bedroom 713,1,1,100%
1/31/2026,Southwest Ohio,Springfield WG - 2429,SL,One Bedroom 714,1,1,100%
1/31/2026,Southwest Ohio,Springfield WG - 2429,SL,One Bedroom 801,1,1,100%
1/31/2026,Southwest Ohio,Springfield WG - 2429,SL,One Bedroom 802,1,1,100%
1/31/2026,Southwest Ohio,Springfield WG - 2429,SL,One Bedroom 803,1,1,100%
1/31/2026,Southwest Ohio,Springfield WG - 2429,SL,One Bedroom 804,1,1,100%
1/31/2026,Southwest Ohio,Springfield WG - 2429,SL,One Bedroom 805,1,1,100%
1/31/2026,Southwest Ohio,Springfield WG - 2429,SL,One Bedroom 806,1,1,100%
1/31/2026,Southwest Ohio,Springfield WG - 2429,SL,Studio 707,1,1,100%
1/31/2026,Southwest Ohio,Springfield WG - 2429,SL,Studio 708,1,1,100%
1/31/2026,Southwest Ohio,Springfield WG - 2429,SL,Studio 709,0,1,0%
1/31/2026,Southwest Ohio,Springfield WG - 2429,SL,Studio 710,1,1,100%
1/31/2026,Southwest Ohio,Union Township - 434,AL,Compan;A Vw;C Loc;C Sz,2,2,100%
1/31/2026,Southwest Ohio,Union Township - 434,AL,Compan;B Vw;C Loc;B Sz,2,2,100%
1/31/2026,Southwest Ohio,Union Township - 434,AL,Studio;A Vw;B Loc;B Sz,1,1,100%
1/31/2026,Southwest Ohio,Union Township - 434,AL,Studio;A Vw;C Loc;B Sz,4,4,100%
1/31/2026,Southwest Ohio,Union Township - 434,AL,Studio;A Vw;C Loc;C Sz,1,1,100%
1/31/2026,Southwest Ohio,Union Township - 434,AL,Studio;B Vw;A Loc;B Sz,2.8,3,95%
1/31/2026,Southwest Ohio,Union Township - 434,AL,Studio;B Vw;B Loc;B Sz,1,1,100%
1/31/2026,Southwest Ohio,Union Township - 434,AL,Studio;B Vw;C Loc;B Sz,4,4,100%
1/31/2026,Southwest Ohio,Union Township - 434,AL,Studio;B Vw;C Loc;C Sz,1,1,100%
1/31/2026,Southwest Ohio,Union Township - 434,AL/MC,Legacy Compan;A Vw;B Loc;B Sz,2,2,100%
1/31/2026,Southwest Ohio,Union Township - 434,AL/MC,Legacy Compan;C Vw;B Loc;C Sz,1,1,100%
1/31/2026,Southwest Ohio,Union Township - 434,AL/MC,Legacy Studio;A Vw;A Loc;B Sz,2,2,100%
1/31/2026,Southwest Ohio,Union Township - 434,AL/MC,Legacy Studio;A Vw;C Loc;A Sz,1,1,100%
1/31/2026,Southwest Ohio,Union Township - 434,AL/MC,Legacy Studio;A Vw;C Loc;B Sz,1,1,100%
1/31/2026,Southwest Ohio,Union Township - 434,AL/MC,Legacy Studio;C Vw;C Loc;A Sz,2,2,100%
1/31/2026,Southwest Ohio,Union Township - 434,AL/MC,Legacy Studio;C Vw;C Loc;B Sz,2,2,100%
1/31/2026,Southwest Ohio,Union Township - 434,HC,Compan;C Vw;A Loc;B Sz,4,4,100%
1/31/2026,Southwest Ohio,Union Township - 434,HC,Compan;C Vw;B Loc;B Sz,1.8,2,92%
1/31/2026,Southwest Ohio,Union Township - 434,HC,Compan;C Vw;C Loc;B Sz,9.7,10,97%
1/31/2026,Southwest Ohio,Union Township - 434,HC,Studio Dlx;C Vw;B Loc;B Sz,0.9,1,87%
1/31/2026,Southwest Ohio,Union Township - 434,HC,Studio;B Vw;A Loc;B Sz,2,2,100%
1/31/2026,Southwest Ohio,Union Township - 434,HC,Studio;B Vw;C Loc;B Sz,1.6,2,81%
1/31/2026,Southwest Ohio,Union Township - 434,HC,Studio;C Vw;A Loc;B Sz,2,2,98%
1/31/2026,Southwest Ohio,Union Township - 434,HC,Studio;C Vw;B Loc;B Sz,1.5,2,76%
1/31/2026,Southwest Ohio,Union Township - 434,HC,Studio;C Vw;C Loc;B Sz,15.3,17,90%
1/31/2026,Southwest Ohio,Union Township - 434,HC/MC,MC-Compan;B Vw;C Loc;B Sz,4,4,100%
1/31/2026,Southwest Ohio,Union Township - 434,HC/MC,MC-Compan;C Vw;C Loc;B Sz,2,2,100%
1/31/2026,Southwest Ohio,Union Township - 434,HC/MC,MC-Studio;B Vw;A Loc;B Sz,1,1,100%
1/31/2026,Southwest Ohio,Union Township - 434,HC/MC,MC-Studio;B Vw;B Loc;B Sz,1,1,100%
1/31/2026,Southwest Ohio,Union Township - 434,HC/MC,MC-Studio;B Vw;C Loc;B Sz,1,1,100%
1/31/2026,Southwest Ohio,Union Township - 434,HC/MC,MC-Studio;C Vw;A Loc;B Sz,1,1,100%
1/31/2026,Southwest Ohio,Union Township - 434,HC/MC,MC-Studio;C Vw;B Loc;B Sz,0,0,0%
1/31/2026,Southwest Ohio,Union Township - 434,HC/MC,MC-Studio;C Vw;C Loc;B Sz,2,2,100%
1/31/2026,Southwest Ohio,Union Township - 434,SL,1BR;A Vw;A Loc;B Sz,1,1,100%
1/31/2026,Southwest Ohio,Union Township - 434,SL,1BR;A Vw;B Loc;A Sz,2,2,100%
1/31/2026,Southwest Ohio,Union Township - 434,SL,1BR;A Vw;C Loc;A Sz,1,1,100%
1/31/2026,Southwest Ohio,Union Township - 434,SL,1BR;A Vw;C Loc;B Sz,2,2,100%
1/31/2026,Southwest Ohio,Union Township - 434,SL,1BR;A Vw;C Loc;C Sz,1,1,100%
1/31/2026,Southwest Ohio,Union Township - 434,SL,1BR;B Vw;A Loc;B Sz,1,1,100%
1/31/2026,Southwest Ohio,Union Township - 434,SL,1BR;B Vw;B Loc;B Sz,2,2,100%
1/31/2026,Southwest Ohio,Union Township - 434,SL,1BR;B Vw;C Loc;B Sz,1,1,100%
1/31/2026,Southwest Ohio,Union Township - 434,SL,1BR;B Vw;C Loc;C Sz,1,1,100%
1/31/2026,Southwest Ohio,Union Township - 434,SL,1BR;C Vw;B Loc;B Sz,2,2,100%
1/31/2026,Southwest Ohio,Union Township - 434,SL,1BR;C Vw;C Loc;A Sz,1,1,100%
1/31/2026,Southwest Ohio,Union Township - 434,SL,1BR;C Vw;C Loc;B Sz,1,1,100%
1/31/2026,Southwest Ohio,Union Township - 434,SL,Studio;A Vw;C Loc;C Sz,2,2,100%
1/31/2026,Southwest Ohio,Union Township - 434,SL,Studio;B Vw;C Loc;B Sz,2,2,100%
2/28/2026,Central Ohio,Greenville - 423,AL,Companion,0,0,0%
2/28/2026,Central Ohio,Greenville - 423,AL/MC,MC - Compan;A Vw;B Loc;B Sz,0,0,0%
2/28/2026,Central Ohio,Greenville - 423,AL/MC,MC - Compan;B Vw;B Loc;B Sz,0,0,0%
2/28/2026,Central Ohio,Greenville - 423,HC,Companion,0,0,0%
2/28/2026,Central Ohio,Greenville - 423,HC,Private,0,0,0%
2/28/2026,Central Ohio,Greenville - 423,HC/MC,Legacy Lane - Companion,0,0,0%
2/28/2026,Central Ohio,Greenville - 423,HC/MC,Legacy Lane - Private,0,0,0%
2/28/2026,Central Ohio,Springfield FG - 401,AL,Companion,0,0,0%
2/28/2026,Central Ohio,Springfield FG - 401,AL,Companion - Single,0,0,0%
2/28/2026,Central Ohio,Springfield FG - 401,AL,One Bedroom,0,0,0%
2/28/2026,Central Ohio,Springfield FG - 401,AL,Studio - Double,0,0,0%
2/28/2026,Central Ohio,Springfield FG - 401,AL/MC,Legacy Bldng - Companion,0,0,0%
2/28/2026,Central Ohio,Springfield FG - 401,AL/MC,Legacy Bldng - Private,0,1,0%
2/28/2026,Central Ohio,Springfield FG - 401,HC,Companion,0,0,0%
2/28/2026,Central Ohio,Springfield FG - 401,HC,Private,0,0,0%
2/28/2026,Central Ohio,Springfield FG - 401,VIL,Independent Living - Villa 1,0,0,0%
2/28/2026,Central South Indiana,Avon - 5166,AL,Companion,1,1,100%
2/28/2026,Central South Indiana,Avon - 5166,AL,One BR Apt-Double,4.7,5,94%
2/28/2026,Central South Indiana,Avon - 5166,AL,One BR Apt-Single,2,2,100%
2/28/2026,Central South Indiana,Avon - 5166,AL,Studio - Private,15.4,18,86%
2/28/2026,Central South Indiana,Avon - 5166,AL,Studio Deluxe - Double,4,4,100%
2/28/2026,Central South Indiana,Avon - 5166,AL/MC,Legacy Lane - Companion,0,1,0%
2/28/2026,Central South Indiana,Avon - 5166,AL/MC,Legacy Lane - Private,7.7,12,64%
2/28/2026,Central South Indiana,Avon - 5166,HC,Companion,19.3,22,88%
2/28/2026,Central South Indiana,Avon - 5166,HC,Private,30.6,32,96%
2/28/2026,Central South Indiana,Carmel - 5165,AL,1BR Deluxe,4,4,100%
2/28/2026,Central South Indiana,Carmel - 5165,AL,1BR;B Vw;B Loc;A Sz,5,5,100%
2/28/2026,Central South Indiana,Carmel - 5165,AL,1BR;B Vw;B Loc;C Sz,4.5,5,89%
2/28/2026,Central South Indiana,Carmel - 5165,AL,Companion,0,0,0%
2/28/2026,Central South Indiana,Carmel - 5165,AL,One BR Apt-Double,0,0,0%
2/28/2026,Central South Indiana,Carmel - 5165,AL,Studio; B Vw:B Loc; C Sz,4.8,5,96%
2/28/2026,Central South Indiana,Carmel - 5165,AL,Studio;B Vw;B Loc;A Sz,1,1,100%
2/28/2026,Central South Indiana,Carmel - 5165,AL/MC,Legacy Lane - Companion,2,2,100%
2/28/2026,Central South Indiana,Carmel - 5165,AL/MC,Legacy Lane - Private,9.5,11,86%
2/28/2026,Central South Indiana,Carmel - 5165,HC,Companion,22.4,25,90%
2/28/2026,Central South Indiana,Carmel - 5165,HC,Private,26.9,32,84%
2/28/2026,Central South Indiana,Carmel - 5165,HC,Studio Deluxe,2.8,4,69%
2/28/2026,Central South Indiana,Greenfield - 125,AL,Companion,7,7,100%
2/28/2026,Central South Indiana,Greenfield - 125,AL,One Bedroom,1,1,100%
2/28/2026,Central South Indiana,Greenfield - 125,AL,Studio - Double,8.9,9,99%
2/28/2026,Central South Indiana,Greenfield - 125,AL,Studio - Private,17,17,100%
2/28/2026,Central South Indiana,Greenfield - 125,AL/MC,Legacy Bldng - Companion,5,6,83%
2/28/2026,Central South Indiana,Greenfield - 125,AL/MC,Legacy Bldng - Private,17.9,19,94%
2/28/2026,Central South Indiana,Greenfield - 125,AL/MC,Legacy Bldng - Private Inter View,2.4,4,59%
2/28/2026,Central South Indiana,Greenfield - 125,HC,Companion,40,45,89%
2/28/2026,Central South Indiana,Greenfield - 125,HC,Private,17.6,21,84%
2/28/2026,Central South Indiana,Greenfield - 125,HC,Private Deluxe,0,0,0%
2/28/2026,Central South Indiana,Greenfield - 125,VIL,Independent Living - Villa 1,23.4,24,97%
2/28/2026,Central South Indiana,Indianapolis AP - 5160,AL,Studio - Companion,6,10,60%
2/28/2026,Central South Indiana,Indianapolis AP - 5160,AL,Studio - Private,3,6,50%
2/28/2026,Central South Indiana,Indianapolis AP - 5160,HC,Companion,25.1,28,90%
2/28/2026,Central South Indiana,Indianapolis AP - 5160,HC,Private,43.1,56,77%
2/28/2026,Central South Indiana,Indianapolis CL - 5161,AL,One Bedroom,2,4,50%
2/28/2026,Central South Indiana,Indianapolis CL - 5161,AL,Studio - Companion,7.5,10,75%
2/28/2026,Central South Indiana,Indianapolis CL - 5161,AL,Studio - Companion Deluxe,1,1,100%
2/28/2026,Central South Indiana,Indianapolis CL - 5161,AL,Studio - End of Hall,4,4,100%
2/28/2026,Central South Indiana,Indianapolis CL - 5161,AL,Studio - Private,4.7,8,59%
2/28/2026,Central South Indiana,Indianapolis CL - 5161,AL,Studio - Private Deluxe,3,3,100%
2/28/2026,Central South Indiana,Indianapolis CL - 5161,AL/MC,Legacy Lane - Companion,1.7,2,86%
2/28/2026,Central South Indiana,Indianapolis CL - 5161,AL/MC,Legacy Lane - Private,8.7,9,96%
2/28/2026,Central South Indiana,Indianapolis CL - 5161,HC,Companion,9.8,14,70%
2/28/2026,Central South Indiana,Indianapolis CL - 5161,HC,Private,38.3,43,89%
2/28/2026,Central South Indiana,Mooresville - 5174,AL,1 Bedroom,0,0,0%
2/28/2026,Central South Indiana,Mooresville - 5174,AL,Studio - Double,0,0,0%
2/28/2026,Central South Indiana,Mooresville - 5174,AL,Studio - Private,14.9,15,99%
2/28/2026,Central South Indiana,Mooresville - 5174,HC,Companion,16.7,19,88%
2/28/2026,Central South Indiana,Mooresville - 5174,HC,Private,29.9,32,93%
2/28/2026,Central South Indiana,New Castle GO - 2153,AL,Companion,1,4,25%
2/28/2026,Central South Indiana,New Castle GO - 2153,AL,Studio - Private,15,18,83%
2/28/2026,Central South Indiana,New Castle GO - 2153,AL/MC,Legacy Lane - Companion,2,2,100%
2/28/2026,Central South Indiana,New Castle GO - 2153,AL/MC,Legacy Lane - Private,7.4,9,82%
2/28/2026,Central South Indiana,New Castle GO - 2153,HC,Companion,48.9,53,92%
2/28/2026,Central South Indiana,New Castle GO - 2153,HC,Private,4.8,5,96%
2/28/2026,Central South Indiana,New Castle SL - 2152,SL,One BR Apt Deluxe-Double,0,0,0%
2/28/2026,Central South Indiana,New Castle SL - 2152,SL,One BR Apt Deluxe-Single,2,2,100%
2/28/2026,Central South Indiana,New Castle SL - 2152,SL,One BR Apt-Double,0,0,0%
2/28/2026,Central South Indiana,New Castle SL - 2152,SL,One BR Apt-Single,36.1,37,98%
2/28/2026,Central South Indiana,New Castle SL - 2152,SL,Studio - Private,13.4,16,84%
2/28/2026,Central South Indiana,New Castle SL - 2152,SL,Two BR Apt-Double,0,0,0%
2/28/2026,Central South Indiana,New Castle SL - 2152,SL,Two BR Apt-Single,2,4,50%
2/28/2026,Central South Indiana,Westfield - 5171,AL,One BR Apt-Double,4,4,100%
2/28/2026,Central South Indiana,Westfield - 5171,AL,Studio - Private,24,24,100%
2/28/2026,Central South Indiana,Westfield - 5171,AL,Studio - Private Deluxe,2,2,100%
2/28/2026,Central South Indiana,Westfield - 5171,AL/MC,LL - Companion,2,2,100%
2/28/2026,Central South Indiana,Westfield - 5171,AL/MC,LL - Studio,7,9,78%
2/28/2026,Central South Indiana,Westfield - 5171,HC,Companion,9.2,10,92%
2/28/2026,Central South Indiana,Westfield - 5171,HC,Private,41.6,45,92%
2/28/2026,Great Lakes,Battle Creek - 501,AL,Studio - Private,29.3,30,98%
2/28/2026,Great Lakes,Battle Creek - 501,AL/MC,Legacy Bldng - Companion,0,0,0%
2/28/2026,Great Lakes,Battle Creek - 501,AL/MC,Legacy Bldng - Private,0,0,0%
2/28/2026,Great Lakes,Battle Creek - 501,HC,Companion,41.9,47,89%
2/28/2026,Great Lakes,Battle Creek - 501,HC,Private,27.5,30,92%
2/28/2026,Great Lakes,Belmont - 519,AL,Compan;B Vw;C Loc;B Sz,0.9,1,93%
2/28/2026,Great Lakes,Belmont - 519,AL,Compan;C Vw;C Loc;A Sz,2,2,100%
2/28/2026,Great Lakes,Belmont - 519,AL,Compan;C Vw;C Loc;B Sz,1,1,100%
2/28/2026,Great Lakes,Belmont - 519,AL,Studio;A Vw;A Loc;B Sz,2,2,100%
2/28/2026,Great Lakes,Belmont - 519,AL,Studio;A Vw;C Loc;B Sz,1,1,100%
2/28/2026,Great Lakes,Belmont - 519,AL,Studio;B Vw;C Loc;B Sz,4,4,100%
2/28/2026,Great Lakes,Belmont - 519,AL,Studio;C Vw;A Loc;B Sz,1,1,100%
2/28/2026,Great Lakes,Belmont - 519,AL,Studio;C Vw;B Loc;B Sz,2,2,100%
2/28/2026,Great Lakes,Belmont - 519,AL,Studio;C Vw;C Loc;B Sz,4.8,5,96%
2/28/2026,Great Lakes,Belmont - 519,AL/MC,MC-Compan;A Vw;A Loc;A Sz,1,1,96%
2/28/2026,Great Lakes,Belmont - 519,AL/MC,MC-Compan;A Vw;B Loc;A Sz,1,1,100%
2/28/2026,Great Lakes,Belmont - 519,AL/MC,MC-Compan;C Vw;B Loc;A Sz,1,1,100%
2/28/2026,Great Lakes,Belmont - 519,AL/MC,MC-Studio;A Vw;A Loc;B Sz,2,2,100%
2/28/2026,Great Lakes,Belmont - 519,AL/MC,MC-Studio;A Vw;C Loc;B Sz,4.4,5,88%
2/28/2026,Great Lakes,Belmont - 519,AL/MC,MC-Studio;C Vw;C Loc;B Sz,5,5,100%
2/28/2026,Great Lakes,Belmont - 519,HC,Compan;A Vw;C Loc;B Sz,6,6,99%
2/28/2026,Great Lakes,Belmont - 519,HC,Compan;B Vw;C Loc;B Sz,2,2,100%
2/28/2026,Great Lakes,Belmont - 519,HC,Compan;C Vw;C Loc;B Sz,4,4,100%
2/28/2026,Great Lakes,Belmont - 519,HC,Studio;A Vw;B Loc;B Sz,1.6,2,79%
2/28/2026,Great Lakes,Belmont - 519,HC,Studio;A Vw;C Loc;B Sz,10.2,12,85%
2/28/2026,Great Lakes,Belmont - 519,HC,Studio;B Vw;A Loc;A Sz,1,1,100%
2/28/2026,Great Lakes,Belmont - 519,HC,Studio;B Vw;B Loc;B Sz,1,1,100%
2/28/2026,Great Lakes,Belmont - 519,HC,Studio;B Vw;C Loc;B Sz,8.3,9,92%
2/28/2026,Great Lakes,Belmont - 519,HC,Studio;C Vw;A Loc;B Sz,4.4,5,88%
2/28/2026,Great Lakes,Belmont - 519,HC,Studio;C Vw;B Loc;B Sz,5.5,6,91%
2/28/2026,Great Lakes,Belmont - 519,HC,Studio;C Vw;C Loc;B Sz,10.2,12,85%
2/28/2026,Great Lakes,Belmont - 519,SL,1BR;A Vw;B Loc;A Sz,1,1,100%
2/28/2026,Great Lakes,Belmont - 519,SL,1BR;A Vw;B Loc;B Sz,4,4,100%
2/28/2026,Great Lakes,Belmont - 519,SL,1BR;B Vw;B Loc;A Sz,2,2,100%
2/28/2026,Great Lakes,Belmont - 519,SL,1BR;B Vw;B Loc;B Sz,5,5,100%
2/28/2026,Great Lakes,Belmont - 519,SL,1BR;C Vw;B Loc;A Sz,4,4,100%
2/28/2026,Great Lakes,Belmont - 519,SL,1BR;C Vw;B Loc;B Sz,3,3,100%
2/28/2026,Great Lakes,Belmont - 519,SL,1BR;C Vw;B Loc;C Sz,1,1,100%
2/28/2026,Great Lakes,Belmont - 519,SL,Studio;A Vw;B Loc;B Sz,2,2,100%
2/28/2026,Great Lakes,Belmont - 519,SL,Studio;B Vw;B Loc;B Sz,1,1,100%
2/28/2026,Great Lakes,Belmont - 519,SL,Studio;C Vw;B Loc;B Sz,1,1,100%
2/28/2026,Great Lakes,Byron Center - 518,AL,Compan;A Vw;C Loc;A Sz,2,2,100%
2/28/2026,Great Lakes,Byron Center - 518,AL,Compan;B Vw;C Loc;B Sz,1,1,100%
2/28/2026,Great Lakes,Byron Center - 518,AL,Compan;C Vw;C Loc;B Sz,1,1,100%
2/28/2026,Great Lakes,Byron Center - 518,AL,Studio;A Vw;A Loc;B Sz,3,3,100%
2/28/2026,Great Lakes,Byron Center - 518,AL,Studio;A Vw;B Loc;B Sz,1,1,100%
2/28/2026,Great Lakes,Byron Center - 518,AL,Studio;A Vw;C Loc;B Sz,3.8,5,76%
2/28/2026,Great Lakes,Byron Center - 518,AL,Studio;B Vw;C Loc;B Sz,4,4,100%
2/28/2026,Great Lakes,Byron Center - 518,AL,Studio;C Vw;B Loc;B Sz,1,1,100%
2/28/2026,Great Lakes,Byron Center - 518,AL,Studio;C Vw;C Loc;B Sz,1,1,100%
2/28/2026,Great Lakes,Byron Center - 518,AL/MC,MC-Compan;A Vw;A Loc;A Sz,1,1,100%
2/28/2026,Great Lakes,Byron Center - 518,AL/MC,MC-Compan;A Vw;C Loc;A Sz,1,1,100%
2/28/2026,Great Lakes,Byron Center - 518,AL/MC,MC-Compan;A Vw;C Loc;B Sz,1,2,50%
2/28/2026,Great Lakes,Byron Center - 518,AL/MC,MC-Compan;C Vw;C Loc;B Sz,2,2,100%
2/28/2026,Great Lakes,Byron Center - 518,AL/MC,MC-Studio;A Vw;A Loc;B Sz,1,1,100%
2/28/2026,Great Lakes,Byron Center - 518,AL/MC,MC-Studio;A Vw;C Loc;B Sz,2,2,100%
2/28/2026,Great Lakes,Byron Center - 518,AL/MC,MC-Studio;C Vw;C Loc;B Sz,3,3,100%
2/28/2026,Great Lakes,Byron Center - 518,HC,Compan;C Vw;C Loc;B Sz,10.3,12,86%
2/28/2026,Great Lakes,Byron Center - 518,HC,Companion,0,0,0%
2/28/2026,Great Lakes,Byron Center - 518,HC,Private,0,0,0%
2/28/2026,Great Lakes,Byron Center - 518,HC,Studio DLX;C Vw;C Loc;B Sz,2,2,100%
2/28/2026,Great Lakes,Byron Center - 518,HC,Studio;A Vw;A Loc;B Sz,1.8,2,88%
2/28/2026,Great Lakes,Byron Center - 518,HC,Studio;A Vw;C Loc;B Sz,7.1,9,79%
2/28/2026,Great Lakes,Byron Center - 518,HC,Studio;C Vw;A Loc;B Sz,5.6,6,94%
2/28/2026,Great Lakes,Byron Center - 518,HC,Studio;C Vw;C Loc;B Sz,26,29,90%
2/28/2026,Great Lakes,Byron Center - 518,SL,1BR;A Vw;C Loc;A Sz,1,1,100%
2/28/2026,Great Lakes,Byron Center - 518,SL,1BR;A Vw;C Loc;B Sz,4,4,100%
2/28/2026,Great Lakes,Byron Center - 518,SL,1BR;B Vw;C Loc;B Sz,7,7,100%
2/28/2026,Great Lakes,Byron Center - 518,SL,1BR;C Vw;C Loc;B Sz,1,2,50%
2/28/2026,Great Lakes,Byron Center - 518,SL,1BR;C Vw;C Loc;C Sz,1,1,100%
2/28/2026,Great Lakes,Byron Center - 518,SL,Studio;A Vw;C Loc;A Sz,2,2,100%
2/28/2026,Great Lakes,Byron Center - 518,SL,Studio;B Vw;C Loc;B Sz,3,3,100%
2/28/2026,Great Lakes,Byron Center - 518,SL,Studio;B Vw;C Loc;C Sz,1,1,100%
2/28/2026,Great Lakes,Byron Center - 518,SL,Studio;C Vw;C Loc;B Sz,1,1,100%
2/28/2026,Great Lakes,Hudsonville - 524,AL,Compan;A Vw;C Loc;B Sz,2,2,100%
2/28/2026,Great Lakes,Hudsonville - 524,AL,Compan;C Vw;C Loc;B Sz,2,2,100%
2/28/2026,Great Lakes,Hudsonville - 524,AL,Studio;A Vw;A Loc;B Sz,2.9,3,95%
2/28/2026,Great Lakes,Hudsonville - 524,AL,Studio;A Vw;C Loc;B Sz,10,10,100%
2/28/2026,Great Lakes,Hudsonville - 524,AL,Studio;C Vw;C Loc;B Sz,2,2,100%
2/28/2026,Great Lakes,Hudsonville - 524,AL/MC,MC-Compan;A Vw;C Loc;B Sz,2,2,100%
2/28/2026,Great Lakes,Hudsonville - 524,AL/MC,MC-Compan;C Vw;C Loc;B Sz,1,1,100%
2/28/2026,Great Lakes,Hudsonville - 524,AL/MC,MC-Studio;A Vw;A Loc;B Sz,2,2,100%
2/28/2026,Great Lakes,Hudsonville - 524,AL/MC,MC-Studio;A Vw;C Loc;B Sz,5,5,100%
2/28/2026,Great Lakes,Hudsonville - 524,AL/MC,MC-Studio;C Vw;C Loc;B Sz,5,5,100%
2/28/2026,Great Lakes,Hudsonville - 524,HC,Compan;A Vw;C Loc;B Sz,4,4,100%
2/28/2026,Great Lakes,Hudsonville - 524,HC,Compan;C Vw;C Loc;B Sz,9.8,16,61%
2/28/2026,Great Lakes,Hudsonville - 524,HC,Studio Dlx;C Vw;C Loc;B Sz,1,1,100%
2/28/2026,Great Lakes,Hudsonville - 524,HC,Studio;A Vw;A Loc;B Sz,2.6,3,87%
2/28/2026,Great Lakes,Hudsonville - 524,HC,Studio;A Vw;C Loc;B Sz,7.6,10,76%
2/28/2026,Great Lakes,Hudsonville - 524,HC,Studio;C Vw;A Loc;B Sz,1.8,4,45%
2/28/2026,Great Lakes,Hudsonville - 524,HC,Studio;C Vw;C Loc;B Sz,13,20,65%
2/28/2026,Great Lakes,Hudsonville - 524,SL,1BR;A Vw;C Loc;A Sz,2,2,100%
2/28/2026,Great Lakes,Hudsonville - 524,SL,1BR;A Vw;C Loc;B Sz,7,7,100%
2/28/2026,Great Lakes,Hudsonville - 524,SL,1BR;C Vw;A Loc;B Sz,2,2,100%
2/28/2026,Great Lakes,Hudsonville - 524,SL,1BR;C Vw;C Loc;A Sz,1,1,100%
2/28/2026,Great Lakes,Hudsonville - 524,SL,1BR;C Vw;C Loc;B Sz,5,5,100%
2/28/2026,Great Lakes,Hudsonville - 524,SL,1BR;C Vw;C Loc;C Sz,2,2,100%
2/28/2026,Great Lakes,Hudsonville - 524,SL,2BR;C Vw;A Loc;B Sz,1,1,100%
2/28/2026,Great Lakes,Hudsonville - 524,SL,Studio;A Vw;C Loc;B Sz,2,2,100%
2/28/2026,Great Lakes,Hudsonville - 524,SL,Studio;C Vw;C Loc;B Sz,2.8,3,94%
2/28/2026,Great Lakes,Lowell - 156,AL,Companion,4,4,100%
2/28/2026,Great Lakes,Lowell - 156,AL,Studio - Double,9.9,10,99%
2/28/2026,Great Lakes,Lowell - 156,AL,Studio - Private,5.9,6,98%
2/28/2026,Great Lakes,Lowell - 156,AL/MC,Legacy Lane - Companion,3,3,100%
2/28/2026,Great Lakes,Lowell - 156,AL/MC,Legacy Lane - Private,7.5,8,93%
2/28/2026,Great Lakes,Lowell - 156,HC,Companion,22.1,24,92%
2/28/2026,Great Lakes,Lowell - 156,HC,Private,32.1,34,94%
2/28/2026,Great Lakes,Muskegon - 525,AL,Compan;A Vw;C Loc;B Sz,2,2,100%
2/28/2026,Great Lakes,Muskegon - 525,AL,Compan;C Vw;C Loc;B Sz,2,2,100%
2/28/2026,Great Lakes,Muskegon - 525,AL,Studio;A Vw;A Loc;B Sz,3,3,100%
2/28/2026,Great Lakes,Muskegon - 525,AL,Studio;A Vw;C Loc;B Sz,10,10,100%
2/28/2026,Great Lakes,Muskegon - 525,AL,Studio;C Vw;C Loc;B Sz,2,2,100%
2/28/2026,Great Lakes,Muskegon - 525,AL/MC,MC-Compan;A Vw;C Loc;B Sz,1,2,50%
2/28/2026,Great Lakes,Muskegon - 525,AL/MC,MC-Compan;C Vw;C Loc;B Sz,1,1,100%
2/28/2026,Great Lakes,Muskegon - 525,AL/MC,MC-Studio;A Vw;A Loc;B Sz,2,2,100%
2/28/2026,Great Lakes,Muskegon - 525,AL/MC,MC-Studio;A Vw;C Loc;B Sz,5,5,100%
2/28/2026,Great Lakes,Muskegon - 525,AL/MC,MC-Studio;C Vw;C Loc;B Sz,4.9,5,97%
2/28/2026,Great Lakes,Muskegon - 525,HC,Compan;A Vw;C Loc;B Sz,3,4,74%
2/28/2026,Great Lakes,Muskegon - 525,HC,Compan;C Vw;C Loc;B Sz,9.7,16,61%
2/28/2026,Great Lakes,Muskegon - 525,HC,Studio Dlx;C Vw;C Loc;B Sz,0,1,4%
2/28/2026,Great Lakes,Muskegon - 525,HC,Studio;A Vw;A Loc;B Sz,1.4,3,48%
2/28/2026,Great Lakes,Muskegon - 525,HC,Studio;A Vw;C Loc;B Sz,4.5,10,45%
2/28/2026,Great Lakes,Muskegon - 525,HC,Studio;C Vw;A Loc;B Sz,1.7,6,29%
2/28/2026,Great Lakes,Muskegon - 525,HC,Studio;C Vw;C Loc;B Sz,10.6,18,59%
2/28/2026,Great Lakes,Muskegon - 525,SL,1BR;A Vw;C Loc;A Sz,1.2,2,61%
2/28/2026,Great Lakes,Muskegon - 525,SL,1BR;A Vw;C Loc;B Sz,7,7,100%
2/28/2026,Great Lakes,Muskegon - 525,SL,1BR;C Vw;A Loc;B Sz,2,2,100%
2/28/2026,Great Lakes,Muskegon - 525,SL,1BR;C Vw;C Loc;A Sz,0.4,1,36%
2/28/2026,Great Lakes,Muskegon - 525,SL,1BR;C Vw;C Loc;B Sz,5,5,100%
2/28/2026,Great Lakes,Muskegon - 525,SL,1BR;C Vw;C Loc;C Sz,2,2,100%
2/28/2026,Great Lakes,Muskegon - 525,SL,2BR;C Vw;A Loc;B Sz,1,1,100%
2/28/2026,Great Lakes,Muskegon - 525,SL,Studio;A Vw;C Loc;B Sz,1,2,50%
2/28/2026,Great Lakes,Muskegon - 525,SL,Studio;C Vw;C Loc;B Sz,2,3,67%
2/28/2026,Great Lakes,Sun Prairie - 572,AL,1 Bedroom,4,4,100%
2/28/2026,Great Lakes,Sun Prairie - 572,AL,2 Bedroom,4,4,100%
2/28/2026,Great Lakes,Sun Prairie - 572,AL,Studio,5.4,6,89%
2/28/2026,Great Lakes,Sun Prairie - 572,HC,Companion,10.4,11,94%
2/28/2026,Great Lakes,Sun Prairie - 572,HC,Private,16.6,18,92%
2/28/2026,Great Lakes,Sun Prairie - 572,HC,Private - 100 Hall,9.1,10,91%
2/28/2026,Great Lakes,Valparaiso - 139,AL,Companion,4,5,80%
2/28/2026,Great Lakes,Valparaiso - 139,AL,Companion - End of Hall,1,1,100%
2/28/2026,Great Lakes,Valparaiso - 139,AL,Studio - Private,17.6,23,77%
2/28/2026,Great Lakes,Valparaiso - 139,AL,Studio - Private - End of Hall,1,4,25%
2/28/2026,Great Lakes,Valparaiso - 139,AL,Studio - Private Deluxe,0,1,0%
2/28/2026,Great Lakes,Valparaiso - 139,AL/MC,Legacy Bldng - Companion,3,3,100%
2/28/2026,Great Lakes,Valparaiso - 139,AL/MC,Legacy Bldng - Private,23.8,26,92%
2/28/2026,Great Lakes,Valparaiso - 139,HC,Companion,21.9,24,91%
2/28/2026,Great Lakes,Valparaiso - 139,HC,Private,33.6,36,93%
2/28/2026,Great Lakes,Valparaiso - 139,HC,TCU - Private Deluxe,0.8,1,75%
2/28/2026,Great Lakes,Waunakee - 571,AL,1 Bedroom,31.4,32,98%
2/28/2026,Great Lakes,Waunakee - 571,AL,2 Bedroom,5.4,6,89%
2/28/2026,Great Lakes,Waunakee - 571,AL,CBRF Studio,0,0,0%
2/28/2026,Great Lakes,Waunakee - 571,AL,Studio,31.1,32,97%
2/28/2026,Great Lakes,Waunakee - 571,AL/MC,MC - Companion,2,2,100%
2/28/2026,Great Lakes,Waunakee - 571,AL/MC,MC - Studio,1.9,2,96%
2/28/2026,Great Lakes,Waunakee - 571,AL/MC,MC - Studio Deluxe,12.7,14,91%
2/28/2026,Great Lakes,Waunakee - 571,HC,Companion,11.5,13,89%
2/28/2026,Great Lakes,Waunakee - 571,HC,Private,42.7,51,84%
2/28/2026,Great Lakes,Waunakee - 571,VIL,1 Bedroom,7.6,8,95%
2/28/2026,Kentuckiana,Corydon - 2180,AL,Companion,3.9,4,98%
2/28/2026,Kentuckiana,Corydon - 2180,AL,Studio - Private,13.8,15,92%
2/28/2026,Kentuckiana,Corydon - 2180,AL/MC,Legacy Bldng - Companion,1.2,3,40%
2/28/2026,Kentuckiana,Corydon - 2180,AL/MC,Legacy Bldng - Private,6.6,8,83%
2/28/2026,Kentuckiana,Corydon - 2180,HC,Companion,20.1,24,84%
2/28/2026,Kentuckiana,Corydon - 2180,HC,Private,31.4,34,92%
2/28/2026,Kentuckiana,Corydon - 2180,VIL,INDEPENDENT LIVING - 1 BR,8,8,100%
2/28/2026,Kentuckiana,Corydon - 2180,VIL,INDEPENDENT LIVING - 2 BR,14,14,100%
2/28/2026,Kentuckiana,Corydon - 2180,VIL,Independent Living - 2BR,19,20,95%
2/28/2026,Kentuckiana,Louisville ES - 210,AL/MC,MC - Studio;A Vw;B Loc;B Sz,18,18,100%
2/28/2026,Kentuckiana,Louisville ES - 210,AL/MC,MC - Studio;B Vw;B Loc;B Sz,20.7,21,98%
2/28/2026,Kentuckiana,Louisville ES - 210,AL/MC,MC - Studio;C Vw;B Loc;B Sz,21,21,100%
2/28/2026,Kentuckiana,Louisville FH - 2137,AL,One BR Apt,13.1,14,94%
2/28/2026,Kentuckiana,Louisville FH - 2137,AL,One BR Apt - B Location,6,6,100%
2/28/2026,Kentuckiana,Louisville FH - 2137,AL,One BR Apt-Double,4,4,100%
2/28/2026,Kentuckiana,Louisville FH - 2137,AL,Studio A-A2-A3-D3,7,7,100%
2/28/2026,Kentuckiana,Louisville FH - 2137,AL,Studio D-D5,10,10,100%
2/28/2026,Kentuckiana,Louisville FH - 2137,AL,Studio D2,1,1,100%
2/28/2026,Kentuckiana,Louisville FH - 2137,AL,Studio D4,4,4,100%
2/28/2026,Kentuckiana,Louisville FH - 2137,AL,Two BR Apt-Double,3,3,100%
2/28/2026,Kentuckiana,Louisville FH - 2137,AL,Two BR Apt-Single,2.6,3,86%
2/28/2026,Kentuckiana,Louisville FH - 2137,HC,Companion,11.5,16,72%
2/28/2026,Kentuckiana,Louisville FH - 2137,HC,Private,66.3,71,93%
2/28/2026,Kentuckiana,Louisville FS - 2154,AL,Companion,2.7,3,89%
2/28/2026,Kentuckiana,Louisville FS - 2154,AL,Studio,13.5,17,79%
2/28/2026,Kentuckiana,Louisville FS - 2154,AL/MC,MC - Companion,3,3,100%
2/28/2026,Kentuckiana,Louisville FS - 2154,AL/MC,MC - Studio,8,8,100%
2/28/2026,Kentuckiana,Louisville FS - 2154,HC,Companion,21.4,24,89%
2/28/2026,Kentuckiana,Louisville FS - 2154,HC,Private,32.6,34,96%
2/28/2026,Kentuckiana,Louisville FS - 2154,VIL,Independent Living - Villa 1,33,34,97%
2/28/2026,Kentuckiana,Louisville GR - 126,AL,Companion,4,4,100%
2/28/2026,Kentuckiana,Louisville GR - 126,AL,Studio,17.1,18,95%
2/28/2026,Kentuckiana,Louisville GR - 126,HC,Companion,19.2,20,96%
2/28/2026,Kentuckiana,Louisville GR - 126,HC,Private,28.9,31,93%
2/28/2026,Kentuckiana,Louisville GR - 126,HC,Private Deluxe,0,0,0%
2/28/2026,Kentuckiana,Louisville GR - 126,HC/MC,MC - COMPANION,4,4,100%
2/28/2026,Kentuckiana,Louisville GR - 126,HC/MC,MC - PRIVATE,10.7,11,97%
2/28/2026,Kentuckiana,Louisville PT - 127,HC,Private,36.3,39,93%
2/28/2026,Kentuckiana,Louisville PT - 127,HC,TCU - Private,18.8,21,90%
2/28/2026,Kentuckiana,Louisville PT - 127,HC/MC,Legacy Lane - Companion,21.1,22,96%
2/28/2026,Kentuckiana,Louisville PT - 127,HC/MC,Legacy Lane - Private,6,6,100%
2/28/2026,Kentuckiana,Louisville SB - 175,AL,1 BR;B Vw;A Loc;A Sz,0,1,0%
2/28/2026,Kentuckiana,Louisville SB - 175,AL,1 BR;B Vw;A Loc;B Sz,0.7,1,68%
2/28/2026,Kentuckiana,Louisville SB - 175,AL,1 BR;B Vw;B Loc;B Sz,2,2,100%
2/28/2026,Kentuckiana,Louisville SB - 175,AL,1 BR;B Vw;C Loc;B Sz,0.7,1,71%
2/28/2026,Kentuckiana,Louisville SB - 175,AL,1 BR;B Vw;C Loc;C Sz,1.3,2,66%
2/28/2026,Kentuckiana,Louisville SB - 175,AL,Compan;A Vw;C Loc;B Sz,2,2,100%
2/28/2026,Kentuckiana,Louisville SB - 175,AL,Compan;B Vw;B Loc;B Sz,0,0,0%
2/28/2026,Kentuckiana,Louisville SB - 175,AL,Compan;B Vw;C Loc;B Sz,2,2,100%
2/28/2026,Kentuckiana,Louisville SB - 175,AL,Compan;C Vw;B Loc;B Sz,1,1,100%
2/28/2026,Kentuckiana,Louisville SB - 175,AL,Studio;A Vw;A Loc;B Sz,1,2,52%
2/28/2026,Kentuckiana,Louisville SB - 175,AL,Studio;A Vw;B Loc;B Sz,2,2,100%
2/28/2026,Kentuckiana,Louisville SB - 175,AL,Studio;A Vw;C Loc;B Sz,4,5,80%
2/28/2026,Kentuckiana,Louisville SB - 175,AL,Studio;B Vw;A Loc;B Sz,0,0,0%
2/28/2026,Kentuckiana,Louisville SB - 175,AL,Studio;B Vw;B Loc;B Sz,1,1,100%
2/28/2026,Kentuckiana,Louisville SB - 175,AL,Studio;B Vw;C Loc;B Sz,4.8,6,79%
2/28/2026,Kentuckiana,Louisville SB - 175,AL,Studio;C Vw;C Loc;B Sz,0,0,0%
2/28/2026,Kentuckiana,Louisville SB - 175,HC,Compan;C Vw;B Loc;B Sz,7.7,8,96%
2/28/2026,Kentuckiana,Louisville SB - 175,HC,Compan;C Vw;C Loc;B Sz,7.8,8,97%
2/28/2026,Kentuckiana,Louisville SB - 175,HC,Studio;B Vw;A Loc;B Sz,2,2,100%
2/28/2026,Kentuckiana,Louisville SB - 175,HC,Studio;B Vw;B Loc;B Sz,1.9,2,96%
2/28/2026,Kentuckiana,Louisville SB - 175,HC,Studio;B Vw;C Loc;B Sz,2,2,100%
2/28/2026,Kentuckiana,Louisville SB - 175,HC,Studio;C Vw;A Loc;B Sz,3.9,4,98%
2/28/2026,Kentuckiana,Louisville SB - 175,HC,Studio;C Vw;B Loc;B Sz,2,2,98%
2/28/2026,Kentuckiana,Louisville SB - 175,HC,Studio;C Vw;C Loc;B Sz,13.8,14,98%
2/28/2026,Kentuckiana,Louisville SB - 175,HC/MC,Legacy-Compan;B Vw;C Loc;B Sz,5,5,100%
2/28/2026,Kentuckiana,Louisville SB - 175,HC/MC,Legacy-Compan;C Vw;C Loc;B Sz,1,1,100%
2/28/2026,Kentuckiana,Louisville SB - 175,HC/MC,Legacy-Stu Dlx;C Vw;A Loc;B Sz,1,1,100%
2/28/2026,Kentuckiana,Louisville SB - 175,HC/MC,Legacy-Studio;B Vw;A Loc;B Sz,1,1,100%
2/28/2026,Kentuckiana,Louisville SB - 175,HC/MC,Legacy-Studio;B Vw;B Loc;B Sz,1,1,100%
2/28/2026,Kentuckiana,Louisville SB - 175,HC/MC,Legacy-Studio;B Vw;C Loc;B Sz,2,2,100%
2/28/2026,Kentuckiana,Louisville SB - 175,HC/MC,Legacy-Studio;C Vw;C Loc;B Sz,12.9,13,99%
2/28/2026,Kentuckiana,Louisville SB - 175,SL,1BR;A Vw;A Loc;A Sz,1,1,100%
2/28/2026,Kentuckiana,Louisville SB - 175,SL,1BR;A Vw;B Loc;B Sz,1,1,100%
2/28/2026,Kentuckiana,Louisville SB - 175,SL,1BR;A Vw;C Loc;B Sz,2.3,3,76%
2/28/2026,Kentuckiana,Louisville SB - 175,SL,1BR;B Vw;A Loc;A Sz,2,2,100%
2/28/2026,Kentuckiana,Louisville SB - 175,SL,1BR;B Vw;A Loc;B Sz,1,1,100%
2/28/2026,Kentuckiana,Louisville SB - 175,SL,1BR;B Vw;B Loc;A Sz,2,2,100%
2/28/2026,Kentuckiana,Louisville SB - 175,SL,1BR;B Vw;B Loc;C Sz,1,1,100%
2/28/2026,Kentuckiana,Louisville SB - 175,SL,1BR;B Vw;C Loc;B Sz,7,7,100%
2/28/2026,Kentuckiana,Louisville SB - 175,SL,Studio;A Vw;C Loc;A Sz,2,2,100%
2/28/2026,Kentuckiana,Louisville SB - 175,SL,Studio;B Vw;C Loc;B Sz,2,2,100%
2/28/2026,Kentuckiana,Louisville WP - 145,AL,Companion,4,4,100%
2/28/2026,Kentuckiana,Louisville WP - 145,AL,Studio,15.8,18,88%
2/28/2026,Kentuckiana,Louisville WP - 145,HC,Companion,9,11,82%
2/28/2026,Kentuckiana,Louisville WP - 145,HC,Private,48.3,52,93%
2/28/2026,Kentuckiana,Louisville WS - 190,AL,1BR Compan;A Vw;A Loc;A Sz,1.5,2,77%
2/28/2026,Kentuckiana,Louisville WS - 190,AL,1BR DLX Compan;A Vw;A Loc;A Sz,3,3,100%
2/28/2026,Kentuckiana,Louisville WS - 190,AL,1BR DLX;A Vw;A Loc;A Sz,2,2,100%
2/28/2026,Kentuckiana,Louisville WS - 190,AL,1BR;A Vw;A Loc;A Sz,31.4,35,90%
2/28/2026,Kentuckiana,Louisville WS - 190,AL,1BR;A Vw;A Loc;B Sz,10.7,11,97%
2/28/2026,Kentuckiana,Louisville WS - 190,AL,2BR Compan;A Vw;A Loc;B Sz,5,5,100%
2/28/2026,Kentuckiana,Louisville WS - 190,AL,Studio;A Vw;A Loc;B Sz,4,4,100%
2/28/2026,Kentuckiana,Louisville WS - 190,AL/MC,MC-Studio;A Vw; A Loc; A Sz,9,11,81%
2/28/2026,Kentuckiana,Louisville WS - 190,AL/MC,MC-Studio;B Vw; A Loc; A Sz,3,5,61%
2/28/2026,Kentuckiana,Louisville WS - 190,HC,L;Stud;1 Bath;A Vw;B Loc;B Sz,13.3,15,89%
2/28/2026,Kentuckiana,Louisville WS - 190,HC,L;Stud;1 Bath;B Vw;B Loc;B Sz,8.4,9,93%
2/28/2026,Kentuckiana,Louisville WS - 190,HC,W;Stud;.5 Bath;A Vw;B Loc;B Sz,1,1,100%
2/28/2026,Kentuckiana,Louisville WS - 190,HC,W;Stud;.5 Bath;B Vw;B Loc;A Sz,0.4,1,36%
2/28/2026,Kentuckiana,Louisville WS - 190,HC,W;Stud;.5 Bath;B Vw;B Loc;B Sz,13,13,100%
2/28/2026,Kentuckiana,Louisville WS - 190,HC,W;Stud;1 Bath;A Vw;B Loc;B Sz,4,4,100%
2/28/2026,Kentuckiana,Louisville WS - 190,HC,W;Stud;1 Bath;B Vw;B Loc;B Sz,9,9,100%
2/28/2026,Kentuckiana,Louisville WS - 190,SL,1BR DLX;A Vw;B Loc;A Sz,0,1,0%
2/28/2026,Kentuckiana,Louisville WS - 190,SL,1BR DLX;A Vw;B Loc;B Sz,1,1,100%
2/28/2026,Kentuckiana,Louisville WS - 190,SL,1BR;A Vw;B Loc;A Sz,7,9,78%
2/28/2026,Kentuckiana,Louisville WS - 190,SL,1BR;A Vw;B Loc;B Sz,0,0,0%
2/28/2026,Kentuckiana,Louisville WS - 190,SL,2BR DLX;A Vw;B Loc;B Sz,3,3,100%
2/28/2026,Kentuckiana,Louisville WS - 190,SL,2BR;A Vw;B Loc;B Sz,2,3,67%
2/28/2026,Kentuckiana,Louisville WS - 190,VIL,Patio Home Deluxe,17,17,100%
2/28/2026,Kentuckiana,Louisville WS - 190,VIL,Patio Home Standard,7.9,8,99%
2/28/2026,Kentuckiana,Louisville WS - 190,VIL,Patio Home w/ Study,32.8,33,100%
2/28/2026,Kentuckiana,New Albany AW - 105,HC,Companion,27.1,34,80%
2/28/2026,Kentuckiana,New Albany AW - 105,HC,Private,26.6,27,99%
2/28/2026,Kentuckiana,New Albany AW - 105,HC/MC,Legacy Lane - Companion,15,16,94%
2/28/2026,Kentuckiana,New Albany AW - 105,HC/MC,Legacy Lane - Private,10.6,13,80%
2/28/2026,Kentuckiana,New Albany RC - 236,AL,1 Bedroom,2.8,3,93%
2/28/2026,Kentuckiana,New Albany RC - 236,AL,1BR;A Vw;B Loc;B Sz,5,6,83%
2/28/2026,Kentuckiana,New Albany RC - 236,AL,1BR;A Vw;C Loc;B Sz,2,2,100%
2/28/2026,Kentuckiana,New Albany RC - 236,AL,1BR;B Vw;B Loc;B Sz,2.1,8,26%
2/28/2026,Kentuckiana,New Albany RC - 236,AL,1BR;B Vw;C Loc;B Sz,1,2,50%
2/28/2026,Kentuckiana,New Albany RC - 236,AL,2BR,1,2,50%
2/28/2026,Kentuckiana,New Albany RC - 236,AL,Studio DLX;A Vw;B Loc;B Sz,3.1,6,51%
2/28/2026,Kentuckiana,New Albany RC - 236,AL,Studio DLX;B Vw;B Loc;B Sz,3,6,50%
2/28/2026,Kentuckiana,New Albany RC - 236,AL,Studio;A Vw;B Loc;B Sz,2.4,4,59%
2/28/2026,Kentuckiana,New Albany RC - 236,AL,Studio;A Vw;C Loc;B Sz,0.3,2,16%
2/28/2026,Kentuckiana,New Albany RC - 236,AL,Studio;B Vw;B Loc;B Sz,8.4,11,77%
2/28/2026,Kentuckiana,New Albany RC - 236,AL,Studio;B Vw;C Loc;B Sz,4,4,100%
2/28/2026,Kentuckiana,New Albany RC - 236,AL/MC,MC-Compan;B Vw;B Loc;B Sz,2,2,100%
2/28/2026,Kentuckiana,New Albany RC - 236,AL/MC,MC-Studio;B Vw;B Loc;B Sz,20.2,21,96%
2/28/2026,Kentuckiana,New Albany RC - 236,VIL,INDEPENDENT LIVING 2 BR,13.9,16,87%
2/28/2026,Kentuckiana,New Albany SC - 5151,AL,1 BR DLX - A View - 5th FLOOR - DOUBLE,2,2,98%
2/28/2026,Kentuckiana,New Albany SC - 5151,AL,1BR - 4TH FLOOR - SINGLE,4.8,6,80%
2/28/2026,Kentuckiana,New Albany SC - 5151,AL,1BR - 5TH FLOOR - DOUBLE,4,4,100%
2/28/2026,Kentuckiana,New Albany SC - 5151,AL,1BR Alcove - Single,1,2,50%
2/28/2026,Kentuckiana,New Albany SC - 5151,AL,1BR DLX - 4TH FLOOR - DOUBLE,2,2,100%
2/28/2026,Kentuckiana,New Albany SC - 5151,AL,1BR DLX - 4TH FLOOR - SINGLE,6,7,85%
2/28/2026,Kentuckiana,New Albany SC - 5151,AL,1BR DLX - 5TH FLOOR - DOUBLE,1,1,100%
2/28/2026,Kentuckiana,New Albany SC - 5151,AL,1BR DLX - 5TH FLOOR - SINGLE,2.7,3,89%
2/28/2026,Kentuckiana,New Albany SC - 5151,AL,Studio - Private,5,6,83%
2/28/2026,Kentuckiana,New Albany SC - 5151,AL,Studio - Private Deluxe,1,2,50%
2/28/2026,Kentuckiana,New Albany SC - 5151,AL,Two BR Apt-Double,2,3,68%
2/28/2026,Kentuckiana,New Albany SC - 5151,AL,Two BR Apt-Single,0,1,4%
2/28/2026,Kentuckiana,New Albany SC - 5151,HC,Companion,19.6,24,82%
2/28/2026,Kentuckiana,New Albany SC - 5151,HC,Private,25,28,89%
2/28/2026,Kentuckiana,New Albany SC - 5151,HC,Private Deluxe,3.8,4,94%
2/28/2026,Kentuckiana,New Albany SC - 5151,VIL,1BR; 1st Fl; A Vw; 626 SqFt,0,0,0%
2/28/2026,Kentuckiana,New Albany SC - 5151,VIL,1BR; 1st Fl; B Vw; 764 SqFt,0,0,0%
2/28/2026,Kentuckiana,New Albany SC - 5151,VIL,1BR; 1st Fl; B Vw; 837 SqFt,0,0,0%
2/28/2026,Kentuckiana,New Albany SC - 5151,VIL,1BR; 1st Fl; C Vw; 738 SqFt,0,0,0%
2/28/2026,Kentuckiana,New Albany SC - 5151,VIL,1BR; 1st Fl; C Vw; 778 SqFt,0,0,0%
2/28/2026,Kentuckiana,New Albany SC - 5151,VIL,2BR; 1st Fl; A Vw; 980 SqFt,0,0,0%
2/28/2026,Kentuckiana,New Albany SC - 5151,VIL,Independent Living - 1 BR,0,0,0%
2/28/2026,Kentuckiana,New Albany SC - 5151,VIL,Independent Living - 1 BR DLX,0,0,0%
2/28/2026,Kentuckiana,New Albany SC - 5151,VIL,Independent Living - 2 BR,0,0,0%
2/28/2026,Kentuckiana,New Albany SC - 5151,VIL,Independent Living - Villa,31,36,86%
2/28/2026,Kentuckiana,New Albany SC - 5151,VIL,One BR - Cloister,1,1,100%
2/28/2026,Kentuckiana,New Albany SC - 5151,VIL,Studio; 1st Fl; B Vw; 403 SqFt,0,0,0%
2/28/2026,Kentuckiana,New Albany SC - 5151,VIL,Studio; 1st Fl; C Vw; 454 SqFt,0,0,0%
2/28/2026,Kentuckiana,New Albany SC - 5151,VIL,Two BR,1,1,100%
2/28/2026,Kentuckiana,New Albany SC - 5151,VIL,Two BR - Cloister,1,2,50%
2/28/2026,Kingston East,Hickory KRH-0563,SL,One BR - Large,5,6,83%
2/28/2026,Kingston East,Hickory KRH-0563,SL,One BR - Medium,10,11,91%
2/28/2026,Kingston East,Hickory KRH-0563,SL,One BR - Standard,66.4,80,83%
2/28/2026,Kingston East,Hickory KRH-0563,SL,Studio - Alcove,3,4,75%
2/28/2026,Kingston East,Hickory KRH-0563,SL,Studio - Efficiency,3,3,100%
2/28/2026,Kingston East,Hickory KRH-0563,SL,Studio - Hotel,6.8,10,68%
2/28/2026,Kingston East,Hickory KRH-0563,SL,Two Bedroom,6,6,100%
2/28/2026,Kingston West,Santa Fe KRS-0564,AL,One Bedroom,32.3,37,87%
2/28/2026,Kingston West,Santa Fe KRS-0564,AL,One BR - Alta Vista,3.1,4,79%
2/28/2026,Kingston West,Santa Fe KRS-0564,AL,One BR - Canyon Court,1,1,100%
2/28/2026,Kingston West,Santa Fe KRS-0564,AL,One BR - VDS,3,4,75%
2/28/2026,Kingston West,Santa Fe KRS-0564,AL,One BR Large - VDS,3,3,100%
2/28/2026,Kingston West,Santa Fe KRS-0564,AL,One BR Medium - VDS,1,1,100%
2/28/2026,Kingston West,Santa Fe KRS-0564,AL,Studio,15.3,17,90%
2/28/2026,Kingston West,Santa Fe KRS-0564,AL,Studio - Canyon Court,0.6,1,61%
2/28/2026,Kingston West,Santa Fe KRS-0564,AL,Studio - VDS,1,1,100%
2/28/2026,Kingston West,Santa Fe KRS-0564,AL,Studio Double - CC,1,1,100%
2/28/2026,Kingston West,Santa Fe KRS-0564,AL,Studio Double C size - CC,0,1,0%
2/28/2026,Kingston West,Santa Fe KRS-0564,AL,Two BR - One Bath,5,6,83%
2/28/2026,Kingston West,Santa Fe KRS-0564,AL,Two BR - Two Bath,13.1,15,87%
2/28/2026,Kingston West,Santa Fe KRS-0564,AL/MC,MC - Studio,24.4,39,63%
2/28/2026,Kingston West,Santa Fe KRS-0564,AL/MC,MC - Studio Deluxe,1,1,100%
2/28/2026,Michigan,Commerce - 503,AL,Companion,4,4,100%
2/28/2026,Michigan,Commerce - 503,AL,Studio - Private,15.9,18,88%
2/28/2026,Michigan,Commerce - 503,AL/MC,Legacy Bldng - Companion,3,3,100%
2/28/2026,Michigan,Commerce - 503,AL/MC,Legacy Bldng - Private,21.6,26,83%
2/28/2026,Michigan,Commerce - 503,HC,Companion,5.2,6,86%
2/28/2026,Michigan,Commerce - 503,HC,Private,47.5,50,95%
2/28/2026,Michigan,Commerce - 503,HC,Private Deluxe,4.6,5,92%
2/28/2026,Michigan,Commerce - 503,VIL,Independent Living - Villa 1,29.3,34,86%
2/28/2026,Michigan,East Lansing - 2507,AL,Companion,6.3,7,89%
2/28/2026,Michigan,East Lansing - 2507,AL,Studio - Private,19.4,22,88%
2/28/2026,Michigan,East Lansing - 2507,AL/MC,Legacy Bldng - Companion,4.8,6,80%
2/28/2026,Michigan,East Lansing - 2507,AL/MC,Legacy Bldng - Private,17.8,23,77%
2/28/2026,Michigan,East Lansing - 2507,HC,Companion,21.9,22,100%
2/28/2026,Michigan,East Lansing - 2507,HC,Private,40,43,93%
2/28/2026,Michigan,East Lansing - 2507,HC/MC,Legacy Lane - Companion,0,0,0%
2/28/2026,Michigan,East Lansing - 2507,HC/MC,Legacy Lane - Private,0,0,0%
2/28/2026,Michigan,Grand Blanc - 2505,AL,Companion,2.6,4,65%
2/28/2026,Michigan,Grand Blanc - 2505,AL,Studio - Private,15.1,18,84%
2/28/2026,Michigan,Grand Blanc - 2505,AL/MC,Legacy Lane - Companion,2,2,100%
2/28/2026,Michigan,Grand Blanc - 2505,AL/MC,Legacy Lane - Private,6.9,9,76%
2/28/2026,Michigan,Grand Blanc - 2505,HC,Companion,31.3,36,87%
2/28/2026,Michigan,Grand Blanc - 2505,HC,Private,26.3,28,94%
2/28/2026,Michigan,Howell - 2509,AL,Companion,4.6,5,93%
2/28/2026,Michigan,Howell - 2509,AL,Studio - Private,26.8,27,99%
2/28/2026,Michigan,Howell - 2509,AL,Studio - Private Deluxe,2,2,100%
2/28/2026,Michigan,Howell - 2509,AL/MC,MC-Compan;A Vw;B Loc;B Sz,2.3,3,75%
2/28/2026,Michigan,Howell - 2509,AL/MC,MC-Compan;A Vw;C Loc;B Sz,2.9,3,98%
2/28/2026,Michigan,Howell - 2509,AL/MC,MC-Studio;A Vw;A Loc;B Sz,3,3,105%
2/28/2026,Michigan,Howell - 2509,AL/MC,MC-Studio;A Vw;C Loc;B Sz,3,3,100%
2/28/2026,Michigan,Howell - 2509,AL/MC,MC-Studio;B Vw;A Loc;B Sz,4,4,100%
2/28/2026,Michigan,Howell - 2509,AL/MC,MC-Studio;B Vw;B Loc;B Sz,3.6,4,91%
2/28/2026,Michigan,Howell - 2509,AL/MC,MC-Studio;B Vw;C Loc;B Sz,8.4,9,93%
2/28/2026,Michigan,Howell - 2509,HC,Companion,16,16,100%
2/28/2026,Michigan,Howell - 2509,HC,Private,38.9,40,97%
2/28/2026,Michigan,Jackson - 502,AL,Companion,0,0,0%
2/28/2026,Michigan,Jackson - 502,AL/MC,Legacy Lane - Companion,0,0,0%
2/28/2026,Michigan,Lapeer - 2506,AL,Companion,3.1,4,77%
2/28/2026,Michigan,Lapeer - 2506,AL,Studio - Private,15.1,18,84%
2/28/2026,Michigan,Lapeer - 2506,AL/MC,Legacy Lane - Companion,2,2,100%
2/28/2026,Michigan,Lapeer - 2506,AL/MC,Legacy Lane - Private,5,9,56%
2/28/2026,Michigan,Lapeer - 2506,HC,Companion,33.4,34,98%
2/28/2026,Michigan,Lapeer - 2506,HC,Private,43.5,46,95%
2/28/2026,Michigan,Macomb - 2508,AL,Companion,6,6,100%
2/28/2026,Michigan,Macomb - 2508,AL,Studio - Private,22.2,28,79%
2/28/2026,Michigan,Macomb - 2508,AL/MC,Legacy Bldng - Companion,5.8,6,96%
2/28/2026,Michigan,Macomb - 2508,AL/MC,Legacy Bldng - Private,22.1,23,96%
2/28/2026,Michigan,Macomb - 2508,HC,Companion,22.8,24,95%
2/28/2026,Michigan,Macomb - 2508,HC,Private,32.7,33,99%
2/28/2026,Michigan,Novi - 2510,AL,Companion,5.3,7,76%
2/28/2026,Michigan,Novi - 2510,AL,Studio - Private,16.5,24,69%
2/28/2026,Michigan,Novi - 2510,HC,Companion,15.3,16,96%
2/28/2026,Michigan,Novi - 2510,HC,Private,35.6,37,96%
2/28/2026,Michigan,Novi - 2510,HC,Private Deluxe,0.9,1,86%
2/28/2026,Michigan,Okemos - 2504,AL,Companion,4,4,100%
2/28/2026,Michigan,Okemos - 2504,AL,Studio - Private,15.9,16,99%
2/28/2026,Michigan,Okemos - 2504,HC,Companion,21,24,87%
2/28/2026,Michigan,Okemos - 2504,HC,Private,27.5,32,86%
2/28/2026,Michigan,Okemos - 2504,HC,TCU - Companion,6,6,100%
2/28/2026,Michigan,Okemos - 2504,HC,TCU - Private,5.5,6,91%
2/28/2026,Michigan,Romeo - 2512,AL,Companion,6.9,7,99%
2/28/2026,Michigan,Romeo - 2512,AL,Studio - Private,20.7,23,90%
2/28/2026,Michigan,Romeo - 2512,AL,Studio - Private Deluxe,1,1,100%
2/28/2026,Michigan,Romeo - 2512,AL/MC,Legacy Lane - Companion,6,6,100%
2/28/2026,Michigan,Romeo - 2512,AL/MC,Legacy Lane - Private,22.6,23,98%
2/28/2026,Michigan,Romeo - 2512,HC,Companion,17.7,18,98%
2/28/2026,Michigan,Romeo - 2512,HC,Private,35.3,37,95%
2/28/2026,Michigan,Romeo SL - 527,SL,1BR;A Vw;B Loc;B Sz,11,11,100%
2/28/2026,Michigan,Romeo SL - 527,SL,1BR;B Vw;A Loc;B Sz,1,1,100%
2/28/2026,Michigan,Romeo SL - 527,SL,1BR;B Vw;B Loc;B Sz,2,2,100%
2/28/2026,Michigan,Romeo SL - 527,SL,1BR;B Vw;C Loc;B Sz,2,2,100%
2/28/2026,Michigan,Romeo SL - 527,SL,1BR;C Vw;A Loc;A Sz,2,2,100%
2/28/2026,Michigan,Romeo SL - 527,SL,1BR;C Vw;A Loc;B Sz,1,1,100%
2/28/2026,Michigan,Romeo SL - 527,SL,1BR;C Vw;B Loc;B Sz,15,15,100%
2/28/2026,Michigan,Romeo SL - 527,SL,1BR;C Vw;B Loc;C Sz,3,3,100%
2/28/2026,Michigan,Romeo SL - 527,SL,1BR;C Vw;C Loc;B Sz,16,16,100%
2/28/2026,Michigan,Romeo SL - 527,SL,1BR;C Vw;C Loc;C Sz,4,4,100%
2/28/2026,Michigan,Romeo SL - 527,SL,2BR;A Vw;B Loc;B Sz,1,1,100%
2/28/2026,Michigan,Romeo SL - 527,SL,2BR;B Vw;A Loc;B Sz,1,1,100%
2/28/2026,Michigan,Romeo SL - 527,SL,2BR;C Vw;A Loc;C Sz,1,1,100%
2/28/2026,Michigan,Romeo SL - 527,SL,Studio Dlx;C Vw;A Loc;B Sz,3,3,100%
2/28/2026,Michigan,Romeo SL - 527,SL,Studio Dlx;C Vw;C Loc;B Sz,4,4,100%
2/28/2026,Michigan,Romeo SL - 527,SL,Studio;B Vw;B Loc;A Sz,3,3,100%
2/28/2026,Michigan,Romeo SL - 527,SL,Studio;B Vw;B Loc;B Sz,1,1,100%
2/28/2026,Michigan,Romeo SL - 527,SL,Studio;B Vw;C Loc;A Sz,1,1,100%
2/28/2026,Michigan,Romeo SL - 527,SL,Studio;B Vw;C Loc;B Sz,3,3,100%
2/28/2026,Michigan,Romeo SL - 527,SL,Studio;C Vw;B Loc;A Sz,2,2,100%
2/28/2026,Michigan,Romeo SL - 527,SL,Studio;C Vw;C Loc;A Sz,2,2,100%
2/28/2026,North Central Indiana,Anderson - 112,AL,Companion,2,2,100%
2/28/2026,North Central Indiana,Anderson - 112,AL,Studio - Double 300 SQ FT,4.5,5,89%
2/28/2026,North Central Indiana,Anderson - 112,AL,Studio - Double 330 SQ FT,5,6,83%
2/28/2026,North Central Indiana,Anderson - 112,AL,Studio 300 SQ FT,12.7,14,91%
2/28/2026,North Central Indiana,Anderson - 112,AL,Studio 330 SQ FT,0,0,0%
2/28/2026,North Central Indiana,Anderson - 112,AL/MC,Legacy Bldng - Companion,2.3,4,57%
2/28/2026,North Central Indiana,Anderson - 112,AL/MC,Legacy Bldng - Private,14.8,17,87%
2/28/2026,North Central Indiana,Anderson - 112,HC,Companion,24.3,25,97%
2/28/2026,North Central Indiana,Anderson - 112,HC,Private,31.3,36,88%
2/28/2026,North Central Indiana,Anderson - 112,HC/MC,Legacy Lane - Companion,4,4,100%
2/28/2026,North Central Indiana,Anderson - 112,HC/MC,Legacy Lane - Private,5.3,6,88%
2/28/2026,North Central Indiana,Anderson - 112,VIL,Independent Living - Villa,21,25,84%
2/28/2026,North Central Indiana,Crawfordsville - 5167,AL,Companion,0,0,0%
2/28/2026,North Central Indiana,Crawfordsville - 5167,AL,One BR Apt-Double,3,4,75%
2/28/2026,North Central Indiana,Crawfordsville - 5167,AL,One BR Apt-Single,4,4,100%
2/28/2026,North Central Indiana,Crawfordsville - 5167,AL,Studio - Double,6,6,100%
2/28/2026,North Central Indiana,Crawfordsville - 5167,AL,Studio - Private,11.5,12,96%
2/28/2026,North Central Indiana,Crawfordsville - 5167,AL,Studio Deluxe - Double,4,4,100%
2/28/2026,North Central Indiana,Crawfordsville - 5167,AL/MC,MC - Companion,1,1,100%
2/28/2026,North Central Indiana,Crawfordsville - 5167,AL/MC,MC - Studio - Private,13.8,14,98%
2/28/2026,North Central Indiana,Crawfordsville - 5167,AL/MC,MC - Studio Double,1,1,100%
2/28/2026,North Central Indiana,Crawfordsville - 5167,HC,Companion,20.3,22,92%
2/28/2026,North Central Indiana,Crawfordsville - 5167,HC,Private,33.8,37,91%
2/28/2026,North Central Indiana,Delphi - 2134,AL,Compan;A Vw;B Loc;B Sz,1,1,100%
2/28/2026,North Central Indiana,Delphi - 2134,AL,Compan;A Vw;C Loc;B Sz,3,3,100%
2/28/2026,North Central Indiana,Delphi - 2134,AL,Compan;B Vw;C Loc;B Sz,2,2,100%
2/28/2026,North Central Indiana,Delphi - 2134,AL,Studio - Double:B Vw:C Loc;B Sz,1,1,100%
2/28/2026,North Central Indiana,Delphi - 2134,AL,Studio - Double;A Vw;A Loc;B Sz,4,4,99%
2/28/2026,North Central Indiana,Delphi - 2134,AL,Studio - Double;A Vw;B Loc;B Sz,1,1,100%
2/28/2026,North Central Indiana,Delphi - 2134,AL,Studio - Double;A Vw;C Loc;B Sz,1,1,100%
2/28/2026,North Central Indiana,Delphi - 2134,AL,Studio - Double;B Vw;A Loc;B Sz,1,2,50%
2/28/2026,North Central Indiana,Delphi - 2134,AL,Studio - Double;B Vw;B Loc;B Sz,1,1,100%
2/28/2026,North Central Indiana,Delphi - 2134,AL,Studio;A Vw;C Loc;B Sz,1,4,25%
2/28/2026,North Central Indiana,Delphi - 2134,AL,Studio;B Vw;B Loc;B Sz,0,1,4%
2/28/2026,North Central Indiana,Delphi - 2134,AL,Studio;B Vw;C Loc;B Sz,5,5,100%
2/28/2026,North Central Indiana,Delphi - 2134,HC,Companion,37.7,39,97%
2/28/2026,North Central Indiana,Delphi - 2134,HC,Private,6.8,10,68%
2/28/2026,North Central Indiana,Delphi - 2134,HC,Private Dlx - Renovated,3.3,6,54%
2/28/2026,North Central Indiana,Delphi - 2134,HC,TCU - Private,4.5,7,64%
2/28/2026,North Central Indiana,Kokomo WK - 5168,AL,One BR Apt-Double,5,5,100%
2/28/2026,North Central Indiana,Kokomo WK - 5168,AL,One BR Apt-Single,3,3,100%
2/28/2026,North Central Indiana,Kokomo WK - 5168,AL,Studio - Double,1,1,100%
2/28/2026,North Central Indiana,Kokomo WK - 5168,AL,Studio - Private,16.6,17,97%
2/28/2026,North Central Indiana,Kokomo WK - 5168,AL,Studio - Private Deluxe,4,4,100%
2/28/2026,North Central Indiana,Kokomo WK - 5168,HC,Companion,8,8,100%
2/28/2026,North Central Indiana,Kokomo WK - 5168,HC,Private,49.4,62,80%
2/28/2026,North Central Indiana,Kokomo WP - 106,AL,Companion,1.9,2,95%
2/28/2026,North Central Indiana,Kokomo WP - 106,AL,Studio - Double,1.6,2,79%
2/28/2026,North Central Indiana,Kokomo WP - 106,AL,Studio - Private,17.8,18,99%
2/28/2026,North Central Indiana,Kokomo WP - 106,AL/MC,Legacy Bldng - Companion,1.5,3,49%
2/28/2026,North Central Indiana,Kokomo WP - 106,AL/MC,Legacy Bldng - Private,16.6,18,92%
2/28/2026,North Central Indiana,Kokomo WP - 106,HC,Companion,50.8,58,88%
2/28/2026,North Central Indiana,Kokomo WP - 106,HC,Private,15.1,17,89%
2/28/2026,North Central Indiana,Kokomo WP - 106,HC,Private Deluxe,2,2,100%
2/28/2026,North Central Indiana,Kokomo WP - 106,HC/MC,Legacy Lane - Companion,3,4,75%
2/28/2026,North Central Indiana,Kokomo WP - 106,HC/MC,Legacy Lane - Private,6,6,100%
2/28/2026,North Central Indiana,Kokomo WP - 106,VIL,Independent Living - Villa 1,15.9,22,72%
2/28/2026,North Central Indiana,Kokomo WP - 106,VIL,Villa 1 BR,6,10,60%
2/28/2026,North Central Indiana,Kokomo WP - 106,VIL,Villa 2 BR,10.8,12,90%
2/28/2026,North Central Indiana,Lafayette CS - 133,AL,Companion,5.9,6,98%
2/28/2026,North Central Indiana,Lafayette CS - 133,AL,Studio - Private,27.3,28,98%
2/28/2026,North Central Indiana,Lafayette CS - 133,AL/MC,Legacy Bldng - Companion,0.2,1,21%
2/28/2026,North Central Indiana,Lafayette CS - 133,AL/MC,Legacy Bldng - Private,18.8,19,99%
2/28/2026,North Central Indiana,Lafayette CS - 133,AL/MC,Legacy Bldng - Studio,1,1,100%
2/28/2026,North Central Indiana,Lafayette CS - 133,HC,Companion,25,26,96%
2/28/2026,North Central Indiana,Lafayette CS - 133,HC,Private,30,35,86%
2/28/2026,North Central Indiana,Lafayette CS - 133,HC/MC,Legacy Lane - Companion,3.4,4,85%
2/28/2026,North Central Indiana,Lafayette CS - 133,HC/MC,Legacy Lane - Private,6,6,100%
2/28/2026,North Central Indiana,Lafayette CS - 133,VIL,Independent Living - 2BR,24,24,100%
2/28/2026,North Central Indiana,Lafayette SL - 5162,AL,Companion,0,0,0%
2/28/2026,North Central Indiana,Lafayette SL - 5162,AL,One BR Apt-Double,8,8,100%
2/28/2026,North Central Indiana,Lafayette SL - 5162,AL,Studio - Double,1,1,100%
2/28/2026,North Central Indiana,Lafayette SL - 5162,AL,Studio - Private,13,13,100%
2/28/2026,North Central Indiana,Lafayette SL - 5162,AL,Studio - Private Deluxe,3.8,4,96%
2/28/2026,North Central Indiana,Lafayette SL - 5162,AL,Studio Executive Deluxe - Double,4,4,100%
2/28/2026,North Central Indiana,Lafayette SL - 5162,AL/MC,MC - Companion,1,1,100%
2/28/2026,North Central Indiana,Lafayette SL - 5162,AL/MC,MC - Studio - Private,11.8,12,99%
2/28/2026,North Central Indiana,Lafayette SL - 5162,HC,Companion,16.9,18,94%
2/28/2026,North Central Indiana,Lafayette SL - 5162,HC,Private,29,36,81%
2/28/2026,North Central Indiana,Lafayette SL - 5162,HC,Private Deluxe,4.7,6,79%
2/28/2026,North Central Indiana,Lafayette SM - 2136,HC,Companion,25.4,26,98%
2/28/2026,North Central Indiana,Lafayette SM - 2136,HC,Private,13.2,15,88%
2/28/2026,North Central Indiana,Lafayette SM - 2136,HC/MC,Legacy Lane - Companion,25.8,26,99%
2/28/2026,North Central Indiana,Lafayette SM - 2136,HC/MC,Legacy Lane - Private,3,3,100%
2/28/2026,North Central Indiana,Lebanon - 104,AL,Companion,3,3,100%
2/28/2026,North Central Indiana,Lebanon - 104,AL,Companion - Single,1,1,100%
2/28/2026,North Central Indiana,Lebanon - 104,AL,Studio - Companion,1,1,100%
2/28/2026,North Central Indiana,Lebanon - 104,AL,Studio - Private,2.9,3,95%
2/28/2026,North Central Indiana,Lebanon - 104,AL,Studio - Private - A Location,6,6,100%
2/28/2026,North Central Indiana,Lebanon - 104,AL,Studio - Private - End of Hall,7.4,8,92%
2/28/2026,North Central Indiana,Lebanon - 104,AL/MC,Legacy Lane - Companion,2,2,100%
2/28/2026,North Central Indiana,Lebanon - 104,AL/MC,Legacy Lane - Private,9,9,100%
2/28/2026,North Central Indiana,Lebanon - 104,HC,Companion,36.8,42,88%
2/28/2026,North Central Indiana,Lebanon - 104,HC,Private,19.5,26,75%
2/28/2026,North Central Indiana,Muncie - 128,AL,1BR;A Vw;B Loc;B Sz,1.3,2,66%
2/28/2026,North Central Indiana,Muncie - 128,AL,1BR;B Vw;B Loc;A Sz,1,1,100%
2/28/2026,North Central Indiana,Muncie - 128,AL,1BR;B Vw;B Loc;B Sz,1,1,100%
2/28/2026,North Central Indiana,Muncie - 128,AL,Compan;A Vw;B Loc;B Sz,3,3,100%
2/28/2026,North Central Indiana,Muncie - 128,AL,Companion,4,4,100%
2/28/2026,North Central Indiana,Muncie - 128,AL,Studio - Companion,1,1,100%
2/28/2026,North Central Indiana,Muncie - 128,AL,Studio - Private,13.8,17,81%
2/28/2026,North Central Indiana,Muncie - 128,AL,Studio;A Vw;B Loc;B Sz,2,2,100%
2/28/2026,North Central Indiana,Muncie - 128,AL,Studio;B Vw;B Loc;B Sz,2,2,100%
2/28/2026,North Central Indiana,Muncie - 128,AL/MC,Legacy Lane - Private,0,0,0%
2/28/2026,North Central Indiana,Muncie - 128,AL/MC,MC-Compan;A Vw;B Loc;B Sz,2.9,3,98%
2/28/2026,North Central Indiana,Muncie - 128,AL/MC,MC-Compan;A Vw;C Loc;B Sz,3,3,100%
2/28/2026,North Central Indiana,Muncie - 128,AL/MC,MC-Studio;A Vw;A Loc;B Sz,4,4,100%
2/28/2026,North Central Indiana,Muncie - 128,AL/MC,MC-Studio;A Vw;B Loc;B Sz,2,2,100%
2/28/2026,North Central Indiana,Muncie - 128,AL/MC,MC-Studio;A Vw;C Loc;B Sz,4,4,100%
2/28/2026,North Central Indiana,Muncie - 128,AL/MC,MC-Studio;B Vw;A Loc;B Sz,2,2,100%
2/28/2026,North Central Indiana,Muncie - 128,AL/MC,MC-Studio;B Vw;B Loc;B Sz,2.6,3,86%
2/28/2026,North Central Indiana,Muncie - 128,AL/MC,MC-Studio;B Vw;C Loc;B Sz,8,8,100%
2/28/2026,North Central Indiana,Muncie - 128,HC,Companion,28.7,32,90%
2/28/2026,North Central Indiana,Muncie - 128,HC,Private,10.5,11,95%
2/28/2026,North Central Indiana,Muncie - 128,HC,TCU - Companion,0,0,0%
2/28/2026,North Central Indiana,Muncie - 128,HC,TCU - Private,9.7,11,88%
2/28/2026,North Central Indiana,Muncie - 128,HC/MC,MC - Companion,4,4,100%
2/28/2026,North Central Indiana,Muncie - 128,HC/MC,MC- Private,7.4,8,92%
2/28/2026,North Central Indiana,Muncie - 128,VIL,IL - Villa - 2BR;A Loc,10,10,100%
2/28/2026,North Central Indiana,Muncie - 128,VIL,IL - Villa - 2BR;B Loc,7.4,8,93%
2/28/2026,North Central Indiana,Muncie - 128,VIL,IL - Villa - 2BR;C Loc,11.9,12,99%
2/28/2026,North Central Indiana,Noblesville - 141,AL,Companion,7,7,100%
2/28/2026,North Central Indiana,Noblesville - 141,AL,Studio - Private,25.9,27,96%
2/28/2026,North Central Indiana,Noblesville - 141,AL/MC,Legacy Bldng - Companion,2,3,67%
2/28/2026,North Central Indiana,Noblesville - 141,AL/MC,Legacy Bldng - Private,25.4,26,98%
2/28/2026,North Central Indiana,Noblesville - 141,HC,Companion,23.9,24,99%
2/28/2026,North Central Indiana,Noblesville - 141,HC,Private,20.4,21,97%
2/28/2026,North Central Indiana,Noblesville - 141,HC,TCU - Companion,2,2,100%
2/28/2026,North Central Indiana,Noblesville - 141,HC,TCU - Private,13.4,14,95%
2/28/2026,North Central Indiana,West Lafayette - 2135,AL,Companion,3,5,60%
2/28/2026,North Central Indiana,West Lafayette - 2135,AL,One BR Apt Deluxe-Double,7,6,117%
2/28/2026,North Central Indiana,West Lafayette - 2135,AL,One BR Apt Deluxe-Single,10,10,100%
2/28/2026,North Central Indiana,West Lafayette - 2135,AL,One BR Apt-Double,1,1,100%
2/28/2026,North Central Indiana,West Lafayette - 2135,AL,One BR Apt-Single,5.1,6,86%
2/28/2026,North Central Indiana,West Lafayette - 2135,AL,Studio 234 SQ FT,3,4,75%
2/28/2026,North Central Indiana,West Lafayette - 2135,AL,Studio 299 SQ FT,12.4,16,77%
2/28/2026,North Central Indiana,West Lafayette - 2135,AL,Studio 315 SQ FT,12.2,14,87%
2/28/2026,North Central Indiana,West Lafayette - 2135,AL,Studio 315 SQ FT - Double,1,1,100%
2/28/2026,North Central Indiana,West Lafayette - 2135,HC,Companion,49.4,58,85%
2/28/2026,North Central Indiana,West Lafayette - 2135,HC,Private,11.1,13,85%
2/28/2026,North IN & Kingston,Ashland KOA-0554,HC,Companion,42.7,46,93%
2/28/2026,North IN & Kingston,Ashland KOA-0554,HC,Companion Deluxe,9.3,16,58%
2/28/2026,North IN & Kingston,Ashland KOA-0554,HC,Private,16.8,18,93%
2/28/2026,North IN & Kingston,Ashland KOA-0554,HC,Private - Rehab,11.9,13,91%
2/28/2026,North IN & Kingston,Ashland KOA-0554,HC,Private Deluxe - Rehab,11.1,17,66%
2/28/2026,North IN & Kingston,Elkhart - 132,AL,One BR Apt-Double,10,10,100%
2/28/2026,North IN & Kingston,Elkhart - 132,AL,One BR Apt-Single,4,4,100%
2/28/2026,North IN & Kingston,Elkhart - 132,AL,Studio - Companion,0,0,0%
2/28/2026,North IN & Kingston,Elkhart - 132,AL,Studio - Private,18.2,20,91%
2/28/2026,North IN & Kingston,Elkhart - 132,AL,"Studio - Private - Small (B01,B05)",1.6,2,80%
2/28/2026,North IN & Kingston,Elkhart - 132,AL/MC,Legacy Lane - Companion,2,2,100%
2/28/2026,North IN & Kingston,Elkhart - 132,AL/MC,Legacy Lane - Private,10.8,12,90%
2/28/2026,North IN & Kingston,Elkhart - 132,HC,Companion,19.3,20,96%
2/28/2026,North IN & Kingston,Elkhart - 132,HC,Private,38.2,40,96%
2/28/2026,North IN & Kingston,Fort Wayne KHC-0551,HC,Companion,39,50,78%
2/28/2026,North IN & Kingston,Fort Wayne KHC-0551,HC,Companion Deluxe,23.1,32,72%
2/28/2026,North IN & Kingston,Fort Wayne KHC-0551,HC,Private,25.5,33,77%
2/28/2026,North IN & Kingston,Fort Wayne KHC-0551,HC/MC,MC - Companion,15,18,83%
2/28/2026,North IN & Kingston,Fort Wayne KHC-0551,HC/MC,MC - Private,2.5,4,63%
2/28/2026,North IN & Kingston,Fort Wayne KOD-0553,AL/MC,MC - Companion,11,11,100%
2/28/2026,North IN & Kingston,Fort Wayne KOD-0553,AL/MC,MC - Studio,18.6,23,81%
2/28/2026,North IN & Kingston,Fort Wayne KSL-0552,AL,One Bedroom,23.4,27,87%
2/28/2026,North IN & Kingston,Fort Wayne KSL-0552,AL,Studio,25.2,26,97%
2/28/2026,North IN & Kingston,Fort Wayne KSL-0552,AL,Studio Deluxe,7.1,9,79%
2/28/2026,North IN & Kingston,Goshen MW - 124,HC,Companion,37.6,39,97%
2/28/2026,North IN & Kingston,Goshen MW - 124,HC,Private,14.5,15,97%
2/28/2026,North IN & Kingston,Goshen MW - 124,HC,TCU - Companion,1,1,96%
2/28/2026,North IN & Kingston,Goshen MW - 124,HC,TCU - Private,13.6,15,91%
2/28/2026,North IN & Kingston,Goshen MW - 124,HC/MC,MC - Companion,6.7,8,84%
2/28/2026,North IN & Kingston,Goshen MW - 124,HC/MC,MC - Studio - Private,5.7,6,95%
2/28/2026,North IN & Kingston,Goshen SL - 2184,AL,One BR + Den-Double,2,2,100%
2/28/2026,North IN & Kingston,Goshen SL - 2184,AL,One BR + Den-Single,1,1,100%
2/28/2026,North IN & Kingston,Goshen SL - 2184,AL,One BR 571 SQ FT-Single,3,3,100%
2/28/2026,North IN & Kingston,Goshen SL - 2184,AL,One BR 591 SQ FT-Double,1,1,100%
2/28/2026,North IN & Kingston,Goshen SL - 2184,AL,One BR 605 SQ FT-Double,1,1,100%
2/28/2026,North IN & Kingston,Goshen SL - 2184,AL,One BR 605 SQ FT-Single,1,1,100%
2/28/2026,North IN & Kingston,Goshen SL - 2184,AL,One BR 608 SQ FT-Double,2,2,100%
2/28/2026,North IN & Kingston,Goshen SL - 2184,AL,One BR 608 SQ FT-Single,3,3,100%
2/28/2026,North IN & Kingston,Goshen SL - 2184,AL,One BR 621 SQ FT-Double,0,0,0%
2/28/2026,North IN & Kingston,Goshen SL - 2184,AL,One BR 621 SQ FT-Single,0.6,1,61%
2/28/2026,North IN & Kingston,Goshen SL - 2184,AL,One BR 624 SQ FT-Double,1,1,100%
2/28/2026,North IN & Kingston,Goshen SL - 2184,AL,One BR 624 SQ FT-Single,1,1,100%
2/28/2026,North IN & Kingston,Goshen SL - 2184,AL,One BR 639 SQ FT-Double,2,2,100%
2/28/2026,North IN & Kingston,Goshen SL - 2184,AL,One BR 639 SQ FT-Single,4,4,100%
2/28/2026,North IN & Kingston,Goshen SL - 2184,AL,One BR 652 SQ FT-Double,0,0,0%
2/28/2026,North IN & Kingston,Goshen SL - 2184,AL,One BR 652 SQ FT-Single,2,2,100%
2/28/2026,North IN & Kingston,Goshen SL - 2184,AL,One BR 686 SQ FT-Double,1,1,100%
2/28/2026,North IN & Kingston,Goshen SL - 2184,AL,One BR Balcony-Double,1,1,100%
2/28/2026,North IN & Kingston,Goshen SL - 2184,AL,One BR Balcony-Single,1,1,100%
2/28/2026,North IN & Kingston,Goshen SL - 2184,AL,One BR Deluxe 668 SQ FT-Double,3,3,100%
2/28/2026,North IN & Kingston,Goshen SL - 2184,AL,One BR Deluxe 668 SQ FT-Single,1,1,100%
2/28/2026,North IN & Kingston,Goshen SL - 2184,AL,One BR Deluxe 711 SQ FT-Double,0,0,0%
2/28/2026,North IN & Kingston,Goshen SL - 2184,AL,One BR Deluxe 711 SQ FT-Single,2,2,100%
2/28/2026,North IN & Kingston,Goshen SL - 2184,AL,One BR Patio-Double,0,0,0%
2/28/2026,North IN & Kingston,Goshen SL - 2184,AL,One BR Patio-Single,2,2,100%
2/28/2026,North IN & Kingston,Goshen SL - 2184,AL,One BR V 605 SQ FT-Double,2,2,100%
2/28/2026,North IN & Kingston,Goshen SL - 2184,AL,Studio 323 SQ FT,1,1,100%
2/28/2026,North IN & Kingston,Goshen SL - 2184,AL,Studio 372 SQ FT,3.1,4,79%
2/28/2026,North IN & Kingston,Goshen SL - 2184,AL,Studio 376 SQ FT,2,2,100%
2/28/2026,North IN & Kingston,Goshen SL - 2184,AL,Studio 391 SQ FT,7.9,8,98%
2/28/2026,North IN & Kingston,Goshen SL - 2184,AL,Studio 440 SQ FT,1,1,100%
2/28/2026,North IN & Kingston,Goshen SL - 2184,AL,Studio 449 SQ FT,1,1,100%
2/28/2026,North IN & Kingston,Goshen SL - 2184,AL,Studio 452 SQ FT,0.5,1,54%
2/28/2026,North IN & Kingston,Goshen SL - 2184,AL,Studio P 449 SQ FT,2,2,100%
2/28/2026,North IN & Kingston,Goshen SL - 2184,AL,Studio V 449 SQ FT,2,2,100%
2/28/2026,North IN & Kingston,Goshen SL - 2184,AL,Two BR 1036 SQ FT-Double,5,5,100%
2/28/2026,North IN & Kingston,Goshen SL - 2184,AL,Two BR 1036 SQ FT-Single,2,2,100%
2/28/2026,North IN & Kingston,Goshen SL - 2184,AL,Two BR 928 SQ FT-Double,1,1,100%
2/28/2026,North IN & Kingston,Goshen SL - 2184,AL,Two BR 928 SQ FT-Single,1,1,100%
2/28/2026,North IN & Kingston,Goshen SL - 2184,AL/MC,Legacy Lane - Studio 374 SQ FT,4,4,100%
2/28/2026,North IN & Kingston,Goshen SL - 2184,AL/MC,Legacy Lane - Studio 382 SQ FT,4,4,100%
2/28/2026,North IN & Kingston,Goshen SL - 2184,AL/MC,Legacy Lane - Studio 401 SQ FT,2,2,100%
2/28/2026,North IN & Kingston,Goshen SL - 2184,AL/MC,Legacy Lane - Studio 408 SQ FT,1,1,100%
2/28/2026,North IN & Kingston,Goshen SL - 2184,SL,One BR 608 SQ FT-Single,0,0,0%
2/28/2026,North IN & Kingston,Goshen SL - 2184,SL,One BR 621 SQ FT - Single,0,0,0%
2/28/2026,North IN & Kingston,Goshen SL - 2184,SL,One BR 624 SQ FT - Double,0,0,0%
2/28/2026,North IN & Kingston,Goshen SL - 2184,SL,One BR 686 SQ FT - Double,0,0,0%
2/28/2026,North IN & Kingston,Goshen SL - 2184,SL,One BR Deluxe 711 SQ FT - Single,0,0,0%
2/28/2026,North IN & Kingston,Goshen SL - 2184,SL,Studio 372 SQ FT,0,0,0%
2/28/2026,North IN & Kingston,Goshen SL - 2184,SL,Studio 376 SQ FT,0,0,0%
2/28/2026,North IN & Kingston,Goshen SL - 2184,SL,Studio 391 SQ FT,0,0,0%
2/28/2026,North IN & Kingston,Goshen SL - 2184,SL,Studio 440 SQ FT,0,0,0%
2/28/2026,North IN & Kingston,Goshen SL - 2184,SL,Studio 452 SQ FT,0,0,0%
2/28/2026,North IN & Kingston,Goshen SL - 2184,SL,Studio P 449 SQ FT,0,0,0%
2/28/2026,North IN & Kingston,Kendallville - 2185,AL,Companion,3.6,4,90%
2/28/2026,North IN & Kingston,Kendallville - 2185,AL,Studio - Private,15,15,100%
2/28/2026,North IN & Kingston,Kendallville - 2185,AL/MC,Legacy Lane - Companion,3,3,100%
2/28/2026,North IN & Kingston,Kendallville - 2185,AL/MC,Legacy Lane - Private,8,8,100%
2/28/2026,North IN & Kingston,Kendallville - 2185,HC,Companion,22.5,24,94%
2/28/2026,North IN & Kingston,Kendallville - 2185,HC,Private,29.6,34,87%
2/28/2026,North IN & Kingston,Marion KOM-0555,AL,Companion,10,11,91%
2/28/2026,North IN & Kingston,Marion KOM-0555,AL,One Bedroom,41,60,68%
2/28/2026,North IN & Kingston,Marion KOM-0555,AL,Two BR - One Bath,1.1,4,28%
2/28/2026,North IN & Kingston,Marion KOM-0555,AL,Two BR - Two Bath,3.7,6,62%
2/28/2026,North IN & Kingston,Marion KOM-0555,AL/MC,MC - Studio,25.3,32,79%
2/28/2026,North IN & Kingston,Miamisburg KOM-0556,HC,Companion,60.4,74,82%
2/28/2026,North IN & Kingston,Miamisburg KOM-0556,HC,Companion Deluxe,15.8,24,66%
2/28/2026,North IN & Kingston,Miamisburg KOM-0556,HC,Companion Rehab,1.6,4,39%
2/28/2026,North IN & Kingston,Miamisburg KOM-0556,HC,Private,6.4,7,92%
2/28/2026,North IN & Kingston,Miamisburg KOM-0556,HC,Private Deluxe,3.4,4,86%
2/28/2026,North IN & Kingston,Miamisburg KOM-0556,HC,Private Deluxe - E Hall,0,0,0%
2/28/2026,North IN & Kingston,Perrysburg KHC-0557,HC,Companion,2.5,4,63%
2/28/2026,North IN & Kingston,Perrysburg KHC-0557,HC,Private,49.6,52,95%
2/28/2026,North IN & Kingston,Perrysburg KHC-0557,HC,Private Deluxe,5.6,6,93%
2/28/2026,North IN & Kingston,Perrysburg KSL-0558,AL,2 FL One Bedroom,15.5,16,100%
2/28/2026,North IN & Kingston,Perrysburg KSL-0558,AL,2 FL Studio,26.1,26,100%
2/28/2026,North IN & Kingston,Perrysburg KSL-0558,AL,2 FL Two Bedroom,1,1,100%
2/28/2026,North IN & Kingston,Perrysburg KSL-0558,AL,One Bedroom,7.3,8,91%
2/28/2026,North IN & Kingston,Perrysburg KSL-0558,AL,Studio,2,2,100%
2/28/2026,North IN & Kingston,Perrysburg KSL-0558,AL,Two Bedroom,1,1,100%
2/28/2026,North IN & Kingston,Perrysburg KSL-0558,AL/MC,MC - Studio,21.6,25,87%
2/28/2026,North IN & Kingston,Perrysburg KSL-0558,AL/MC,MC - Studio Deluxe,7.2,9,80%
2/28/2026,North IN & Kingston,Perrysburg KSL-0558,SL,2 FL One Bedroom,0,1,0%
2/28/2026,North IN & Kingston,Perrysburg KSL-0558,SL,2 FL Studio,0,2,0%
2/28/2026,North IN & Kingston,Sylvania KHC-0559,HC,Companion,51.3,54,95%
2/28/2026,North IN & Kingston,Sylvania KHC-0559,HC,Companion Rehab,24.1,26,93%
2/28/2026,North IN & Kingston,Sylvania KHC-0559,HC,Private,26,26,100%
2/28/2026,North IN & Kingston,Sylvania KHC-0559,HC,Private Deluxe,1,1,96%
2/28/2026,North IN & Kingston,Sylvania KHC-0559,HC,Private Rehab,19,20,95%
2/28/2026,North IN & Kingston,Sylvania KSL-0560,AL,2 FL Studio,6,6,100%
2/28/2026,North IN & Kingston,Sylvania KSL-0560,AL,2 FL Studio Deluxe,2,2,100%
2/28/2026,North IN & Kingston,Sylvania KSL-0560,AL,2 FL Two BR - Large,2,2,100%
2/28/2026,North IN & Kingston,Sylvania KSL-0560,AL,2FL One BR - Large,2,3,67%
2/28/2026,North IN & Kingston,Sylvania KSL-0560,AL,2FL One BR - Medium,15.9,16,99%
2/28/2026,North IN & Kingston,Sylvania KSL-0560,AL,2FL One BR - Small,2,4,50%
2/28/2026,North IN & Kingston,Sylvania KSL-0560,AL,2FL Two BR - Medium,1,1,100%
2/28/2026,North IN & Kingston,Sylvania KSL-0560,AL,Companion - CL,2,2,100%
2/28/2026,North IN & Kingston,Sylvania KSL-0560,AL,One Bedroom - CL,2,2,100%
2/28/2026,North IN & Kingston,Sylvania KSL-0560,AL,One BR - Large,3,3,100%
2/28/2026,North IN & Kingston,Sylvania KSL-0560,AL,One BR - Medium,15.3,16,96%
2/28/2026,North IN & Kingston,Sylvania KSL-0560,AL,Studio,8.5,11,78%
2/28/2026,North IN & Kingston,Sylvania KSL-0560,AL,Studio - Alcove,2,2,100%
2/28/2026,North IN & Kingston,Sylvania KSL-0560,AL,Studio - CL,21.8,24,91%
2/28/2026,North IN & Kingston,Sylvania KSL-0560,AL,Studio Deluxe,2,4,50%
2/28/2026,North IN & Kingston,Sylvania KSL-0560,AL,Studio Deluxe - CL,2,2,100%
2/28/2026,North IN & Kingston,Sylvania KSL-0560,AL,Studio Double - CL,1,1,100%
2/28/2026,North IN & Kingston,Sylvania KSL-0560,AL,Two BR - Large,3,3,100%
2/28/2026,North IN & Kingston,Sylvania KSL-0560,AL/MC,MC - Companion,2,2,100%
2/28/2026,North IN & Kingston,Sylvania KSL-0560,AL/MC,MC - Studio,24.1,25,96%
2/28/2026,North IN & Kingston,Sylvania KSL-0560,AL/MC,MC - Studio Deluxe,2,2,100%
2/28/2026,North IN & Kingston,Sylvania KSL-0560,SL,2 FL Studio,0,6,0%
2/28/2026,North IN & Kingston,Sylvania KSL-0560,SL,2 FL Studio - Alcove,0,2,0%
2/28/2026,North IN & Kingston,Sylvania KSL-0560,SL,2 FL Studio Deluxe,0,3,0%
2/28/2026,North IN & Kingston,Sylvania KSL-0560,SL,2 FL Two BR - Large,0,0,0%
2/28/2026,North IN & Kingston,Vermilion KHC-0561,HC,Companion,37.1,50,74%
2/28/2026,North IN & Kingston,Vermilion KHC-0561,HC,Companion Deluxe,13,14,93%
2/28/2026,North IN & Kingston,Vermilion KHC-0561,HC,Companion Rehab,16.8,22,76%
2/28/2026,North IN & Kingston,Vermilion KHC-0561,HC,Private,14.7,16,92%
2/28/2026,North IN & Kingston,Vermilion KHC-0561,HC/MC,MC - Companion,16,16,100%
2/28/2026,North IN & Kingston,Vermilion KHC-0561,HC/MC,MC - Private,2,2,100%
2/28/2026,North IN & Kingston,Vermilion KSL-0562,AL,One Bedroom,3.7,4,93%
2/28/2026,North IN & Kingston,Vermilion KSL-0562,AL,Studio,9,10,90%
2/28/2026,North IN & Kingston,Vermilion KSL-0562,AL,Studio - Double,19,22,86%
2/28/2026,North IN & Kingston,Vermilion KSL-0562,AL,Two Bedroom,7,12,58%
2/28/2026,North Ohio,Bellevue - 414,AL,Companion,4,4,100%
2/28/2026,North Ohio,Bellevue - 414,AL,Studio - Private,17.9,18,99%
2/28/2026,North Ohio,Bellevue - 414,AL/MC,Legacy Lane - Companion,1.8,2,88%
2/28/2026,North Ohio,Bellevue - 414,AL/MC,Legacy Lane - Private,8.5,9,94%
2/28/2026,North Ohio,Bellevue - 414,HC,Companion,21.9,22,99%
2/28/2026,North Ohio,Bellevue - 414,HC,Private,36.9,38,97%
2/28/2026,North Ohio,Bellevue - 414,VIL,Independent Living - Villa,22.6,24,94%
2/28/2026,North Ohio,Bowling Green - 443,AL,2 FL 1BR;C Vw;C Loc;C Sz,1,1,100%
2/28/2026,North Ohio,Bowling Green - 443,AL,2 FL Studio;C Vw;B Loc;B Sz,1,1,100%
2/28/2026,North Ohio,Bowling Green - 443,AL,Compan;A Vw;C Loc;B Sz,2,2,100%
2/28/2026,North Ohio,Bowling Green - 443,AL,Compan;C Vw;C Loc;B Sz,2,2,100%
2/28/2026,North Ohio,Bowling Green - 443,AL,Studio;A Vw;A Loc;B Sz,3,3,100%
2/28/2026,North Ohio,Bowling Green - 443,AL,Studio;A Vw;C Loc;B Sz,9,10,90%
2/28/2026,North Ohio,Bowling Green - 443,AL,Studio;C Vw;C Loc;B Sz,2,2,100%
2/28/2026,North Ohio,Bowling Green - 443,AL/MC,MC-Compan;A Vw;C Loc;B Sz,2,2,100%
2/28/2026,North Ohio,Bowling Green - 443,AL/MC,MC-Compan;C Vw;C Loc;B Sz,0.6,1,61%
2/28/2026,North Ohio,Bowling Green - 443,AL/MC,MC-Studio;A Vw;A Loc;B Sz,2,2,100%
2/28/2026,North Ohio,Bowling Green - 443,AL/MC,MC-Studio;A Vw;C Loc;B Sz,5,5,100%
2/28/2026,North Ohio,Bowling Green - 443,AL/MC,MC-Studio;C Vw;C Loc;B Sz,4.6,5,91%
2/28/2026,North Ohio,Bowling Green - 443,HC,Companion,3,4,75%
2/28/2026,North Ohio,Bowling Green - 443,HC,Studio Dlx;A Vw;A Loc;C Sz,1,1,100%
2/28/2026,North Ohio,Bowling Green - 443,HC,Studio;A Vw;B Loc;B Sz,4.3,5,85%
2/28/2026,North Ohio,Bowling Green - 443,HC,Studio;A Vw;C Loc;B Sz,8.1,10,81%
2/28/2026,North Ohio,Bowling Green - 443,HC,Studio;C Vw;B Loc;B Sz,6.9,7,98%
2/28/2026,North Ohio,Bowling Green - 443,HC,Studio;C Vw;C Loc;B Sz,18,23,78%
2/28/2026,North Ohio,Bowling Green - 443,SL,2 FL 1BR;A Vw;C Loc;A Sz,2,2,100%
2/28/2026,North Ohio,Bowling Green - 443,SL,2 FL 1BR;A Vw;C Loc;B Sz,6,7,86%
2/28/2026,North Ohio,Bowling Green - 443,SL,2 FL 1BR;C Vw;A Loc;B Sz,3,3,100%
2/28/2026,North Ohio,Bowling Green - 443,SL,2 FL 1BR;C Vw;C Loc;A Sz,1,1,100%
2/28/2026,North Ohio,Bowling Green - 443,SL,2 FL 1BR;C Vw;C Loc;B Sz,5,5,100%
2/28/2026,North Ohio,Bowling Green - 443,SL,2 FL 1BR;C Vw;C Loc;C Sz,1,1,100%
2/28/2026,North Ohio,Bowling Green - 443,SL,2 FL Studio;A Vw;B Loc;B Sz,1,2,50%
2/28/2026,North Ohio,Bowling Green - 443,SL,2 FL Studio;C Vw;B Loc;B Sz,1.3,2,64%
2/28/2026,North Ohio,Findlay - 408,AL,One BR Apt Deluxe-Double,3,4,75%
2/28/2026,North Ohio,Findlay - 408,AL,One BR Apt Deluxe-Single,3,3,100%
2/28/2026,North Ohio,Findlay - 408,AL,One BR Apt-Double,26.9,27,100%
2/28/2026,North Ohio,Findlay - 408,AL,Two BR Apt Deluxe-Double,4,4,100%
2/28/2026,North Ohio,Findlay - 408,AL,Two BR Apt-Double,2,2,100%
2/28/2026,North Ohio,Findlay - 408,AL,Two BR Apt-Single,3,3,100%
2/28/2026,North Ohio,Findlay - 408,AL/MC,Legacy Bldng - Companion,0,1,0%
2/28/2026,North Ohio,Findlay - 408,AL/MC,Legacy Bldng - Private,18.9,23,82%
2/28/2026,North Ohio,Findlay - 408,AL/MC,Legacy Bldng - Private Deluxe,5,5,100%
2/28/2026,North Ohio,Findlay - 408,HC,Companion,12.9,18,72%
2/28/2026,North Ohio,Findlay - 408,HC,Private,55.8,58,96%
2/28/2026,North Ohio,Findlay - 408,HC,Private Deluxe,13.3,14,95%
2/28/2026,North Ohio,Findlay - 408,HC/MC,Legacy Lane - Companion,0,0,0%
2/28/2026,North Ohio,Findlay - 408,HC/MC,Legacy Lane - Private,0,0,0%
2/28/2026,North Ohio,Fremont - 403,AL,Companion,4,4,100%
2/28/2026,North Ohio,Fremont - 403,AL,Studio - Private,14,14,100%
2/28/2026,North Ohio,Fremont - 403,AL,Studio - Private C Sz,1,1,100%
2/28/2026,North Ohio,Fremont - 403,AL/MC,MC Companion,4,4,100%
2/28/2026,North Ohio,Fremont - 403,AL/MC,MC Companion Deluxe,1,1,100%
2/28/2026,North Ohio,Fremont - 403,AL/MC,MC Studio,6,6,100%
2/28/2026,North Ohio,Fremont - 403,HC,Companion,28,28,100%
2/28/2026,North Ohio,Fremont - 403,HC,Private,29.4,30,98%
2/28/2026,North Ohio,Fremont - 403,HC,Private Deluxe,1.9,2,93%
2/28/2026,North Ohio,Fremont - 403,HC,TCU - Private,0,0,0%
2/28/2026,North Ohio,Genoa - 411,AL,One BR Apt Deluxe-Double,3,3,100%
2/28/2026,North Ohio,Genoa - 411,AL,One BR Apt Deluxe-Single,4,4,100%
2/28/2026,North Ohio,Genoa - 411,AL,One BR Apt-Double,3.8,4,95%
2/28/2026,North Ohio,Genoa - 411,AL,One BR Apt-Single,13.1,15,87%
2/28/2026,North Ohio,Genoa - 411,AL,Studio - Private,14.4,16,90%
2/28/2026,North Ohio,Genoa - 411,AL,Two BR Apt-Double,2,2,100%
2/28/2026,North Ohio,Genoa - 411,AL,Two BR Apt-Single,0,0,0%
2/28/2026,North Ohio,Genoa - 411,AL/MC,MC-Compan;B Vw;A Loc;B Sz,2,2,100%
2/28/2026,North Ohio,Genoa - 411,AL/MC,MC-Compan;B Vw;B Loc;B Sz,1,1,100%
2/28/2026,North Ohio,Genoa - 411,AL/MC,MC-Studio Dlx;B Vw;B Loc;B Sz,2,4,50%
2/28/2026,North Ohio,Genoa - 411,AL/MC,MC-Studio;B Vw;B Loc;B Sz,3,3,100%
2/28/2026,North Ohio,Genoa - 411,HC,Companion,31.1,33,94%
2/28/2026,North Ohio,Genoa - 411,HC,Private,31.7,35,91%
2/28/2026,North Ohio,Kalida - 406,AL,1BR,0.6,1,61%
2/28/2026,North Ohio,Kalida - 406,AL,Companion,3,4,74%
2/28/2026,North Ohio,Kalida - 406,AL,Studio - Private,15.1,16,95%
2/28/2026,North Ohio,Kalida - 406,AL/MC,Legacy Lane - Companion,2,2,100%
2/28/2026,North Ohio,Kalida - 406,AL/MC,Legacy Lane - Private,6.1,8,76%
2/28/2026,North Ohio,Kalida - 406,AL/MC,Legacy Lane - Private Deluxe,1,1,100%
2/28/2026,North Ohio,Kalida - 406,HC,Companion,33.2,34,98%
2/28/2026,North Ohio,Kalida - 406,HC,Private,21.1,28,75%
2/28/2026,North Ohio,Leipsic - 409,AL,One BR Apt-Double,12,14,86%
2/28/2026,North Ohio,Leipsic - 409,AL,One BR Apt-Single,2,2,100%
2/28/2026,North Ohio,Leipsic - 409,AL,Studio - Private,8.5,9,95%
2/28/2026,North Ohio,Leipsic - 409,AL,Studio - Private Deluxe,7.7,9,85%
2/28/2026,North Ohio,Leipsic - 409,AL,Two BR Apt-Double,0,1,0%
2/28/2026,North Ohio,Leipsic - 409,HC,Companion,28,34,82%
2/28/2026,North Ohio,Leipsic - 409,HC,Private,15.4,18,85%
2/28/2026,North Ohio,Leipsic - 409,VIL,Independent Living - One BR,18,19,95%
2/28/2026,North Ohio,Leipsic - 409,VIL,Independent Living - Studio,8,9,88%
2/28/2026,North Ohio,Leipsic - 409,VIL,Independent Living - Two BR,16,17,94%
2/28/2026,North Ohio,Monclova - 2422,AL,Companion,6.4,7,92%
2/28/2026,North Ohio,Monclova - 2422,AL,Companion - B Location,2,2,100%
2/28/2026,North Ohio,Monclova - 2422,AL,Studio - Private,21.3,23,92%
2/28/2026,North Ohio,Monclova - 2422,AL,Studio - Private Deluxe,2,2,100%
2/28/2026,North Ohio,Monclova - 2422,AL/MC,Legacy Bldng - Companion,6,6,100%
2/28/2026,North Ohio,Monclova - 2422,AL/MC,Legacy Bldng - Private,20.4,23,89%
2/28/2026,North Ohio,Monclova - 2422,HC,AL-Studio Private,0,0,0%
2/28/2026,North Ohio,Monclova - 2422,HC,Companion,23,24,96%
2/28/2026,North Ohio,Monclova - 2422,HC,Private,30,32,94%
2/28/2026,North Ohio,Monclova - 2422,HC,Private Deluxe,4,4,100%
2/28/2026,North Ohio,Monclova - 2422,HC/MC,Legacy Lane - Companion,0,0,0%
2/28/2026,North Ohio,Monclova - 2422,HC/MC,Legacy Lane - Private,0,0,0%
2/28/2026,North Ohio,Monclova - 2422,VIL,1BR; A Location,12,12,100%
2/28/2026,North Ohio,Monclova - 2422,VIL,2BR; A Location,21.6,22,98%
2/28/2026,North Ohio,North Baltimore - 415,AL,AL Studio - Companion,1,1,100%
2/28/2026,North Ohio,North Baltimore - 415,AL,Companion,0,0,0%
2/28/2026,North Ohio,North Baltimore - 415,AL,One BR Apt-Double,2,3,67%
2/28/2026,North Ohio,North Baltimore - 415,AL,One BR Apt-Single,1,1,100%
2/28/2026,North Ohio,North Baltimore - 415,AL,Studio - Double,0,1,0%
2/28/2026,North Ohio,North Baltimore - 415,AL,Studio - Private,13.5,14,96%
2/28/2026,North Ohio,North Baltimore - 415,HC,Companion,23.6,24,98%
2/28/2026,North Ohio,North Baltimore - 415,HC,Private,14.9,15,99%
2/28/2026,North Ohio,North Baltimore - 415,HC/MC,Legacy Lane - Companion,10.7,11,97%
2/28/2026,North Ohio,North Baltimore - 415,HC/MC,Legacy Lane - Private,4,4,100%
2/28/2026,North Ohio,Ottawa MO - 430,AL,Companion,6.7,7,96%
2/28/2026,North Ohio,Ottawa MO - 430,AL,Studio - Private,17.6,18,98%
2/28/2026,North Ohio,Ottawa MO - 430,HC,Companion,27.4,28,98%
2/28/2026,North Ohio,Ottawa MO - 430,HC,Private,28.9,30,96%
2/28/2026,North Ohio,Ottawa MO - 430,HC,Private Deluxe,10,10,100%
2/28/2026,North Ohio,Ottawa MO - 430,HC/MC,Legacy Way - Companion,7.9,8,99%
2/28/2026,North Ohio,Ottawa MO - 430,HC/MC,Legacy Way - Private Deluxe,9,10,90%
2/28/2026,North Ohio,Ottawa MO - 430,VIL,Patio Home 1BR,1.4,4,35%
2/28/2026,North Ohio,Ottawa MO - 430,VIL,Patio Home 2BR,1.9,5,37%
2/28/2026,North Ohio,Ottawa MO - 430,VIL,Patio Home 2BR - C View,0,1,0%
2/28/2026,North Ohio,Sylvania - 2427,AL,Companion,6.5,7,93%
2/28/2026,North Ohio,Sylvania - 2427,AL,Studio - Private,22.9,24,95%
2/28/2026,North Ohio,Sylvania - 2427,AL,Studio - Private Deluxe,2,2,100%
2/28/2026,North Ohio,Sylvania - 2427,HC,Companion,22.8,24,95%
2/28/2026,North Ohio,Sylvania - 2427,HC,Private,36.9,38,97%
2/28/2026,North Ohio,Sylvania - 2427,VIL,Ind Liv - Vil - Wood Floors,6,9,67%
2/28/2026,North Ohio,Sylvania - 2427,VIL,Independent Living - 2BR,19.5,21,93%
2/28/2026,North Ohio,Sylvania - 2427,VIL,Patio Home 1BR,1,12,8%
2/28/2026,North Ohio,Sylvania - 2427,VIL,Patio Home 2BR,2.2,14,16%
2/28/2026,North Ohio,Tiffin - 435,AL,Compan;A Vw;C Loc;B Sz,4,4,99%
2/28/2026,North Ohio,Tiffin - 435,AL,Studio - Double;A Vw;A Loc;B Sz,7.4,8,93%
2/28/2026,North Ohio,Tiffin - 435,AL,Studio - Double;A Vw;C Loc;B Sz,2,2,100%
2/28/2026,North Ohio,Tiffin - 435,AL,Studio;A Vw;A Loc;B Sz,1,1,100%
2/28/2026,North Ohio,Tiffin - 435,AL,Studio;A Vw;C Loc;B Sz,3.9,4,98%
2/28/2026,North Ohio,Tiffin - 435,HC,AL-Studio DLX;A Vw;C Loc;B Sz,3,3,100%
2/28/2026,North Ohio,Tiffin - 435,HC,AL-Studio;A Vw;A Loc;B Sz,5,5,99%
2/28/2026,North Ohio,Tiffin - 435,HC,AL-Studio;A Vw;C Loc;B Sz,7,7,100%
2/28/2026,North Ohio,Tiffin - 435,HC,Compan;A Vw;B Loc;B Sz,2,2,100%
2/28/2026,North Ohio,Tiffin - 435,HC,Compan;B Vw;A Loc;B Sz,6,6,100%
2/28/2026,North Ohio,Tiffin - 435,HC,Compan;B Vw;B Loc;B Sz,4,4,100%
2/28/2026,North Ohio,Tiffin - 435,HC,Studio Dlx;A Vw;B Loc;B Sz,1.7,2,86%
2/28/2026,North Ohio,Tiffin - 435,HC,Studio Dlx;A Vw;C Loc;B Sz,1,1,100%
2/28/2026,North Ohio,Tiffin - 435,HC,Studio Dlx;B Vw;B Loc;B Sz,2,2,100%
2/28/2026,North Ohio,Tiffin - 435,HC,Studio Dlx;B Vw;C Loc;B Sz,0.9,1,86%
2/28/2026,North Ohio,Tiffin - 435,HC,Studio;A Vw;A Loc;B Sz,2,2,100%
2/28/2026,North Ohio,Tiffin - 435,HC,Studio;A Vw;B Loc;B Sz,1,1,100%
2/28/2026,North Ohio,Tiffin - 435,HC,Studio;A Vw;C Loc;B Sz,4.3,5,86%
2/28/2026,North Ohio,Tiffin - 435,HC,Studio;B Vw;A Loc;B Sz,3.8,4,96%
2/28/2026,North Ohio,Tiffin - 435,HC,Studio;B Vw;B Loc;B Sz,4.6,5,93%
2/28/2026,North Ohio,Tiffin - 435,HC,Studio;B Vw;C Loc;B Sz,15.8,17,93%
2/28/2026,North Ohio,Willard - 2424,AL,Companion,4,4,100%
2/28/2026,North Ohio,Willard - 2424,AL,Studio - Double,9.9,10,99%
2/28/2026,North Ohio,Willard - 2424,AL,Studio - Private,7.9,8,98%
2/28/2026,North Ohio,Willard - 2424,AL/MC,MC - Companion,2,2,100%
2/28/2026,North Ohio,Willard - 2424,AL/MC,MC - Studio,6.9,7,98%
2/28/2026,North Ohio,Willard - 2424,HC,Companion,36.1,38,95%
2/28/2026,North Ohio,Willard - 2424,HC,Private,29.8,31,96%
2/28/2026,North Ohio,Willard - 2424,VIL,1BR,6,6,100%
2/28/2026,North Ohio,Willard - 2424,VIL,2BR,20,20,100%
2/28/2026,Northwest Indiana,Logansport - 130,AL,Companion,4,4,100%
2/28/2026,Northwest Indiana,Logansport - 130,AL,Studio - Private,14.8,18,82%
2/28/2026,Northwest Indiana,Logansport - 130,HC,Companion,30.3,31,98%
2/28/2026,Northwest Indiana,Logansport - 130,HC,Private,18.1,24,75%
2/28/2026,Northwest Indiana,Logansport - 130,HC/MC,Legacy Lane - Private,12,12,100%
2/28/2026,Northwest Indiana,Merrillville - 122,AL,Companion,0,0,0%
2/28/2026,Northwest Indiana,Monticello - 140,AL,1 Bedroom,1,1,100%
2/28/2026,Northwest Indiana,Monticello - 140,AL,Companion,4.3,6,71%
2/28/2026,Northwest Indiana,Monticello - 140,AL,Studio - Private,24.4,26,94%
2/28/2026,Northwest Indiana,Monticello - 140,AL/MC,Legacy Lane - Companion,5,6,83%
2/28/2026,Northwest Indiana,Monticello - 140,AL/MC,Legacy Lane - Private,20.4,23,89%
2/28/2026,Northwest Indiana,Monticello - 140,HC,Companion,23.9,25,96%
2/28/2026,Northwest Indiana,Monticello - 140,HC,Private,29.1,35,83%
2/28/2026,Northwest Indiana,Peru - 2144,AL,L-One BR Apt Deluxe-Double,0,0,0%
2/28/2026,Northwest Indiana,Peru - 2144,AL,L-One BR Apt Deluxe-Single,2,2,100%
2/28/2026,Northwest Indiana,Peru - 2144,AL,L-One BR Apt-Double,1,1,100%
2/28/2026,Northwest Indiana,Peru - 2144,AL,L-One BR Apt-Single,12.3,13,95%
2/28/2026,Northwest Indiana,Peru - 2144,AL,L-Two BR Apt Deluxe-Double,1,2,50%
2/28/2026,Northwest Indiana,Peru - 2144,AL,L-Two BR Apt-Double,4.7,6,78%
2/28/2026,Northwest Indiana,Peru - 2144,AL,One BR Apt Deluxe-Single,2,2,100%
2/28/2026,Northwest Indiana,Peru - 2144,AL,One BR Apt-Double,0,0,0%
2/28/2026,Northwest Indiana,Peru - 2144,AL,One BR Apt-Single,13,14,93%
2/28/2026,Northwest Indiana,Peru - 2144,AL,Two BR Apt Deluxe-Double,2,2,100%
2/28/2026,Northwest Indiana,Peru - 2144,AL,Two BR Apt-Double,5,6,83%
2/28/2026,Northwest Indiana,Peru - 2144,HC,Companion,10.7,12,89%
2/28/2026,Northwest Indiana,Peru - 2144,HC,Private,24.3,27,90%
2/28/2026,Northwest Indiana,Peru - 2144,HC/MC,Legacy Lane - Companion,7.6,8,95%
2/28/2026,Northwest Indiana,Peru - 2144,HC/MC,Legacy Lane - Private,7.5,8,94%
2/28/2026,Northwest Indiana,Peru - 2144,SL,One BR Apt Deluxe-Single,0,0,0%
2/28/2026,Northwest Indiana,Peru - 2144,SL,One BR Apt-Double,0,0,0%
2/28/2026,Northwest Indiana,Peru - 2144,SL,One BR Apt-Single,0,0,0%
2/28/2026,Northwest Indiana,Peru - 2144,SL,Two BR Apt Deluxe-Double,0,0,0%
2/28/2026,Northwest Indiana,Peru - 2144,SL,Two BR Apt-Double,0,0,0%
2/28/2026,Northwest Indiana,Peru - 2144,SL,Two BR Apt-Single,0,0,0%
2/28/2026,Northwest Indiana,Peru - 2144,VIL,Independent Living - Villa 1,6,6,100%
2/28/2026,Northwest Indiana,Peru - 2144,VIL,One BR Apt Deluxe-Single,0,0,0%
2/28/2026,Northwest Indiana,Peru - 2144,VIL,One BR Apt-Double,0,0,0%
2/28/2026,Northwest Indiana,Peru - 2144,VIL,One BR Apt-Single,0,0,0%
2/28/2026,Northwest Indiana,Peru - 2144,VIL,Two BR Apt Deluxe-Double,0,0,0%
2/28/2026,Northwest Indiana,Peru - 2144,VIL,Two BR Apt-Double,0,0,0%
2/28/2026,Northwest Indiana,South Bend - 5169,AL,Companion,0,0,0%
2/28/2026,Northwest Indiana,South Bend - 5169,AL,One BR Apt-Double,1.7,2,84%
2/28/2026,Northwest Indiana,South Bend - 5169,AL,One BR Apt-Single,3,3,100%
2/28/2026,Northwest Indiana,South Bend - 5169,AL,Studio - Double,6,7,86%
2/28/2026,Northwest Indiana,South Bend - 5169,AL,Studio - Private,12,12,100%
2/28/2026,Northwest Indiana,South Bend - 5169,AL,Studio - Private Deluxe,2,2,100%
2/28/2026,Northwest Indiana,South Bend - 5169,AL,Studio Base - Double,2,2,100%
2/28/2026,Northwest Indiana,South Bend - 5169,AL,Studio Base - Private,2,2,100%
2/28/2026,Northwest Indiana,South Bend - 5169,AL/MC,Legacy Lane - Companion,2,2,100%
2/28/2026,Northwest Indiana,South Bend - 5169,AL/MC,Legacy Lane - Private,9,9,100%
2/28/2026,Northwest Indiana,South Bend - 5169,HC,Companion,8.8,10,88%
2/28/2026,Northwest Indiana,South Bend - 5169,HC,Private,40.7,45,90%
2/28/2026,Northwest Indiana,Wabash - 5170,AL,Companion,2,2,100%
2/28/2026,Northwest Indiana,Wabash - 5170,AL,One BR Apt-Double,8,8,100%
2/28/2026,Northwest Indiana,Wabash - 5170,AL,One BR Apt-Single,1,1,100%
2/28/2026,Northwest Indiana,Wabash - 5170,AL,Studio - Private,12,13,92%
2/28/2026,Northwest Indiana,Wabash - 5170,AL,Studio - Private - C View,3,3,100%
2/28/2026,Northwest Indiana,Wabash - 5170,AL,Studio - Private - End of Hall,2,3,67%
2/28/2026,Northwest Indiana,Wabash - 5170,AL/MC,MC-Companion,0,1,0%
2/28/2026,Northwest Indiana,Wabash - 5170,AL/MC,MC-Private,10.2,12,85%
2/28/2026,Northwest Indiana,Wabash - 5170,HC,Companion,21.3,26,82%
2/28/2026,Northwest Indiana,Wabash - 5170,HC,Private,29.3,32,92%
2/28/2026,Northwest Indiana,Warsaw - 302,AL,Compan;A Vw;C Loc;B Sz,4.4,5,87%
2/28/2026,Northwest Indiana,Warsaw - 302,AL,Studio;A Vw;A Loc;B Sz,3,3,100%
2/28/2026,Northwest Indiana,Warsaw - 302,AL,Studio;A Vw;B Loc;B Sz,2,2,100%
2/28/2026,Northwest Indiana,Warsaw - 302,AL,Studio;A Vw;C Loc;B Sz,6.5,7,92%
2/28/2026,Northwest Indiana,Warsaw - 302,AL,Studio;B Vw;B Loc;B Sz,1.6,2,80%
2/28/2026,Northwest Indiana,Warsaw - 302,AL/MC,MC - Compan;A Vw;B Loc;B Sz,1,1,100%
2/28/2026,Northwest Indiana,Warsaw - 302,AL/MC,MC - Compan;A Vw;C Loc;B Sz,1,1,100%
2/28/2026,Northwest Indiana,Warsaw - 302,AL/MC,MC - Compan;C Vw;C Loc;B Sz,1,1,100%
2/28/2026,Northwest Indiana,Warsaw - 302,AL/MC,MC - Studio;A Vw;A Loc;B Sz,2,2,100%
2/28/2026,Northwest Indiana,Warsaw - 302,AL/MC,MC - Studio;A Vw;C Loc;B Sz,6,6,100%
2/28/2026,Northwest Indiana,Warsaw - 302,AL/MC,MC - Studio;B Vw;C Loc;B Sz,1,1,100%
2/28/2026,Northwest Indiana,Warsaw - 302,AL/MC,MC - Studio;C Vw;C Loc;B Sz,3,3,100%
2/28/2026,Northwest Indiana,Warsaw - 302,HC,Compan;A Vw;B Loc;B Sz,4,4,100%
2/28/2026,Northwest Indiana,Warsaw - 302,HC,Compan;A Vw;C Loc;B Sz,4,4,100%
2/28/2026,Northwest Indiana,Warsaw - 302,HC,Compan;B Vw;C Loc;B Sz,1.7,2,84%
2/28/2026,Northwest Indiana,Warsaw - 302,HC,Compan;C Vw;B Loc;B Sz,9,10,90%
2/28/2026,Northwest Indiana,Warsaw - 302,HC,Compan;C Vw;C Loc;B Sz,8,8,100%
2/28/2026,Northwest Indiana,Warsaw - 302,HC,Companion,0,0,0%
2/28/2026,Northwest Indiana,Warsaw - 302,HC,Private,0,0,0%
2/28/2026,Northwest Indiana,Warsaw - 302,HC,Studio Dlx;C Vw;B Loc;B Sz,0.9,1,93%
2/28/2026,Northwest Indiana,Warsaw - 302,HC,Studio Dlx;C Vw;C Loc;B Sz,1,1,100%
2/28/2026,Northwest Indiana,Warsaw - 302,HC,Studio;A Vw;A Loc;B Sz,2.9,3,98%
2/28/2026,Northwest Indiana,Warsaw - 302,HC,Studio;A Vw;C Loc;B Sz,6,6,100%
2/28/2026,Northwest Indiana,Warsaw - 302,HC,Studio;B Vw;A Loc;B Sz,1,1,100%
2/28/2026,Northwest Indiana,Warsaw - 302,HC,Studio;B Vw;C Loc;B Sz,0.8,1,82%
2/28/2026,Northwest Indiana,Warsaw - 302,HC,Studio;C Vw;A Loc;B Sz,5.7,6,95%
2/28/2026,Northwest Indiana,Warsaw - 302,HC,Studio;C Vw;C Loc;B Sz,12.5,13,96%
2/28/2026,South Kentucky,Bardstown - 233,AL,1BR;A Vw;A Loc;B Sz,3,3,100%
2/28/2026,South Kentucky,Bardstown - 233,AL,1BR;A Vw;B Loc;B Sz,1,1,100%
2/28/2026,South Kentucky,Bardstown - 233,AL,1BR;A Vw;C Loc;B Sz,1,1,100%
2/28/2026,South Kentucky,Bardstown - 233,AL,1BR;B Vw;A Loc;B Sz,4,4,100%
2/28/2026,South Kentucky,Bardstown - 233,AL,1BR;B Vw;B Loc;B Sz,1.1,2,55%
2/28/2026,South Kentucky,Bardstown - 233,AL,1BR;B Vw;C Loc;B Sz,2,2,100%
2/28/2026,South Kentucky,Bardstown - 233,AL,2BR;B Vw;B Loc;B Sz,1,1,100%
2/28/2026,South Kentucky,Bardstown - 233,AL,2BR;B Vw;C Loc;B Sz,0,1,0%
2/28/2026,South Kentucky,Bardstown - 233,AL,Studio - Special,2,2,100%
2/28/2026,South Kentucky,Bardstown - 233,AL,Studio Dlx;A Vw;A Loc;B Sz,2,2,100%
2/28/2026,South Kentucky,Bardstown - 233,AL,Studio Dlx;A Vw;B Loc;B Sz,2,2,100%
2/28/2026,South Kentucky,Bardstown - 233,AL,Studio Dlx;A Vw;C Loc;B Sz,2,2,100%
2/28/2026,South Kentucky,Bardstown - 233,AL,Studio Dlx;B Vw;A Loc;B Sz,2,2,100%
2/28/2026,South Kentucky,Bardstown - 233,AL,Studio Dlx;B Vw;B Loc;B Sz,2,2,100%
2/28/2026,South Kentucky,Bardstown - 233,AL,Studio Dlx;B Vw;C Loc;B Sz,2,2,100%
2/28/2026,South Kentucky,Bardstown - 233,AL,Studio;A Vw;A Loc;B Sz,2.9,3,95%
2/28/2026,South Kentucky,Bardstown - 233,AL,Studio;A Vw;B Loc;B Sz,3,3,100%
2/28/2026,South Kentucky,Bardstown - 233,AL,Studio;A Vw;C Loc;B Sz,3,3,100%
2/28/2026,South Kentucky,Bardstown - 233,AL,Studio;B Vw;A Loc;B Sz,7,7,100%
2/28/2026,South Kentucky,Bardstown - 233,AL,Studio;B Vw;B Loc;B Sz,6,6,100%
2/28/2026,South Kentucky,Bardstown - 233,AL,Studio;B Vw;C Loc;B Sz,5,5,100%
2/28/2026,South Kentucky,Bardstown - 233,AL/MC,MC-2BR;A Vw;C Loc;B Sz,0,2,0%
2/28/2026,South Kentucky,Bardstown - 233,AL/MC,MC-Studio Special,2,2,100%
2/28/2026,South Kentucky,Bardstown - 233,AL/MC,MC-Studio;A Vw;A Loc;B Sz,0.1,1,11%
2/28/2026,South Kentucky,Bardstown - 233,AL/MC,MC-Studio;A Vw;B Loc;B Sz,1,1,100%
2/28/2026,South Kentucky,Bardstown - 233,AL/MC,MC-Studio;A Vw;C Loc;B Sz,3,4,75%
2/28/2026,South Kentucky,Bardstown - 233,AL/MC,MC-Studio;B Vw;A Loc;B Sz,2,2,100%
2/28/2026,South Kentucky,Bardstown - 233,AL/MC,MC-Studio;B Vw;B Loc;B Sz,1.5,2,77%
2/28/2026,South Kentucky,Bardstown - 233,AL/MC,MC-Studio;B Vw;C Loc;B Sz,0,3,0%
2/28/2026,South Kentucky,Bardstown - 233,AL/MC,MC-Studio;C Vw;A Loc;B Sz,1.3,2,66%
2/28/2026,South Kentucky,Bardstown - 233,AL/MC,MC-Studio;C Vw;B Loc;B Sz,2,3,67%
2/28/2026,South Kentucky,Bardstown - 233,AL/MC,MC-Studio;C Vw;C Loc;B Sz,1,1,100%
2/28/2026,South Kentucky,Cynthiana - 114,AL,Companion,5.5,6,91%
2/28/2026,South Kentucky,Cynthiana - 114,AL,Studio,26.7,27,99%
2/28/2026,South Kentucky,Cynthiana - 114,AL,Studio - Private - End of Hall,0,0,0%
2/28/2026,South Kentucky,Cynthiana - 114,HC,Companion,18.4,20,92%
2/28/2026,South Kentucky,Cynthiana - 114,HC,Private,21,22,95%
2/28/2026,South Kentucky,Cynthiana - 114,HC/MC,Legacy Lane - Companion,0,0,0%
2/28/2026,South Kentucky,Cynthiana - 114,HC/MC,Legacy Lane - Private,12.7,13,98%
2/28/2026,South Kentucky,Cynthiana - 114,SL,Studio - Private,0,0,0%
2/28/2026,South Kentucky,Cynthiana - 114,SL,Studio - Private - End of Hall,2,2,100%
2/28/2026,South Kentucky,Danville - 231,AL,1BR,11,13,85%
2/28/2026,South Kentucky,Danville - 231,AL,2BR,2,2,100%
2/28/2026,South Kentucky,Danville - 231,AL,Studio,21.9,29,75%
2/28/2026,South Kentucky,Danville - 231,AL,Studio Dlx,10,12,83%
2/28/2026,South Kentucky,Danville - 231,AL/MC,MC - 2BR,1,2,50%
2/28/2026,South Kentucky,Danville - 231,AL/MC,MC - Studio,13.9,21,66%
2/28/2026,South Kentucky,Harrodsburg - 2187,AL,Compan;A Vw;C Loc;B Sz,1,1,100%
2/28/2026,South Kentucky,Harrodsburg - 2187,AL,Compan;B Vw;B Loc;B Sz,0,0,0%
2/28/2026,South Kentucky,Harrodsburg - 2187,AL,Compan;C Vw;B Loc;B Sz,1,1,100%
2/28/2026,South Kentucky,Harrodsburg - 2187,AL,Compan;C Vw;C Loc;B Sz,1,1,100%
2/28/2026,South Kentucky,Harrodsburg - 2187,AL,Companion,4.6,5,91%
2/28/2026,South Kentucky,Harrodsburg - 2187,AL,Studio - Private,5,5,99%
2/28/2026,South Kentucky,Harrodsburg - 2187,AL,Studio - Private - Special,5.8,6,97%
2/28/2026,South Kentucky,Harrodsburg - 2187,AL,Studio;A Vw;A Loc;B Sz,2,2,100%
2/28/2026,South Kentucky,Harrodsburg - 2187,AL,Studio;A Vw;B Loc;B Sz,4,4,100%
2/28/2026,South Kentucky,Harrodsburg - 2187,AL,Studio;A Vw;C Loc;B Sz,0,0,0%
2/28/2026,South Kentucky,Harrodsburg - 2187,AL,Studio;B Vw;B Loc;B Sz,2,2,100%
2/28/2026,South Kentucky,Harrodsburg - 2187,AL,Studio;C Vw;A Loc;B Sz,1,1,100%
2/28/2026,South Kentucky,Harrodsburg - 2187,HC,Compan;A Vw;C Loc;B Sz,12,12,100%
2/28/2026,South Kentucky,Harrodsburg - 2187,HC,Compan;C Vw;C Loc;B Sz,7.8,8,97%
2/28/2026,South Kentucky,Harrodsburg - 2187,HC,Companion,0,0,0%
2/28/2026,South Kentucky,Harrodsburg - 2187,HC,Private,0,0,0%
2/28/2026,South Kentucky,Harrodsburg - 2187,HC,Studio;A Vw;C Loc;B Sz,4.8,5,96%
2/28/2026,South Kentucky,Harrodsburg - 2187,HC,Studio;B Vw;A Loc;B Sz,1,1,100%
2/28/2026,South Kentucky,Harrodsburg - 2187,HC,Studio;B Vw;C Loc;B Sz,6.3,7,89%
2/28/2026,South Kentucky,Harrodsburg - 2187,HC,Studio;C Vw;A Loc;B Sz,6.9,7,98%
2/28/2026,South Kentucky,Harrodsburg - 2187,HC,Studio;C Vw;C Loc;B Sz,4.1,5,81%
2/28/2026,South Kentucky,Harrodsburg - 2187,SL,Studio;A Vw;C Loc;B Sz,1.6,2,79%
2/28/2026,South Kentucky,Harrodsburg - 2187,VIL,Patio Home 1 BR,1.3,4,32%
2/28/2026,South Kentucky,Harrodsburg - 2187,VIL,Patio Home 2BR,1.8,6,29%
2/28/2026,South Kentucky,La Grange - 177,AL,Compan;A Vw;C Loc;A Sz,2,2,100%
2/28/2026,South Kentucky,La Grange - 177,AL,Compan;C Vw;C Loc;B Sz,2,2,100%
2/28/2026,South Kentucky,La Grange - 177,AL,Studio;A Vw;A Loc;B Sz,2.3,3,77%
2/28/2026,South Kentucky,La Grange - 177,AL,Studio;A Vw;C Loc;B Sz,9.9,10,99%
2/28/2026,South Kentucky,La Grange - 177,AL,Studio;C Vw;C Loc;B Sz,2,2,100%
2/28/2026,South Kentucky,La Grange - 177,AL/MC,MC-Compan;A Vw;C Loc;B Sz,2,2,100%
2/28/2026,South Kentucky,La Grange - 177,AL/MC,MC-Compan;C Vw;C Loc;B Sz,0.5,1,46%
2/28/2026,South Kentucky,La Grange - 177,AL/MC,MC-Studio;A Vw;A Loc;B Sz,2,2,100%
2/28/2026,South Kentucky,La Grange - 177,AL/MC,MC-Studio;A Vw;C Loc;B Sz,5,5,100%
2/28/2026,South Kentucky,La Grange - 177,AL/MC,MC-Studio;C Vw;C Loc;B Sz,5,5,100%
2/28/2026,South Kentucky,La Grange - 177,HC,Studio Dlx;A Vw;A Loc;C Sz,1,1,100%
2/28/2026,South Kentucky,La Grange - 177,HC,Studio;A Vw;B Loc;B Sz,3.5,4,87%
2/28/2026,South Kentucky,La Grange - 177,HC,Studio;A Vw;C Loc;B Sz,8.9,10,89%
2/28/2026,South Kentucky,La Grange - 177,HC,Studio;C Vw;B Loc;B Sz,6.2,7,88%
2/28/2026,South Kentucky,La Grange - 177,HC,Studio;C Vw;C Loc;B Sz,13,16,81%
2/28/2026,South Kentucky,La Grange - 177,HC/MC,MC-Compan;A Vw;C Loc;B Sz,3.9,4,97%
2/28/2026,South Kentucky,La Grange - 177,HC/MC,MC-Studio;A Vw;C Loc;B Sz,1.8,2,91%
2/28/2026,South Kentucky,La Grange - 177,HC/MC,MC-Studio;C Vw;C Loc;B Sz,5.7,6,95%
2/28/2026,South Kentucky,La Grange - 177,SL,1BR;A Vw;B Loc;B Sz,2,2,100%
2/28/2026,South Kentucky,La Grange - 177,SL,1BR;A Vw;C Loc;A Sz,2,2,100%
2/28/2026,South Kentucky,La Grange - 177,SL,1BR;A Vw;C Loc;B Sz,8,8,100%
2/28/2026,South Kentucky,La Grange - 177,SL,1BR;C Vw;A Loc;B Sz,3,3,100%
2/28/2026,South Kentucky,La Grange - 177,SL,1BR;C Vw;C Loc;A Sz,1,1,100%
2/28/2026,South Kentucky,La Grange - 177,SL,1BR;C Vw;C Loc;B Sz,3,3,100%
2/28/2026,South Kentucky,La Grange - 177,SL,1BR;C Vw;C Loc;C Sz,1,1,100%
2/28/2026,South Kentucky,La Grange - 177,SL,Studio;A Vw;C Loc;B Sz,2,2,100%
2/28/2026,South Kentucky,La Grange - 177,SL,Studio;C Vw;C Loc;B Sz,3,3,100%
2/28/2026,South Kentucky,Lexington WC - 2148,AL,Companion,3,3,99%
2/28/2026,South Kentucky,Lexington WC - 2148,AL,Studio,15.2,16,95%
2/28/2026,South Kentucky,Lexington WC - 2148,AL/MC,Legacy Lane - Companion,3,3,100%
2/28/2026,South Kentucky,Lexington WC - 2148,AL/MC,Legacy Lane - Studio,4,6,67%
2/28/2026,South Kentucky,Lexington WC - 2148,HC,Companion,16.8,18,93%
2/28/2026,South Kentucky,Lexington WC - 2148,HC,Private,33.6,35,96%
2/28/2026,South Kentucky,Lexington WC - 2148,HC,Private Deluxe,0.9,1,86%
2/28/2026,South Kentucky,Lexington WC - 2148,HC,TCU - Companion,0,0,0%
2/28/2026,South Kentucky,Lexington WC - 2148,HC,TCU - Private,0,0,0%
2/28/2026,South Kentucky,Lexington WC - 2148,SL,Studio - Private,1,1,100%
2/28/2026,South Kentucky,Lexington WF - 2147,AL,Companion,7.5,8,94%
2/28/2026,South Kentucky,Lexington WF - 2147,AL,Independent Living,0,0,0%
2/28/2026,South Kentucky,Lexington WF - 2147,AL,Studio,12.9,13,99%
2/28/2026,South Kentucky,Lexington WF - 2147,AL,Studio - Deluxe,1.1,2,55%
2/28/2026,South Kentucky,Lexington WF - 2147,HC,Companion,13.9,16,87%
2/28/2026,South Kentucky,Lexington WF - 2147,HC,Private,32.8,34,96%
2/28/2026,South Kentucky,Lexington WF - 2147,HC,Private Deluxe,3.9,4,97%
2/28/2026,South Kentucky,Lexington WF - 2147,SL,Independent Living,0,0,0%
2/28/2026,South Kentucky,Lexington WH - 2146,AL,Companion,7,7,100%
2/28/2026,South Kentucky,Lexington WH - 2146,AL,Studio - Private,19,23,83%
2/28/2026,South Kentucky,Lexington WH - 2146,AL,Two BR Apt - Double,1.4,2,71%
2/28/2026,South Kentucky,Lexington WH - 2146,AL/MC,Legacy Bldg - Studio,16.8,17,99%
2/28/2026,South Kentucky,Lexington WH - 2146,AL/MC,Legacy Bldng - Companion,3.1,4,77%
2/28/2026,South Kentucky,Lexington WH - 2146,HC,Companion,11.8,14,84%
2/28/2026,South Kentucky,Lexington WH - 2146,HC,Private,26.2,28,93%
2/28/2026,South Kentucky,Lexington WH - 2146,HC,Private Deluxe,9.8,11,89%
2/28/2026,South Kentucky,Lexington WH - 2146,HC/MC,Legacy Lane - Companion,6,6,100%
2/28/2026,South Kentucky,Lexington WH - 2146,HC/MC,Legacy Lane - Private,4,5,80%
2/28/2026,South Kentucky,Lexington WH - 2146,SL,Studio - Private,0,2,0%
2/28/2026,South Kentucky,Mount Washington - 176,AL,Compan;A Vw;C Loc;A Sz,2,2,100%
2/28/2026,South Kentucky,Mount Washington - 176,AL,Compan;B Vw;C Loc;B Sz,2,2,100%
2/28/2026,South Kentucky,Mount Washington - 176,AL,Studio;A Vw;A Loc;B Sz,3,3,100%
2/28/2026,South Kentucky,Mount Washington - 176,AL,Studio;A Vw;B Loc;B Sz,2,2,100%
2/28/2026,South Kentucky,Mount Washington - 176,AL,Studio;A Vw;C Loc;B Sz,3.8,4,95%
2/28/2026,South Kentucky,Mount Washington - 176,AL,Studio;B Vw;C Loc;B Sz,4,4,100%
2/28/2026,South Kentucky,Mount Washington - 176,AL,Studio;C Vw;B Loc;B Sz,2,2,100%
2/28/2026,South Kentucky,Mount Washington - 176,AL/MC,MC-Compan;A Vw;B Loc;B Sz,0,1,0%
2/28/2026,South Kentucky,Mount Washington - 176,AL/MC,MC-Compan;A Vw;C Loc;B Sz,1,1,100%
2/28/2026,South Kentucky,Mount Washington - 176,AL/MC,MC-Compan;C Vw;C Loc;B Sz,1,1,100%
2/28/2026,South Kentucky,Mount Washington - 176,AL/MC,MC-Studio;A Vw;A Loc;B Sz,1.7,2,86%
2/28/2026,South Kentucky,Mount Washington - 176,AL/MC,MC-Studio;A Vw;C Loc;B Sz,4.4,5,89%
2/28/2026,South Kentucky,Mount Washington - 176,AL/MC,MC-Studio;B Vw;C Loc;B Sz,1,1,100%
2/28/2026,South Kentucky,Mount Washington - 176,AL/MC,MC-Studio;C Vw;C Loc;B Sz,4,4,100%
2/28/2026,South Kentucky,Mount Washington - 176,HC,Compan;A Vw;B Loc;B Sz,1.8,2,89%
2/28/2026,South Kentucky,Mount Washington - 176,HC,Compan;A Vw;C Loc;B Sz,2,2,100%
2/28/2026,South Kentucky,Mount Washington - 176,HC,Compan;C Vw;B Loc;B Sz,5.7,6,95%
2/28/2026,South Kentucky,Mount Washington - 176,HC,Compan;C Vw;C Loc;B Sz,5,6,83%
2/28/2026,South Kentucky,Mount Washington - 176,HC,Studio;A Vw;A Loc;B Sz,1.9,2,95%
2/28/2026,South Kentucky,Mount Washington - 176,HC,Studio;A Vw;C Loc;B Sz,2.9,3,95%
2/28/2026,South Kentucky,Mount Washington - 176,HC,Studio;C Vw;A Loc;B Sz,2.8,3,94%
2/28/2026,South Kentucky,Mount Washington - 176,HC,Studio;C Vw;B Loc;B Sz,1,1,100%
2/28/2026,South Kentucky,Mount Washington - 176,HC,Studio;C Vw;C Loc;B Sz,15.9,17,93%
2/28/2026,South Kentucky,Mount Washington - 176,HC/MC,MC-Compan;A Vw;C Loc;B Sz,4,4,100%
2/28/2026,South Kentucky,Mount Washington - 176,HC/MC,MC-Compan;C Vw;A Loc;B Sz,0,0,0%
2/28/2026,South Kentucky,Mount Washington - 176,HC/MC,MC-Compan;C Vw;C Loc;B Sz,1,2,50%
2/28/2026,South Kentucky,Mount Washington - 176,HC/MC,MC-Studio;A Vw;A Loc;B Sz,1,1,100%
2/28/2026,South Kentucky,Mount Washington - 176,HC/MC,MC-Studio;A Vw;B Loc;B Sz,2,2,100%
2/28/2026,South Kentucky,Mount Washington - 176,HC/MC,MC-Studio;A Vw;C Loc;B Sz,2,2,100%
2/28/2026,South Kentucky,Mount Washington - 176,HC/MC,MC-Studio;C Vw;C Loc;B Sz,1.7,2,84%
2/28/2026,South Kentucky,Shelbyville SF - 234,AL,1BR;C Vw;C Loc;B Sz,13,13,100%
2/28/2026,South Kentucky,Shelbyville SF - 234,AL,2BR;A Vw;C Loc;B Sz,2,2,100%
2/28/2026,South Kentucky,Shelbyville SF - 234,AL,Studio Dlx;A Vw;A Loc;B Sz,2,2,100%
2/28/2026,South Kentucky,Shelbyville SF - 234,AL,Studio Dlx;A Vw;C Loc;B Sz,4,4,100%
2/28/2026,South Kentucky,Shelbyville SF - 234,AL,Studio Dlx;C Vw;A Loc;B Sz,2,2,100%
2/28/2026,South Kentucky,Shelbyville SF - 234,AL,Studio Dlx;C Vw;C Loc;B Sz,4,4,100%
2/28/2026,South Kentucky,Shelbyville SF - 234,AL,Studio;A Vw;A Loc;B Sz,4,4,100%
2/28/2026,South Kentucky,Shelbyville SF - 234,AL,Studio;A Vw;B Loc;B Sz,3,3,100%
2/28/2026,South Kentucky,Shelbyville SF - 234,AL,Studio;A Vw;C Loc;B Sz,3,3,100%
2/28/2026,South Kentucky,Shelbyville SF - 234,AL,Studio;C Vw;A Loc;B Sz,8,8,100%
2/28/2026,South Kentucky,Shelbyville SF - 234,AL,Studio;C Vw;B Loc;B Sz,6,6,100%
2/28/2026,South Kentucky,Shelbyville SF - 234,AL,Studio;C Vw;C Loc;B Sz,5,5,100%
2/28/2026,South Kentucky,Shelbyville SF - 234,AL/MC,MC-2BR;A Vw;C Loc;B Sz,2,2,100%
2/28/2026,South Kentucky,Shelbyville SF - 234,AL/MC,MC-Studio;A Vw;A Loc;B Sz,3,3,100%
2/28/2026,South Kentucky,Shelbyville SF - 234,AL/MC,MC-Studio;A Vw;B Loc;B Sz,1,1,100%
2/28/2026,South Kentucky,Shelbyville SF - 234,AL/MC,MC-Studio;C Vw;A Loc;B Sz,4,4,100%
2/28/2026,South Kentucky,Shelbyville SF - 234,AL/MC,MC-Studio;C Vw;B Loc;B Sz,5,5,100%
2/28/2026,South Kentucky,Shelbyville SF - 234,AL/MC,MC-Studio;C Vw;C Loc;B Sz,8,8,100%
2/28/2026,South Kentucky,Winchester - 232,AL,1BR;B Vw;A Loc;B Sz,8,8,100%
2/28/2026,South Kentucky,Winchester - 232,AL,1BR;B Vw;C Loc;B Sz,5,5,100%
2/28/2026,South Kentucky,Winchester - 232,AL,2BR;B Vw;A Loc;B Sz,1,1,100%
2/28/2026,South Kentucky,Winchester - 232,AL,2BR;B Vw;C Loc;B Sz,1,1,100%
2/28/2026,South Kentucky,Winchester - 232,AL,Studio Dlx;B Vw;A Loc;B Sz,4,4,100%
2/28/2026,South Kentucky,Winchester - 232,AL,Studio Dlx;B Vw;C Loc;B Sz,8,8,100%
2/28/2026,South Kentucky,Winchester - 232,AL,Studio;B Vw;A Loc;B Sz,13.1,15,88%
2/28/2026,South Kentucky,Winchester - 232,AL,Studio;B Vw;C Loc;B Sz,12,14,86%
2/28/2026,South Kentucky,Winchester - 232,AL/MC,MC-2BR,1,2,50%
2/28/2026,South Kentucky,Winchester - 232,AL/MC,MC-Studio,18.4,21,88%
2/28/2026,Southeast Indiana,Batesville - 120,AL,Companion,4,4,100%
2/28/2026,Southeast Indiana,Batesville - 120,AL,Studio - Double,10,10,100%
2/28/2026,Southeast Indiana,Batesville - 120,AL,Studio - Private,8,8,100%
2/28/2026,Southeast Indiana,Batesville - 120,AL/MC,Legacy Lane - Companion,2,2,100%
2/28/2026,Southeast Indiana,Batesville - 120,AL/MC,Legacy Lane - Private,8.6,9,95%
2/28/2026,Southeast Indiana,Batesville - 120,HC,Companion,46.9,50,94%
2/28/2026,Southeast Indiana,Batesville - 120,HC,Private,10.2,11,93%
2/28/2026,Southeast Indiana,Bedford - 115,AL,Companion,4,4,100%
2/28/2026,Southeast Indiana,Bedford - 115,AL,Studio - Companion,8.9,10,89%
2/28/2026,Southeast Indiana,Bedford - 115,AL,Studio - Private,7.1,8,89%
2/28/2026,Southeast Indiana,Bedford - 115,AL/MC,Legacy Lane - Companion,2.9,3,96%
2/28/2026,Southeast Indiana,Bedford - 115,AL/MC,Legacy Lane - Private,7.5,8,94%
2/28/2026,Southeast Indiana,Bedford - 115,HC,Companion,40.3,42,96%
2/28/2026,Southeast Indiana,Bedford - 115,HC,HC Private Deluxe New,2.9,4,72%
2/28/2026,Southeast Indiana,Bedford - 115,HC,HC Private New,4.9,7,69%
2/28/2026,Southeast Indiana,Bedford - 115,HC,Private,11.4,15,76%
2/28/2026,Southeast Indiana,Bloomington HS - 5149,AL,Companion,7,7,100%
2/28/2026,Southeast Indiana,Bloomington HS - 5149,AL,Studio - Private,19.9,22,90%
2/28/2026,Southeast Indiana,Bloomington HS - 5149,AL,Studio - Private A Loc,3,3,100%
2/28/2026,Southeast Indiana,Bloomington HS - 5149,AL,Studio - Private Deluxe,1.6,2,82%
2/28/2026,Southeast Indiana,Bloomington HS - 5149,AL/MC,Legacy Bldng - Companion,5,5,100%
2/28/2026,Southeast Indiana,Bloomington HS - 5149,AL/MC,Legacy Bldng - Private,17.7,20,89%
2/28/2026,Southeast Indiana,Bloomington HS - 5149,AL/MC,Legacy Bldng - Private Deluxe,4,4,100%
2/28/2026,Southeast Indiana,Bloomington HS - 5149,HC,Companion,26.1,30,87%
2/28/2026,Southeast Indiana,Bloomington HS - 5149,HC,Companion Deluxe,3.6,4,89%
2/28/2026,Southeast Indiana,Bloomington HS - 5149,HC,Private,29.2,30,97%
2/28/2026,Southeast Indiana,Bloomington HS - 5149,HC,TCU - Companion,0,0,0%
2/28/2026,Southeast Indiana,Bloomington HS - 5149,HC,TCU - Private,0,0,0%
2/28/2026,Southeast Indiana,Bloomington SC - 5164,AL,One BR Apt Deluxe-Double,3,3,100%
2/28/2026,Southeast Indiana,Bloomington SC - 5164,AL,One BR Apt Deluxe-Single,4,4,100%
2/28/2026,Southeast Indiana,Bloomington SC - 5164,AL,One BR Apt-Double,6.9,7,98%
2/28/2026,Southeast Indiana,Bloomington SC - 5164,AL,One BR Apt-Single,1,1,100%
2/28/2026,Southeast Indiana,Bloomington SC - 5164,AL,Studio - Private,4,4,100%
2/28/2026,Southeast Indiana,Bloomington SC - 5164,AL,Studio - Private Deluxe-Double,3.7,4,93%
2/28/2026,Southeast Indiana,Bloomington SC - 5164,AL/MC,LL - Compan;A Vw;A Loc;B Sz,1,1,100%
2/28/2026,Southeast Indiana,Bloomington SC - 5164,AL/MC,LL - Studio;A Vw;A Loc;A Sz,3.5,4,87%
2/28/2026,Southeast Indiana,Bloomington SC - 5164,AL/MC,LL - Studio;A Vw;A Loc;B Sz,2,2,100%
2/28/2026,Southeast Indiana,Bloomington SC - 5164,AL/MC,LL - Studio;A Vw;B Loc;B Sz,2,2,100%
2/28/2026,Southeast Indiana,Bloomington SC - 5164,AL/MC,LL - Studio;B Vw;A Loc;B Sz,1.2,2,61%
2/28/2026,Southeast Indiana,Bloomington SC - 5164,AL/MC,LL - Studio;B Vw;B Loc;B Sz,1,1,100%
2/28/2026,Southeast Indiana,Bloomington SC - 5164,AL/MC,LL - Studio;C Vw;A Loc;B Sz,1,1,100%
2/28/2026,Southeast Indiana,Bloomington SC - 5164,HC,Companion,5,5,99%
2/28/2026,Southeast Indiana,Bloomington SC - 5164,HC,Private,44.5,46,97%
2/28/2026,Southeast Indiana,Bloomington SC - 5164,HC,TCU - Companion,2,2,98%
2/28/2026,Southeast Indiana,Bloomington SC - 5164,HC,TCU - Private,1,1,100%
2/28/2026,Southeast Indiana,Columbus - 107,AL,Companion,4,4,100%
2/28/2026,Southeast Indiana,Columbus - 107,AL,Studio - Companion,7.5,10,75%
2/28/2026,Southeast Indiana,Columbus - 107,AL,Studio - Private,6.8,8,84%
2/28/2026,Southeast Indiana,Columbus - 107,AL/MC,Legacy Lane - Companion,1,1,100%
2/28/2026,Southeast Indiana,Columbus - 107,AL/MC,Legacy Lane - Private,9.6,10,96%
2/28/2026,Southeast Indiana,Columbus - 107,HC,Companion,30.1,36,84%
2/28/2026,Southeast Indiana,Columbus - 107,HC,Private,25.6,32,80%
2/28/2026,Southeast Indiana,Greensburg - 150,AL,Companion,4,4,100%
2/28/2026,Southeast Indiana,Greensburg - 150,AL,Studio - Double,9,10,90%
2/28/2026,Southeast Indiana,Greensburg - 150,AL,Studio - Private,10.7,13,82%
2/28/2026,Southeast Indiana,Greensburg - 150,AL/MC,Legacy Lane - Companion,2,2,100%
2/28/2026,Southeast Indiana,Greensburg - 150,AL/MC,Legacy Lane - Private,7,9,78%
2/28/2026,Southeast Indiana,Greensburg - 150,HC,Companion,32.1,34,94%
2/28/2026,Southeast Indiana,Greensburg - 150,HC,Private,13.1,30,44%
2/28/2026,Southeast Indiana,Hanover - 116,AL,Companion,0,0,0%
2/28/2026,Southeast Indiana,Hanover - 116,AL,One BR Apt-Double,4,4,100%
2/28/2026,Southeast Indiana,Hanover - 116,AL,Studio - Private,0,0,0%
2/28/2026,Southeast Indiana,Hanover - 116,AL,Studio;B Vw;B Loc;A Sz,6,6,100%
2/28/2026,Southeast Indiana,Hanover - 116,AL,Studio;B Vw;B Loc;B Sz,3,3,100%
2/28/2026,Southeast Indiana,Hanover - 116,AL,Studio;B Vw;B Loc;C Sz,8,8,100%
2/28/2026,Southeast Indiana,Hanover - 116,AL,Studio;End of Hall,3,3,100%
2/28/2026,Southeast Indiana,Hanover - 116,HC,Companion,26.9,32,84%
2/28/2026,Southeast Indiana,Hanover - 116,HC,Private,3.1,4,77%
2/28/2026,Southeast Indiana,Hanover - 116,HC/MC,Legacy Lane - Companion,17.5,18,97%
2/28/2026,Southeast Indiana,Hanover - 116,HC/MC,Legacy Lane - Private,1,1,100%
2/28/2026,Southeast Indiana,Lawrenceburg - 143,AL,Companion,4,4,100%
2/28/2026,Southeast Indiana,Lawrenceburg - 143,AL,Companion - Single,1,1,100%
2/28/2026,Southeast Indiana,Lawrenceburg - 143,AL,Studio - Double,1,1,100%
2/28/2026,Southeast Indiana,Lawrenceburg - 143,AL,Studio - Private,26.9,28,96%
2/28/2026,Southeast Indiana,Lawrenceburg - 143,AL/MC,Legacy Bldng - Companion,1,1,100%
2/28/2026,Southeast Indiana,Lawrenceburg - 143,AL/MC,Legacy Bldng - Private,19.2,20,96%
2/28/2026,Southeast Indiana,Lawrenceburg - 143,HC,Companion,22,24,92%
2/28/2026,Southeast Indiana,Lawrenceburg - 143,HC,Private,35.8,37,97%
2/28/2026,Southeast Indiana,Lawrenceburg - 143,HC/MC,Legacy Lane - Companion,3.9,4,96%
2/28/2026,Southeast Indiana,Lawrenceburg - 143,HC/MC,Legacy Lane - Private,6,6,100%
2/28/2026,Southeast Indiana,Madison - 2157,AL,Companion,4,4,100%
2/28/2026,Southeast Indiana,Madison - 2157,AL,Studio - Private,23.2,24,97%
2/28/2026,Southeast Indiana,Madison - 2157,HC,Companion,14.9,18,83%
2/28/2026,Southeast Indiana,Madison - 2157,HC,Private,16.3,21,78%
2/28/2026,Southeast Indiana,Madison - 2157,HC,TCU - Private,9.2,11,84%
2/28/2026,Southeast Indiana,Madison - 2157,SL,1BR; 1st Fl; A Vw; 626 SqFt,1,1,100%
2/28/2026,Southeast Indiana,Madison - 2157,SL,1BR; 1st Fl; B Vw; 764 SqFt,1,1,100%
2/28/2026,Southeast Indiana,Madison - 2157,SL,1BR; 1st Fl; B Vw; 837 SqFt,1,1,100%
2/28/2026,Southeast Indiana,Madison - 2157,SL,1BR; 1st Fl; C Vw; 738 SqFt,0,1,0%
2/28/2026,Southeast Indiana,Madison - 2157,SL,1BR; 1st Fl; C Vw; 778 SqFt,1,1,100%
2/28/2026,Southeast Indiana,Madison - 2157,SL,1BR; 4th Fl; A Vw; 467 SqFt,1,1,100%
2/28/2026,Southeast Indiana,Madison - 2157,SL,1BR; 4th Fl; B Vw; 486 SqFt,1,1,100%
2/28/2026,Southeast Indiana,Madison - 2157,SL,1BR; 4th Fl; B Vw; 494 SqFt,1,1,100%
2/28/2026,Southeast Indiana,Madison - 2157,SL,1BR; 4th Fl; B Vw; 497 SqFt,1,1,100%
2/28/2026,Southeast Indiana,Madison - 2157,SL,1BR; 4th Fl; C Vw; 512 SqFt,1,1,100%
2/28/2026,Southeast Indiana,Madison - 2157,SL,1BR; 4th Fl; C Vw; 513 SqFt,0,1,0%
2/28/2026,Southeast Indiana,Madison - 2157,SL,1BR; 4th Fl; C Vw; 523 SqFt,1,1,100%
2/28/2026,Southeast Indiana,Madison - 2157,SL,1BR; 4th Fl; C Vw; 532 SqFt,1,1,100%
2/28/2026,Southeast Indiana,Madison - 2157,SL,1BR; 4th Fl; C Vw; 567 SqFt,1,1,100%
2/28/2026,Southeast Indiana,Madison - 2157,SL,2BR; 1st Fl; A Vw; 980 SqFt,1,1,100%
2/28/2026,Southeast Indiana,Madison - 2157,SL,2BR; 4th Fl; A Vw; 729 SqFt,0,1,0%
2/28/2026,Southeast Indiana,Madison - 2157,SL,2BR; 4th Fl; A Vw; 734 SqFt,1,1,100%
2/28/2026,Southeast Indiana,Madison - 2157,SL,2BR; 4th Fl; A Vw; 756 SqFt,1,1,100%
2/28/2026,Southeast Indiana,Madison - 2157,SL,2BR; 4th Fl; A Vw; 924 SqFt,1,1,100%
2/28/2026,Southeast Indiana,Madison - 2157,SL,2BR; 4th Fl; B Vw; 929 SqFt,1,1,100%
2/28/2026,Southeast Indiana,Madison - 2157,SL,2BR; 4th Fl; C Vw; 737 SqFt,1,1,100%
2/28/2026,Southeast Indiana,Madison - 2157,SL,2BR; 4th Fl; C Vw; 791 SqFt,1,1,100%
2/28/2026,Southeast Indiana,Madison - 2157,SL,Studio; 1st Fl; B Vw; 403 SqFt,0.3,1,32%
2/28/2026,Southeast Indiana,Madison - 2157,SL,Studio; 1st Fl; C Vw; 454 SqFt,0.3,1,29%
2/28/2026,Southeast Indiana,Scottsburg - 121,AL,Companion,0,0,0%
2/28/2026,Southeast Indiana,Scottsburg - 121,AL,Studio - Private,17,18,94%
2/28/2026,Southeast Indiana,Scottsburg - 121,AL,Studio - Private Deluxe,4,4,100%
2/28/2026,Southeast Indiana,Scottsburg - 121,HC,Companion,41.6,44,95%
2/28/2026,Southeast Indiana,Scottsburg - 121,HC,Private,20.8,27,77%
2/28/2026,Southeast Indiana,Seymour - 109,AL,Companion,4,4,100%
2/28/2026,Southeast Indiana,Seymour - 109,AL,Studio - Private,17.1,18,95%
2/28/2026,Southeast Indiana,Seymour - 109,AL/MC,Legacy Lane - Private,2,3,68%
2/28/2026,Southeast Indiana,Seymour - 109,HC,Companion,29.1,44,66%
2/28/2026,Southeast Indiana,Seymour - 109,HC,Private,1.8,2,89%
2/28/2026,Southeast Indiana,Seymour - 109,HC,TCU - Private,8.5,12,71%
2/28/2026,Southeast Indiana,Seymour - 109,HC/MC,Legacy Lane - Companion,4,4,100%
2/28/2026,Southeast Indiana,Seymour - 109,HC/MC,Legacy Lane - Private,6,6,100%
2/28/2026,Southeast Indiana,Shelbyville - 118,AL,Companion,5,5,100%
2/28/2026,Southeast Indiana,Shelbyville - 118,AL,Studio - Private,17,17,100%
2/28/2026,Southeast Indiana,Shelbyville - 118,AL/MC,Legacy Lane - Companion,2,2,100%
2/28/2026,Southeast Indiana,Shelbyville - 118,AL/MC,Legacy Lane - Private,7,8,88%
2/28/2026,Southeast Indiana,Shelbyville - 118,AL/MC,Legacy Lane - Studio Dlx,0.6,1,64%
2/28/2026,Southeast Indiana,Shelbyville - 118,HC,Companion,51.1,54,94%
2/28/2026,Southeast Indiana,Shelbyville - 118,HC,Private,4.6,5,91%
2/28/2026,Southeast Indiana,Shelbyville - 118,VIL,Independent Living - Villa,15.1,19,80%
2/28/2026,Southeast Ohio,Delphos - 407,AL,Compan;A Vw;A Loc;B Sz,1,2,50%
2/28/2026,Southeast Ohio,Delphos - 407,AL,Compan;A Vw;C Loc;B Sz,2,2,100%
2/28/2026,Southeast Ohio,Delphos - 407,AL,Compan;B Vw;C Loc;B Sz,1,2,50%
2/28/2026,Southeast Ohio,Delphos - 407,AL,Compan;C Vw;A Loc;B Sz,0.2,1,21%
2/28/2026,Southeast Ohio,Delphos - 407,AL,Studio;A Vw;A Loc;B Sz,3,3,100%
2/28/2026,Southeast Ohio,Delphos - 407,AL,Studio;A Vw;C Loc;B Sz,6.6,9,73%
2/28/2026,Southeast Ohio,Delphos - 407,AL,Studio;A Vw;C Loc;C Sz,1,1,100%
2/28/2026,Southeast Ohio,Delphos - 407,AL,Studio;B Vw;A Loc;B Sz,3,4,75%
2/28/2026,Southeast Ohio,Delphos - 407,AL,Studio;B Vw;C Loc;B Sz,3,5,60%
2/28/2026,Southeast Ohio,Delphos - 407,AL,Studio;B Vw;C Loc;C Sz,1,1,100%
2/28/2026,Southeast Ohio,Delphos - 407,AL,Studio;C Vw;C Loc;B Sz,4,4,100%
2/28/2026,Southeast Ohio,Delphos - 407,HC,Compan;A Vw;C Loc;B Sz,2,4,50%
2/28/2026,Southeast Ohio,Delphos - 407,HC,Compan;C Vw;A Loc;B Sz,2.5,4,63%
2/28/2026,Southeast Ohio,Delphos - 407,HC,Compan;C Vw;C Loc;B Sz,8,8,100%
2/28/2026,Southeast Ohio,Delphos - 407,HC,Companion,0,0,0%
2/28/2026,Southeast Ohio,Delphos - 407,HC,Private,0,0,0%
2/28/2026,Southeast Ohio,Delphos - 407,HC,Stu Dlx;A Vw;A Loc;B Sz,1,1,100%
2/28/2026,Southeast Ohio,Delphos - 407,HC,Stu Dlx;A Vw;C Loc;B Sz,1,1,100%
2/28/2026,Southeast Ohio,Delphos - 407,HC,Stu Dlx;C Vw;A Loc;B Sz,1,1,100%
2/28/2026,Southeast Ohio,Delphos - 407,HC,Stu Dlx;C Vw;C Loc;B Sz,1,1,100%
2/28/2026,Southeast Ohio,Delphos - 407,HC,Studio;A Vw;A Loc;B Sz,3,3,100%
2/28/2026,Southeast Ohio,Delphos - 407,HC,Studio;A Vw;C Loc;B Sz,5.5,6,91%
2/28/2026,Southeast Ohio,Delphos - 407,HC,Studio;C Vw;A Loc;B Sz,2.8,3,92%
2/28/2026,Southeast Ohio,Delphos - 407,HC,Studio;C Vw;C Loc;B Sz,19.9,22,91%
2/28/2026,Southeast Ohio,Gahanna - 436,AL,Compan;A Vw;C Loc;A Sz,2,2,100%
2/28/2026,Southeast Ohio,Gahanna - 436,AL,Compan;B Vw;C Loc;B Sz,1.9,2,95%
2/28/2026,Southeast Ohio,Gahanna - 436,AL,Studio;A Vw;A Loc;B Sz,3,3,100%
2/28/2026,Southeast Ohio,Gahanna - 436,AL,Studio;A Vw;B Loc;B Sz,2,2,100%
2/28/2026,Southeast Ohio,Gahanna - 436,AL,Studio;A Vw;C Loc;B Sz,4,4,100%
2/28/2026,Southeast Ohio,Gahanna - 436,AL,Studio;B Vw;C Loc;B Sz,4,4,100%
2/28/2026,Southeast Ohio,Gahanna - 436,AL,Studio;C Vw;B Loc;B Sz,1.9,2,93%
2/28/2026,Southeast Ohio,Gahanna - 436,AL/MC,MC-Compan;A Vw;B Loc;B Sz,1,1,100%
2/28/2026,Southeast Ohio,Gahanna - 436,AL/MC,MC-Compan;A Vw;C Loc;B Sz,0,1,0%
2/28/2026,Southeast Ohio,Gahanna - 436,AL/MC,MC-Compan;C Vw;C Loc;B Sz,1,1,100%
2/28/2026,Southeast Ohio,Gahanna - 436,AL/MC,MC-Studio;A Vw;A Loc;B Sz,1,2,50%
2/28/2026,Southeast Ohio,Gahanna - 436,AL/MC,MC-Studio;A Vw;C Loc;B Sz,4.1,5,82%
2/28/2026,Southeast Ohio,Gahanna - 436,AL/MC,MC-Studio;B Vw;C Loc;B Sz,0.3,1,29%
2/28/2026,Southeast Ohio,Gahanna - 436,AL/MC,MC-Studio;C Vw;C Loc;B Sz,3.9,4,97%
2/28/2026,Southeast Ohio,Gahanna - 436,HC,Compan;A Vw;B Loc;B Sz,1.6,2,79%
2/28/2026,Southeast Ohio,Gahanna - 436,HC,Compan;A Vw;C Loc;B Sz,5,6,83%
2/28/2026,Southeast Ohio,Gahanna - 436,HC,Compan;C Vw;B Loc;B Sz,5.8,6,97%
2/28/2026,Southeast Ohio,Gahanna - 436,HC,Compan;C Vw;C Loc;B Sz,8.4,10,84%
2/28/2026,Southeast Ohio,Gahanna - 436,HC,Studio;A Vw;A Loc;B Sz,2.9,3,98%
2/28/2026,Southeast Ohio,Gahanna - 436,HC,Studio;A Vw;B Loc;B Sz,0.9,1,93%
2/28/2026,Southeast Ohio,Gahanna - 436,HC,Studio;A Vw;C Loc;B Sz,4.5,5,89%
2/28/2026,Southeast Ohio,Gahanna - 436,HC,Studio;C Vw;A Loc;B Sz,2.6,3,86%
2/28/2026,Southeast Ohio,Gahanna - 436,HC,Studio;C Vw;B Loc;B Sz,2.6,3,87%
2/28/2026,Southeast Ohio,Gahanna - 436,HC,Studio;C Vw;C Loc;B Sz,18,19,95%
2/28/2026,Southeast Ohio,Gahanna - 436,SL,1BR;A Vw;B Loc;A Sz,0,1,0%
2/28/2026,Southeast Ohio,Gahanna - 436,SL,1BR;A Vw;B Loc;B Sz,0,1,0%
2/28/2026,Southeast Ohio,Gahanna - 436,SL,1BR;A Vw;C Loc;B Sz,1,3,33%
2/28/2026,Southeast Ohio,Gahanna - 436,SL,1BR;B Vw;A Loc;A Sz,2,2,100%
2/28/2026,Southeast Ohio,Gahanna - 436,SL,1BR;B Vw;A Loc;B Sz,1,1,100%
2/28/2026,Southeast Ohio,Gahanna - 436,SL,1BR;B Vw;B Loc;A Sz,1,2,50%
2/28/2026,Southeast Ohio,Gahanna - 436,SL,1BR;B Vw;C Loc;B Sz,5,7,71%
2/28/2026,Southeast Ohio,Gahanna - 436,SL,1BR;C Vw;B Loc;C Sz,0.1,1,7%
2/28/2026,Southeast Ohio,Gahanna - 436,SL,Studio;A Vw;C Loc;A Sz,2,2,100%
2/28/2026,Southeast Ohio,Gahanna - 436,SL,Studio;B Vw;C Loc;B Sz,2,2,100%
2/28/2026,Southeast Ohio,Hilliard - 437,AL,Compan;A Vw;C Loc;A Sz,2,2,100%
2/28/2026,Southeast Ohio,Hilliard - 437,AL,Compan;B Vw;C Loc;B Sz,1,1,100%
2/28/2026,Southeast Ohio,Hilliard - 437,AL,Compan;C Vw;C Loc;B Sz,1,1,100%
2/28/2026,Southeast Ohio,Hilliard - 437,AL,Studio;A Vw;A Loc;B Sz,3,3,100%
2/28/2026,Southeast Ohio,Hilliard - 437,AL,Studio;A Vw;B Loc;B Sz,1,1,100%
2/28/2026,Southeast Ohio,Hilliard - 437,AL,Studio;A Vw;C Loc;B Sz,9,9,100%
2/28/2026,Southeast Ohio,Hilliard - 437,AL,Studio;C Vw;B Loc;B Sz,1,1,100%
2/28/2026,Southeast Ohio,Hilliard - 437,AL,Studio;C Vw;C Loc;B Sz,1,1,100%
2/28/2026,Southeast Ohio,Hilliard - 437,AL/MC,MC-Compan;A Vw;A Loc;B Sz,1,1,100%
2/28/2026,Southeast Ohio,Hilliard - 437,AL/MC,MC-Compan;A Vw;B Loc;B Sz,1,1,100%
2/28/2026,Southeast Ohio,Hilliard - 437,AL/MC,MC-Compan;C Vw;B Loc;A Sz,0.6,1,61%
2/28/2026,Southeast Ohio,Hilliard - 437,AL/MC,MC-Studio;A Vw;A Loc;B Sz,2,2,100%
2/28/2026,Southeast Ohio,Hilliard - 437,AL/MC,MC-Studio;A Vw;C Loc;B Sz,5,5,100%
2/28/2026,Southeast Ohio,Hilliard - 437,AL/MC,MC-Studio;B Vw;C Loc;B Sz,2,2,100%
2/28/2026,Southeast Ohio,Hilliard - 437,AL/MC,MC-Studio;C Vw;C Loc;B Sz,2.6,3,87%
2/28/2026,Southeast Ohio,Hilliard - 437,HC,Compan;C Vw;A Loc;B Sz,7.3,8,92%
2/28/2026,Southeast Ohio,Hilliard - 437,HC,Compan;C Vw;B Loc;B Sz,4,4,100%
2/28/2026,Southeast Ohio,Hilliard - 437,HC,Compan;C Vw;C Loc;B Sz,7.6,8,96%
2/28/2026,Southeast Ohio,Hilliard - 437,HC,Studio Dlx;A Vw;A Loc;C Sz,1,1,100%
2/28/2026,Southeast Ohio,Hilliard - 437,HC,Studio;A Vw;B Loc;B Sz,2.9,3,96%
2/28/2026,Southeast Ohio,Hilliard - 437,HC,Studio;A Vw;C Loc;B Sz,9.4,10,94%
2/28/2026,Southeast Ohio,Hilliard - 437,HC,Studio;B Vw;C Loc;B Sz,2,2,98%
2/28/2026,Southeast Ohio,Hilliard - 437,HC,Studio;C Vw;A Loc;B Sz,3,3,99%
2/28/2026,Southeast Ohio,Hilliard - 437,HC,Studio;C Vw;B Loc;B Sz,0.9,1,93%
2/28/2026,Southeast Ohio,Hilliard - 437,HC,Studio;C Vw;C Loc;B Sz,13.5,14,96%
2/28/2026,Southeast Ohio,Hilliard - 437,SL,1BR;A Vw;B Loc;A Sz,1,1,100%
2/28/2026,Southeast Ohio,Hilliard - 437,SL,1BR;A Vw;B Loc;B Sz,1,1,100%
2/28/2026,Southeast Ohio,Hilliard - 437,SL,1BR;A Vw;C Loc;A Sz,1,1,100%
2/28/2026,Southeast Ohio,Hilliard - 437,SL,1BR;A Vw;C Loc;B Sz,8,8,100%
2/28/2026,Southeast Ohio,Hilliard - 437,SL,1BR;B Vw;C Loc;B Sz,1,1,100%
2/28/2026,Southeast Ohio,Hilliard - 437,SL,1BR;C Vw;A Loc;B Sz,2,3,67%
2/28/2026,Southeast Ohio,Hilliard - 437,SL,1BR;C Vw;B Loc;A Sz,1,1,100%
2/28/2026,Southeast Ohio,Hilliard - 437,SL,1BR;C Vw;C Loc;A Sz,0,1,0%
2/28/2026,Southeast Ohio,Hilliard - 437,SL,1BR;C Vw;C Loc;B Sz,0,2,0%
2/28/2026,Southeast Ohio,Hilliard - 437,SL,1BR;C Vw;C Loc;C Sz,1,1,100%
2/28/2026,Southeast Ohio,Hilliard - 437,SL,Studio;A Vw;C Loc;A Sz,2,2,100%
2/28/2026,Southeast Ohio,Hilliard - 437,SL,Studio;B Vw;C Loc;B Sz,1,1,100%
2/28/2026,Southeast Ohio,Hilliard - 437,SL,Studio;C Vw;C Loc;B Sz,0.4,1,39%
2/28/2026,Southeast Ohio,Lancaster - 445,AL,2 FL 1BR;C Vw;B Loc;B Sz,1,1,100%
2/28/2026,Southeast Ohio,Lancaster - 445,AL,2 FL Studio;B Vw;B Loc;B Sz,1,1,100%
2/28/2026,Southeast Ohio,Lancaster - 445,AL,Compan;B Vw;B Loc;B Sz,2.6,4,66%
2/28/2026,Southeast Ohio,Lancaster - 445,AL,Studio Double;B Vw;A Loc;B Sz,5.1,7,72%
2/28/2026,Southeast Ohio,Lancaster - 445,AL,Studio Double;B Vw;B Loc;B Sz,6,8,75%
2/28/2026,Southeast Ohio,Lancaster - 445,AL/MC,MC-Compan;B Vw;B Loc;B Sz,2,3,68%
2/28/2026,Southeast Ohio,Lancaster - 445,AL/MC,MC-Studio Double;B Vw;B Loc;B Sz,10.7,12,89%
2/28/2026,Southeast Ohio,Lancaster - 445,HC,Compan;B Vw;B Loc;B Sz,14.5,20,73%
2/28/2026,Southeast Ohio,Lancaster - 445,HC,Studio Dlx;B Vw;A Loc;A Sz,0.8,1,75%
2/28/2026,Southeast Ohio,Lancaster - 445,HC,Studio;B Vw;A Loc;B Sz,6.9,7,98%
2/28/2026,Southeast Ohio,Lancaster - 445,HC,Studio;B Vw;B Loc;B Sz,21,24,88%
2/28/2026,Southeast Ohio,Lancaster - 445,SL,2 FL 1BR;B Vw;B Loc;A Sz,3,3,100%
2/28/2026,Southeast Ohio,Lancaster - 445,SL,2 FL 1BR;B Vw;B Loc;B Sz,12.4,13,95%
2/28/2026,Southeast Ohio,Lancaster - 445,SL,2 FL 1BR;C Vw;B Loc;B Sz,1,1,100%
2/28/2026,Southeast Ohio,Lancaster - 445,SL,2 FL 1BR;C Vw;B Loc;C Sz,0.7,1,68%
2/28/2026,Southeast Ohio,Lancaster - 445,SL,2 FL 2BR;B Vw;B Loc;B Sz,1,1,100%
2/28/2026,Southeast Ohio,Lancaster - 445,SL,2 FL Studio;B Vw;B Loc;B Sz,4,4,100%
2/28/2026,Southeast Ohio,Lima - 410,HC,Companion,27.3,28,98%
2/28/2026,Southeast Ohio,Lima - 410,HC,Private,9.2,10,92%
2/28/2026,Southeast Ohio,Lima - 410,HC,TCU - Companion,0,0,0%
2/28/2026,Southeast Ohio,Lima - 410,HC,TCU - Private,9,10,90%
2/28/2026,Southeast Ohio,Lima - 410,HC/MC,MC - Companion,13.8,14,98%
2/28/2026,Southeast Ohio,Lima SL - 433,AL,Compan;A Vw;C Loc;B Sz,2,2,100%
2/28/2026,Southeast Ohio,Lima SL - 433,AL,Compan;B Vw;C Loc;B Sz,2,2,100%
2/28/2026,Southeast Ohio,Lima SL - 433,AL,Studio;A Vw;A Loc;B Sz,3,3,100%
2/28/2026,Southeast Ohio,Lima SL - 433,AL,Studio;A Vw;B Loc;B Sz,1,1,100%
2/28/2026,Southeast Ohio,Lima SL - 433,AL,Studio;A Vw;C Loc;B Sz,4.8,5,96%
2/28/2026,Southeast Ohio,Lima SL - 433,AL,Studio;B Vw;B Loc;B Sz,1,1,100%
2/28/2026,Southeast Ohio,Lima SL - 433,AL,Studio;B Vw;C Loc;B Sz,5,5,100%
2/28/2026,Southeast Ohio,Lima SL - 433,AL/MC,Legacy-Compan;B Vw;B Loc;B Sz,2,2,100%
2/28/2026,Southeast Ohio,Lima SL - 433,AL/MC,Legacy-Compan;C Vw;B Loc;B Sz,1,1,100%
2/28/2026,Southeast Ohio,Lima SL - 433,AL/MC,Legacy-Studio;B Vw;A Loc;B Sz,2,2,100%
2/28/2026,Southeast Ohio,Lima SL - 433,AL/MC,Legacy-Studio;B Vw;C Loc;B Sz,9.8,10,98%
2/28/2026,Southeast Ohio,Lima SL - 433,HC,Compan;A Vw;C Loc;B Sz,3.8,4,96%
2/28/2026,Southeast Ohio,Lima SL - 433,HC,Compan;C Vw;B Loc;B Sz,6,6,100%
2/28/2026,Southeast Ohio,Lima SL - 433,HC,Compan;C Vw;C Loc;B Sz,9.5,10,95%
2/28/2026,Southeast Ohio,Lima SL - 433,HC,Studio Dlx;A Vw;B Loc;B Sz,1,1,100%
2/28/2026,Southeast Ohio,Lima SL - 433,HC,Studio Dlx;A Vw;C Loc;B Sz,1,1,100%
2/28/2026,Southeast Ohio,Lima SL - 433,HC,Studio;A Vw;A Loc;B Sz,3,3,100%
2/28/2026,Southeast Ohio,Lima SL - 433,HC,Studio;A Vw;B Loc;B Sz,1,1,100%
2/28/2026,Southeast Ohio,Lima SL - 433,HC,Studio;A Vw;C Loc;B Sz,4.9,5,99%
2/28/2026,Southeast Ohio,Lima SL - 433,HC,Studio;B Vw;C Loc;B Sz,2.9,3,96%
2/28/2026,Southeast Ohio,Lima SL - 433,HC,Studio;C Vw;A Loc;B Sz,3,3,100%
2/28/2026,Southeast Ohio,Lima SL - 433,HC,Studio;C Vw;B Loc;B Sz,3,3,99%
2/28/2026,Southeast Ohio,Lima SL - 433,HC,Studio;C Vw;C Loc;B Sz,15.5,16,97%
2/28/2026,Southeast Ohio,New Albany SM - 438,AL,2 FL 1BR;B Vw;A Loc;A Sz,2,2,100%
2/28/2026,Southeast Ohio,New Albany SM - 438,AL,2 FL 1BR;B Vw;B Loc;A Sz,1,1,100%
2/28/2026,Southeast Ohio,New Albany SM - 438,AL,2 FL 1BR;B Vw;B Loc;B Sz,3.3,3,100%
2/28/2026,Southeast Ohio,New Albany SM - 438,AL,Compan;A Vw;C Loc;A Sz,2,2,100%
2/28/2026,Southeast Ohio,New Albany SM - 438,AL,Compan;B Vw;C Loc;B Sz,2,2,100%
2/28/2026,Southeast Ohio,New Albany SM - 438,AL,Studio;A Vw;A Loc;B Sz,2.9,3,95%
2/28/2026,Southeast Ohio,New Albany SM - 438,AL,Studio;A Vw;B Loc;B Sz,1.7,2,86%
2/28/2026,Southeast Ohio,New Albany SM - 438,AL,Studio;A Vw;C Loc;B Sz,4,4,100%
2/28/2026,Southeast Ohio,New Albany SM - 438,AL,Studio;B Vw;C Loc;B Sz,4,4,100%
2/28/2026,Southeast Ohio,New Albany SM - 438,AL,Studio;C Vw;B Loc;B Sz,1.1,2,57%
2/28/2026,Southeast Ohio,New Albany SM - 438,AL/MC,Legacy-Compan;A Vw;B Loc;B Sz,0.8,1,79%
2/28/2026,Southeast Ohio,New Albany SM - 438,AL/MC,Legacy-Compan;A Vw;C Loc;B Sz,0.4,1,43%
2/28/2026,Southeast Ohio,New Albany SM - 438,AL/MC,Legacy-Compan;C Vw;C Loc;B Sz,1,1,100%
2/28/2026,Southeast Ohio,New Albany SM - 438,AL/MC,Legacy-Studio;A Vw;A Loc;B Sz,2,2,98%
2/28/2026,Southeast Ohio,New Albany SM - 438,AL/MC,Legacy-Studio;A Vw;C Loc;B Sz,5,5,99%
2/28/2026,Southeast Ohio,New Albany SM - 438,AL/MC,Legacy-Studio;B Vw;C Loc;B Sz,1,1,100%
2/28/2026,Southeast Ohio,New Albany SM - 438,AL/MC,Legacy-Studio;C Vw;C Loc;B Sz,4,4,100%
2/28/2026,Southeast Ohio,New Albany SM - 438,HC,Compan;C Vw;B Loc;B Sz,2.8,4,71%
2/28/2026,Southeast Ohio,New Albany SM - 438,HC,Compan;C Vw;C Loc;B Sz,18.1,20,90%
2/28/2026,Southeast Ohio,New Albany SM - 438,HC,Studio Dlx;C Vw;C Loc;B Sz,4,4,99%
2/28/2026,Southeast Ohio,New Albany SM - 438,HC,Studio;A Vw;A Loc;B Sz,2.8,3,92%
2/28/2026,Southeast Ohio,New Albany SM - 438,HC,Studio;A Vw;B Loc;B Sz,1,1,96%
2/28/2026,Southeast Ohio,New Albany SM - 438,HC,Studio;A Vw;C Loc;B Sz,4.2,5,84%
2/28/2026,Southeast Ohio,New Albany SM - 438,HC,Studio;C Vw;A Loc;B Sz,2.2,3,73%
2/28/2026,Southeast Ohio,New Albany SM - 438,HC,Studio;C Vw;B Loc;B Sz,2.7,3,89%
2/28/2026,Southeast Ohio,New Albany SM - 438,HC,Studio;C Vw;C Loc;B Sz,14.5,15,97%
2/28/2026,Southeast Ohio,New Albany SM - 438,SL,1BR;A Vw;B Loc;A Sz,1,1,100%
2/28/2026,Southeast Ohio,New Albany SM - 438,SL,1BR;A Vw;B Loc;B Sz,1,1,100%
2/28/2026,Southeast Ohio,New Albany SM - 438,SL,1BR;A Vw;C Loc;B Sz,2.3,3,75%
2/28/2026,Southeast Ohio,New Albany SM - 438,SL,1BR;B Vw;A Loc;A Sz,0,0,0%
2/28/2026,Southeast Ohio,New Albany SM - 438,SL,1BR;B Vw;A Loc;B Sz,1,1,100%
2/28/2026,Southeast Ohio,New Albany SM - 438,SL,1BR;B Vw;B Loc;A Sz,0,0,0%
2/28/2026,Southeast Ohio,New Albany SM - 438,SL,1BR;B Vw;C Loc;B Sz,2.9,3,98%
2/28/2026,Southeast Ohio,New Albany SM - 438,SL,1BR;C Vw;B Loc;C Sz,1,1,100%
2/28/2026,Southeast Ohio,New Albany SM - 438,SL,2 FL 1BR;B Vw;A Loc;A Sz,0,0,0%
2/28/2026,Southeast Ohio,New Albany SM - 438,SL,2 FL 1BR;B Vw;B Loc;A Sz,1,1,100%
2/28/2026,Southeast Ohio,New Albany SM - 438,SL,2 FL 1BR;B Vw;B Loc;B Sz,0.1,1,15%
2/28/2026,Southeast Ohio,New Albany SM - 438,SL,Studio;A Vw;C Loc;A Sz,2,2,100%
2/28/2026,Southeast Ohio,New Albany SM - 438,SL,Studio;B Vw;C Loc;B Sz,1.1,2,55%
2/28/2026,Southeast Ohio,Pickerington - 421,AL,Compan;B Vw;C Loc;B Sz,3,4,75%
2/28/2026,Southeast Ohio,Pickerington - 421,AL,Studio;B Vw;A Loc;B Sz,3.8,4,95%
2/28/2026,Southeast Ohio,Pickerington - 421,AL,Studio;B Vw;B Loc;B Sz,1,1,100%
2/28/2026,Southeast Ohio,Pickerington - 421,AL,Studio;B Vw;C Loc;B Sz,7,8,88%
2/28/2026,Southeast Ohio,Pickerington - 421,AL,Studio;C Vw;A Loc;B Sz,0.1,1,7%
2/28/2026,Southeast Ohio,Pickerington - 421,AL,Studio;C Vw;B Loc;B Sz,1,1,100%
2/28/2026,Southeast Ohio,Pickerington - 421,AL/MC,Legacy-Compan;B Vw;B Loc;B Sz,0,0,0%
2/28/2026,Southeast Ohio,Pickerington - 421,AL/MC,Legacy-Compan;B Vw;C Loc;B Sz,2,2,100%
2/28/2026,Southeast Ohio,Pickerington - 421,AL/MC,Legacy-Compan;C Vw;C Loc;B Sz,0.2,1,21%
2/28/2026,Southeast Ohio,Pickerington - 421,AL/MC,Legacy-Studio;B Vw;A Loc;B Sz,1,2,50%
2/28/2026,Southeast Ohio,Pickerington - 421,AL/MC,Legacy-Studio;B Vw;C Loc;B Sz,5,7,71%
2/28/2026,Southeast Ohio,Pickerington - 421,AL/MC,Legacy-Studio;C Vw;C Loc;B Sz,3,3,100%
2/28/2026,Southeast Ohio,Pickerington - 421,HC,Compan;C Vw;A Loc;B Sz,3.9,4,97%
2/28/2026,Southeast Ohio,Pickerington - 421,HC,Compan;C Vw;B Loc;B Sz,4,4,100%
2/28/2026,Southeast Ohio,Pickerington - 421,HC,Companion,15.4,16,96%
2/28/2026,Southeast Ohio,Pickerington - 421,HC,Studio;A Vw;A Loc;B Sz,3,3,100%
2/28/2026,Southeast Ohio,Pickerington - 421,HC,Studio;A Vw;B Loc;B Sz,1,1,100%
2/28/2026,Southeast Ohio,Pickerington - 421,HC,Studio;A Vw;C Loc;B Sz,4.7,5,94%
2/28/2026,Southeast Ohio,Pickerington - 421,HC,Studio;B Vw;C Loc;B Sz,0.8,1,75%
2/28/2026,Southeast Ohio,Pickerington - 421,HC,Studio;C Vw;A Loc;B Sz,3,3,99%
2/28/2026,Southeast Ohio,Pickerington - 421,HC,Studio;C Vw;B Loc;B Sz,2.9,3,96%
2/28/2026,Southeast Ohio,Pickerington - 421,HC,Studio;C Vw;C Loc;B Sz,17.2,18,95%
2/28/2026,Southeast Ohio,Pickerington - 421,SL,1BR Dlx;A Vw;A Loc;B Sz,0,1,0%
2/28/2026,Southeast Ohio,Pickerington - 421,SL,1BR Dlx;A Vw;B Loc;B Sz,1,1,100%
2/28/2026,Southeast Ohio,Pickerington - 421,SL,1BR Dlx;B Vw;A Loc;A Sz,1,1,100%
2/28/2026,Southeast Ohio,Pickerington - 421,SL,1BR Dlx;B Vw;B Loc;A Sz,0,1,0%
2/28/2026,Southeast Ohio,Pickerington - 421,SL,1BR;A Vw;C Loc;B Sz,1,2,50%
2/28/2026,Southeast Ohio,Pickerington - 421,SL,1BR;B Vw;A Loc;A Sz,1,1,100%
2/28/2026,Southeast Ohio,Pickerington - 421,SL,1BR;B Vw;A Loc;B Sz,2,2,100%
2/28/2026,Southeast Ohio,Pickerington - 421,SL,1BR;B Vw;B Loc;B Sz,2,2,100%
2/28/2026,Southeast Ohio,Pickerington - 421,SL,1BR;B Vw;C Loc;B Sz,5,6,83%
2/28/2026,Southeast Ohio,Pickerington - 421,SL,1BR;C Vw;B Loc;C Sz,1,1,100%
2/28/2026,Southeast Ohio,Pickerington - 421,SL,Studio;B Vw;C Loc;A Sz,1,2,50%
2/28/2026,Southeast Ohio,Pickerington - 421,SL,Studio;B Vw;C Loc;B Sz,2,2,100%
2/28/2026,Southeast Ohio,Zanesville OB - 2425,AL,Companion,3,3,100%
2/28/2026,Southeast Ohio,Zanesville OB - 2425,AL,Studio - Private,13.9,14,99%
2/28/2026,Southeast Ohio,Zanesville OB - 2425,HC,Companion,18.9,20,94%
2/28/2026,Southeast Ohio,Zanesville OB - 2425,HC,Private,32.4,35,93%
2/28/2026,Southwest Indiana,Boonville - 110,AL,Companion,4,4,100%
2/28/2026,Southwest Indiana,Boonville - 110,AL,Studio - Double,9.7,10,97%
2/28/2026,Southwest Indiana,Boonville - 110,AL,Studio - Private,7,8,88%
2/28/2026,Southwest Indiana,Boonville - 110,AL/MC,Legacy Lane - Companion,1,2,50%
2/28/2026,Southwest Indiana,Boonville - 110,AL/MC,Legacy Lane - Private,4.9,9,55%
2/28/2026,Southwest Indiana,Boonville - 110,HC,Companion,49.2,56,88%
2/28/2026,Southwest Indiana,Boonville - 110,HC,Private,3.4,4,85%
2/28/2026,Southwest Indiana,Evansville NR - 2186,AL,Companion,4,4,100%
2/28/2026,Southwest Indiana,Evansville NR - 2186,AL,Studio - Private,15,15,100%
2/28/2026,Southwest Indiana,Evansville NR - 2186,AL/MC,Legacy Lane - Companion,2.9,3,95%
2/28/2026,Southwest Indiana,Evansville NR - 2186,AL/MC,Legacy Lane - Private,8,8,100%
2/28/2026,Southwest Indiana,Evansville NR - 2186,HC,Companion,19.9,24,83%
2/28/2026,Southwest Indiana,Evansville NR - 2186,HC,Private,32.8,34,96%
2/28/2026,Southwest Indiana,Evansville NR - 2186,VIL,Independent Living - Villa 1,20,20,100%
2/28/2026,Southwest Indiana,Evansville NR - 2186,VIL,Independent Living - Villa 2,10,10,100%
2/28/2026,Southwest Indiana,Evansville RP - 111,AL,1BR;A Vw;B Loc;B Sz,3.5,4,87%
2/28/2026,Southwest Indiana,Evansville RP - 111,AL,Studio - Double;A Vw;B Loc;B Sz,4,4,100%
2/28/2026,Southwest Indiana,Evansville RP - 111,AL,Studio - Double;B Vw;B Loc;B Sz,1,1,100%
2/28/2026,Southwest Indiana,Evansville RP - 111,AL,Studio - Double;C Vw;B Loc;B Sz,5,5,100%
2/28/2026,Southwest Indiana,Evansville RP - 111,AL,Studio;A Vw;B Loc;A Sz,2,2,100%
2/28/2026,Southwest Indiana,Evansville RP - 111,AL,Studio;A Vw;B Loc;B Sz,4,4,100%
2/28/2026,Southwest Indiana,Evansville RP - 111,AL,Studio;A Vw;B Loc;C Sz,8.2,9,91%
2/28/2026,Southwest Indiana,Evansville RP - 111,AL,Studio;B Vw;B Loc;B Sz,2,2,100%
2/28/2026,Southwest Indiana,Evansville RP - 111,AL,Studio;B Vw;B Loc;C Sz,2,2,100%
2/28/2026,Southwest Indiana,Evansville RP - 111,AL,Studio;C Vw;B Loc;A Sz,2,2,100%
2/28/2026,Southwest Indiana,Evansville RP - 111,AL,Studio;C Vw;B Loc;C Sz,7,7,100%
2/28/2026,Southwest Indiana,Evansville RP - 111,HC,Companion,25,26,96%
2/28/2026,Southwest Indiana,Evansville RP - 111,HC,Private,33.7,36,94%
2/28/2026,Southwest Indiana,Evansville RP - 111,HC,TCU - Private Deluxe 460 SQ FT,2.6,3,87%
2/28/2026,Southwest Indiana,Evansville WR - 142,AL,Companion,4.8,5,96%
2/28/2026,Southwest Indiana,Evansville WR - 142,AL,Studio - Double,0,0,0%
2/28/2026,Southwest Indiana,Evansville WR - 142,AL,Studio - Private,28.2,29,97%
2/28/2026,Southwest Indiana,Evansville WR - 142,AL/MC,Legacy Bldng - Companion,2,2,100%
2/28/2026,Southwest Indiana,Evansville WR - 142,AL/MC,Legacy Bldng - Private,22.6,27,84%
2/28/2026,Southwest Indiana,Evansville WR - 142,HC,Companion,14.3,17,84%
2/28/2026,Southwest Indiana,Evansville WR - 142,HC,Private,24.7,28,88%
2/28/2026,Southwest Indiana,Evansville WR - 142,HC/MC,MC - Companion,7,10,70%
2/28/2026,Southwest Indiana,Evansville WR - 142,HC/MC,MC - Studio,3.8,4,96%
2/28/2026,Southwest Indiana,Ferdinand - 303,AL,Compan;A Vw;B Loc;A Sz,1,1,100%
2/28/2026,Southwest Indiana,Ferdinand - 303,AL,Compan;A Vw;C Loc;A Sz,1,1,100%
2/28/2026,Southwest Indiana,Ferdinand - 303,AL,Compan;A Vw;C Loc;B Sz,1,1,100%
2/28/2026,Southwest Indiana,Ferdinand - 303,AL,Compan;B Vw;B Loc;B Sz,1,1,100%
2/28/2026,Southwest Indiana,Ferdinand - 303,AL,Studio;A Vw;A Loc;B Sz,1,1,100%
2/28/2026,Southwest Indiana,Ferdinand - 303,AL,Studio;A Vw;C Loc;B Sz,5.7,6,95%
2/28/2026,Southwest Indiana,Ferdinand - 303,AL,Studio;B Vw;A Loc;B Sz,4,4,100%
2/28/2026,Southwest Indiana,Ferdinand - 303,AL,Studio;C Vw;A Loc;B Sz,4,4,100%
2/28/2026,Southwest Indiana,Ferdinand - 303,AL/MC,Legacy Compan;A Vw;A Loc;B Sz,2,2,100%
2/28/2026,Southwest Indiana,Ferdinand - 303,AL/MC,Legacy Studio;A Vw;A Loc;B Sz,4,4,100%
2/28/2026,Southwest Indiana,Ferdinand - 303,AL/MC,Legacy Studio;A Vw;B Loc;B Sz,2,2,100%
2/28/2026,Southwest Indiana,Ferdinand - 303,AL/MC,Legacy Studio;B Vw;A Loc;B Sz,1,1,100%
2/28/2026,Southwest Indiana,Ferdinand - 303,AL/MC,Legacy Studio;B Vw;C Loc;B Sz,7,7,100%
2/28/2026,Southwest Indiana,Ferdinand - 303,HC,Compan;A Vw;C Loc;B Sz,3.8,4,94%
2/28/2026,Southwest Indiana,Ferdinand - 303,HC,Compan;C Vw;A Loc;B Sz,8,8,100%
2/28/2026,Southwest Indiana,Ferdinand - 303,HC,Compan;C Vw;C Loc;B Sz,11.4,12,95%
2/28/2026,Southwest Indiana,Ferdinand - 303,HC,Companion,0,0,0%
2/28/2026,Southwest Indiana,Ferdinand - 303,HC,Private,0,0,0%
2/28/2026,Southwest Indiana,Ferdinand - 303,HC,Studio;A Vw;A Loc;B Sz,3.8,4,96%
2/28/2026,Southwest Indiana,Ferdinand - 303,HC,Studio;A Vw;C Loc;B Sz,6,6,100%
2/28/2026,Southwest Indiana,Ferdinand - 303,HC,Studio;C Vw;A Loc;B Sz,9.9,10,99%
2/28/2026,Southwest Indiana,Ferdinand - 303,HC,Studio;C Vw;C Loc;B Sz,25.9,26,99%
2/28/2026,Southwest Indiana,Ferdinand - 303,HC/MC,Legacy Lane - Companion,0,0,0%
2/28/2026,Southwest Indiana,Ferdinand - 303,HC/MC,Legacy-Compan;A Vw;A Loc;B Sz,2,2,100%
2/28/2026,Southwest Indiana,Ferdinand - 303,HC/MC,Legacy-Compan;A Vw;C Loc;B Sz,5.9,6,98%
2/28/2026,Southwest Indiana,Ferdinand - 303,HC/MC,Legacy-Compan;C Vw;C Loc;B Sz,0,0,0%
2/28/2026,Southwest Indiana,Ferdinand - 303,HC/MC,Legacy-Studio;A Vw;A Loc;B Sz,2,2,100%
2/28/2026,Southwest Indiana,Ferdinand - 303,HC/MC,Legacy-Studio;A Vw;C Loc;B Sz,5,5,100%
2/28/2026,Southwest Indiana,Ferdinand - 303,HC/MC,Legacy-Studio;B Vw;C Loc;B Sz,3,3,100%
2/28/2026,Southwest Indiana,Greencastle - 119,AL,Companion,4,4,100%
2/28/2026,Southwest Indiana,Greencastle - 119,AL,Studio - Double,8.5,10,85%
2/28/2026,Southwest Indiana,Greencastle - 119,AL,Studio - Private,7,8,88%
2/28/2026,Southwest Indiana,Greencastle - 119,AL/MC,Legacy Lane - Companion,2,2,100%
2/28/2026,Southwest Indiana,Greencastle - 119,AL/MC,Legacy Lane - Private,8.8,9,97%
2/28/2026,Southwest Indiana,Greencastle - 119,HC,Companion,53.2,57,93%
2/28/2026,Southwest Indiana,Greencastle - 119,HC,Private,3.9,4,97%
2/28/2026,Southwest Indiana,Greencastle - 119,HC,Private Deluxe,1,1,96%
2/28/2026,Southwest Indiana,Jasper - 108,AL,Companion,5.8,6,96%
2/28/2026,Southwest Indiana,Jasper - 108,AL,One Bedroom,1,1,100%
2/28/2026,Southwest Indiana,Jasper - 108,AL,Studio - Private,26.9,27,99%
2/28/2026,Southwest Indiana,Jasper - 108,HC,Companion,49.6,54,92%
2/28/2026,Southwest Indiana,Jasper - 108,HC,Private,4,4,100%
2/28/2026,Southwest Indiana,Jasper - 108,VIL,Independent Living - Villa 1,23,23,100%
2/28/2026,Southwest Indiana,Petersburg - 304,AL,Companion,1.2,3,40%
2/28/2026,Southwest Indiana,Petersburg - 304,AL,Studio - Private,11.7,13,90%
2/28/2026,Southwest Indiana,Petersburg - 304,HC,Companion,43.7,46,95%
2/28/2026,Southwest Indiana,Petersburg - 304,HC,Private,5.1,9,56%
2/28/2026,Southwest Indiana,Petersburg - 304,HC,TCU - Private,5.4,9,60%
2/28/2026,Southwest Indiana,Princeton - 117,AL,1 Bedroom,1,1,100%
2/28/2026,Southwest Indiana,Princeton - 117,AL,Companion,5.1,6,86%
2/28/2026,Southwest Indiana,Princeton - 117,AL,Studio - Private,28,28,100%
2/28/2026,Southwest Indiana,Princeton - 117,HC,Companion,27.6,34,81%
2/28/2026,Southwest Indiana,Princeton - 117,HC,Private,3.9,4,96%
2/28/2026,Southwest Indiana,Princeton - 117,HC,Private Deluxe,13.9,15,92%
2/28/2026,Southwest Indiana,Princeton - 117,HC,TCU - Companion,3.1,8,39%
2/28/2026,Southwest Indiana,Princeton - 117,HC,TCU - Private,5.2,7,74%
2/28/2026,Southwest Indiana,Spencer - 101,HC,Companion,0,0,0%
2/28/2026,Southwest Indiana,Spencer - 101,HC,Private,0,0,0%
2/28/2026,Southwest Indiana,Spencer - 101,HC,TCU - Companion,0,0,0%
2/28/2026,Southwest Indiana,Spencer - 101,HC,TCU - Private,0,0,0%
2/28/2026,Southwest Indiana,Spencer - 101,HC/MC,Legacy Lane - Companion,0,0,0%
2/28/2026,Southwest Indiana,Spencer - 101,HC/MC,Legacy Lane - Private,0,0,0%
2/28/2026,Southwest Indiana,Tell City - 103,AL,Companion,4,4,100%
2/28/2026,Southwest Indiana,Tell City - 103,AL,Studio - Private,16,18,89%
2/28/2026,Southwest Indiana,Tell City - 103,HC,Companion,50.1,56,89%
2/28/2026,Southwest Indiana,Tell City - 103,HC,Private,3.9,4,96%
2/28/2026,Southwest Indiana,Tell City - 103,HC,TCU - Companion,3.2,4,79%
2/28/2026,Southwest Indiana,Tell City - 103,HC,TCU - Private,10.4,14,74%
2/28/2026,Southwest Indiana,Tell City - 103,HC/MC,Legacy Lane - Companion,4,4,100%
2/28/2026,Southwest Indiana,Tell City - 103,HC/MC,Legacy Lane - Private,8.6,9,96%
2/28/2026,Southwest Indiana,Tell City - 103,VIL,Independent Living - Villa 1,17.5,18,96%
2/28/2026,Southwest Indiana,Terre Haute CC - 129,AL,Companion,4,4,100%
2/28/2026,Southwest Indiana,Terre Haute CC - 129,AL,Studio - Private,17.7,18,98%
2/28/2026,Southwest Indiana,Terre Haute CC - 129,AL/MC,Legacy Lane - Companion,2,2,100%
2/28/2026,Southwest Indiana,Terre Haute CC - 129,AL/MC,Legacy Lane - Private,9,9,100%
2/28/2026,Southwest Indiana,Terre Haute CC - 129,HC,Companion,34.6,44,79%
2/28/2026,Southwest Indiana,Terre Haute CC - 129,HC,Private,14.1,16,88%
2/28/2026,Southwest Indiana,Terre Haute CC - 129,VIL,Patio Home 2BR,21,24,88%
2/28/2026,Southwest Indiana,Terre Haute HC - 5163,AL,One BR Apt-Double,4,4,100%
2/28/2026,Southwest Indiana,Terre Haute HC - 5163,AL,Studio - Double,3,4,75%
2/28/2026,Southwest Indiana,Terre Haute HC - 5163,AL,Studio - Private,19.1,20,95%
2/28/2026,Southwest Indiana,Terre Haute HC - 5163,AL,Studio Deluxe - Double,1,2,50%
2/28/2026,Southwest Indiana,Terre Haute HC - 5163,AL/MC,LL - Compan;A Vw;C Loc;B Sz,1,1,100%
2/28/2026,Southwest Indiana,Terre Haute HC - 5163,AL/MC,LL - Studio;A Vw;A Loc;B Sz,1,1,100%
2/28/2026,Southwest Indiana,Terre Haute HC - 5163,AL/MC,LL - Studio;A Vw;B Loc;B Sz,1,1,100%
2/28/2026,Southwest Indiana,Terre Haute HC - 5163,AL/MC,LL - Studio;A Vw;C Loc;B Sz,4,4,100%
2/28/2026,Southwest Indiana,Terre Haute HC - 5163,AL/MC,LL - Studio;B Vw;A Loc;B Sz,1,1,100%
2/28/2026,Southwest Indiana,Terre Haute HC - 5163,AL/MC,LL - Studio;B Vw;B Loc;B Sz,1,1,100%
2/28/2026,Southwest Indiana,Terre Haute HC - 5163,AL/MC,LL - Studio;B Vw;C Loc;B Sz,1,1,100%
2/28/2026,Southwest Indiana,Terre Haute HC - 5163,HC,Companion,13.4,14,96%
2/28/2026,Southwest Indiana,Terre Haute HC - 5163,HC,Private,43.1,46,94%
2/28/2026,Southwest Indiana,Vincennes - 131,AL,Companion,4,4,100%
2/28/2026,Southwest Indiana,Vincennes - 131,AL,Studio - Private,17.1,18,95%
2/28/2026,Southwest Indiana,Vincennes - 131,HC,Companion,30.8,38,81%
2/28/2026,Southwest Indiana,Vincennes - 131,HC,Private,3.7,4,93%
2/28/2026,Southwest Indiana,Vincennes - 131,HC,Private Deluxe,9,9,100%
2/28/2026,Southwest Indiana,Vincennes - 131,HC,TCU - Companion,11.1,13,86%
2/28/2026,Southwest Indiana,Vincennes - 131,HC,TCU - Private,14.3,16,89%
2/28/2026,Southwest Indiana,Washington - 305,AL,Companion,4,4,100%
2/28/2026,Southwest Indiana,Washington - 305,AL,Studio - Private,16,16,100%
2/28/2026,Southwest Indiana,Washington - 305,AL/MC,Legacy Lane - Companion,3,3,100%
2/28/2026,Southwest Indiana,Washington - 305,AL/MC,Legacy Lane - Private,6,8,79%
2/28/2026,Southwest Indiana,Washington - 305,HC,Companion,16.3,19,86%
2/28/2026,Southwest Indiana,Washington - 305,HC,Private,20.8,23,91%
2/28/2026,Southwest Indiana,Washington - 305,HC/MC,Legacy Lane - Companion,5.5,6,91%
2/28/2026,Southwest Indiana,Washington - 305,HC/MC,Legacy Lane - Private,4.6,7,66%
2/28/2026,Southwest Indiana,Washington - 305,VIL,Independent Living - Villa 1,18,18,101%
2/28/2026,Southwest Indiana,Washington - 305,VIL,Villa 1 BR,4,4,100%
2/28/2026,Southwest Indiana,Washington - 305,VIL,Villa 2 BR,6,6,100%
2/28/2026,Southwest Ohio,Colerain - 412,AL,Companion,2.9,3,98%
2/28/2026,Southwest Ohio,Colerain - 412,AL,Studio - Companion,6.6,7,94%
2/28/2026,Southwest Ohio,Colerain - 412,AL,Studio - Private,4,5,80%
2/28/2026,Southwest Ohio,Colerain - 412,AL/MC,Legacy-Compan;A Vw;C Loc;B Sz,3,3,100%
2/28/2026,Southwest Ohio,Colerain - 412,AL/MC,Legacy-Studio;A Vw;C Loc;B Sz,2,4,50%
2/28/2026,Southwest Ohio,Colerain - 412,AL/MC,Legacy-Studio;C Vw;A Loc;B Sz,4,4,100%
2/28/2026,Southwest Ohio,Colerain - 412,HC,Companion,27.8,30,93%
2/28/2026,Southwest Ohio,Colerain - 412,HC,Private,23.9,26,92%
2/28/2026,Southwest Ohio,Colerain - 412,VIL,Independent Living - Villa,0,0,0%
2/28/2026,Southwest Ohio,Colerain - 412,VIL,Patio Home 1BR,17,20,85%
2/28/2026,Southwest Ohio,Colerain - 412,VIL,Patio Home 2BR,7,8,88%
2/28/2026,Southwest Ohio,Englewood - 416,AL,Companion,3,3,100%
2/28/2026,Southwest Ohio,Englewood - 416,AL,Companion - 400 Hall,2,2,100%
2/28/2026,Southwest Ohio,Englewood - 416,AL,Studio - Private,17,18,94%
2/28/2026,Southwest Ohio,Englewood - 416,AL,Studio - Private - 400 Hall,9.6,10,96%
2/28/2026,Southwest Ohio,Englewood - 416,AL,Studio - Private A,1,1,100%
2/28/2026,Southwest Ohio,Englewood - 416,AL/MC,Legacy Bldng - Companion,1,1,100%
2/28/2026,Southwest Ohio,Englewood - 416,AL/MC,Legacy Bldng - Private,15.6,17,92%
2/28/2026,Southwest Ohio,Englewood - 416,AL/MC,Legacy Bldng - Private Deluxe,2,2,100%
2/28/2026,Southwest Ohio,Englewood - 416,HC,Companion,7.5,8,94%
2/28/2026,Southwest Ohio,Englewood - 416,HC,Private,49.6,51,97%
2/28/2026,Southwest Ohio,Englewood - 416,HC/MC,Legacy Lane - Companion,5.9,6,98%
2/28/2026,Southwest Ohio,Englewood - 416,HC/MC,Legacy Lane - Private,4.9,5,98%
2/28/2026,Southwest Ohio,Englewood - 416,VIL,1BR;A Location,6,6,100%
2/28/2026,Southwest Ohio,Englewood - 416,VIL,1BR;A Location;With Patio,2,2,100%
2/28/2026,Southwest Ohio,Englewood - 416,VIL,1BR;B Location,1,1,100%
2/28/2026,Southwest Ohio,Englewood - 416,VIL,1BR;B Location;With Patio,1,1,100%
2/28/2026,Southwest Ohio,Englewood - 416,VIL,2BR;A Location,10.9,11,99%
2/28/2026,Southwest Ohio,Englewood - 416,VIL,2BR;A Location;With Patio,3,3,100%
2/28/2026,Southwest Ohio,Englewood - 416,VIL,2BR;B Location,2,2,100%
2/28/2026,Southwest Ohio,Englewood - 416,VIL,2BR;C Location,3,3,100%
2/28/2026,Southwest Ohio,Englewood - 416,VIL,2BR;C Location;With Patio,1,1,100%
2/28/2026,Southwest Ohio,Hamilton - 439,AL,Compan;A Vw;C Loc;A Sz,2,2,100%
2/28/2026,Southwest Ohio,Hamilton - 439,AL,Compan;A Vw;C Loc;B Sz,2,2,100%
2/28/2026,Southwest Ohio,Hamilton - 439,AL,Studio;A Vw;A Loc;B Sz,3,3,100%
2/28/2026,Southwest Ohio,Hamilton - 439,AL,Studio;A Vw;B Loc;B Sz,2,2,98%
2/28/2026,Southwest Ohio,Hamilton - 439,AL,Studio;A Vw;C Loc;B Sz,8,8,100%
2/28/2026,Southwest Ohio,Hamilton - 439,AL,Studio;B Vw;B Loc;B Sz,1,1,100%
2/28/2026,Southwest Ohio,Hamilton - 439,AL,Studio;C Vw;B Loc;B Sz,0.3,1,32%
2/28/2026,Southwest Ohio,Hamilton - 439,AL/MC,MC-Compan;A Vw;B Loc;B Sz,2,2,100%
2/28/2026,Southwest Ohio,Hamilton - 439,AL/MC,MC-Compan;C Vw;B Loc;B Sz,1,1,100%
2/28/2026,Southwest Ohio,Hamilton - 439,AL/MC,MC-Studio;A Vw;A Loc;B Sz,2,2,100%
2/28/2026,Southwest Ohio,Hamilton - 439,AL/MC,MC-Studio;A Vw;C Loc;B Sz,5,5,100%
2/28/2026,Southwest Ohio,Hamilton - 439,AL/MC,MC-Studio;B Vw;C Loc;B Sz,1,1,100%
2/28/2026,Southwest Ohio,Hamilton - 439,AL/MC,MC-Studio;C Vw;C Loc;B Sz,4,4,100%
2/28/2026,Southwest Ohio,Hamilton - 439,HC,Compan;A Vw;A Loc;B Sz,1.4,2,70%
2/28/2026,Southwest Ohio,Hamilton - 439,HC,Compan;A Vw;B Loc;B Sz,2,2,100%
2/28/2026,Southwest Ohio,Hamilton - 439,HC,Compan;A Vw;C Loc;B Sz,2,2,100%
2/28/2026,Southwest Ohio,Hamilton - 439,HC,Compan;C Vw;A Loc;B Sz,5.9,6,99%
2/28/2026,Southwest Ohio,Hamilton - 439,HC,Compan;C Vw;B Loc;B Sz,4,4,100%
2/28/2026,Southwest Ohio,Hamilton - 439,HC,Compan;C Vw;C Loc;B Sz,2,2,100%
2/28/2026,Southwest Ohio,Hamilton - 439,HC,Studio Dlx;A Vw;B Loc;B Sz,0.9,1,93%
2/28/2026,Southwest Ohio,Hamilton - 439,HC,Studio Dlx;C Vw;A Loc;B Sz,1.8,2,88%
2/28/2026,Southwest Ohio,Hamilton - 439,HC,Studio;A Vw;A Loc;B Sz,1.9,2,93%
2/28/2026,Southwest Ohio,Hamilton - 439,HC,Studio;A Vw;B Loc;B Sz,0.4,1,39%
2/28/2026,Southwest Ohio,Hamilton - 439,HC,Studio;A Vw;C Loc;B Sz,9.2,10,92%
2/28/2026,Southwest Ohio,Hamilton - 439,HC,Studio;C Vw;A Loc;B Sz,2.9,3,96%
2/28/2026,Southwest Ohio,Hamilton - 439,HC,Studio;C Vw;B Loc;B Sz,1,1,100%
2/28/2026,Southwest Ohio,Hamilton - 439,HC,Studio;C Vw;C Loc;B Sz,14.5,15,96%
2/28/2026,Southwest Ohio,Harrison - 442,AL,Compan;A Vw;C Loc;A Sz,2,2,100%
2/28/2026,Southwest Ohio,Harrison - 442,AL,Compan;B Vw;C Loc;B Sz,1,1,100%
2/28/2026,Southwest Ohio,Harrison - 442,AL,Compan;C Vw;C Loc;B Sz,1,1,100%
2/28/2026,Southwest Ohio,Harrison - 442,AL,Studio - Double,0,0,0%
2/28/2026,Southwest Ohio,Harrison - 442,AL,Studio;A Vw;A Loc;B Sz,2.9,3,98%
2/28/2026,Southwest Ohio,Harrison - 442,AL,Studio;A Vw;B Loc;B Sz,1,1,100%
2/28/2026,Southwest Ohio,Harrison - 442,AL,Studio;A Vw;C Loc;B Sz,9,9,100%
2/28/2026,Southwest Ohio,Harrison - 442,AL,Studio;C Vw;B Loc;B Sz,1,1,100%
2/28/2026,Southwest Ohio,Harrison - 442,AL,Studio;C Vw;C Loc;B Sz,1,1,100%
2/28/2026,Southwest Ohio,Harrison - 442,AL/MC,MC-Compan;A Vw;A Loc;B Sz,1,1,100%
2/28/2026,Southwest Ohio,Harrison - 442,AL/MC,MC-Compan;A Vw;B Loc;B Sz,0.9,1,93%
2/28/2026,Southwest Ohio,Harrison - 442,AL/MC,MC-Compan;C Vw;B Loc;A Sz,1,1,100%
2/28/2026,Southwest Ohio,Harrison - 442,AL/MC,MC-Studio;A Vw;A Loc;B Sz,2,2,100%
2/28/2026,Southwest Ohio,Harrison - 442,AL/MC,MC-Studio;A Vw;C Loc;B Sz,5,5,100%
2/28/2026,Southwest Ohio,Harrison - 442,AL/MC,MC-Studio;B Vw;C Loc;B Sz,2,2,100%
2/28/2026,Southwest Ohio,Harrison - 442,AL/MC,MC-Studio;C Vw;C Loc;B Sz,3,3,100%
2/28/2026,Southwest Ohio,Harrison - 442,HC,Compan;A Vw;C Loc;B Sz,4,4,100%
2/28/2026,Southwest Ohio,Harrison - 442,HC,Compan;B Vw;C Loc;B Sz,1.9,2,95%
2/28/2026,Southwest Ohio,Harrison - 442,HC,Compan;C Vw;A Loc;B Sz,2,2,100%
2/28/2026,Southwest Ohio,Harrison - 442,HC,Compan;C Vw;B Loc;B Sz,2,2,100%
2/28/2026,Southwest Ohio,Harrison - 442,HC,Compan;C Vw;C Loc;B Sz,5.4,6,90%
2/28/2026,Southwest Ohio,Harrison - 442,HC,Studio Dlx;A Vw;A Loc;C Sz,0.9,1,93%
2/28/2026,Southwest Ohio,Harrison - 442,HC,Studio Dlx;C Vw;B Loc;B Sz,3.9,4,98%
2/28/2026,Southwest Ohio,Harrison - 442,HC,Studio;A Vw;B Loc;B Sz,2.8,3,94%
2/28/2026,Southwest Ohio,Harrison - 442,HC,Studio;A Vw;C Loc;B Sz,6.7,7,95%
2/28/2026,Southwest Ohio,Harrison - 442,HC,Studio;B Vw;C Loc;B Sz,6.3,7,90%
2/28/2026,Southwest Ohio,Harrison - 442,HC,Studio;C Vw;A Loc;B Sz,3.9,4,96%
2/28/2026,Southwest Ohio,Harrison - 442,HC,Studio;C Vw;C Loc;B Sz,11.1,12,93%
2/28/2026,Southwest Ohio,Harrison - 442,SL,1BR;A Vw;B Loc;A Sz,1,1,100%
2/28/2026,Southwest Ohio,Harrison - 442,SL,1BR;A Vw;B Loc;B Sz,1,1,100%
2/28/2026,Southwest Ohio,Harrison - 442,SL,1BR;A Vw;C Loc;A Sz,1,1,100%
2/28/2026,Southwest Ohio,Harrison - 442,SL,1BR;A Vw;C Loc;B Sz,9,9,100%
2/28/2026,Southwest Ohio,Harrison - 442,SL,1BR;C Vw;A Loc;B Sz,3,3,100%
2/28/2026,Southwest Ohio,Harrison - 442,SL,1BR;C Vw;B Loc;A Sz,1,1,100%
2/28/2026,Southwest Ohio,Harrison - 442,SL,1BR;C Vw;C Loc;A Sz,1,1,100%
2/28/2026,Southwest Ohio,Harrison - 442,SL,1BR;C Vw;C Loc;B Sz,2,2,100%
2/28/2026,Southwest Ohio,Harrison - 442,SL,1BR;C Vw;C Loc;C Sz,1,1,100%
2/28/2026,Southwest Ohio,Harrison - 442,SL,Studio;A Vw;C Loc;A Sz,1.2,2,61%
2/28/2026,Southwest Ohio,Harrison - 442,SL,Studio;B Vw;C Loc;B Sz,1,1,100%
2/28/2026,Southwest Ohio,Harrison - 442,SL,Studio;C Vw;C Loc;B Sz,1,1,100%
2/28/2026,Southwest Ohio,Liberty Township - 441,AL,Compan;A Vw;C Loc;A Sz,2,2,100%
2/28/2026,Southwest Ohio,Liberty Township - 441,AL,Compan;C Vw;C Loc;B Sz,2,2,100%
2/28/2026,Southwest Ohio,Liberty Township - 441,AL,Studio;A Vw;A Loc;B Sz,5,5,100%
2/28/2026,Southwest Ohio,Liberty Township - 441,AL,Studio;A Vw;B Loc;B Sz,8,8,100%
2/28/2026,Southwest Ohio,Liberty Township - 441,AL,Studio;C Vw;A Loc;B Sz,2,2,98%
2/28/2026,Southwest Ohio,Liberty Township - 441,AL/MC,MC-Compan;A Vw;C Loc;B Sz,2,2,100%
2/28/2026,Southwest Ohio,Liberty Township - 441,AL/MC,MC-Compan;C Vw;C Loc;B Sz,1,1,100%
2/28/2026,Southwest Ohio,Liberty Township - 441,AL/MC,MC-Studio;A Vw;A Loc;B Sz,2,2,100%
2/28/2026,Southwest Ohio,Liberty Township - 441,AL/MC,MC-Studio;A Vw;C Loc;B Sz,5,5,100%
2/28/2026,Southwest Ohio,Liberty Township - 441,AL/MC,MC-Studio;C Vw;C Loc;B Sz,4.4,5,88%
2/28/2026,Southwest Ohio,Liberty Township - 441,HC,Compan;A Vw;C Loc;B Sz,3,4,75%
2/28/2026,Southwest Ohio,Liberty Township - 441,HC,Compan;C Vw;C Loc;B Sz,3.3,8,42%
2/28/2026,Southwest Ohio,Liberty Township - 441,HC,Studio Dlx;A Vw;A Loc;C Sz,0.5,1,54%
2/28/2026,Southwest Ohio,Liberty Township - 441,HC,Studio;A Vw;B Loc;B Sz,3.6,4,91%
2/28/2026,Southwest Ohio,Liberty Township - 441,HC,Studio;A Vw;C Loc;B Sz,5.5,9,62%
2/28/2026,Southwest Ohio,Liberty Township - 441,HC,Studio;C Vw;B Loc;B Sz,5.8,7,82%
2/28/2026,Southwest Ohio,Liberty Township - 441,HC,Studio;C Vw;C Loc;B Sz,13.6,21,65%
2/28/2026,Southwest Ohio,Liberty Township - 441,SL,2 FL 1BR;A Vw;C Loc;B Sz,11,11,100%
2/28/2026,Southwest Ohio,Liberty Township - 441,SL,2 FL 1BR;C Vw;A Loc;B Sz,3,3,100%
2/28/2026,Southwest Ohio,Liberty Township - 441,SL,2 FL 1BR;C Vw;C Loc;B Sz,5,5,99%
2/28/2026,Southwest Ohio,Liberty Township - 441,SL,2 FL 1BR;C Vw;C Loc;C Sz,1,1,100%
2/28/2026,Southwest Ohio,Liberty Township - 441,SL,2 FL Studio;A Vw;C Loc;B Sz,3,3,100%
2/28/2026,Southwest Ohio,Liberty Township - 441,SL,2 FL Studio;C Vw;C Loc;B Sz,2,2,100%
2/28/2026,Southwest Ohio,Miami Township - 440,AL,Compan;A Vw;C Loc;A Sz,2,2,100%
2/28/2026,Southwest Ohio,Miami Township - 440,AL,Compan;B Vw;C Loc;B Sz,2,2,100%
2/28/2026,Southwest Ohio,Miami Township - 440,AL,Studio ABB - Double,1,1,100%
2/28/2026,Southwest Ohio,Miami Township - 440,AL,Studio;A Vw;A Loc;B Sz,3,3,100%
2/28/2026,Southwest Ohio,Miami Township - 440,AL,Studio;A Vw;C Loc;B Sz,9,9,100%
2/28/2026,Southwest Ohio,Miami Township - 440,AL,Studio;C Vw;B Loc;B Sz,1,1,100%
2/28/2026,Southwest Ohio,Miami Township - 440,AL,Studio;C Vw;C Loc;B Sz,1,1,100%
2/28/2026,Southwest Ohio,Miami Township - 440,AL/MC,MC-Compan;A Vw;A Loc;B Sz,1,1,100%
2/28/2026,Southwest Ohio,Miami Township - 440,AL/MC,MC-Compan;A Vw;B Loc;B Sz,1,1,100%
2/28/2026,Southwest Ohio,Miami Township - 440,AL/MC,MC-Compan;C Vw;B Loc;A Sz,1,1,100%
2/28/2026,Southwest Ohio,Miami Township - 440,AL/MC,MC-Studio;A Vw;A Loc;B Sz,2,2,100%
2/28/2026,Southwest Ohio,Miami Township - 440,AL/MC,MC-Studio;A Vw;C Loc;B Sz,5,5,100%
2/28/2026,Southwest Ohio,Miami Township - 440,AL/MC,MC-Studio;B Vw;C Loc;B Sz,2,2,100%
2/28/2026,Southwest Ohio,Miami Township - 440,AL/MC,MC-Studio;C Vw;C Loc;B Sz,3,3,100%
2/28/2026,Southwest Ohio,Miami Township - 440,HC,Compan;A Vw;C Loc;B Sz,4,4,100%
2/28/2026,Southwest Ohio,Miami Township - 440,HC,Compan;B Vw;C Loc;B Sz,1.6,2,79%
2/28/2026,Southwest Ohio,Miami Township - 440,HC,Compan;C Vw;A Loc;B Sz,2,2,100%
2/28/2026,Southwest Ohio,Miami Township - 440,HC,Compan;C Vw;B Loc;B Sz,5.5,6,92%
2/28/2026,Southwest Ohio,Miami Township - 440,HC,Compan;C Vw;C Loc;B Sz,5.6,6,93%
2/28/2026,Southwest Ohio,Miami Township - 440,HC,Studio Dlx;A Vw;A Loc;C Sz,1,1,100%
2/28/2026,Southwest Ohio,Miami Township - 440,HC,Studio;A Vw;B Loc;B Sz,3,3,99%
2/28/2026,Southwest Ohio,Miami Township - 440,HC,Studio;A Vw;C Loc;B Sz,6.6,7,94%
2/28/2026,Southwest Ohio,Miami Township - 440,HC,Studio;B Vw;C Loc;B Sz,6.8,7,96%
2/28/2026,Southwest Ohio,Miami Township - 440,HC,Studio;C Vw;A Loc;B Sz,3.6,4,91%
2/28/2026,Southwest Ohio,Miami Township - 440,HC,Studio;C Vw;C Loc;B Sz,11.8,12,98%
2/28/2026,Southwest Ohio,Miami Township - 440,SL,1BR;A Vw;C Loc;A Sz,1,2,50%
2/28/2026,Southwest Ohio,Miami Township - 440,SL,1BR;A Vw;C Loc;B Sz,9,10,90%
2/28/2026,Southwest Ohio,Miami Township - 440,SL,1BR;C Vw;A Loc;B Sz,3,3,100%
2/28/2026,Southwest Ohio,Miami Township - 440,SL,1BR;C Vw;C Loc;A Sz,2,2,100%
2/28/2026,Southwest Ohio,Miami Township - 440,SL,1BR;C Vw;C Loc;B Sz,2,2,100%
2/28/2026,Southwest Ohio,Miami Township - 440,SL,1BR;C Vw;C Loc;C Sz,1,1,100%
2/28/2026,Southwest Ohio,Miami Township - 440,SL,Studio;A Vw;C Loc;A Sz,2,2,100%
2/28/2026,Southwest Ohio,Miami Township - 440,SL,Studio;B Vw;C Loc;B Sz,2,2,100%
2/28/2026,Southwest Ohio,Richmond FP - 123,AL,Companion,3.1,4,78%
2/28/2026,Southwest Ohio,Richmond FP - 123,AL,Studio - Companion,2.1,3,69%
2/28/2026,Southwest Ohio,Richmond FP - 123,AL,Studio - Private,14.4,15,96%
2/28/2026,Southwest Ohio,Richmond FP - 123,AL/MC,MC Companion,2,2,100%
2/28/2026,Southwest Ohio,Richmond FP - 123,AL/MC,MC Studio,8.9,9,99%
2/28/2026,Southwest Ohio,Richmond FP - 123,HC,Companion,48.4,50,97%
2/28/2026,Southwest Ohio,Richmond FP - 123,HC,Private,6.5,8,82%
2/28/2026,Southwest Ohio,Richmond SR - 5173,AL,Studio - Private,14,15,94%
2/28/2026,Southwest Ohio,Richmond SR - 5173,HC,Private,52.1,56,93%
2/28/2026,Southwest Ohio,Springfield WG - 2429,AL,"Compan-Cbl,Frnt V,PbArea,SqFt",0.3,1,32%
2/28/2026,Southwest Ohio,Springfield WG - 2429,AL,"Companion - Cbl,Crt V",1,1,100%
2/28/2026,Southwest Ohio,Springfield WG - 2429,AL,"Companion - Cbl,Frnt V",3,3,100%
2/28/2026,Southwest Ohio,Springfield WG - 2429,AL,"Companion - Cbl,Frnt V,Sq Ft",0,0,0%
2/28/2026,Southwest Ohio,Springfield WG - 2429,AL,"Companion - Cbl,Glf V,Sq Ft",2,2,100%
2/28/2026,Southwest Ohio,Springfield WG - 2429,AL,"Companion - Cbl,PbArea,Crt V",1,1,100%
2/28/2026,Southwest Ohio,Springfield WG - 2429,AL,"Studio - Cbl,Crt V",1.8,2,89%
2/28/2026,Southwest Ohio,Springfield WG - 2429,AL,"Studio - Cbl,Crt V,Sq Ft",1,1,100%
2/28/2026,Southwest Ohio,Springfield WG - 2429,AL,"Studio - Cbl,Frnt V",5.9,6,98%
2/28/2026,Southwest Ohio,Springfield WG - 2429,AL,"Studio - Cbl,Frnt V,Pb Area",2.8,3,92%
2/28/2026,Southwest Ohio,Springfield WG - 2429,AL,"Studio - Cbl,Frnt V,Sq Ft",1,1,100%
2/28/2026,Southwest Ohio,Springfield WG - 2429,AL,"Studio - Cbl,Glf V",3,4,75%
2/28/2026,Southwest Ohio,Springfield WG - 2429,AL,"Studio - Cbl,Glf V,Pb Area",4,4,100%
2/28/2026,Southwest Ohio,Springfield WG - 2429,AL,"Studio - Cbl,Glf V,Sq Ft",1,1,100%
2/28/2026,Southwest Ohio,Springfield WG - 2429,AL,Studio DLX,1,1,100%
2/28/2026,Southwest Ohio,Springfield WG - 2429,HC,Companion - Cbl;Crt V,8,8,100%
2/28/2026,Southwest Ohio,Springfield WG - 2429,HC,Companion - Cbl;Frnt V,4,4,100%
2/28/2026,Southwest Ohio,Springfield WG - 2429,HC,Companion - Cbl;Pb Area;Crt V,4,4,100%
2/28/2026,Southwest Ohio,Springfield WG - 2429,HC,Deluxe - Cbl;Crt V,1,1,100%
2/28/2026,Southwest Ohio,Springfield WG - 2429,HC,Deluxe - Cbl;Frnt V,1.9,2,93%
2/28/2026,Southwest Ohio,Springfield WG - 2429,HC,Private - Cbl;Crt V,21.2,22,96%
2/28/2026,Southwest Ohio,Springfield WG - 2429,HC,Private - Cbl;Frnt V,6.7,7,96%
2/28/2026,Southwest Ohio,Springfield WG - 2429,HC,Private - Cbl;Frnt V;Pb Area,3,3,100%
2/28/2026,Southwest Ohio,Springfield WG - 2429,HC,Private - Cbl;Pb Area;Crt V,2.9,3,98%
2/28/2026,Southwest Ohio,Springfield WG - 2429,SL,One Bedroom  701,1,1,100%
2/28/2026,Southwest Ohio,Springfield WG - 2429,SL,One Bedroom  702,1,1,100%
2/28/2026,Southwest Ohio,Springfield WG - 2429,SL,One Bedroom  703,1,1,100%
2/28/2026,Southwest Ohio,Springfield WG - 2429,SL,One Bedroom  704,1,1,100%
2/28/2026,Southwest Ohio,Springfield WG - 2429,SL,One Bedroom  705,1,1,100%
2/28/2026,Southwest Ohio,Springfield WG - 2429,SL,One Bedroom  706,1,1,100%
2/28/2026,Southwest Ohio,Springfield WG - 2429,SL,One Bedroom 711,1,1,100%
2/28/2026,Southwest Ohio,Springfield WG - 2429,SL,One Bedroom 712,1,1,100%
2/28/2026,Southwest Ohio,Springfield WG - 2429,SL,One Bedroom 713,1,1,100%
2/28/2026,Southwest Ohio,Springfield WG - 2429,SL,One Bedroom 714,1,1,100%
2/28/2026,Southwest Ohio,Springfield WG - 2429,SL,One Bedroom 801,1,1,100%
2/28/2026,Southwest Ohio,Springfield WG - 2429,SL,One Bedroom 802,1,1,100%
2/28/2026,Southwest Ohio,Springfield WG - 2429,SL,One Bedroom 803,1,1,100%
2/28/2026,Southwest Ohio,Springfield WG - 2429,SL,One Bedroom 804,1,1,100%
2/28/2026,Southwest Ohio,Springfield WG - 2429,SL,One Bedroom 805,1,1,100%
2/28/2026,Southwest Ohio,Springfield WG - 2429,SL,One Bedroom 806,1,1,100%
2/28/2026,Southwest Ohio,Springfield WG - 2429,SL,Studio 707,1,1,100%
2/28/2026,Southwest Ohio,Springfield WG - 2429,SL,Studio 708,1,1,100%
2/28/2026,Southwest Ohio,Springfield WG - 2429,SL,Studio 709,0,1,0%
2/28/2026,Southwest Ohio,Springfield WG - 2429,SL,Studio 710,1,1,100%
2/28/2026,Southwest Ohio,Union Township - 434,AL,Compan;A Vw;C Loc;C Sz,2,2,100%
2/28/2026,Southwest Ohio,Union Township - 434,AL,Compan;B Vw;C Loc;B Sz,2,2,100%
2/28/2026,Southwest Ohio,Union Township - 434,AL,Studio;A Vw;B Loc;B Sz,1,1,100%
2/28/2026,Southwest Ohio,Union Township - 434,AL,Studio;A Vw;C Loc;B Sz,4,4,100%
2/28/2026,Southwest Ohio,Union Township - 434,AL,Studio;A Vw;C Loc;C Sz,1,1,100%
2/28/2026,Southwest Ohio,Union Township - 434,AL,Studio;B Vw;A Loc;B Sz,2.1,3,70%
2/28/2026,Southwest Ohio,Union Township - 434,AL,Studio;B Vw;B Loc;B Sz,1,1,100%
2/28/2026,Southwest Ohio,Union Township - 434,AL,Studio;B Vw;C Loc;B Sz,4,4,100%
2/28/2026,Southwest Ohio,Union Township - 434,AL,Studio;B Vw;C Loc;C Sz,1,1,100%
2/28/2026,Southwest Ohio,Union Township - 434,AL/MC,Legacy Compan;A Vw;B Loc;B Sz,2,2,100%
2/28/2026,Southwest Ohio,Union Township - 434,AL/MC,Legacy Compan;C Vw;B Loc;C Sz,1,1,100%
2/28/2026,Southwest Ohio,Union Township - 434,AL/MC,Legacy Studio;A Vw;A Loc;B Sz,1.9,2,93%
2/28/2026,Southwest Ohio,Union Township - 434,AL/MC,Legacy Studio;A Vw;C Loc;A Sz,1,1,100%
2/28/2026,Southwest Ohio,Union Township - 434,AL/MC,Legacy Studio;A Vw;C Loc;B Sz,1,1,100%
2/28/2026,Southwest Ohio,Union Township - 434,AL/MC,Legacy Studio;C Vw;C Loc;A Sz,2,2,100%
2/28/2026,Southwest Ohio,Union Township - 434,AL/MC,Legacy Studio;C Vw;C Loc;B Sz,1.8,2,89%
2/28/2026,Southwest Ohio,Union Township - 434,HC,Compan;C Vw;A Loc;B Sz,4,4,100%
2/28/2026,Southwest Ohio,Union Township - 434,HC,Compan;C Vw;B Loc;B Sz,1.6,2,79%
2/28/2026,Southwest Ohio,Union Township - 434,HC,Compan;C Vw;C Loc;B Sz,9.6,10,96%
2/28/2026,Southwest Ohio,Union Township - 434,HC,Studio Dlx;C Vw;B Loc;B Sz,1,1,96%
2/28/2026,Southwest Ohio,Union Township - 434,HC,Studio;B Vw;A Loc;B Sz,2,2,100%
2/28/2026,Southwest Ohio,Union Township - 434,HC,Studio;B Vw;C Loc;B Sz,2,2,98%
2/28/2026,Southwest Ohio,Union Township - 434,HC,Studio;C Vw;A Loc;B Sz,1.9,2,95%
2/28/2026,Southwest Ohio,Union Township - 434,HC,Studio;C Vw;B Loc;B Sz,1.8,2,89%
2/28/2026,Southwest Ohio,Union Township - 434,HC,Studio;C Vw;C Loc;B Sz,15.8,17,93%
2/28/2026,Southwest Ohio,Union Township - 434,HC/MC,MC-Compan;B Vw;C Loc;B Sz,3.8,4,96%
2/28/2026,Southwest Ohio,Union Township - 434,HC/MC,MC-Compan;C Vw;C Loc;B Sz,2,2,100%
2/28/2026,Southwest Ohio,Union Township - 434,HC/MC,MC-Studio;B Vw;A Loc;B Sz,0.8,1,79%
2/28/2026,Southwest Ohio,Union Township - 434,HC/MC,MC-Studio;B Vw;B Loc;B Sz,1,1,100%
2/28/2026,Southwest Ohio,Union Township - 434,HC/MC,MC-Studio;B Vw;C Loc;B Sz,1,1,100%
2/28/2026,Southwest Ohio,Union Township - 434,HC/MC,MC-Studio;C Vw;A Loc;B Sz,0.5,1,54%
2/28/2026,Southwest Ohio,Union Township - 434,HC/MC,MC-Studio;C Vw;B Loc;B Sz,0,0,0%
2/28/2026,Southwest Ohio,Union Township - 434,HC/MC,MC-Studio;C Vw;C Loc;B Sz,2,2,100%
2/28/2026,Southwest Ohio,Union Township - 434,SL,1BR;A Vw;A Loc;B Sz,1,1,100%
2/28/2026,Southwest Ohio,Union Township - 434,SL,1BR;A Vw;B Loc;A Sz,2,2,100%
2/28/2026,Southwest Ohio,Union Township - 434,SL,1BR;A Vw;C Loc;A Sz,1,1,100%
2/28/2026,Southwest Ohio,Union Township - 434,SL,1BR;A Vw;C Loc;B Sz,2,2,100%
2/28/2026,Southwest Ohio,Union Township - 434,SL,1BR;A Vw;C Loc;C Sz,1,1,100%
2/28/2026,Southwest Ohio,Union Township - 434,SL,1BR;B Vw;A Loc;B Sz,1,1,100%
2/28/2026,Southwest Ohio,Union Township - 434,SL,1BR;B Vw;B Loc;B Sz,2,2,100%
2/28/2026,Southwest Ohio,Union Township - 434,SL,1BR;B Vw;C Loc;B Sz,1,1,100%
2/28/2026,Southwest Ohio,Union Township - 434,SL,1BR;B Vw;C Loc;C Sz,1,1,100%
2/28/2026,Southwest Ohio,Union Township - 434,SL,1BR;C Vw;B Loc;B Sz,2,2,100%
2/28/2026,Southwest Ohio,Union Township - 434,SL,1BR;C Vw;C Loc;A Sz,1,1,100%
2/28/2026,Southwest Ohio,Union Township - 434,SL,1BR;C Vw;C Loc;B Sz,1,1,100%
2/28/2026,Southwest Ohio,Union Township - 434,SL,Studio;A Vw;C Loc;C Sz,2,2,100%
2/28/2026,Southwest Ohio,Union Township - 434,SL,Studio;B Vw;C Loc;B Sz,2,2,100%
3/31/2026,Central Ohio,Greenville - 423,AL,Companion,0,0,0%
3/31/2026,Central Ohio,Greenville - 423,AL/MC,MC - Compan;A Vw;B Loc;B Sz,0,0,0%
3/31/2026,Central Ohio,Greenville - 423,AL/MC,MC - Compan;B Vw;B Loc;B Sz,0,0,0%
3/31/2026,Central Ohio,Greenville - 423,HC,Companion,0,0,0%
3/31/2026,Central Ohio,Greenville - 423,HC,Private,0,0,0%
3/31/2026,Central Ohio,Greenville - 423,HC/MC,Legacy Lane - Companion,0,0,0%
3/31/2026,Central Ohio,Greenville - 423,HC/MC,Legacy Lane - Private,0,0,0%
3/31/2026,Central Ohio,Springfield FG - 401,AL,Companion,0,0,0%
3/31/2026,Central Ohio,Springfield FG - 401,AL,Companion - Single,0,0,0%
3/31/2026,Central Ohio,Springfield FG - 401,AL,One Bedroom,0,0,0%
3/31/2026,Central Ohio,Springfield FG - 401,AL,Studio - Double,0,0,0%
3/31/2026,Central Ohio,Springfield FG - 401,AL/MC,Legacy Bldng - Companion,0,0,0%
3/31/2026,Central Ohio,Springfield FG - 401,AL/MC,Legacy Bldng - Private,0,1,0%
3/31/2026,Central Ohio,Springfield FG - 401,HC,Companion,0,0,0%
3/31/2026,Central Ohio,Springfield FG - 401,HC,Private,0,0,0%
3/31/2026,Central Ohio,Springfield FG - 401,VIL,Independent Living - Villa 1,0,0,0%
3/31/2026,Central South Indiana,Avon - 5166,AL,Companion,1,1,100%
3/31/2026,Central South Indiana,Avon - 5166,AL,One BR Apt-Double,3.5,5,70%
3/31/2026,Central South Indiana,Avon - 5166,AL,One BR Apt-Single,2,2,100%
3/31/2026,Central South Indiana,Avon - 5166,AL,Studio - Private,13.5,18,75%
3/31/2026,Central South Indiana,Avon - 5166,AL,Studio Deluxe - Double,4,4,100%
3/31/2026,Central South Indiana,Avon - 5166,AL/MC,Legacy Lane - Companion,0,1,0%
3/31/2026,Central South Indiana,Avon - 5166,AL/MC,Legacy Lane - Private,7.7,12,64%
3/31/2026,Central South Indiana,Avon - 5166,HC,Companion,20.5,22,93%
3/31/2026,Central South Indiana,Avon - 5166,HC,Private,30.3,32,95%
3/31/2026,Central South Indiana,Carmel - 5165,AL,1BR Deluxe,4,4,100%
3/31/2026,Central South Indiana,Carmel - 5165,AL,1BR;B Vw;B Loc;A Sz,5,5,100%
3/31/2026,Central South Indiana,Carmel - 5165,AL,1BR;B Vw;B Loc;C Sz,4.7,5,94%
3/31/2026,Central South Indiana,Carmel - 5165,AL,Companion,0,0,0%
3/31/2026,Central South Indiana,Carmel - 5165,AL,One BR Apt-Double,0,0,0%
3/31/2026,Central South Indiana,Carmel - 5165,AL,Studio; B Vw:B Loc; C Sz,5,5,100%
3/31/2026,Central South Indiana,Carmel - 5165,AL,Studio;B Vw;B Loc;A Sz,1,1,100%
3/31/2026,Central South Indiana,Carmel - 5165,AL/MC,Legacy Lane - Companion,2,2,100%
3/31/2026,Central South Indiana,Carmel - 5165,AL/MC,Legacy Lane - Private,8.4,11,77%
3/31/2026,Central South Indiana,Carmel - 5165,HC,Companion,21.5,25,86%
3/31/2026,Central South Indiana,Carmel - 5165,HC,Private,29.3,32,92%
3/31/2026,Central South Indiana,Carmel - 5165,HC,Studio Deluxe,3.4,4,84%
3/31/2026,Central South Indiana,Greenfield - 125,AL,Companion,7,7,100%
3/31/2026,Central South Indiana,Greenfield - 125,AL,One Bedroom,1,1,100%
3/31/2026,Central South Indiana,Greenfield - 125,AL,Studio - Double,8.6,9,95%
3/31/2026,Central South Indiana,Greenfield - 125,AL,Studio - Private,16.3,17,96%
3/31/2026,Central South Indiana,Greenfield - 125,AL/MC,Legacy Bldng - Companion,5.8,6,97%
3/31/2026,Central South Indiana,Greenfield - 125,AL/MC,Legacy Bldng - Private,17.8,19,94%
3/31/2026,Central South Indiana,Greenfield - 125,AL/MC,Legacy Bldng - Private Inter View,2.7,4,67%
3/31/2026,Central South Indiana,Greenfield - 125,HC,Companion,36.5,45,81%
3/31/2026,Central South Indiana,Greenfield - 125,HC,Private,18.7,21,89%
3/31/2026,Central South Indiana,Greenfield - 125,HC,Private Deluxe,0,0,0%
3/31/2026,Central South Indiana,Greenfield - 125,VIL,Independent Living - Villa 1,21.3,24,89%
3/31/2026,Central South Indiana,Indianapolis AP - 5160,AL,Studio - Companion,6,10,60%
3/31/2026,Central South Indiana,Indianapolis AP - 5160,AL,Studio - Private,3.7,6,62%
3/31/2026,Central South Indiana,Indianapolis AP - 5160,HC,Companion,21.4,28,76%
3/31/2026,Central South Indiana,Indianapolis AP - 5160,HC,Private,42.1,56,75%
3/31/2026,Central South Indiana,Indianapolis CL - 5161,AL,One Bedroom,2,4,50%
3/31/2026,Central South Indiana,Indianapolis CL - 5161,AL,Studio - Companion,8.9,10,89%
3/31/2026,Central South Indiana,Indianapolis CL - 5161,AL,Studio - Companion Deluxe,1,1,100%
3/31/2026,Central South Indiana,Indianapolis CL - 5161,AL,Studio - End of Hall,4,4,100%
3/31/2026,Central South Indiana,Indianapolis CL - 5161,AL,Studio - Private,4.8,8,60%
3/31/2026,Central South Indiana,Indianapolis CL - 5161,AL,Studio - Private Deluxe,3,3,100%
3/31/2026,Central South Indiana,Indianapolis CL - 5161,AL/MC,Legacy Lane - Companion,1.9,2,95%
3/31/2026,Central South Indiana,Indianapolis CL - 5161,AL/MC,Legacy Lane - Private,9,9,100%
3/31/2026,Central South Indiana,Indianapolis CL - 5161,HC,Companion,10.5,14,75%
3/31/2026,Central South Indiana,Indianapolis CL - 5161,HC,Private,39.5,43,92%
3/31/2026,Central South Indiana,Mooresville - 5174,AL,1 Bedroom,0,0,0%
3/31/2026,Central South Indiana,Mooresville - 5174,AL,Studio - Double,0,0,0%
3/31/2026,Central South Indiana,Mooresville - 5174,AL,Studio - Private,14.9,15,99%
3/31/2026,Central South Indiana,Mooresville - 5174,HC,Companion,17.1,19,90%
3/31/2026,Central South Indiana,Mooresville - 5174,HC,Private,31,32,97%
3/31/2026,Central South Indiana,New Castle GO - 2153,AL,Companion,1.6,4,40%
3/31/2026,Central South Indiana,New Castle GO - 2153,AL,Studio - Private,15.6,18,87%
3/31/2026,Central South Indiana,New Castle GO - 2153,AL/MC,Legacy Lane - Companion,2,2,100%
3/31/2026,Central South Indiana,New Castle GO - 2153,AL/MC,Legacy Lane - Private,6,9,67%
3/31/2026,Central South Indiana,New Castle GO - 2153,HC,Companion,49.5,53,93%
3/31/2026,Central South Indiana,New Castle GO - 2153,HC,Private,4.7,5,94%
3/31/2026,Central South Indiana,New Castle SL - 2152,SL,One BR Apt Deluxe-Double,0,0,0%
3/31/2026,Central South Indiana,New Castle SL - 2152,SL,One BR Apt Deluxe-Single,2,2,100%
3/31/2026,Central South Indiana,New Castle SL - 2152,SL,One BR Apt-Double,0,0,0%
3/31/2026,Central South Indiana,New Castle SL - 2152,SL,One BR Apt-Single,36,37,97%
3/31/2026,Central South Indiana,New Castle SL - 2152,SL,Studio - Private,13,16,81%
3/31/2026,Central South Indiana,New Castle SL - 2152,SL,Two BR Apt-Double,0,0,0%
3/31/2026,Central South Indiana,New Castle SL - 2152,SL,Two BR Apt-Single,2,4,50%
3/31/2026,Central South Indiana,Westfield - 5171,AL,One BR Apt-Double,4,4,100%
3/31/2026,Central South Indiana,Westfield - 5171,AL,Studio - Private,23.9,24,100%
3/31/2026,Central South Indiana,Westfield - 5171,AL,Studio - Private Deluxe,2,2,100%
3/31/2026,Central South Indiana,Westfield - 5171,AL/MC,LL - Companion,2,2,100%
3/31/2026,Central South Indiana,Westfield - 5171,AL/MC,LL - Studio,7.8,9,87%
3/31/2026,Central South Indiana,Westfield - 5171,HC,Companion,9,10,90%
3/31/2026,Central South Indiana,Westfield - 5171,HC,Private,42.2,45,94%
3/31/2026,Great Lakes,Battle Creek - 501,AL,Studio - Private,29.4,30,98%
3/31/2026,Great Lakes,Battle Creek - 501,AL/MC,Legacy Bldng - Companion,0,0,0%
3/31/2026,Great Lakes,Battle Creek - 501,AL/MC,Legacy Bldng - Private,0,0,0%
3/31/2026,Great Lakes,Battle Creek - 501,HC,Companion,41.2,47,88%
3/31/2026,Great Lakes,Battle Creek - 501,HC,Private,27.2,30,91%
3/31/2026,Great Lakes,Belmont - 519,AL,Compan;B Vw;C Loc;B Sz,1,1,100%
3/31/2026,Great Lakes,Belmont - 519,AL,Compan;C Vw;C Loc;A Sz,2,2,100%
3/31/2026,Great Lakes,Belmont - 519,AL,Compan;C Vw;C Loc;B Sz,1,1,100%
3/31/2026,Great Lakes,Belmont - 519,AL,Studio;A Vw;A Loc;B Sz,2,2,100%
3/31/2026,Great Lakes,Belmont - 519,AL,Studio;A Vw;C Loc;B Sz,1,1,100%
3/31/2026,Great Lakes,Belmont - 519,AL,Studio;B Vw;C Loc;B Sz,4,4,100%
3/31/2026,Great Lakes,Belmont - 519,AL,Studio;C Vw;A Loc;B Sz,1,1,100%
3/31/2026,Great Lakes,Belmont - 519,AL,Studio;C Vw;B Loc;B Sz,2,2,100%
3/31/2026,Great Lakes,Belmont - 519,AL,Studio;C Vw;C Loc;B Sz,5,5,100%
3/31/2026,Great Lakes,Belmont - 519,AL/MC,MC-Compan;A Vw;A Loc;A Sz,0.5,1,45%
3/31/2026,Great Lakes,Belmont - 519,AL/MC,MC-Compan;A Vw;B Loc;A Sz,1,1,100%
3/31/2026,Great Lakes,Belmont - 519,AL/MC,MC-Compan;C Vw;B Loc;A Sz,1,1,100%
3/31/2026,Great Lakes,Belmont - 519,AL/MC,MC-Studio;A Vw;A Loc;B Sz,1.7,2,87%
3/31/2026,Great Lakes,Belmont - 519,AL/MC,MC-Studio;A Vw;C Loc;B Sz,4,5,80%
3/31/2026,Great Lakes,Belmont - 519,AL/MC,MC-Studio;C Vw;C Loc;B Sz,4.7,5,94%
3/31/2026,Great Lakes,Belmont - 519,HC,Compan;A Vw;C Loc;B Sz,5.8,6,97%
3/31/2026,Great Lakes,Belmont - 519,HC,Compan;B Vw;C Loc;B Sz,1.6,2,79%
3/31/2026,Great Lakes,Belmont - 519,HC,Compan;C Vw;C Loc;B Sz,4,4,100%
3/31/2026,Great Lakes,Belmont - 519,HC,Studio;A Vw;B Loc;B Sz,1.2,2,61%
3/31/2026,Great Lakes,Belmont - 519,HC,Studio;A Vw;C Loc;B Sz,10.6,12,89%
3/31/2026,Great Lakes,Belmont - 519,HC,Studio;B Vw;A Loc;A Sz,0.8,1,81%
3/31/2026,Great Lakes,Belmont - 519,HC,Studio;B Vw;B Loc;B Sz,1,1,100%
3/31/2026,Great Lakes,Belmont - 519,HC,Studio;B Vw;C Loc;B Sz,8.1,9,90%
3/31/2026,Great Lakes,Belmont - 519,HC,Studio;C Vw;A Loc;B Sz,4.6,5,92%
3/31/2026,Great Lakes,Belmont - 519,HC,Studio;C Vw;B Loc;B Sz,5.4,6,90%
3/31/2026,Great Lakes,Belmont - 519,HC,Studio;C Vw;C Loc;B Sz,10,12,84%
3/31/2026,Great Lakes,Belmont - 519,SL,1BR;A Vw;B Loc;A Sz,1,1,100%
3/31/2026,Great Lakes,Belmont - 519,SL,1BR;A Vw;B Loc;B Sz,3.4,4,85%
3/31/2026,Great Lakes,Belmont - 519,SL,1BR;B Vw;B Loc;A Sz,2,2,100%
3/31/2026,Great Lakes,Belmont - 519,SL,1BR;B Vw;B Loc;B Sz,5,5,100%
3/31/2026,Great Lakes,Belmont - 519,SL,1BR;C Vw;B Loc;A Sz,4,4,100%
3/31/2026,Great Lakes,Belmont - 519,SL,1BR;C Vw;B Loc;B Sz,3,3,100%
3/31/2026,Great Lakes,Belmont - 519,SL,1BR;C Vw;B Loc;C Sz,1,1,100%
3/31/2026,Great Lakes,Belmont - 519,SL,Studio;A Vw;B Loc;B Sz,2,2,100%
3/31/2026,Great Lakes,Belmont - 519,SL,Studio;B Vw;B Loc;B Sz,1,1,100%
3/31/2026,Great Lakes,Belmont - 519,SL,Studio;C Vw;B Loc;B Sz,1,1,100%
3/31/2026,Great Lakes,Byron Center - 518,AL,Compan;A Vw;C Loc;A Sz,2,2,100%
3/31/2026,Great Lakes,Byron Center - 518,AL,Compan;B Vw;C Loc;B Sz,1,1,100%
3/31/2026,Great Lakes,Byron Center - 518,AL,Compan;C Vw;C Loc;B Sz,1,1,100%
3/31/2026,Great Lakes,Byron Center - 518,AL,Studio;A Vw;A Loc;B Sz,3,3,100%
3/31/2026,Great Lakes,Byron Center - 518,AL,Studio;A Vw;B Loc;B Sz,1,1,100%
3/31/2026,Great Lakes,Byron Center - 518,AL,Studio;A Vw;C Loc;B Sz,4.4,5,87%
3/31/2026,Great Lakes,Byron Center - 518,AL,Studio;B Vw;C Loc;B Sz,3.8,4,95%
3/31/2026,Great Lakes,Byron Center - 518,AL,Studio;C Vw;B Loc;B Sz,1,1,100%
3/31/2026,Great Lakes,Byron Center - 518,AL,Studio;C Vw;C Loc;B Sz,0.8,1,84%
3/31/2026,Great Lakes,Byron Center - 518,AL/MC,MC-Compan;A Vw;A Loc;A Sz,1,1,100%
3/31/2026,Great Lakes,Byron Center - 518,AL/MC,MC-Compan;A Vw;C Loc;A Sz,1,1,100%
3/31/2026,Great Lakes,Byron Center - 518,AL/MC,MC-Compan;A Vw;C Loc;B Sz,1,2,50%
3/31/2026,Great Lakes,Byron Center - 518,AL/MC,MC-Compan;C Vw;C Loc;B Sz,2,2,100%
3/31/2026,Great Lakes,Byron Center - 518,AL/MC,MC-Studio;A Vw;A Loc;B Sz,0.9,1,90%
3/31/2026,Great Lakes,Byron Center - 518,AL/MC,MC-Studio;A Vw;C Loc;B Sz,2,2,100%
3/31/2026,Great Lakes,Byron Center - 518,AL/MC,MC-Studio;C Vw;C Loc;B Sz,2.7,3,89%
3/31/2026,Great Lakes,Byron Center - 518,HC,Compan;C Vw;C Loc;B Sz,10.8,12,90%
3/31/2026,Great Lakes,Byron Center - 518,HC,Companion,0,0,0%
3/31/2026,Great Lakes,Byron Center - 518,HC,Private,0,0,0%
3/31/2026,Great Lakes,Byron Center - 518,HC,Studio DLX;C Vw;C Loc;B Sz,2,2,100%
3/31/2026,Great Lakes,Byron Center - 518,HC,Studio;A Vw;A Loc;B Sz,2,2,98%
3/31/2026,Great Lakes,Byron Center - 518,HC,Studio;A Vw;C Loc;B Sz,8.3,9,92%
3/31/2026,Great Lakes,Byron Center - 518,HC,Studio;C Vw;A Loc;B Sz,4.9,6,81%
3/31/2026,Great Lakes,Byron Center - 518,HC,Studio;C Vw;C Loc;B Sz,25.9,29,89%
3/31/2026,Great Lakes,Byron Center - 518,SL,1BR;A Vw;C Loc;A Sz,1,1,100%
3/31/2026,Great Lakes,Byron Center - 518,SL,1BR;A Vw;C Loc;B Sz,4,4,100%
3/31/2026,Great Lakes,Byron Center - 518,SL,1BR;B Vw;C Loc;B Sz,7,7,100%
3/31/2026,Great Lakes,Byron Center - 518,SL,1BR;C Vw;C Loc;B Sz,1,2,50%
3/31/2026,Great Lakes,Byron Center - 518,SL,1BR;C Vw;C Loc;C Sz,0.6,1,61%
3/31/2026,Great Lakes,Byron Center - 518,SL,Studio;A Vw;C Loc;A Sz,2,2,100%
3/31/2026,Great Lakes,Byron Center - 518,SL,Studio;B Vw;C Loc;B Sz,3,3,100%
3/31/2026,Great Lakes,Byron Center - 518,SL,Studio;B Vw;C Loc;C Sz,1,1,100%
3/31/2026,Great Lakes,Byron Center - 518,SL,Studio;C Vw;C Loc;B Sz,1,1,100%
3/31/2026,Great Lakes,Hudsonville - 524,AL,Compan;A Vw;C Loc;B Sz,2,2,100%
3/31/2026,Great Lakes,Hudsonville - 524,AL,Compan;C Vw;C Loc;B Sz,2,2,100%
3/31/2026,Great Lakes,Hudsonville - 524,AL,Studio;A Vw;A Loc;B Sz,3,3,100%
3/31/2026,Great Lakes,Hudsonville - 524,AL,Studio;A Vw;C Loc;B Sz,10,10,100%
3/31/2026,Great Lakes,Hudsonville - 524,AL,Studio;C Vw;C Loc;B Sz,2,2,100%
3/31/2026,Great Lakes,Hudsonville - 524,AL/MC,MC-Compan;A Vw;C Loc;B Sz,2,2,100%
3/31/2026,Great Lakes,Hudsonville - 524,AL/MC,MC-Compan;C Vw;C Loc;B Sz,1,1,100%
3/31/2026,Great Lakes,Hudsonville - 524,AL/MC,MC-Studio;A Vw;A Loc;B Sz,2,2,100%
3/31/2026,Great Lakes,Hudsonville - 524,AL/MC,MC-Studio;A Vw;C Loc;B Sz,5,5,100%
3/31/2026,Great Lakes,Hudsonville - 524,AL/MC,MC-Studio;C Vw;C Loc;B Sz,5,5,100%
3/31/2026,Great Lakes,Hudsonville - 524,HC,Compan;A Vw;C Loc;B Sz,4,4,100%
3/31/2026,Great Lakes,Hudsonville - 524,HC,Compan;C Vw;C Loc;B Sz,9.3,16,58%
3/31/2026,Great Lakes,Hudsonville - 524,HC,Studio Dlx;C Vw;C Loc;B Sz,1,1,100%
3/31/2026,Great Lakes,Hudsonville - 524,HC,Studio;A Vw;A Loc;B Sz,1.7,3,58%
3/31/2026,Great Lakes,Hudsonville - 524,HC,Studio;A Vw;C Loc;B Sz,6.3,10,63%
3/31/2026,Great Lakes,Hudsonville - 524,HC,Studio;C Vw;A Loc;B Sz,2.2,4,55%
3/31/2026,Great Lakes,Hudsonville - 524,HC,Studio;C Vw;C Loc;B Sz,11.2,20,56%
3/31/2026,Great Lakes,Hudsonville - 524,SL,1BR;A Vw;C Loc;A Sz,2,2,100%
3/31/2026,Great Lakes,Hudsonville - 524,SL,1BR;A Vw;C Loc;B Sz,7,7,100%
3/31/2026,Great Lakes,Hudsonville - 524,SL,1BR;C Vw;A Loc;B Sz,2,2,100%
3/31/2026,Great Lakes,Hudsonville - 524,SL,1BR;C Vw;C Loc;A Sz,1,1,100%
3/31/2026,Great Lakes,Hudsonville - 524,SL,1BR;C Vw;C Loc;B Sz,5,5,100%
3/31/2026,Great Lakes,Hudsonville - 524,SL,1BR;C Vw;C Loc;C Sz,2,2,100%
3/31/2026,Great Lakes,Hudsonville - 524,SL,2BR;C Vw;A Loc;B Sz,1,1,100%
3/31/2026,Great Lakes,Hudsonville - 524,SL,Studio;A Vw;C Loc;B Sz,2,2,100%
3/31/2026,Great Lakes,Hudsonville - 524,SL,Studio;C Vw;C Loc;B Sz,3,3,100%
3/31/2026,Great Lakes,Lowell - 156,AL,Companion,4,4,100%
3/31/2026,Great Lakes,Lowell - 156,AL,Studio - Double,10,10,100%
3/31/2026,Great Lakes,Lowell - 156,AL,Studio - Private,6,6,100%
3/31/2026,Great Lakes,Lowell - 156,AL/MC,Legacy Lane - Companion,3,3,100%
3/31/2026,Great Lakes,Lowell - 156,AL/MC,Legacy Lane - Private,8,8,100%
3/31/2026,Great Lakes,Lowell - 156,HC,Companion,23.8,24,99%
3/31/2026,Great Lakes,Lowell - 156,HC,Private,32.8,34,96%
3/31/2026,Great Lakes,Muskegon - 525,AL,Compan;A Vw;C Loc;B Sz,2,2,100%
3/31/2026,Great Lakes,Muskegon - 525,AL,Compan;C Vw;C Loc;B Sz,2,2,100%
3/31/2026,Great Lakes,Muskegon - 525,AL,Studio;A Vw;A Loc;B Sz,3,3,100%
3/31/2026,Great Lakes,Muskegon - 525,AL,Studio;A Vw;C Loc;B Sz,10,10,100%
3/31/2026,Great Lakes,Muskegon - 525,AL,Studio;C Vw;C Loc;B Sz,2,2,100%
3/31/2026,Great Lakes,Muskegon - 525,AL/MC,MC-Compan;A Vw;C Loc;B Sz,2,2,98%
3/31/2026,Great Lakes,Muskegon - 525,AL/MC,MC-Compan;C Vw;C Loc;B Sz,1,1,100%
3/31/2026,Great Lakes,Muskegon - 525,AL/MC,MC-Studio;A Vw;A Loc;B Sz,2,2,100%
3/31/2026,Great Lakes,Muskegon - 525,AL/MC,MC-Studio;A Vw;C Loc;B Sz,5,5,100%
3/31/2026,Great Lakes,Muskegon - 525,AL/MC,MC-Studio;C Vw;C Loc;B Sz,4.6,5,92%
3/31/2026,Great Lakes,Muskegon - 525,HC,Compan;A Vw;C Loc;B Sz,2.4,4,59%
3/31/2026,Great Lakes,Muskegon - 525,HC,Compan;C Vw;C Loc;B Sz,10,16,63%
3/31/2026,Great Lakes,Muskegon - 525,HC,Studio Dlx;C Vw;C Loc;B Sz,0,1,0%
3/31/2026,Great Lakes,Muskegon - 525,HC,Studio;A Vw;A Loc;B Sz,2.1,3,70%
3/31/2026,Great Lakes,Muskegon - 525,HC,Studio;A Vw;C Loc;B Sz,4.2,10,42%
3/31/2026,Great Lakes,Muskegon - 525,HC,Studio;C Vw;A Loc;B Sz,1.4,6,23%
3/31/2026,Great Lakes,Muskegon - 525,HC,Studio;C Vw;C Loc;B Sz,11.3,18,63%
3/31/2026,Great Lakes,Muskegon - 525,SL,1BR;A Vw;C Loc;A Sz,2,2,100%
3/31/2026,Great Lakes,Muskegon - 525,SL,1BR;A Vw;C Loc;B Sz,7,7,100%
3/31/2026,Great Lakes,Muskegon - 525,SL,1BR;C Vw;A Loc;B Sz,2,2,100%
3/31/2026,Great Lakes,Muskegon - 525,SL,1BR;C Vw;C Loc;A Sz,1,1,100%
3/31/2026,Great Lakes,Muskegon - 525,SL,1BR;C Vw;C Loc;B Sz,5,5,100%
3/31/2026,Great Lakes,Muskegon - 525,SL,1BR;C Vw;C Loc;C Sz,2,2,100%
3/31/2026,Great Lakes,Muskegon - 525,SL,2BR;C Vw;A Loc;B Sz,1,1,100%
3/31/2026,Great Lakes,Muskegon - 525,SL,Studio;A Vw;C Loc;B Sz,0.5,2,23%
3/31/2026,Great Lakes,Muskegon - 525,SL,Studio;C Vw;C Loc;B Sz,2,3,67%
3/31/2026,Great Lakes,Sun Prairie - 572,AL,1 Bedroom,4,4,100%
3/31/2026,Great Lakes,Sun Prairie - 572,AL,2 Bedroom,4,4,100%
3/31/2026,Great Lakes,Sun Prairie - 572,AL,Studio,5,6,83%
3/31/2026,Great Lakes,Sun Prairie - 572,HC,Companion,9.3,10,93%
3/31/2026,Great Lakes,Sun Prairie - 572,HC,Private,16.6,18,92%
3/31/2026,Great Lakes,Sun Prairie - 572,HC,Private - 100 Hall,8.5,10,85%
3/31/2026,Great Lakes,Valparaiso - 139,AL,Companion,4,5,80%
3/31/2026,Great Lakes,Valparaiso - 139,AL,Companion - End of Hall,1,1,100%
3/31/2026,Great Lakes,Valparaiso - 139,AL,Studio - Private,18.7,23,81%
3/31/2026,Great Lakes,Valparaiso - 139,AL,Studio - Private - End of Hall,1,4,26%
3/31/2026,Great Lakes,Valparaiso - 139,AL,Studio - Private Deluxe,0.8,1,77%
3/31/2026,Great Lakes,Valparaiso - 139,AL/MC,Legacy Bldng - Companion,3,3,100%
3/31/2026,Great Lakes,Valparaiso - 139,AL/MC,Legacy Bldng - Private,24.7,26,95%
3/31/2026,Great Lakes,Valparaiso - 139,HC,Companion,22.8,24,95%
3/31/2026,Great Lakes,Valparaiso - 139,HC,Private,34.2,36,95%
3/31/2026,Great Lakes,Valparaiso - 139,HC,TCU - Private Deluxe,0.9,1,87%
3/31/2026,Great Lakes,Waunakee - 571,AL,1 Bedroom,30.9,32,96%
3/31/2026,Great Lakes,Waunakee - 571,AL,2 Bedroom,5.5,6,91%
3/31/2026,Great Lakes,Waunakee - 571,AL,CBRF Studio,0,0,0%
3/31/2026,Great Lakes,Waunakee - 571,AL,Studio,31.5,32,99%
3/31/2026,Great Lakes,Waunakee - 571,AL/MC,MC - Companion,1.4,2,71%
3/31/2026,Great Lakes,Waunakee - 571,AL/MC,MC - Studio,2,2,100%
3/31/2026,Great Lakes,Waunakee - 571,AL/MC,MC - Studio Deluxe,13.5,14,97%
3/31/2026,Great Lakes,Waunakee - 571,HC,Companion,12,13,92%
3/31/2026,Great Lakes,Waunakee - 571,HC,Private,44.2,51,87%
3/31/2026,Great Lakes,Waunakee - 571,VIL,1 Bedroom,7.5,8,94%
3/31/2026,Kentuckiana,Corydon - 2180,AL,Companion,3.7,4,92%
3/31/2026,Kentuckiana,Corydon - 2180,AL,Studio - Private,13.2,15,88%
3/31/2026,Kentuckiana,Corydon - 2180,AL/MC,Legacy Bldng - Companion,0,3,0%
3/31/2026,Kentuckiana,Corydon - 2180,AL/MC,Legacy Bldng - Private,7.6,8,95%
3/31/2026,Kentuckiana,Corydon - 2180,HC,Companion,19.4,24,81%
3/31/2026,Kentuckiana,Corydon - 2180,HC,Private,31,34,91%
3/31/2026,Kentuckiana,Corydon - 2180,VIL,INDEPENDENT LIVING - 1 BR,8,8,100%
3/31/2026,Kentuckiana,Corydon - 2180,VIL,INDEPENDENT LIVING - 2 BR,14,14,100%
3/31/2026,Kentuckiana,Corydon - 2180,VIL,Independent Living - 2BR,18,20,90%
3/31/2026,Kentuckiana,Louisville ES - 210,AL/MC,MC - Studio;A Vw;B Loc;B Sz,18,18,100%
3/31/2026,Kentuckiana,Louisville ES - 210,AL/MC,MC - Studio;B Vw;B Loc;B Sz,20.4,21,97%
3/31/2026,Kentuckiana,Louisville ES - 210,AL/MC,MC - Studio;C Vw;B Loc;B Sz,21,21,100%
3/31/2026,Kentuckiana,Louisville FH - 2137,AL,One BR Apt,14,14,100%
3/31/2026,Kentuckiana,Louisville FH - 2137,AL,One BR Apt - B Location,6,6,100%
3/31/2026,Kentuckiana,Louisville FH - 2137,AL,One BR Apt-Double,4,4,100%
3/31/2026,Kentuckiana,Louisville FH - 2137,AL,Studio A-A2-A3-D3,7,7,100%
3/31/2026,Kentuckiana,Louisville FH - 2137,AL,Studio D-D5,9.5,10,97%
3/31/2026,Kentuckiana,Louisville FH - 2137,AL,Studio D2,0.6,1,61%
3/31/2026,Kentuckiana,Louisville FH - 2137,AL,Studio D4,4,4,100%
3/31/2026,Kentuckiana,Louisville FH - 2137,AL,Two BR Apt-Double,3,3,100%
3/31/2026,Kentuckiana,Louisville FH - 2137,AL,Two BR Apt-Single,3,3,100%
3/31/2026,Kentuckiana,Louisville FH - 2137,HC,Companion,10.2,16,64%
3/31/2026,Kentuckiana,Louisville FH - 2137,HC,Private,64.3,71,91%
3/31/2026,Kentuckiana,Louisville FS - 2154,AL,Companion,3,3,100%
3/31/2026,Kentuckiana,Louisville FS - 2154,AL,Studio,14,17,82%
3/31/2026,Kentuckiana,Louisville FS - 2154,AL/MC,MC - Companion,3,3,100%
3/31/2026,Kentuckiana,Louisville FS - 2154,AL/MC,MC - Studio,7.4,8,92%
3/31/2026,Kentuckiana,Louisville FS - 2154,HC,Companion,21.7,24,90%
3/31/2026,Kentuckiana,Louisville FS - 2154,HC,Private,32.5,34,96%
3/31/2026,Kentuckiana,Louisville FS - 2154,VIL,Independent Living - Villa 1,32.6,34,96%
3/31/2026,Kentuckiana,Louisville GR - 126,AL,Companion,4,4,100%
3/31/2026,Kentuckiana,Louisville GR - 126,AL,Studio,17.2,18,96%
3/31/2026,Kentuckiana,Louisville GR - 126,HC,Companion,19.4,20,97%
3/31/2026,Kentuckiana,Louisville GR - 126,HC,Private,29.5,31,95%
3/31/2026,Kentuckiana,Louisville GR - 126,HC,Private Deluxe,0,0,0%
3/31/2026,Kentuckiana,Louisville GR - 126,HC/MC,MC - COMPANION,4,4,100%
3/31/2026,Kentuckiana,Louisville GR - 126,HC/MC,MC - PRIVATE,10.4,11,95%
3/31/2026,Kentuckiana,Louisville PT - 127,HC,Private,35.8,39,92%
3/31/2026,Kentuckiana,Louisville PT - 127,HC,TCU - Private,19,21,90%
3/31/2026,Kentuckiana,Louisville PT - 127,HC/MC,Legacy Lane - Companion,20.8,22,94%
3/31/2026,Kentuckiana,Louisville PT - 127,HC/MC,Legacy Lane - Private,5.6,6,94%
3/31/2026,Kentuckiana,Louisville SB - 175,AL,1 BR;B Vw;A Loc;A Sz,0.8,1,84%
3/31/2026,Kentuckiana,Louisville SB - 175,AL,1 BR;B Vw;A Loc;B Sz,0.5,1,48%
3/31/2026,Kentuckiana,Louisville SB - 175,AL,1 BR;B Vw;B Loc;B Sz,2,2,100%
3/31/2026,Kentuckiana,Louisville SB - 175,AL,1 BR;B Vw;C Loc;B Sz,1,1,100%
3/31/2026,Kentuckiana,Louisville SB - 175,AL,1 BR;B Vw;C Loc;C Sz,2,2,100%
3/31/2026,Kentuckiana,Louisville SB - 175,AL,Compan;A Vw;C Loc;B Sz,2,2,100%
3/31/2026,Kentuckiana,Louisville SB - 175,AL,Compan;B Vw;B Loc;B Sz,0,0,0%
3/31/2026,Kentuckiana,Louisville SB - 175,AL,Compan;B Vw;C Loc;B Sz,2,2,100%
3/31/2026,Kentuckiana,Louisville SB - 175,AL,Compan;C Vw;B Loc;B Sz,0.9,1,94%
3/31/2026,Kentuckiana,Louisville SB - 175,AL,Studio;A Vw;A Loc;B Sz,1.5,2,74%
3/31/2026,Kentuckiana,Louisville SB - 175,AL,Studio;A Vw;B Loc;B Sz,1.9,2,97%
3/31/2026,Kentuckiana,Louisville SB - 175,AL,Studio;A Vw;C Loc;B Sz,4.4,5,88%
3/31/2026,Kentuckiana,Louisville SB - 175,AL,Studio;B Vw;A Loc;B Sz,0,0,0%
3/31/2026,Kentuckiana,Louisville SB - 175,AL,Studio;B Vw;B Loc;B Sz,1,1,100%
3/31/2026,Kentuckiana,Louisville SB - 175,AL,Studio;B Vw;C Loc;B Sz,5.3,6,89%
3/31/2026,Kentuckiana,Louisville SB - 175,AL,Studio;C Vw;C Loc;B Sz,0,0,0%
3/31/2026,Kentuckiana,Louisville SB - 175,HC,Compan;C Vw;B Loc;B Sz,7.7,8,96%
3/31/2026,Kentuckiana,Louisville SB - 175,HC,Compan;C Vw;C Loc;B Sz,7.8,8,98%
3/31/2026,Kentuckiana,Louisville SB - 175,HC,Studio;B Vw;A Loc;B Sz,1.9,2,97%
3/31/2026,Kentuckiana,Louisville SB - 175,HC,Studio;B Vw;B Loc;B Sz,2,2,100%
3/31/2026,Kentuckiana,Louisville SB - 175,HC,Studio;B Vw;C Loc;B Sz,2,2,100%
3/31/2026,Kentuckiana,Louisville SB - 175,HC,Studio;C Vw;A Loc;B Sz,4,4,100%
3/31/2026,Kentuckiana,Louisville SB - 175,HC,Studio;C Vw;B Loc;B Sz,2,2,98%
3/31/2026,Kentuckiana,Louisville SB - 175,HC,Studio;C Vw;C Loc;B Sz,13.4,14,96%
3/31/2026,Kentuckiana,Louisville SB - 175,HC/MC,Legacy-Compan;B Vw;C Loc;B Sz,5,5,100%
3/31/2026,Kentuckiana,Louisville SB - 175,HC/MC,Legacy-Compan;C Vw;C Loc;B Sz,1,1,100%
3/31/2026,Kentuckiana,Louisville SB - 175,HC/MC,Legacy-Stu Dlx;C Vw;A Loc;B Sz,1,1,100%
3/31/2026,Kentuckiana,Louisville SB - 175,HC/MC,Legacy-Studio;B Vw;A Loc;B Sz,1,1,100%
3/31/2026,Kentuckiana,Louisville SB - 175,HC/MC,Legacy-Studio;B Vw;B Loc;B Sz,1,1,100%
3/31/2026,Kentuckiana,Louisville SB - 175,HC/MC,Legacy-Studio;B Vw;C Loc;B Sz,2,2,100%
3/31/2026,Kentuckiana,Louisville SB - 175,HC/MC,Legacy-Studio;C Vw;C Loc;B Sz,12.9,13,99%
3/31/2026,Kentuckiana,Louisville SB - 175,SL,1BR;A Vw;A Loc;A Sz,1,1,100%
3/31/2026,Kentuckiana,Louisville SB - 175,SL,1BR;A Vw;B Loc;B Sz,1,1,100%
3/31/2026,Kentuckiana,Louisville SB - 175,SL,1BR;A Vw;C Loc;B Sz,3,3,100%
3/31/2026,Kentuckiana,Louisville SB - 175,SL,1BR;B Vw;A Loc;A Sz,2,2,100%
3/31/2026,Kentuckiana,Louisville SB - 175,SL,1BR;B Vw;A Loc;B Sz,1,1,100%
3/31/2026,Kentuckiana,Louisville SB - 175,SL,1BR;B Vw;B Loc;A Sz,2,2,100%
3/31/2026,Kentuckiana,Louisville SB - 175,SL,1BR;B Vw;B Loc;C Sz,1,1,100%
3/31/2026,Kentuckiana,Louisville SB - 175,SL,1BR;B Vw;C Loc;B Sz,7,7,100%
3/31/2026,Kentuckiana,Louisville SB - 175,SL,Studio;A Vw;C Loc;A Sz,2,2,100%
3/31/2026,Kentuckiana,Louisville SB - 175,SL,Studio;B Vw;C Loc;B Sz,2,2,100%
3/31/2026,Kentuckiana,Louisville WP - 145,AL,Companion,4,4,100%
3/31/2026,Kentuckiana,Louisville WP - 145,AL,Studio,16.5,18,92%
3/31/2026,Kentuckiana,Louisville WP - 145,HC,Companion,8.4,11,76%
3/31/2026,Kentuckiana,Louisville WP - 145,HC,Private,48.7,52,94%
3/31/2026,Kentuckiana,Louisville WS - 190,AL,1BR Compan;A Vw;A Loc;A Sz,1,2,50%
3/31/2026,Kentuckiana,Louisville WS - 190,AL,1BR DLX Compan;A Vw;A Loc;A Sz,3,3,100%
3/31/2026,Kentuckiana,Louisville WS - 190,AL,1BR DLX;A Vw;A Loc;A Sz,2,2,100%
3/31/2026,Kentuckiana,Louisville WS - 190,AL,1BR;A Vw;A Loc;A Sz,33.5,35,96%
3/31/2026,Kentuckiana,Louisville WS - 190,AL,1BR;A Vw;A Loc;B Sz,10,11,91%
3/31/2026,Kentuckiana,Louisville WS - 190,AL,2BR Compan;A Vw;A Loc;B Sz,5,5,100%
3/31/2026,Kentuckiana,Louisville WS - 190,AL,Studio;A Vw;A Loc;B Sz,4,4,100%
3/31/2026,Kentuckiana,Louisville WS - 190,AL/MC,MC-Studio;A Vw; A Loc; A Sz,9.3,11,85%
3/31/2026,Kentuckiana,Louisville WS - 190,AL/MC,MC-Studio;B Vw; A Loc; A Sz,3,5,60%
3/31/2026,Kentuckiana,Louisville WS - 190,HC,L;Stud;1 Bath;A Vw;B Loc;B Sz,14,15,93%
3/31/2026,Kentuckiana,Louisville WS - 190,HC,L;Stud;1 Bath;B Vw;B Loc;B Sz,8.4,9,93%
3/31/2026,Kentuckiana,Louisville WS - 190,HC,W;Stud;.5 Bath;A Vw;B Loc;B Sz,1,1,100%
3/31/2026,Kentuckiana,Louisville WS - 190,HC,W;Stud;.5 Bath;B Vw;B Loc;A Sz,0.9,1,87%
3/31/2026,Kentuckiana,Louisville WS - 190,HC,W;Stud;.5 Bath;B Vw;B Loc;B Sz,13,13,100%
3/31/2026,Kentuckiana,Louisville WS - 190,HC,W;Stud;1 Bath;A Vw;B Loc;B Sz,4,4,100%
3/31/2026,Kentuckiana,Louisville WS - 190,HC,W;Stud;1 Bath;B Vw;B Loc;B Sz,7.6,9,85%
3/31/2026,Kentuckiana,Louisville WS - 190,SL,1BR DLX;A Vw;B Loc;A Sz,0,1,0%
3/31/2026,Kentuckiana,Louisville WS - 190,SL,1BR DLX;A Vw;B Loc;B Sz,1,1,100%
3/31/2026,Kentuckiana,Louisville WS - 190,SL,1BR;A Vw;B Loc;A Sz,7.5,9,83%
3/31/2026,Kentuckiana,Louisville WS - 190,SL,1BR;A Vw;B Loc;B Sz,0,0,0%
3/31/2026,Kentuckiana,Louisville WS - 190,SL,2BR DLX;A Vw;B Loc;B Sz,3,3,100%
3/31/2026,Kentuckiana,Louisville WS - 190,SL,2BR;A Vw;B Loc;B Sz,2.4,3,80%
3/31/2026,Kentuckiana,Louisville WS - 190,VIL,Patio Home Deluxe,17,17,100%
3/31/2026,Kentuckiana,Louisville WS - 190,VIL,Patio Home Standard,7,8,88%
3/31/2026,Kentuckiana,Louisville WS - 190,VIL,Patio Home w/ Study,33,33,100%
3/31/2026,Kentuckiana,New Albany AW - 105,HC,Companion,26.7,34,79%
3/31/2026,Kentuckiana,New Albany AW - 105,HC,Private,26,27,96%
3/31/2026,Kentuckiana,New Albany AW - 105,HC/MC,Legacy Lane - Companion,14.2,16,89%
3/31/2026,Kentuckiana,New Albany AW - 105,HC/MC,Legacy Lane - Private,12.3,13,92%
3/31/2026,Kentuckiana,New Albany RC - 236,AL,1 Bedroom,1,3,33%
3/31/2026,Kentuckiana,New Albany RC - 236,AL,1BR;A Vw;B Loc;B Sz,5.6,6,93%
3/31/2026,Kentuckiana,New Albany RC - 236,AL,1BR;A Vw;C Loc;B Sz,2,2,100%
3/31/2026,Kentuckiana,New Albany RC - 236,AL,1BR;B Vw;B Loc;B Sz,4.8,8,60%
3/31/2026,Kentuckiana,New Albany RC - 236,AL,1BR;B Vw;C Loc;B Sz,1,2,50%
3/31/2026,Kentuckiana,New Albany RC - 236,AL,2BR,1.2,2,60%
3/31/2026,Kentuckiana,New Albany RC - 236,AL,Studio DLX;A Vw;B Loc;B Sz,3.4,6,56%
3/31/2026,Kentuckiana,New Albany RC - 236,AL,Studio DLX;B Vw;B Loc;B Sz,3,6,50%
3/31/2026,Kentuckiana,New Albany RC - 236,AL,Studio;A Vw;B Loc;B Sz,2.8,4,69%
3/31/2026,Kentuckiana,New Albany RC - 236,AL,Studio;A Vw;C Loc;B Sz,1,2,50%
3/31/2026,Kentuckiana,New Albany RC - 236,AL,Studio;B Vw;B Loc;B Sz,9.2,11,84%
3/31/2026,Kentuckiana,New Albany RC - 236,AL,Studio;B Vw;C Loc;B Sz,3,4,76%
3/31/2026,Kentuckiana,New Albany RC - 236,AL/MC,MC-Compan;B Vw;B Loc;B Sz,2,2,100%
3/31/2026,Kentuckiana,New Albany RC - 236,AL/MC,MC-Studio;B Vw;B Loc;B Sz,20.2,21,96%
3/31/2026,Kentuckiana,New Albany RC - 236,VIL,INDEPENDENT LIVING 2 BR,14,16,88%
3/31/2026,Kentuckiana,New Albany SC - 5151,AL,1 BR DLX - A View - 5th FLOOR - DOUBLE,2,2,100%
3/31/2026,Kentuckiana,New Albany SC - 5151,AL,1BR - 4TH FLOOR - SINGLE,4,6,66%
3/31/2026,Kentuckiana,New Albany SC - 5151,AL,1BR - 5TH FLOOR - DOUBLE,4,4,100%
3/31/2026,Kentuckiana,New Albany SC - 5151,AL,1BR Alcove - Single,1,2,50%
3/31/2026,Kentuckiana,New Albany SC - 5151,AL,1BR DLX - 4TH FLOOR - DOUBLE,2,2,100%
3/31/2026,Kentuckiana,New Albany SC - 5151,AL,1BR DLX - 4TH FLOOR - SINGLE,4.5,7,65%
3/31/2026,Kentuckiana,New Albany SC - 5151,AL,1BR DLX - 5TH FLOOR - DOUBLE,0.6,1,61%
3/31/2026,Kentuckiana,New Albany SC - 5151,AL,1BR DLX - 5TH FLOOR - SINGLE,2,3,67%
3/31/2026,Kentuckiana,New Albany SC - 5151,AL,Studio - Private,4.8,6,81%
3/31/2026,Kentuckiana,New Albany SC - 5151,AL,Studio - Private Deluxe,1.7,2,85%
3/31/2026,Kentuckiana,New Albany SC - 5151,AL,Two BR Apt-Double,3,3,100%
3/31/2026,Kentuckiana,New Albany SC - 5151,AL,Two BR Apt-Single,0,1,0%
3/31/2026,Kentuckiana,New Albany SC - 5151,HC,Companion,20.3,24,85%
3/31/2026,Kentuckiana,New Albany SC - 5151,HC,Private,26.4,28,94%
3/31/2026,Kentuckiana,New Albany SC - 5151,HC,Private Deluxe,3.5,4,89%
3/31/2026,Kentuckiana,New Albany SC - 5151,VIL,1BR; 1st Fl; A Vw; 626 SqFt,0,0,0%
3/31/2026,Kentuckiana,New Albany SC - 5151,VIL,1BR; 1st Fl; B Vw; 764 SqFt,0,0,0%
3/31/2026,Kentuckiana,New Albany SC - 5151,VIL,1BR; 1st Fl; B Vw; 837 SqFt,0,0,0%
3/31/2026,Kentuckiana,New Albany SC - 5151,VIL,1BR; 1st Fl; C Vw; 738 SqFt,0,0,0%
3/31/2026,Kentuckiana,New Albany SC - 5151,VIL,1BR; 1st Fl; C Vw; 778 SqFt,0,0,0%
3/31/2026,Kentuckiana,New Albany SC - 5151,VIL,2BR; 1st Fl; A Vw; 980 SqFt,0,0,0%
3/31/2026,Kentuckiana,New Albany SC - 5151,VIL,Independent Living - 1 BR,0,0,0%
3/31/2026,Kentuckiana,New Albany SC - 5151,VIL,Independent Living - 1 BR DLX,0,0,0%
3/31/2026,Kentuckiana,New Albany SC - 5151,VIL,Independent Living - 2 BR,0,0,0%
3/31/2026,Kentuckiana,New Albany SC - 5151,VIL,Independent Living - Villa,31,36,86%
3/31/2026,Kentuckiana,New Albany SC - 5151,VIL,One BR - Cloister,1,1,100%
3/31/2026,Kentuckiana,New Albany SC - 5151,VIL,Studio; 1st Fl; B Vw; 403 SqFt,0,0,0%
3/31/2026,Kentuckiana,New Albany SC - 5151,VIL,Studio; 1st Fl; C Vw; 454 SqFt,0,0,0%
3/31/2026,Kentuckiana,New Albany SC - 5151,VIL,Two BR,1,1,100%
3/31/2026,Kentuckiana,New Albany SC - 5151,VIL,Two BR - Cloister,1,2,50%
3/31/2026,Kingston East,Hickory KRH-0563,SL,One BR - Large,5,6,83%
3/31/2026,Kingston East,Hickory KRH-0563,SL,One BR - Medium,9.6,11,88%
3/31/2026,Kingston East,Hickory KRH-0563,SL,One BR - Standard,64.2,80,80%
3/31/2026,Kingston East,Hickory KRH-0563,SL,Studio - Alcove,3.7,4,94%
3/31/2026,Kingston East,Hickory KRH-0563,SL,Studio - Efficiency,3,3,100%
3/31/2026,Kingston East,Hickory KRH-0563,SL,Studio - Hotel,6.4,10,64%
3/31/2026,Kingston East,Hickory KRH-0563,SL,Two Bedroom,5.5,6,91%
3/31/2026,Kingston West,Santa Fe KRS-0564,AL,One Bedroom,31,37,84%
3/31/2026,Kingston West,Santa Fe KRS-0564,AL,One BR - Alta Vista,3,4,75%
3/31/2026,Kingston West,Santa Fe KRS-0564,AL,One BR - Canyon Court,1,1,100%
3/31/2026,Kingston West,Santa Fe KRS-0564,AL,One BR - VDS,3,4,75%
3/31/2026,Kingston West,Santa Fe KRS-0564,AL,One BR Large - VDS,3,3,100%
3/31/2026,Kingston West,Santa Fe KRS-0564,AL,One BR Medium - VDS,1,1,100%
3/31/2026,Kingston West,Santa Fe KRS-0564,AL,Studio,16,17,94%
3/31/2026,Kingston West,Santa Fe KRS-0564,AL,Studio - Canyon Court,0.7,1,71%
3/31/2026,Kingston West,Santa Fe KRS-0564,AL,Studio - VDS,1,1,100%
3/31/2026,Kingston West,Santa Fe KRS-0564,AL,Studio Double - CC,1,1,100%
3/31/2026,Kingston West,Santa Fe KRS-0564,AL,Studio Double C size - CC,0,1,3%
3/31/2026,Kingston West,Santa Fe KRS-0564,AL,Two BR - One Bath,5.6,6,94%
3/31/2026,Kingston West,Santa Fe KRS-0564,AL,Two BR - Two Bath,13.9,15,92%
3/31/2026,Kingston West,Santa Fe KRS-0564,AL/MC,MC - Studio,22.1,39,57%
3/31/2026,Kingston West,Santa Fe KRS-0564,AL/MC,MC - Studio Deluxe,1,1,100%
3/31/2026,Michigan,Commerce - 503,AL,Companion,4,4,100%
3/31/2026,Michigan,Commerce - 503,AL,Studio - Private,17.2,18,96%
3/31/2026,Michigan,Commerce - 503,AL/MC,Legacy Bldng - Companion,2.3,3,76%
3/31/2026,Michigan,Commerce - 503,AL/MC,Legacy Bldng - Private,19.9,26,77%
3/31/2026,Michigan,Commerce - 503,HC,Companion,5.3,6,88%
3/31/2026,Michigan,Commerce - 503,HC,Private,47.8,50,96%
3/31/2026,Michigan,Commerce - 503,HC,Private Deluxe,4.8,5,96%
3/31/2026,Michigan,Commerce - 503,VIL,Independent Living - Villa 1,28.3,34,83%
3/31/2026,Michigan,East Lansing - 2507,AL,Companion,6.5,7,93%
3/31/2026,Michigan,East Lansing - 2507,AL,Studio - Private,17.4,22,79%
3/31/2026,Michigan,East Lansing - 2507,AL/MC,Legacy Bldng - Companion,2.7,6,46%
3/31/2026,Michigan,East Lansing - 2507,AL/MC,Legacy Bldng - Private,17.9,23,78%
3/31/2026,Michigan,East Lansing - 2507,HC,Companion,22,22,100%
3/31/2026,Michigan,East Lansing - 2507,HC,Private,39,43,91%
3/31/2026,Michigan,East Lansing - 2507,HC/MC,Legacy Lane - Companion,0,0,0%
3/31/2026,Michigan,East Lansing - 2507,HC/MC,Legacy Lane - Private,0,0,0%
3/31/2026,Michigan,Grand Blanc - 2505,AL,Companion,3,4,75%
3/31/2026,Michigan,Grand Blanc - 2505,AL,Studio - Private,16.9,18,94%
3/31/2026,Michigan,Grand Blanc - 2505,AL/MC,Legacy Lane - Companion,2,2,100%
3/31/2026,Michigan,Grand Blanc - 2505,AL/MC,Legacy Lane - Private,6,9,67%
3/31/2026,Michigan,Grand Blanc - 2505,HC,Companion,34.3,36,95%
3/31/2026,Michigan,Grand Blanc - 2505,HC,Private,26.8,28,96%
3/31/2026,Michigan,Howell - 2509,AL,Companion,5,5,100%
3/31/2026,Michigan,Howell - 2509,AL,Studio - Private,27,27,100%
3/31/2026,Michigan,Howell - 2509,AL,Studio - Private Deluxe,2,2,100%
3/31/2026,Michigan,Howell - 2509,AL/MC,MC-Compan;A Vw;B Loc;B Sz,2.8,3,94%
3/31/2026,Michigan,Howell - 2509,AL/MC,MC-Compan;A Vw;C Loc;B Sz,2.8,3,92%
3/31/2026,Michigan,Howell - 2509,AL/MC,MC-Studio;A Vw;A Loc;B Sz,3,3,100%
3/31/2026,Michigan,Howell - 2509,AL/MC,MC-Studio;A Vw;C Loc;B Sz,3,3,100%
3/31/2026,Michigan,Howell - 2509,AL/MC,MC-Studio;B Vw;A Loc;B Sz,4,4,100%
3/31/2026,Michigan,Howell - 2509,AL/MC,MC-Studio;B Vw;B Loc;B Sz,3.6,4,91%
3/31/2026,Michigan,Howell - 2509,AL/MC,MC-Studio;B Vw;C Loc;B Sz,9,9,100%
3/31/2026,Michigan,Howell - 2509,HC,Companion,15.7,16,98%
3/31/2026,Michigan,Howell - 2509,HC,Private,38.8,40,97%
3/31/2026,Michigan,Jackson - 502,AL,Companion,0,0,0%
3/31/2026,Michigan,Jackson - 502,AL/MC,Legacy Lane - Companion,0,0,0%
3/31/2026,Michigan,Lapeer - 2506,AL,Companion,4,4,100%
3/31/2026,Michigan,Lapeer - 2506,AL,Studio - Private,17.1,18,95%
3/31/2026,Michigan,Lapeer - 2506,AL/MC,Legacy Lane - Companion,2,2,100%
3/31/2026,Michigan,Lapeer - 2506,AL/MC,Legacy Lane - Private,5.1,9,57%
3/31/2026,Michigan,Lapeer - 2506,HC,Companion,31.5,34,93%
3/31/2026,Michigan,Lapeer - 2506,HC,Private,40.1,46,87%
3/31/2026,Michigan,Macomb - 2508,AL,Companion,6,6,100%
3/31/2026,Michigan,Macomb - 2508,AL,Studio - Private,23.8,28,85%
3/31/2026,Michigan,Macomb - 2508,AL/MC,Legacy Bldng - Companion,5,6,83%
3/31/2026,Michigan,Macomb - 2508,AL/MC,Legacy Bldng - Private,21.8,23,95%
3/31/2026,Michigan,Macomb - 2508,HC,Companion,23.4,24,98%
3/31/2026,Michigan,Macomb - 2508,HC,Private,32.2,33,98%
3/31/2026,Michigan,Novi - 2510,AL,Companion,6.5,7,93%
3/31/2026,Michigan,Novi - 2510,AL,Studio - Private,17.9,24,75%
3/31/2026,Michigan,Novi - 2510,HC,Companion,14.2,16,89%
3/31/2026,Michigan,Novi - 2510,HC,Private,34.8,37,94%
3/31/2026,Michigan,Novi - 2510,HC,Private Deluxe,1,1,97%
3/31/2026,Michigan,Okemos - 2504,AL,Companion,4,4,100%
3/31/2026,Michigan,Okemos - 2504,AL,Studio - Private,15.7,16,98%
3/31/2026,Michigan,Okemos - 2504,HC,Companion,23.4,24,97%
3/31/2026,Michigan,Okemos - 2504,HC,Private,29.5,32,92%
3/31/2026,Michigan,Okemos - 2504,HC,TCU - Companion,6,6,99%
3/31/2026,Michigan,Okemos - 2504,HC,TCU - Private,5.3,6,88%
3/31/2026,Michigan,Romeo - 2512,AL,Companion,6.6,7,95%
3/31/2026,Michigan,Romeo - 2512,AL,Studio - Private,19.2,23,84%
3/31/2026,Michigan,Romeo - 2512,AL,Studio - Private Deluxe,1,1,100%
3/31/2026,Michigan,Romeo - 2512,AL/MC,Legacy Lane - Companion,6,6,100%
3/31/2026,Michigan,Romeo - 2512,AL/MC,Legacy Lane - Private,22.6,23,98%
3/31/2026,Michigan,Romeo - 2512,HC,Companion,17.3,18,96%
3/31/2026,Michigan,Romeo - 2512,HC,Private,35.1,37,95%
3/31/2026,Michigan,Romeo SL - 527,SL,1BR;A Vw;B Loc;B Sz,11,11,100%
3/31/2026,Michigan,Romeo SL - 527,SL,1BR;B Vw;A Loc;B Sz,1,1,100%
3/31/2026,Michigan,Romeo SL - 527,SL,1BR;B Vw;B Loc;B Sz,2,2,100%
3/31/2026,Michigan,Romeo SL - 527,SL,1BR;B Vw;C Loc;B Sz,2,2,100%
3/31/2026,Michigan,Romeo SL - 527,SL,1BR;C Vw;A Loc;A Sz,2,2,100%
3/31/2026,Michigan,Romeo SL - 527,SL,1BR;C Vw;A Loc;B Sz,1,1,100%
3/31/2026,Michigan,Romeo SL - 527,SL,1BR;C Vw;B Loc;B Sz,14.8,15,98%
3/31/2026,Michigan,Romeo SL - 527,SL,1BR;C Vw;B Loc;C Sz,3,3,100%
3/31/2026,Michigan,Romeo SL - 527,SL,1BR;C Vw;C Loc;B Sz,16,16,100%
3/31/2026,Michigan,Romeo SL - 527,SL,1BR;C Vw;C Loc;C Sz,4,4,100%
3/31/2026,Michigan,Romeo SL - 527,SL,2BR;A Vw;B Loc;B Sz,1,1,100%
3/31/2026,Michigan,Romeo SL - 527,SL,2BR;B Vw;A Loc;B Sz,1,1,100%
3/31/2026,Michigan,Romeo SL - 527,SL,2BR;C Vw;A Loc;C Sz,1,1,100%
3/31/2026,Michigan,Romeo SL - 527,SL,Studio Dlx;C Vw;A Loc;B Sz,3,3,100%
3/31/2026,Michigan,Romeo SL - 527,SL,Studio Dlx;C Vw;C Loc;B Sz,4,4,100%
3/31/2026,Michigan,Romeo SL - 527,SL,Studio;B Vw;B Loc;A Sz,2.8,3,95%
3/31/2026,Michigan,Romeo SL - 527,SL,Studio;B Vw;B Loc;B Sz,1,1,100%
3/31/2026,Michigan,Romeo SL - 527,SL,Studio;B Vw;C Loc;A Sz,1,1,100%
3/31/2026,Michigan,Romeo SL - 527,SL,Studio;B Vw;C Loc;B Sz,3,3,100%
3/31/2026,Michigan,Romeo SL - 527,SL,Studio;C Vw;B Loc;A Sz,2,2,100%
3/31/2026,Michigan,Romeo SL - 527,SL,Studio;C Vw;C Loc;A Sz,1.9,2,95%
3/31/2026,North Central Indiana,Anderson - 112,AL,Companion,2,2,100%
3/31/2026,North Central Indiana,Anderson - 112,AL,Studio - Double 300 SQ FT,4.9,5,99%
3/31/2026,North Central Indiana,Anderson - 112,AL,Studio - Double 330 SQ FT,4.8,6,81%
3/31/2026,North Central Indiana,Anderson - 112,AL,Studio 300 SQ FT,11.1,14,79%
3/31/2026,North Central Indiana,Anderson - 112,AL,Studio 330 SQ FT,0,0,0%
3/31/2026,North Central Indiana,Anderson - 112,AL/MC,Legacy Bldng - Companion,1.4,4,35%
3/31/2026,North Central Indiana,Anderson - 112,AL/MC,Legacy Bldng - Private,15.8,17,93%
3/31/2026,North Central Indiana,Anderson - 112,HC,Companion,23.2,25,93%
3/31/2026,North Central Indiana,Anderson - 112,HC,Private,31.4,35,90%
3/31/2026,North Central Indiana,Anderson - 112,HC/MC,Legacy Lane - Companion,4,4,100%
3/31/2026,North Central Indiana,Anderson - 112,HC/MC,Legacy Lane - Private,6,6,100%
3/31/2026,North Central Indiana,Anderson - 112,VIL,Independent Living - Villa,20.4,24,85%
3/31/2026,North Central Indiana,Crawfordsville - 5167,AL,Companion,0,0,0%
3/31/2026,North Central Indiana,Crawfordsville - 5167,AL,One BR Apt-Double,3,4,75%
3/31/2026,North Central Indiana,Crawfordsville - 5167,AL,One BR Apt-Single,4,4,100%
3/31/2026,North Central Indiana,Crawfordsville - 5167,AL,Studio - Double,6,6,100%
3/31/2026,North Central Indiana,Crawfordsville - 5167,AL,Studio - Private,11.4,12,95%
3/31/2026,North Central Indiana,Crawfordsville - 5167,AL,Studio Deluxe - Double,4,4,100%
3/31/2026,North Central Indiana,Crawfordsville - 5167,AL/MC,MC - Companion,1,1,100%
3/31/2026,North Central Indiana,Crawfordsville - 5167,AL/MC,MC - Studio - Private,13.7,14,98%
3/31/2026,North Central Indiana,Crawfordsville - 5167,AL/MC,MC - Studio Double,1,1,100%
3/31/2026,North Central Indiana,Crawfordsville - 5167,HC,Companion,20.8,22,95%
3/31/2026,North Central Indiana,Crawfordsville - 5167,HC,Private,34.1,37,92%
3/31/2026,North Central Indiana,Delphi - 2134,AL,Compan;A Vw;B Loc;B Sz,1,1,100%
3/31/2026,North Central Indiana,Delphi - 2134,AL,Compan;A Vw;C Loc;B Sz,3,3,100%
3/31/2026,North Central Indiana,Delphi - 2134,AL,Compan;B Vw;C Loc;B Sz,2,2,100%
3/31/2026,North Central Indiana,Delphi - 2134,AL,Studio - Double:B Vw:C Loc;B Sz,1,1,100%
3/31/2026,North Central Indiana,Delphi - 2134,AL,Studio - Double;A Vw;A Loc;B Sz,3.5,4,87%
3/31/2026,North Central Indiana,Delphi - 2134,AL,Studio - Double;A Vw;B Loc;B Sz,1,1,100%
3/31/2026,North Central Indiana,Delphi - 2134,AL,Studio - Double;A Vw;C Loc;B Sz,1.3,1,100%
3/31/2026,North Central Indiana,Delphi - 2134,AL,Studio - Double;B Vw;A Loc;B Sz,1.4,2,81%
3/31/2026,North Central Indiana,Delphi - 2134,AL,Studio - Double;B Vw;B Loc;B Sz,1,1,100%
3/31/2026,North Central Indiana,Delphi - 2134,AL,Studio;A Vw;C Loc;B Sz,1.5,4,40%
3/31/2026,North Central Indiana,Delphi - 2134,AL,Studio;B Vw;A Loc;B Sz,0.8,1,75%
3/31/2026,North Central Indiana,Delphi - 2134,AL,Studio;B Vw;B Loc;B Sz,0.9,1,87%
3/31/2026,North Central Indiana,Delphi - 2134,AL,Studio;B Vw;C Loc;B Sz,5,5,100%
3/31/2026,North Central Indiana,Delphi - 2134,HC,Companion,38.8,39,100%
3/31/2026,North Central Indiana,Delphi - 2134,HC,Private,5.6,10,56%
3/31/2026,North Central Indiana,Delphi - 2134,HC,Private Dlx - Renovated,3.8,6,64%
3/31/2026,North Central Indiana,Delphi - 2134,HC,TCU - Private,4.8,7,69%
3/31/2026,North Central Indiana,Kokomo WK - 5168,AL,One BR Apt-Double,5,5,100%
3/31/2026,North Central Indiana,Kokomo WK - 5168,AL,One BR Apt-Single,3,3,100%
3/31/2026,North Central Indiana,Kokomo WK - 5168,AL,Studio - Double,1,1,100%
3/31/2026,North Central Indiana,Kokomo WK - 5168,AL,Studio - Private,16.2,17,95%
3/31/2026,North Central Indiana,Kokomo WK - 5168,AL,Studio - Private Deluxe,4,4,100%
3/31/2026,North Central Indiana,Kokomo WK - 5168,HC,Companion,7.6,8,95%
3/31/2026,North Central Indiana,Kokomo WK - 5168,HC,Private,55.3,62,89%
3/31/2026,North Central Indiana,Kokomo WP - 106,AL,Companion,2,2,100%
3/31/2026,North Central Indiana,Kokomo WP - 106,AL,Studio - Double,1.9,2,97%
3/31/2026,North Central Indiana,Kokomo WP - 106,AL,Studio - Private,17.3,18,96%
3/31/2026,North Central Indiana,Kokomo WP - 106,AL/MC,Legacy Bldng - Companion,3,3,100%
3/31/2026,North Central Indiana,Kokomo WP - 106,AL/MC,Legacy Bldng - Private,17.5,18,97%
3/31/2026,North Central Indiana,Kokomo WP - 106,HC,Companion,50.6,58,87%
3/31/2026,North Central Indiana,Kokomo WP - 106,HC,Private,16.2,17,95%
3/31/2026,North Central Indiana,Kokomo WP - 106,HC,Private Deluxe,2,2,100%
3/31/2026,North Central Indiana,Kokomo WP - 106,HC/MC,Legacy Lane - Companion,3.2,4,81%
3/31/2026,North Central Indiana,Kokomo WP - 106,HC/MC,Legacy Lane - Private,5.9,6,99%
3/31/2026,North Central Indiana,Kokomo WP - 106,VIL,Independent Living - Villa 1,16.2,22,74%
3/31/2026,North Central Indiana,Kokomo WP - 106,VIL,Villa 1 BR,7.8,10,78%
3/31/2026,North Central Indiana,Kokomo WP - 106,VIL,Villa 2 BR,11.7,12,98%
3/31/2026,North Central Indiana,Lafayette CS - 133,AL,Companion,6,6,100%
3/31/2026,North Central Indiana,Lafayette CS - 133,AL,Studio - Private,27,28,97%
3/31/2026,North Central Indiana,Lafayette CS - 133,AL/MC,Legacy Bldng - Companion,0.9,1,94%
3/31/2026,North Central Indiana,Lafayette CS - 133,AL/MC,Legacy Bldng - Private,18,19,95%
3/31/2026,North Central Indiana,Lafayette CS - 133,AL/MC,Legacy Bldng - Studio,1,1,100%
3/31/2026,North Central Indiana,Lafayette CS - 133,HC,Companion,25.3,26,97%
3/31/2026,North Central Indiana,Lafayette CS - 133,HC,Private,27.7,35,79%
3/31/2026,North Central Indiana,Lafayette CS - 133,HC/MC,Legacy Lane - Companion,3.5,4,89%
3/31/2026,North Central Indiana,Lafayette CS - 133,HC/MC,Legacy Lane - Private,5.5,6,92%
3/31/2026,North Central Indiana,Lafayette CS - 133,VIL,Independent Living - 2BR,23.9,24,99%
3/31/2026,North Central Indiana,Lafayette SL - 5162,AL,Companion,0,0,0%
3/31/2026,North Central Indiana,Lafayette SL - 5162,AL,One BR Apt-Double,7.9,8,98%
3/31/2026,North Central Indiana,Lafayette SL - 5162,AL,Studio - Double,1,1,100%
3/31/2026,North Central Indiana,Lafayette SL - 5162,AL,Studio - Private,12.8,13,99%
3/31/2026,North Central Indiana,Lafayette SL - 5162,AL,Studio - Private Deluxe,4,4,100%
3/31/2026,North Central Indiana,Lafayette SL - 5162,AL,Studio Executive Deluxe - Double,4,4,100%
3/31/2026,North Central Indiana,Lafayette SL - 5162,AL/MC,MC - Companion,1,1,100%
3/31/2026,North Central Indiana,Lafayette SL - 5162,AL/MC,MC - Studio - Private,12,12,100%
3/31/2026,North Central Indiana,Lafayette SL - 5162,HC,Companion,17.1,18,95%
3/31/2026,North Central Indiana,Lafayette SL - 5162,HC,Private,23,36,64%
3/31/2026,North Central Indiana,Lafayette SL - 5162,HC,Private Deluxe,3.1,6,51%
3/31/2026,North Central Indiana,Lafayette SM - 2136,HC,Companion,25.4,26,98%
3/31/2026,North Central Indiana,Lafayette SM - 2136,HC,Private,11.5,15,77%
3/31/2026,North Central Indiana,Lafayette SM - 2136,HC/MC,Legacy Lane - Companion,25.6,26,99%
3/31/2026,North Central Indiana,Lafayette SM - 2136,HC/MC,Legacy Lane - Private,3,3,100%
3/31/2026,North Central Indiana,Lebanon - 104,AL,Companion,3,3,100%
3/31/2026,North Central Indiana,Lebanon - 104,AL,Companion - Single,1,1,100%
3/31/2026,North Central Indiana,Lebanon - 104,AL,Studio - Companion,1,1,100%
3/31/2026,North Central Indiana,Lebanon - 104,AL,Studio - Private,3,3,100%
3/31/2026,North Central Indiana,Lebanon - 104,AL,Studio - Private - A Location,6,6,100%
3/31/2026,North Central Indiana,Lebanon - 104,AL,Studio - Private - End of Hall,8,8,100%
3/31/2026,North Central Indiana,Lebanon - 104,AL/MC,Legacy Lane - Companion,2,2,100%
3/31/2026,North Central Indiana,Lebanon - 104,AL/MC,Legacy Lane - Private,8.5,9,94%
3/31/2026,North Central Indiana,Lebanon - 104,HC,Companion,34.9,42,83%
3/31/2026,North Central Indiana,Lebanon - 104,HC,Private,20.4,26,78%
3/31/2026,North Central Indiana,Muncie - 128,AL,1BR;A Vw;B Loc;B Sz,2,2,100%
3/31/2026,North Central Indiana,Muncie - 128,AL,1BR;B Vw;B Loc;A Sz,1,1,97%
3/31/2026,North Central Indiana,Muncie - 128,AL,1BR;B Vw;B Loc;B Sz,0.9,1,90%
3/31/2026,North Central Indiana,Muncie - 128,AL,Compan;A Vw;B Loc;B Sz,3,3,100%
3/31/2026,North Central Indiana,Muncie - 128,AL,Companion,4,4,100%
3/31/2026,North Central Indiana,Muncie - 128,AL,Studio - Companion,1,1,100%
3/31/2026,North Central Indiana,Muncie - 128,AL,Studio - Private,16,17,94%
3/31/2026,North Central Indiana,Muncie - 128,AL,Studio;A Vw;B Loc;B Sz,2,2,100%
3/31/2026,North Central Indiana,Muncie - 128,AL,Studio;B Vw;B Loc;B Sz,1.7,2,87%
3/31/2026,North Central Indiana,Muncie - 128,AL/MC,Legacy Lane - Private,0,0,0%
3/31/2026,North Central Indiana,Muncie - 128,AL/MC,MC-Compan;A Vw;B Loc;B Sz,3,3,100%
3/31/2026,North Central Indiana,Muncie - 128,AL/MC,MC-Compan;A Vw;C Loc;B Sz,2.8,3,92%
3/31/2026,North Central Indiana,Muncie - 128,AL/MC,MC-Studio;A Vw;A Loc;B Sz,3.8,4,95%
3/31/2026,North Central Indiana,Muncie - 128,AL/MC,MC-Studio;A Vw;B Loc;B Sz,1.8,2,90%
3/31/2026,North Central Indiana,Muncie - 128,AL/MC,MC-Studio;A Vw;C Loc;B Sz,4,4,100%
3/31/2026,North Central Indiana,Muncie - 128,AL/MC,MC-Studio;B Vw;A Loc;B Sz,2,2,100%
3/31/2026,North Central Indiana,Muncie - 128,AL/MC,MC-Studio;B Vw;B Loc;B Sz,2.4,3,80%
3/31/2026,North Central Indiana,Muncie - 128,AL/MC,MC-Studio;B Vw;C Loc;B Sz,8,8,100%
3/31/2026,North Central Indiana,Muncie - 128,HC,Companion,26.4,32,82%
3/31/2026,North Central Indiana,Muncie - 128,HC,Private,10.3,11,94%
3/31/2026,North Central Indiana,Muncie - 128,HC,TCU - Companion,0,0,0%
3/31/2026,North Central Indiana,Muncie - 128,HC,TCU - Private,9.3,11,85%
3/31/2026,North Central Indiana,Muncie - 128,HC/MC,MC - Companion,3.8,4,95%
3/31/2026,North Central Indiana,Muncie - 128,HC/MC,MC- Private,7.7,8,96%
3/31/2026,North Central Indiana,Muncie - 128,VIL,IL - Villa - 2BR;A Loc,10,10,100%
3/31/2026,North Central Indiana,Muncie - 128,VIL,IL - Villa - 2BR;B Loc,7,8,88%
3/31/2026,North Central Indiana,Muncie - 128,VIL,IL - Villa - 2BR;C Loc,12,12,100%
3/31/2026,North Central Indiana,Noblesville - 141,AL,Companion,7,7,100%
3/31/2026,North Central Indiana,Noblesville - 141,AL,Studio - Private,25.8,27,95%
3/31/2026,North Central Indiana,Noblesville - 141,AL/MC,Legacy Bldng - Companion,2.8,3,94%
3/31/2026,North Central Indiana,Noblesville - 141,AL/MC,Legacy Bldng - Private,24.4,26,94%
3/31/2026,North Central Indiana,Noblesville - 141,HC,Companion,24,24,100%
3/31/2026,North Central Indiana,Noblesville - 141,HC,Private,20.7,21,99%
3/31/2026,North Central Indiana,Noblesville - 141,HC,TCU - Companion,2,2,100%
3/31/2026,North Central Indiana,Noblesville - 141,HC,TCU - Private,12.9,14,92%
3/31/2026,North Central Indiana,West Lafayette - 2135,AL,Companion,3.4,5,67%
3/31/2026,North Central Indiana,West Lafayette - 2135,AL,One BR Apt Deluxe-Double,6.9,6,116%
3/31/2026,North Central Indiana,West Lafayette - 2135,AL,One BR Apt Deluxe-Single,10,10,100%
3/31/2026,North Central Indiana,West Lafayette - 2135,AL,One BR Apt-Double,1,1,100%
3/31/2026,North Central Indiana,West Lafayette - 2135,AL,One BR Apt-Single,6,6,100%
3/31/2026,North Central Indiana,West Lafayette - 2135,AL,Studio 234 SQ FT,3,4,75%
3/31/2026,North Central Indiana,West Lafayette - 2135,AL,Studio 299 SQ FT,12.9,16,80%
3/31/2026,North Central Indiana,West Lafayette - 2135,AL,Studio 315 SQ FT,11.5,14,82%
3/31/2026,North Central Indiana,West Lafayette - 2135,AL,Studio 315 SQ FT - Double,1,1,100%
3/31/2026,North Central Indiana,West Lafayette - 2135,HC,Companion,47.8,58,82%
3/31/2026,North Central Indiana,West Lafayette - 2135,HC,Private,9.8,13,75%
3/31/2026,North IN & Kingston,Ashland KOA-0554,HC,Companion,42.7,46,93%
3/31/2026,North IN & Kingston,Ashland KOA-0554,HC,Companion Deluxe,6.3,16,40%
3/31/2026,North IN & Kingston,Ashland KOA-0554,HC,Private,16.1,18,89%
3/31/2026,North IN & Kingston,Ashland KOA-0554,HC,Private - Rehab,11.1,13,86%
3/31/2026,North IN & Kingston,Ashland KOA-0554,HC,Private Deluxe - Rehab,8.3,17,49%
3/31/2026,North IN & Kingston,Elkhart - 132,AL,One BR Apt-Double,10,10,100%
3/31/2026,North IN & Kingston,Elkhart - 132,AL,One BR Apt-Single,4,4,100%
3/31/2026,North IN & Kingston,Elkhart - 132,AL,Studio - Companion,0,0,0%
3/31/2026,North IN & Kingston,Elkhart - 132,AL,Studio - Private,17.3,20,87%
3/31/2026,North IN & Kingston,Elkhart - 132,AL,"Studio - Private - Small (B01,B05)",2,2,100%
3/31/2026,North IN & Kingston,Elkhart - 132,AL/MC,Legacy Lane - Companion,2,2,100%
3/31/2026,North IN & Kingston,Elkhart - 132,AL/MC,Legacy Lane - Private,11,12,92%
3/31/2026,North IN & Kingston,Elkhart - 132,HC,Companion,20,20,100%
3/31/2026,North IN & Kingston,Elkhart - 132,HC,Private,38.1,40,95%
3/31/2026,North IN & Kingston,Fort Wayne KHC-0551,HC,Companion,38,50,76%
3/31/2026,North IN & Kingston,Fort Wayne KHC-0551,HC,Companion Deluxe,16.8,32,53%
3/31/2026,North IN & Kingston,Fort Wayne KHC-0551,HC,Private,20.6,33,63%
3/31/2026,North IN & Kingston,Fort Wayne KHC-0551,HC/MC,MC - Companion,14.9,18,83%
3/31/2026,North IN & Kingston,Fort Wayne KHC-0551,HC/MC,MC - Private,2.1,4,52%
3/31/2026,North IN & Kingston,Fort Wayne KOD-0553,AL/MC,MC - Companion,10.1,11,91%
3/31/2026,North IN & Kingston,Fort Wayne KOD-0553,AL/MC,MC - Studio,18.9,23,82%
3/31/2026,North IN & Kingston,Fort Wayne KSL-0552,AL,One Bedroom,22.2,27,82%
3/31/2026,North IN & Kingston,Fort Wayne KSL-0552,AL,Studio,25.6,26,98%
3/31/2026,North IN & Kingston,Fort Wayne KSL-0552,AL,Studio Deluxe,8.3,9,92%
3/31/2026,North IN & Kingston,Goshen MW - 124,HC,Companion,37.9,39,97%
3/31/2026,North IN & Kingston,Goshen MW - 124,HC,Private,14.4,15,96%
3/31/2026,North IN & Kingston,Goshen MW - 124,HC,TCU - Companion,0.9,1,94%
3/31/2026,North IN & Kingston,Goshen MW - 124,HC,TCU - Private,13.7,15,91%
3/31/2026,North IN & Kingston,Goshen MW - 124,HC/MC,MC - Companion,7.9,8,98%
3/31/2026,North IN & Kingston,Goshen MW - 124,HC/MC,MC - Studio - Private,6,6,99%
3/31/2026,North IN & Kingston,Goshen SL - 2184,AL,One BR + Den-Double,2,2,100%
3/31/2026,North IN & Kingston,Goshen SL - 2184,AL,One BR + Den-Single,1,1,100%
3/31/2026,North IN & Kingston,Goshen SL - 2184,AL,One BR 571 SQ FT-Single,3,3,100%
3/31/2026,North IN & Kingston,Goshen SL - 2184,AL,One BR 591 SQ FT-Double,1,1,100%
3/31/2026,North IN & Kingston,Goshen SL - 2184,AL,One BR 605 SQ FT-Double,1,1,100%
3/31/2026,North IN & Kingston,Goshen SL - 2184,AL,One BR 605 SQ FT-Single,1,1,100%
3/31/2026,North IN & Kingston,Goshen SL - 2184,AL,One BR 608 SQ FT-Double,2,2,100%
3/31/2026,North IN & Kingston,Goshen SL - 2184,AL,One BR 608 SQ FT-Single,3,3,100%
3/31/2026,North IN & Kingston,Goshen SL - 2184,AL,One BR 621 SQ FT-Double,0,0,0%
3/31/2026,North IN & Kingston,Goshen SL - 2184,AL,One BR 621 SQ FT-Single,1,1,100%
3/31/2026,North IN & Kingston,Goshen SL - 2184,AL,One BR 624 SQ FT-Double,1,1,100%
3/31/2026,North IN & Kingston,Goshen SL - 2184,AL,One BR 624 SQ FT-Single,1,1,100%
3/31/2026,North IN & Kingston,Goshen SL - 2184,AL,One BR 639 SQ FT-Double,2,2,100%
3/31/2026,North IN & Kingston,Goshen SL - 2184,AL,One BR 639 SQ FT-Single,4,4,100%
3/31/2026,North IN & Kingston,Goshen SL - 2184,AL,One BR 652 SQ FT-Double,0,0,0%
3/31/2026,North IN & Kingston,Goshen SL - 2184,AL,One BR 652 SQ FT-Single,2,2,100%
3/31/2026,North IN & Kingston,Goshen SL - 2184,AL,One BR 686 SQ FT-Double,1,1,100%
3/31/2026,North IN & Kingston,Goshen SL - 2184,AL,One BR Balcony-Double,1,1,100%
3/31/2026,North IN & Kingston,Goshen SL - 2184,AL,One BR Balcony-Single,1,1,100%
3/31/2026,North IN & Kingston,Goshen SL - 2184,AL,One BR Deluxe 668 SQ FT-Double,3,3,100%
3/31/2026,North IN & Kingston,Goshen SL - 2184,AL,One BR Deluxe 668 SQ FT-Single,1,1,100%
3/31/2026,North IN & Kingston,Goshen SL - 2184,AL,One BR Deluxe 711 SQ FT-Double,0,0,0%
3/31/2026,North IN & Kingston,Goshen SL - 2184,AL,One BR Deluxe 711 SQ FT-Single,2,2,100%
3/31/2026,North IN & Kingston,Goshen SL - 2184,AL,One BR Patio-Double,0,0,0%
3/31/2026,North IN & Kingston,Goshen SL - 2184,AL,One BR Patio-Single,2,2,100%
3/31/2026,North IN & Kingston,Goshen SL - 2184,AL,One BR V 605 SQ FT-Double,2,2,100%
3/31/2026,North IN & Kingston,Goshen SL - 2184,AL,Studio 323 SQ FT,1,1,100%
3/31/2026,North IN & Kingston,Goshen SL - 2184,AL,Studio 372 SQ FT,3.1,4,77%
3/31/2026,North IN & Kingston,Goshen SL - 2184,AL,Studio 376 SQ FT,2,2,100%
3/31/2026,North IN & Kingston,Goshen SL - 2184,AL,Studio 391 SQ FT,7.5,8,94%
3/31/2026,North IN & Kingston,Goshen SL - 2184,AL,Studio 440 SQ FT,1,1,100%
3/31/2026,North IN & Kingston,Goshen SL - 2184,AL,Studio 449 SQ FT,1,1,100%
3/31/2026,North IN & Kingston,Goshen SL - 2184,AL,Studio 452 SQ FT,1,1,100%
3/31/2026,North IN & Kingston,Goshen SL - 2184,AL,Studio P 449 SQ FT,2,2,100%
3/31/2026,North IN & Kingston,Goshen SL - 2184,AL,Studio V 449 SQ FT,2,2,100%
3/31/2026,North IN & Kingston,Goshen SL - 2184,AL,Two BR 1036 SQ FT-Double,5,5,100%
3/31/2026,North IN & Kingston,Goshen SL - 2184,AL,Two BR 1036 SQ FT-Single,1.8,2,92%
3/31/2026,North IN & Kingston,Goshen SL - 2184,AL,Two BR 928 SQ FT-Double,1,1,100%
3/31/2026,North IN & Kingston,Goshen SL - 2184,AL,Two BR 928 SQ FT-Single,1,1,100%
3/31/2026,North IN & Kingston,Goshen SL - 2184,AL/MC,Legacy Lane - Studio 374 SQ FT,4,4,100%
3/31/2026,North IN & Kingston,Goshen SL - 2184,AL/MC,Legacy Lane - Studio 382 SQ FT,4,4,100%
3/31/2026,North IN & Kingston,Goshen SL - 2184,AL/MC,Legacy Lane - Studio 401 SQ FT,2,2,100%
3/31/2026,North IN & Kingston,Goshen SL - 2184,AL/MC,Legacy Lane - Studio 408 SQ FT,1,1,97%
3/31/2026,North IN & Kingston,Goshen SL - 2184,SL,One BR 608 SQ FT-Single,0,0,0%
3/31/2026,North IN & Kingston,Goshen SL - 2184,SL,One BR 621 SQ FT - Single,0,0,0%
3/31/2026,North IN & Kingston,Goshen SL - 2184,SL,One BR 624 SQ FT - Double,0,0,0%
3/31/2026,North IN & Kingston,Goshen SL - 2184,SL,One BR 686 SQ FT - Double,0,0,0%
3/31/2026,North IN & Kingston,Goshen SL - 2184,SL,One BR Deluxe 711 SQ FT - Single,0,0,0%
3/31/2026,North IN & Kingston,Goshen SL - 2184,SL,Studio 372 SQ FT,0,0,0%
3/31/2026,North IN & Kingston,Goshen SL - 2184,SL,Studio 376 SQ FT,0,0,0%
3/31/2026,North IN & Kingston,Goshen SL - 2184,SL,Studio 391 SQ FT,0,0,0%
3/31/2026,North IN & Kingston,Goshen SL - 2184,SL,Studio 440 SQ FT,0,0,0%
3/31/2026,North IN & Kingston,Goshen SL - 2184,SL,Studio 452 SQ FT,0,0,0%
3/31/2026,North IN & Kingston,Goshen SL - 2184,SL,Studio P 449 SQ FT,0,0,0%
3/31/2026,North IN & Kingston,Kendallville - 2185,AL,Companion,4,4,100%
3/31/2026,North IN & Kingston,Kendallville - 2185,AL,Studio - Private,14.4,15,96%
3/31/2026,North IN & Kingston,Kendallville - 2185,AL/MC,Legacy Lane - Companion,3,3,100%
3/31/2026,North IN & Kingston,Kendallville - 2185,AL/MC,Legacy Lane - Private,8,8,100%
3/31/2026,North IN & Kingston,Kendallville - 2185,HC,Companion,23.5,24,98%
3/31/2026,North IN & Kingston,Kendallville - 2185,HC,Private,31.4,34,92%
3/31/2026,North IN & Kingston,Marion KOM-0555,AL,Companion,10,11,91%
3/31/2026,North IN & Kingston,Marion KOM-0555,AL,One Bedroom,41.6,60,69%
3/31/2026,North IN & Kingston,Marion KOM-0555,AL,Two BR - One Bath,2,4,50%
3/31/2026,North IN & Kingston,Marion KOM-0555,AL,Two BR - Two Bath,4.5,6,75%
3/31/2026,North IN & Kingston,Marion KOM-0555,AL/MC,MC - Studio,27.1,32,85%
3/31/2026,North IN & Kingston,Miamisburg KOM-0556,HC,Companion,58.9,74,80%
3/31/2026,North IN & Kingston,Miamisburg KOM-0556,HC,Companion Deluxe,5.9,9,63%
3/31/2026,North IN & Kingston,Miamisburg KOM-0556,HC,Companion Rehab,1.8,4,44%
3/31/2026,North IN & Kingston,Miamisburg KOM-0556,HC,Private,7,7,100%
3/31/2026,North IN & Kingston,Miamisburg KOM-0556,HC,Private Deluxe,3.3,4,82%
3/31/2026,North IN & Kingston,Miamisburg KOM-0556,HC,Private Deluxe - E Hall,9.8,16,60%
3/31/2026,North IN & Kingston,Perrysburg KHC-0557,HC,Companion,2.5,4,64%
3/31/2026,North IN & Kingston,Perrysburg KHC-0557,HC,Private,48.9,52,94%
3/31/2026,North IN & Kingston,Perrysburg KHC-0557,HC,Private Deluxe,5,6,84%
3/31/2026,North IN & Kingston,Perrysburg KSL-0558,AL,2 FL One Bedroom,15.7,16,100%
3/31/2026,North IN & Kingston,Perrysburg KSL-0558,AL,2 FL Studio,26.2,26,100%
3/31/2026,North IN & Kingston,Perrysburg KSL-0558,AL,2 FL Two Bedroom,1,1,100%
3/31/2026,North IN & Kingston,Perrysburg KSL-0558,AL,One Bedroom,7.4,8,92%
3/31/2026,North IN & Kingston,Perrysburg KSL-0558,AL,Studio,2,2,100%
3/31/2026,North IN & Kingston,Perrysburg KSL-0558,AL,Two Bedroom,1,1,100%
3/31/2026,North IN & Kingston,Perrysburg KSL-0558,AL/MC,MC - Studio,21.8,25,87%
3/31/2026,North IN & Kingston,Perrysburg KSL-0558,AL/MC,MC - Studio Deluxe,7.9,9,87%
3/31/2026,North IN & Kingston,Perrysburg KSL-0558,SL,2 FL One Bedroom,0,0,0%
3/31/2026,North IN & Kingston,Perrysburg KSL-0558,SL,2 FL Studio,0,1,0%
3/31/2026,North IN & Kingston,Sylvania KHC-0559,HC,Companion,48.9,54,91%
3/31/2026,North IN & Kingston,Sylvania KHC-0559,HC,Companion Rehab,23.6,26,91%
3/31/2026,North IN & Kingston,Sylvania KHC-0559,HC,Private,25.8,26,99%
3/31/2026,North IN & Kingston,Sylvania KHC-0559,HC,Private Deluxe,1,1,100%
3/31/2026,North IN & Kingston,Sylvania KHC-0559,HC,Private Rehab,18.2,20,91%
3/31/2026,North IN & Kingston,Sylvania KSL-0560,AL,2 FL Studio,6.4,6,100%
3/31/2026,North IN & Kingston,Sylvania KSL-0560,AL,2 FL Studio Deluxe,2,2,100%
3/31/2026,North IN & Kingston,Sylvania KSL-0560,AL,2 FL Two BR - Large,2,2,100%
3/31/2026,North IN & Kingston,Sylvania KSL-0560,AL,2FL One BR - Large,2,3,67%
3/31/2026,North IN & Kingston,Sylvania KSL-0560,AL,2FL One BR - Medium,14.8,16,93%
3/31/2026,North IN & Kingston,Sylvania KSL-0560,AL,2FL One BR - Small,2,4,50%
3/31/2026,North IN & Kingston,Sylvania KSL-0560,AL,2FL Two BR - Medium,1,1,100%
3/31/2026,North IN & Kingston,Sylvania KSL-0560,AL,Companion - CL,2,2,100%
3/31/2026,North IN & Kingston,Sylvania KSL-0560,AL,One Bedroom - CL,2,2,100%
3/31/2026,North IN & Kingston,Sylvania KSL-0560,AL,One BR - Large,2.4,3,78%
3/31/2026,North IN & Kingston,Sylvania KSL-0560,AL,One BR - Medium,16,16,100%
3/31/2026,North IN & Kingston,Sylvania KSL-0560,AL,Studio,9.4,11,85%
3/31/2026,North IN & Kingston,Sylvania KSL-0560,AL,Studio - Alcove,2,2,100%
3/31/2026,North IN & Kingston,Sylvania KSL-0560,AL,Studio - CL,22.8,24,95%
3/31/2026,North IN & Kingston,Sylvania KSL-0560,AL,Studio Deluxe,3.1,4,78%
3/31/2026,North IN & Kingston,Sylvania KSL-0560,AL,Studio Deluxe - CL,2,2,100%
3/31/2026,North IN & Kingston,Sylvania KSL-0560,AL,Studio Double - CL,1,1,100%
3/31/2026,North IN & Kingston,Sylvania KSL-0560,AL,Two BR - Large,3,3,100%
3/31/2026,North IN & Kingston,Sylvania KSL-0560,AL/MC,MC - Companion,2,2,100%
3/31/2026,North IN & Kingston,Sylvania KSL-0560,AL/MC,MC - Studio,22.4,25,89%
3/31/2026,North IN & Kingston,Sylvania KSL-0560,AL/MC,MC - Studio Deluxe,2,2,100%
3/31/2026,North IN & Kingston,Sylvania KSL-0560,SL,2 FL Studio,0,6,0%
3/31/2026,North IN & Kingston,Sylvania KSL-0560,SL,2 FL Studio - Alcove,0,2,0%
3/31/2026,North IN & Kingston,Sylvania KSL-0560,SL,2 FL Studio Deluxe,0,3,0%
3/31/2026,North IN & Kingston,Sylvania KSL-0560,SL,2 FL Two BR - Large,0,0,0%
3/31/2026,North IN & Kingston,Vermilion KHC-0561,HC,Companion,37.8,50,76%
3/31/2026,North IN & Kingston,Vermilion KHC-0561,HC,Companion Deluxe,13,14,93%
3/31/2026,North IN & Kingston,Vermilion KHC-0561,HC,Companion Rehab,16.8,22,76%
3/31/2026,North IN & Kingston,Vermilion KHC-0561,HC,Private,14.1,16,88%
3/31/2026,North IN & Kingston,Vermilion KHC-0561,HC/MC,MC - Companion,15.2,16,95%
3/31/2026,North IN & Kingston,Vermilion KHC-0561,HC/MC,MC - Private,2,2,100%
3/31/2026,North IN & Kingston,Vermilion KSL-0562,AL,One Bedroom,4,4,100%
3/31/2026,North IN & Kingston,Vermilion KSL-0562,AL,Studio,8.1,10,81%
3/31/2026,North IN & Kingston,Vermilion KSL-0562,AL,Studio - Double,19.1,22,87%
3/31/2026,North IN & Kingston,Vermilion KSL-0562,AL,Two Bedroom,7,12,58%
3/31/2026,North Ohio,Bellevue - 414,AL,Companion,4,4,99%
3/31/2026,North Ohio,Bellevue - 414,AL,Studio - Private,17.8,18,99%
3/31/2026,North Ohio,Bellevue - 414,AL/MC,Legacy Lane - Companion,1.7,2,85%
3/31/2026,North Ohio,Bellevue - 414,AL/MC,Legacy Lane - Private,8,9,89%
3/31/2026,North Ohio,Bellevue - 414,HC,Companion,22.8,22,104%
3/31/2026,North Ohio,Bellevue - 414,HC,Private,35.2,38,93%
3/31/2026,North Ohio,Bellevue - 414,VIL,Independent Living - Villa,24,24,100%
3/31/2026,North Ohio,Bowling Green - 443,AL,2 FL 1BR;C Vw;C Loc;C Sz,1,1,100%
3/31/2026,North Ohio,Bowling Green - 443,AL,2 FL Studio;A Vw;B Loc;B Sz,1,1,100%
3/31/2026,North Ohio,Bowling Green - 443,AL,2 FL Studio;C Vw;B Loc;B Sz,1,1,100%
3/31/2026,North Ohio,Bowling Green - 443,AL,Compan;A Vw;C Loc;B Sz,2,2,100%
3/31/2026,North Ohio,Bowling Green - 443,AL,Compan;C Vw;C Loc;B Sz,2,2,100%
3/31/2026,North Ohio,Bowling Green - 443,AL,Studio;A Vw;A Loc;B Sz,3,3,100%
3/31/2026,North Ohio,Bowling Green - 443,AL,Studio;A Vw;C Loc;B Sz,9.9,10,99%
3/31/2026,North Ohio,Bowling Green - 443,AL,Studio;C Vw;C Loc;B Sz,2,2,100%
3/31/2026,North Ohio,Bowling Green - 443,AL/MC,MC-Compan;A Vw;C Loc;B Sz,2,2,100%
3/31/2026,North Ohio,Bowling Green - 443,AL/MC,MC-Compan;C Vw;C Loc;B Sz,1,1,100%
3/31/2026,North Ohio,Bowling Green - 443,AL/MC,MC-Studio;A Vw;A Loc;B Sz,2,2,100%
3/31/2026,North Ohio,Bowling Green - 443,AL/MC,MC-Studio;A Vw;C Loc;B Sz,4.7,5,95%
3/31/2026,North Ohio,Bowling Green - 443,AL/MC,MC-Studio;C Vw;C Loc;B Sz,5,5,100%
3/31/2026,North Ohio,Bowling Green - 443,HC,Companion,3,4,75%
3/31/2026,North Ohio,Bowling Green - 443,HC,Studio Dlx;A Vw;A Loc;C Sz,1,1,100%
3/31/2026,North Ohio,Bowling Green - 443,HC,Studio;A Vw;B Loc;B Sz,4.5,5,91%
3/31/2026,North Ohio,Bowling Green - 443,HC,Studio;A Vw;C Loc;B Sz,8.7,10,87%
3/31/2026,North Ohio,Bowling Green - 443,HC,Studio;C Vw;B Loc;B Sz,6.4,7,91%
3/31/2026,North Ohio,Bowling Green - 443,HC,Studio;C Vw;C Loc;B Sz,17.4,23,76%
3/31/2026,North Ohio,Bowling Green - 443,SL,2 FL 1BR;A Vw;C Loc;A Sz,2,2,100%
3/31/2026,North Ohio,Bowling Green - 443,SL,2 FL 1BR;A Vw;C Loc;B Sz,7,7,100%
3/31/2026,North Ohio,Bowling Green - 443,SL,2 FL 1BR;C Vw;A Loc;B Sz,3,3,100%
3/31/2026,North Ohio,Bowling Green - 443,SL,2 FL 1BR;C Vw;C Loc;A Sz,1,1,100%
3/31/2026,North Ohio,Bowling Green - 443,SL,2 FL 1BR;C Vw;C Loc;B Sz,5,5,100%
3/31/2026,North Ohio,Bowling Green - 443,SL,2 FL 1BR;C Vw;C Loc;C Sz,1,1,100%
3/31/2026,North Ohio,Bowling Green - 443,SL,2 FL Studio;A Vw;B Loc;B Sz,1,2,52%
3/31/2026,North Ohio,Bowling Green - 443,SL,2 FL Studio;C Vw;B Loc;B Sz,1,2,50%
3/31/2026,North Ohio,Findlay - 408,AL,One BR Apt Deluxe-Double,4,4,100%
3/31/2026,North Ohio,Findlay - 408,AL,One BR Apt Deluxe-Single,3,3,100%
3/31/2026,North Ohio,Findlay - 408,AL,One BR Apt-Double,27,27,100%
3/31/2026,North Ohio,Findlay - 408,AL,Two BR Apt Deluxe-Double,4,4,100%
3/31/2026,North Ohio,Findlay - 408,AL,Two BR Apt-Double,2,2,98%
3/31/2026,North Ohio,Findlay - 408,AL,Two BR Apt-Single,3,3,100%
3/31/2026,North Ohio,Findlay - 408,AL/MC,Legacy Bldng - Companion,0,1,0%
3/31/2026,North Ohio,Findlay - 408,AL/MC,Legacy Bldng - Private,19.9,23,87%
3/31/2026,North Ohio,Findlay - 408,AL/MC,Legacy Bldng - Private Deluxe,4.9,5,99%
3/31/2026,North Ohio,Findlay - 408,HC,Companion,13.5,18,75%
3/31/2026,North Ohio,Findlay - 408,HC,Private,56.2,58,97%
3/31/2026,North Ohio,Findlay - 408,HC,Private Deluxe,12.8,14,91%
3/31/2026,North Ohio,Findlay - 408,HC/MC,Legacy Lane - Companion,0,0,0%
3/31/2026,North Ohio,Findlay - 408,HC/MC,Legacy Lane - Private,0,0,0%
3/31/2026,North Ohio,Fremont - 403,AL,Companion,4,4,100%
3/31/2026,North Ohio,Fremont - 403,AL,Studio - Private,14,14,100%
3/31/2026,North Ohio,Fremont - 403,AL,Studio - Private C Sz,1,1,100%
3/31/2026,North Ohio,Fremont - 403,AL/MC,MC Companion,4,4,100%
3/31/2026,North Ohio,Fremont - 403,AL/MC,MC Companion Deluxe,1,1,100%
3/31/2026,North Ohio,Fremont - 403,AL/MC,MC Studio,6,6,100%
3/31/2026,North Ohio,Fremont - 403,HC,Companion,28,28,100%
3/31/2026,North Ohio,Fremont - 403,HC,Private,27.6,30,92%
3/31/2026,North Ohio,Fremont - 403,HC,Private Deluxe,2,2,98%
3/31/2026,North Ohio,Fremont - 403,HC,TCU - Private,0,0,0%
3/31/2026,North Ohio,Genoa - 411,AL,One BR Apt Deluxe-Double,3,3,100%
3/31/2026,North Ohio,Genoa - 411,AL,One BR Apt Deluxe-Single,4,4,100%
3/31/2026,North Ohio,Genoa - 411,AL,One BR Apt-Double,3.2,4,81%
3/31/2026,North Ohio,Genoa - 411,AL,One BR Apt-Single,13.4,15,89%
3/31/2026,North Ohio,Genoa - 411,AL,Studio - Private,14.4,16,90%
3/31/2026,North Ohio,Genoa - 411,AL,Two BR Apt-Double,2,2,100%
3/31/2026,North Ohio,Genoa - 411,AL,Two BR Apt-Single,0,0,0%
3/31/2026,North Ohio,Genoa - 411,AL/MC,MC-Compan;B Vw;A Loc;B Sz,2,2,98%
3/31/2026,North Ohio,Genoa - 411,AL/MC,MC-Compan;B Vw;B Loc;B Sz,0.9,1,90%
3/31/2026,North Ohio,Genoa - 411,AL/MC,MC-Studio Dlx;B Vw;B Loc;B Sz,2.7,4,69%
3/31/2026,North Ohio,Genoa - 411,AL/MC,MC-Studio;B Vw;B Loc;B Sz,3,3,100%
3/31/2026,North Ohio,Genoa - 411,HC,Companion,31.1,33,94%
3/31/2026,North Ohio,Genoa - 411,HC,Private,31.9,35,91%
3/31/2026,North Ohio,Kalida - 406,AL,1BR,0,1,0%
3/31/2026,North Ohio,Kalida - 406,AL,Companion,3,4,75%
3/31/2026,North Ohio,Kalida - 406,AL,Studio - Private,15.3,16,96%
3/31/2026,North Ohio,Kalida - 406,AL/MC,Legacy Lane - Companion,2,2,100%
3/31/2026,North Ohio,Kalida - 406,AL/MC,Legacy Lane - Private,5,8,63%
3/31/2026,North Ohio,Kalida - 406,AL/MC,Legacy Lane - Private Deluxe,1,1,100%
3/31/2026,North Ohio,Kalida - 406,HC,Companion,33,34,97%
3/31/2026,North Ohio,Kalida - 406,HC,Private,22,28,79%
3/31/2026,North Ohio,Leipsic - 409,AL,One BR Apt-Double,11.8,14,85%
3/31/2026,North Ohio,Leipsic - 409,AL,One BR Apt-Single,2,2,100%
3/31/2026,North Ohio,Leipsic - 409,AL,Studio - Private,8,9,89%
3/31/2026,North Ohio,Leipsic - 409,AL,Studio - Private Deluxe,8,9,89%
3/31/2026,North Ohio,Leipsic - 409,AL,Two BR Apt-Double,0,1,0%
3/31/2026,North Ohio,Leipsic - 409,HC,Companion,26.3,34,77%
3/31/2026,North Ohio,Leipsic - 409,HC,Private,13.2,18,73%
3/31/2026,North Ohio,Leipsic - 409,VIL,Independent Living - One BR,18,19,95%
3/31/2026,North Ohio,Leipsic - 409,VIL,Independent Living - Studio,8,9,89%
3/31/2026,North Ohio,Leipsic - 409,VIL,Independent Living - Two BR,16,17,94%
3/31/2026,North Ohio,Monclova - 2422,AL,Companion,7,7,100%
3/31/2026,North Ohio,Monclova - 2422,AL,Companion - B Location,2,2,100%
3/31/2026,North Ohio,Monclova - 2422,AL,Studio - Private,22.9,23,99%
3/31/2026,North Ohio,Monclova - 2422,AL,Studio - Private Deluxe,2,2,100%
3/31/2026,North Ohio,Monclova - 2422,AL/MC,Legacy Bldng - Companion,5.4,6,90%
3/31/2026,North Ohio,Monclova - 2422,AL/MC,Legacy Bldng - Private,19.3,23,84%
3/31/2026,North Ohio,Monclova - 2422,HC,AL-Studio Private,0,0,0%
3/31/2026,North Ohio,Monclova - 2422,HC,Companion,23.9,24,100%
3/31/2026,North Ohio,Monclova - 2422,HC,Private,30.7,32,96%
3/31/2026,North Ohio,Monclova - 2422,HC,Private Deluxe,4,4,100%
3/31/2026,North Ohio,Monclova - 2422,HC/MC,Legacy Lane - Companion,0,0,0%
3/31/2026,North Ohio,Monclova - 2422,HC/MC,Legacy Lane - Private,0,0,0%
3/31/2026,North Ohio,Monclova - 2422,VIL,1BR; A Location,12,12,100%
3/31/2026,North Ohio,Monclova - 2422,VIL,2BR; A Location,20.4,22,93%
3/31/2026,North Ohio,North Baltimore - 415,AL,AL Studio - Companion,1,1,100%
3/31/2026,North Ohio,North Baltimore - 415,AL,Companion,0,0,0%
3/31/2026,North Ohio,North Baltimore - 415,AL,One BR Apt-Double,1.9,3,65%
3/31/2026,North Ohio,North Baltimore - 415,AL,One BR Apt-Single,1,1,100%
3/31/2026,North Ohio,North Baltimore - 415,AL,Studio - Double,0,1,0%
3/31/2026,North Ohio,North Baltimore - 415,AL,Studio - Private,14,14,100%
3/31/2026,North Ohio,North Baltimore - 415,HC,Companion,22.9,24,95%
3/31/2026,North Ohio,North Baltimore - 415,HC,Private,14.5,15,97%
3/31/2026,North Ohio,North Baltimore - 415,HC/MC,Legacy Lane - Companion,11,11,100%
3/31/2026,North Ohio,North Baltimore - 415,HC/MC,Legacy Lane - Private,4,4,100%
3/31/2026,North Ohio,Ottawa MO - 430,AL,Companion,6.6,7,94%
3/31/2026,North Ohio,Ottawa MO - 430,AL,Studio - Private,18,18,100%
3/31/2026,North Ohio,Ottawa MO - 430,HC,Companion,25.5,28,91%
3/31/2026,North Ohio,Ottawa MO - 430,HC,Private,26.3,30,88%
3/31/2026,North Ohio,Ottawa MO - 430,HC,Private Deluxe,8.9,10,89%
3/31/2026,North Ohio,Ottawa MO - 430,HC/MC,Legacy Way - Companion,6.3,8,78%
3/31/2026,North Ohio,Ottawa MO - 430,HC/MC,Legacy Way - Private Deluxe,9,10,90%
3/31/2026,North Ohio,Ottawa MO - 430,VIL,Patio Home 1BR,4.7,6,85%
3/31/2026,North Ohio,Ottawa MO - 430,VIL,Patio Home 2BR,7.1,9,81%
3/31/2026,North Ohio,Ottawa MO - 430,VIL,Patio Home 2BR - C View,0,1,0%
3/31/2026,North Ohio,Sylvania - 2427,AL,Companion,6.8,7,97%
3/31/2026,North Ohio,Sylvania - 2427,AL,Studio - Private,21.7,24,91%
3/31/2026,North Ohio,Sylvania - 2427,AL,Studio - Private Deluxe,2,2,100%
3/31/2026,North Ohio,Sylvania - 2427,HC,Companion,22.2,24,93%
3/31/2026,North Ohio,Sylvania - 2427,HC,Private,36.7,38,97%
3/31/2026,North Ohio,Sylvania - 2427,VIL,Ind Liv - Vil - Wood Floors,5.3,9,58%
3/31/2026,North Ohio,Sylvania - 2427,VIL,Independent Living - 2BR,19,21,90%
3/31/2026,North Ohio,Sylvania - 2427,VIL,Patio Home 1BR,1,12,8%
3/31/2026,North Ohio,Sylvania - 2427,VIL,Patio Home 2BR,4.4,14,31%
3/31/2026,North Ohio,Tiffin - 435,AL,Compan;A Vw;C Loc;B Sz,4,4,100%
3/31/2026,North Ohio,Tiffin - 435,AL,Studio - Double;A Vw;A Loc;B Sz,7.9,8,99%
3/31/2026,North Ohio,Tiffin - 435,AL,Studio - Double;A Vw;C Loc;B Sz,2,2,100%
3/31/2026,North Ohio,Tiffin - 435,AL,Studio;A Vw;A Loc;B Sz,1,1,100%
3/31/2026,North Ohio,Tiffin - 435,AL,Studio;A Vw;C Loc;B Sz,3.6,4,90%
3/31/2026,North Ohio,Tiffin - 435,HC,AL-Studio DLX;A Vw;C Loc;B Sz,3,3,100%
3/31/2026,North Ohio,Tiffin - 435,HC,AL-Studio;A Vw;A Loc;B Sz,5,5,100%
3/31/2026,North Ohio,Tiffin - 435,HC,AL-Studio;A Vw;C Loc;B Sz,7,7,100%
3/31/2026,North Ohio,Tiffin - 435,HC,Compan;A Vw;B Loc;B Sz,2,2,100%
3/31/2026,North Ohio,Tiffin - 435,HC,Compan;B Vw;A Loc;B Sz,5.9,6,98%
3/31/2026,North Ohio,Tiffin - 435,HC,Compan;B Vw;B Loc;B Sz,4,4,100%
3/31/2026,North Ohio,Tiffin - 435,HC,Studio Dlx;A Vw;B Loc;B Sz,1.9,2,94%
3/31/2026,North Ohio,Tiffin - 435,HC,Studio Dlx;A Vw;C Loc;B Sz,1,1,100%
3/31/2026,North Ohio,Tiffin - 435,HC,Studio Dlx;B Vw;B Loc;B Sz,2,2,100%
3/31/2026,North Ohio,Tiffin - 435,HC,Studio Dlx;B Vw;C Loc;B Sz,0.6,1,61%
3/31/2026,North Ohio,Tiffin - 435,HC,Studio;A Vw;A Loc;B Sz,2,2,100%
3/31/2026,North Ohio,Tiffin - 435,HC,Studio;A Vw;B Loc;B Sz,1,1,100%
3/31/2026,North Ohio,Tiffin - 435,HC,Studio;A Vw;C Loc;B Sz,4.9,5,97%
3/31/2026,North Ohio,Tiffin - 435,HC,Studio;B Vw;A Loc;B Sz,3.6,4,90%
3/31/2026,North Ohio,Tiffin - 435,HC,Studio;B Vw;B Loc;B Sz,5,5,99%
3/31/2026,North Ohio,Tiffin - 435,HC,Studio;B Vw;C Loc;B Sz,16.5,17,97%
3/31/2026,North Ohio,Willard - 2424,AL,Companion,4,4,100%
3/31/2026,North Ohio,Willard - 2424,AL,Studio - Double,9.9,10,99%
3/31/2026,North Ohio,Willard - 2424,AL,Studio - Private,7.6,8,95%
3/31/2026,North Ohio,Willard - 2424,AL/MC,MC - Companion,2,2,100%
3/31/2026,North Ohio,Willard - 2424,AL/MC,MC - Studio,6.9,7,99%
3/31/2026,North Ohio,Willard - 2424,HC,Companion,37.1,38,98%
3/31/2026,North Ohio,Willard - 2424,HC,Private,28.6,31,92%
3/31/2026,North Ohio,Willard - 2424,VIL,1BR,6,6,100%
3/31/2026,North Ohio,Willard - 2424,VIL,2BR,20,20,100%
3/31/2026,Northwest Indiana,Logansport - 130,AL,Companion,4,4,100%
3/31/2026,Northwest Indiana,Logansport - 130,AL,Studio - Private,15.6,18,87%
3/31/2026,Northwest Indiana,Logansport - 130,HC,Companion,30.9,31,100%
3/31/2026,Northwest Indiana,Logansport - 130,HC,Private,20.1,24,84%
3/31/2026,Northwest Indiana,Logansport - 130,HC/MC,Legacy Lane - Private,11.9,12,99%
3/31/2026,Northwest Indiana,Merrillville - 122,AL,Companion,0,0,0%
3/31/2026,Northwest Indiana,Monticello - 140,AL,1 Bedroom,1,1,100%
3/31/2026,Northwest Indiana,Monticello - 140,AL,Companion,4,6,67%
3/31/2026,Northwest Indiana,Monticello - 140,AL,Studio - Private,23.4,26,90%
3/31/2026,Northwest Indiana,Monticello - 140,AL/MC,Legacy Lane - Companion,4.9,6,82%
3/31/2026,Northwest Indiana,Monticello - 140,AL/MC,Legacy Lane - Private,20.1,23,87%
3/31/2026,Northwest Indiana,Monticello - 140,HC,Companion,24.5,25,98%
3/31/2026,Northwest Indiana,Monticello - 140,HC,Private,27.1,35,77%
3/31/2026,Northwest Indiana,Peru - 2144,AL,L-One BR Apt Deluxe-Double,0,0,0%
3/31/2026,Northwest Indiana,Peru - 2144,AL,L-One BR Apt Deluxe-Single,1.7,2,87%
3/31/2026,Northwest Indiana,Peru - 2144,AL,L-One BR Apt-Double,1,1,100%
3/31/2026,Northwest Indiana,Peru - 2144,AL,L-One BR Apt-Single,13,13,100%
3/31/2026,Northwest Indiana,Peru - 2144,AL,L-Two BR Apt Deluxe-Double,1.5,2,76%
3/31/2026,Northwest Indiana,Peru - 2144,AL,L-Two BR Apt-Double,4,6,67%
3/31/2026,Northwest Indiana,Peru - 2144,AL,One BR Apt Deluxe-Single,2,2,100%
3/31/2026,Northwest Indiana,Peru - 2144,AL,One BR Apt-Double,0,0,0%
3/31/2026,Northwest Indiana,Peru - 2144,AL,One BR Apt-Single,13,14,93%
3/31/2026,Northwest Indiana,Peru - 2144,AL,Two BR Apt Deluxe-Double,2,2,100%
3/31/2026,Northwest Indiana,Peru - 2144,AL,Two BR Apt-Double,5.7,6,95%
3/31/2026,Northwest Indiana,Peru - 2144,HC,Companion,11.1,12,92%
3/31/2026,Northwest Indiana,Peru - 2144,HC,Private,23.8,27,88%
3/31/2026,Northwest Indiana,Peru - 2144,HC/MC,Legacy Lane - Companion,7.9,8,99%
3/31/2026,Northwest Indiana,Peru - 2144,HC/MC,Legacy Lane - Private,7.9,8,99%
3/31/2026,Northwest Indiana,Peru - 2144,SL,One BR Apt Deluxe-Single,0,0,0%
3/31/2026,Northwest Indiana,Peru - 2144,SL,One BR Apt-Double,0,0,0%
3/31/2026,Northwest Indiana,Peru - 2144,SL,One BR Apt-Single,0,0,0%
3/31/2026,Northwest Indiana,Peru - 2144,SL,Two BR Apt Deluxe-Double,0,0,0%
3/31/2026,Northwest Indiana,Peru - 2144,SL,Two BR Apt-Double,0,0,0%
3/31/2026,Northwest Indiana,Peru - 2144,SL,Two BR Apt-Single,0,0,0%
3/31/2026,Northwest Indiana,Peru - 2144,VIL,Independent Living - Villa 1,6,6,100%
3/31/2026,Northwest Indiana,Peru - 2144,VIL,One BR Apt Deluxe-Single,0,0,0%
3/31/2026,Northwest Indiana,Peru - 2144,VIL,One BR Apt-Double,0,0,0%
3/31/2026,Northwest Indiana,Peru - 2144,VIL,One BR Apt-Single,0,0,0%
3/31/2026,Northwest Indiana,Peru - 2144,VIL,Two BR Apt Deluxe-Double,0,0,0%
3/31/2026,Northwest Indiana,Peru - 2144,VIL,Two BR Apt-Double,0,0,0%
3/31/2026,Northwest Indiana,South Bend - 5169,AL,Companion,0,0,0%
3/31/2026,Northwest Indiana,South Bend - 5169,AL,One BR Apt-Double,1,2,50%
3/31/2026,Northwest Indiana,South Bend - 5169,AL,One BR Apt-Single,2.2,3,73%
3/31/2026,Northwest Indiana,South Bend - 5169,AL,Studio - Double,5.5,7,79%
3/31/2026,Northwest Indiana,South Bend - 5169,AL,Studio - Private,11,12,92%
3/31/2026,Northwest Indiana,South Bend - 5169,AL,Studio - Private Deluxe,2,2,100%
3/31/2026,Northwest Indiana,South Bend - 5169,AL,Studio Base - Double,2,2,100%
3/31/2026,Northwest Indiana,South Bend - 5169,AL,Studio Base - Private,2,2,100%
3/31/2026,Northwest Indiana,South Bend - 5169,AL/MC,Legacy Lane - Companion,2,2,100%
3/31/2026,Northwest Indiana,South Bend - 5169,AL/MC,Legacy Lane - Private,9,9,100%
3/31/2026,Northwest Indiana,South Bend - 5169,HC,Companion,8.4,10,84%
3/31/2026,Northwest Indiana,South Bend - 5169,HC,Private,36.2,45,80%
3/31/2026,Northwest Indiana,Wabash - 5170,AL,Companion,2,2,100%
3/31/2026,Northwest Indiana,Wabash - 5170,AL,One BR Apt-Double,8,8,100%
3/31/2026,Northwest Indiana,Wabash - 5170,AL,One BR Apt-Single,1,1,100%
3/31/2026,Northwest Indiana,Wabash - 5170,AL,Studio - Private,11.5,13,89%
3/31/2026,Northwest Indiana,Wabash - 5170,AL,Studio - Private - C View,3,3,100%
3/31/2026,Northwest Indiana,Wabash - 5170,AL,Studio - Private - End of Hall,2,3,67%
3/31/2026,Northwest Indiana,Wabash - 5170,AL/MC,MC-Companion,0,1,0%
3/31/2026,Northwest Indiana,Wabash - 5170,AL/MC,MC-Private,11.2,12,94%
3/31/2026,Northwest Indiana,Wabash - 5170,HC,Companion,20.9,26,80%
3/31/2026,Northwest Indiana,Wabash - 5170,HC,Private,27.8,32,87%
3/31/2026,Northwest Indiana,Warsaw - 302,AL,Compan;A Vw;C Loc;B Sz,5,5,100%
3/31/2026,Northwest Indiana,Warsaw - 302,AL,Studio;A Vw;A Loc;B Sz,3,3,100%
3/31/2026,Northwest Indiana,Warsaw - 302,AL,Studio;A Vw;B Loc;B Sz,2,2,100%
3/31/2026,Northwest Indiana,Warsaw - 302,AL,Studio;A Vw;C Loc;B Sz,7,7,100%
3/31/2026,Northwest Indiana,Warsaw - 302,AL,Studio;B Vw;B Loc;B Sz,2,2,100%
3/31/2026,Northwest Indiana,Warsaw - 302,AL/MC,MC - Compan;A Vw;B Loc;B Sz,1,1,100%
3/31/2026,Northwest Indiana,Warsaw - 302,AL/MC,MC - Compan;A Vw;C Loc;B Sz,1,1,100%
3/31/2026,Northwest Indiana,Warsaw - 302,AL/MC,MC - Compan;C Vw;C Loc;B Sz,1,1,100%
3/31/2026,Northwest Indiana,Warsaw - 302,AL/MC,MC - Studio;A Vw;A Loc;B Sz,1.9,2,94%
3/31/2026,Northwest Indiana,Warsaw - 302,AL/MC,MC - Studio;A Vw;C Loc;B Sz,6,6,100%
3/31/2026,Northwest Indiana,Warsaw - 302,AL/MC,MC - Studio;B Vw;C Loc;B Sz,1,1,100%
3/31/2026,Northwest Indiana,Warsaw - 302,AL/MC,MC - Studio;C Vw;C Loc;B Sz,2.9,3,98%
3/31/2026,Northwest Indiana,Warsaw - 302,HC,Compan;A Vw;B Loc;B Sz,3.9,4,98%
3/31/2026,Northwest Indiana,Warsaw - 302,HC,Compan;A Vw;C Loc;B Sz,4,4,100%
3/31/2026,Northwest Indiana,Warsaw - 302,HC,Compan;B Vw;C Loc;B Sz,1.8,2,90%
3/31/2026,Northwest Indiana,Warsaw - 302,HC,Compan;C Vw;B Loc;B Sz,10,10,100%
3/31/2026,Northwest Indiana,Warsaw - 302,HC,Compan;C Vw;C Loc;B Sz,8,8,100%
3/31/2026,Northwest Indiana,Warsaw - 302,HC,Companion,0,0,0%
3/31/2026,Northwest Indiana,Warsaw - 302,HC,Private,0,0,0%
3/31/2026,Northwest Indiana,Warsaw - 302,HC,Studio Dlx;C Vw;B Loc;B Sz,0.5,1,48%
3/31/2026,Northwest Indiana,Warsaw - 302,HC,Studio Dlx;C Vw;C Loc;B Sz,1,1,97%
3/31/2026,Northwest Indiana,Warsaw - 302,HC,Studio;A Vw;A Loc;B Sz,3,3,100%
3/31/2026,Northwest Indiana,Warsaw - 302,HC,Studio;A Vw;C Loc;B Sz,6,6,99%
3/31/2026,Northwest Indiana,Warsaw - 302,HC,Studio;B Vw;A Loc;B Sz,1,1,100%
3/31/2026,Northwest Indiana,Warsaw - 302,HC,Studio;B Vw;C Loc;B Sz,1,1,100%
3/31/2026,Northwest Indiana,Warsaw - 302,HC,Studio;C Vw;A Loc;B Sz,5.9,6,99%
3/31/2026,Northwest Indiana,Warsaw - 302,HC,Studio;C Vw;C Loc;B Sz,12.3,13,95%
3/31/2026,South Kentucky,Bardstown - 233,AL,1BR;A Vw;A Loc;B Sz,2.9,3,96%
3/31/2026,South Kentucky,Bardstown - 233,AL,1BR;A Vw;B Loc;B Sz,1,1,100%
3/31/2026,South Kentucky,Bardstown - 233,AL,1BR;A Vw;C Loc;B Sz,0.9,1,90%
3/31/2026,South Kentucky,Bardstown - 233,AL,1BR;B Vw;A Loc;B Sz,4,4,100%
3/31/2026,South Kentucky,Bardstown - 233,AL,1BR;B Vw;B Loc;B Sz,1.8,2,92%
3/31/2026,South Kentucky,Bardstown - 233,AL,1BR;B Vw;C Loc;B Sz,2,2,100%
3/31/2026,South Kentucky,Bardstown - 233,AL,2BR;B Vw;B Loc;B Sz,1,1,100%
3/31/2026,South Kentucky,Bardstown - 233,AL,2BR;B Vw;C Loc;B Sz,0.1,1,6%
3/31/2026,South Kentucky,Bardstown - 233,AL,Studio - Special,2,2,100%
3/31/2026,South Kentucky,Bardstown - 233,AL,Studio Dlx;A Vw;A Loc;B Sz,2,2,100%
3/31/2026,South Kentucky,Bardstown - 233,AL,Studio Dlx;A Vw;B Loc;B Sz,2,2,100%
3/31/2026,South Kentucky,Bardstown - 233,AL,Studio Dlx;A Vw;C Loc;B Sz,2,2,100%
3/31/2026,South Kentucky,Bardstown - 233,AL,Studio Dlx;B Vw;A Loc;B Sz,2,2,100%
3/31/2026,South Kentucky,Bardstown - 233,AL,Studio Dlx;B Vw;B Loc;B Sz,2,2,100%
3/31/2026,South Kentucky,Bardstown - 233,AL,Studio Dlx;B Vw;C Loc;B Sz,2,2,100%
3/31/2026,South Kentucky,Bardstown - 233,AL,Studio;A Vw;A Loc;B Sz,3,3,100%
3/31/2026,South Kentucky,Bardstown - 233,AL,Studio;A Vw;B Loc;B Sz,3,3,100%
3/31/2026,South Kentucky,Bardstown - 233,AL,Studio;A Vw;C Loc;B Sz,3,3,100%
3/31/2026,South Kentucky,Bardstown - 233,AL,Studio;B Vw;A Loc;B Sz,6.7,7,96%
3/31/2026,South Kentucky,Bardstown - 233,AL,Studio;B Vw;B Loc;B Sz,6,6,99%
3/31/2026,South Kentucky,Bardstown - 233,AL,Studio;B Vw;C Loc;B Sz,5,5,100%
3/31/2026,South Kentucky,Bardstown - 233,AL/MC,MC-2BR;A Vw;C Loc;B Sz,0,2,0%
3/31/2026,South Kentucky,Bardstown - 233,AL/MC,MC-Studio Special,2,2,100%
3/31/2026,South Kentucky,Bardstown - 233,AL/MC,MC-Studio;A Vw;A Loc;B Sz,0,1,0%
3/31/2026,South Kentucky,Bardstown - 233,AL/MC,MC-Studio;A Vw;B Loc;B Sz,1,1,100%
3/31/2026,South Kentucky,Bardstown - 233,AL/MC,MC-Studio;A Vw;C Loc;B Sz,3,4,75%
3/31/2026,South Kentucky,Bardstown - 233,AL/MC,MC-Studio;B Vw;A Loc;B Sz,2,2,100%
3/31/2026,South Kentucky,Bardstown - 233,AL/MC,MC-Studio;B Vw;B Loc;B Sz,1.8,2,89%
3/31/2026,South Kentucky,Bardstown - 233,AL/MC,MC-Studio;B Vw;C Loc;B Sz,1.2,3,41%
3/31/2026,South Kentucky,Bardstown - 233,AL/MC,MC-Studio;C Vw;A Loc;B Sz,1.3,2,63%
3/31/2026,South Kentucky,Bardstown - 233,AL/MC,MC-Studio;C Vw;B Loc;B Sz,2,3,67%
3/31/2026,South Kentucky,Bardstown - 233,AL/MC,MC-Studio;C Vw;C Loc;B Sz,1,1,100%
3/31/2026,South Kentucky,Cynthiana - 114,AL,Companion,6,6,100%
3/31/2026,South Kentucky,Cynthiana - 114,AL,Studio,26.7,27,99%
3/31/2026,South Kentucky,Cynthiana - 114,AL,Studio - Private - End of Hall,0,0,0%
3/31/2026,South Kentucky,Cynthiana - 114,HC,Companion,17.4,20,87%
3/31/2026,South Kentucky,Cynthiana - 114,HC,Private,19.8,22,90%
3/31/2026,South Kentucky,Cynthiana - 114,HC/MC,Legacy Lane - Companion,0,0,0%
3/31/2026,South Kentucky,Cynthiana - 114,HC/MC,Legacy Lane - Private,12.8,13,99%
3/31/2026,South Kentucky,Cynthiana - 114,SL,Studio - Private,0,0,0%
3/31/2026,South Kentucky,Cynthiana - 114,SL,Studio - Private - End of Hall,2,2,100%
3/31/2026,South Kentucky,Danville - 231,AL,1BR,12,13,92%
3/31/2026,South Kentucky,Danville - 231,AL,2BR,2,2,100%
3/31/2026,South Kentucky,Danville - 231,AL,Studio,22.1,29,76%
3/31/2026,South Kentucky,Danville - 231,AL,Studio Dlx,9.6,12,80%
3/31/2026,South Kentucky,Danville - 231,AL/MC,MC - 2BR,1,2,50%
3/31/2026,South Kentucky,Danville - 231,AL/MC,MC - Studio,14.8,21,71%
3/31/2026,South Kentucky,Harrodsburg - 2187,AL,Compan;A Vw;C Loc;B Sz,1,1,100%
3/31/2026,South Kentucky,Harrodsburg - 2187,AL,Compan;B Vw;B Loc;B Sz,0,0,0%
3/31/2026,South Kentucky,Harrodsburg - 2187,AL,Compan;C Vw;B Loc;B Sz,1,1,100%
3/31/2026,South Kentucky,Harrodsburg - 2187,AL,Compan;C Vw;C Loc;B Sz,1,1,100%
3/31/2026,South Kentucky,Harrodsburg - 2187,AL,Companion,4.9,5,97%
3/31/2026,South Kentucky,Harrodsburg - 2187,AL,Studio - Private,4.3,5,86%
3/31/2026,South Kentucky,Harrodsburg - 2187,AL,Studio - Private - Special,5.1,6,85%
3/31/2026,South Kentucky,Harrodsburg - 2187,AL,Studio;A Vw;A Loc;B Sz,2,2,100%
3/31/2026,South Kentucky,Harrodsburg - 2187,AL,Studio;A Vw;B Loc;B Sz,4,4,100%
3/31/2026,South Kentucky,Harrodsburg - 2187,AL,Studio;A Vw;C Loc;B Sz,0,0,0%
3/31/2026,South Kentucky,Harrodsburg - 2187,AL,Studio;B Vw;B Loc;B Sz,2,2,100%
3/31/2026,South Kentucky,Harrodsburg - 2187,AL,Studio;C Vw;A Loc;B Sz,1,1,100%
3/31/2026,South Kentucky,Harrodsburg - 2187,HC,Compan;A Vw;C Loc;B Sz,12,12,100%
3/31/2026,South Kentucky,Harrodsburg - 2187,HC,Compan;C Vw;C Loc;B Sz,8,8,100%
3/31/2026,South Kentucky,Harrodsburg - 2187,HC,Companion,0,0,0%
3/31/2026,South Kentucky,Harrodsburg - 2187,HC,Private,0,0,0%
3/31/2026,South Kentucky,Harrodsburg - 2187,HC,Studio;A Vw;C Loc;B Sz,5,5,99%
3/31/2026,South Kentucky,Harrodsburg - 2187,HC,Studio;B Vw;A Loc;B Sz,1,1,100%
3/31/2026,South Kentucky,Harrodsburg - 2187,HC,Studio;B Vw;C Loc;B Sz,7,7,100%
3/31/2026,South Kentucky,Harrodsburg - 2187,HC,Studio;C Vw;A Loc;B Sz,6.9,7,98%
3/31/2026,South Kentucky,Harrodsburg - 2187,HC,Studio;C Vw;C Loc;B Sz,4.4,5,88%
3/31/2026,South Kentucky,Harrodsburg - 2187,SL,Studio;A Vw;C Loc;B Sz,2,2,100%
3/31/2026,South Kentucky,Harrodsburg - 2187,VIL,Patio Home 1 BR,2.8,4,71%
3/31/2026,South Kentucky,Harrodsburg - 2187,VIL,Patio Home 2BR,4.4,7,61%
3/31/2026,South Kentucky,La Grange - 177,AL,Compan;A Vw;C Loc;A Sz,2,2,100%
3/31/2026,South Kentucky,La Grange - 177,AL,Compan;C Vw;C Loc;B Sz,2,2,100%
3/31/2026,South Kentucky,La Grange - 177,AL,Studio;A Vw;A Loc;B Sz,3,3,100%
3/31/2026,South Kentucky,La Grange - 177,AL,Studio;A Vw;C Loc;B Sz,10,10,100%
3/31/2026,South Kentucky,La Grange - 177,AL,Studio;C Vw;C Loc;B Sz,2,2,100%
3/31/2026,South Kentucky,La Grange - 177,AL/MC,MC-Compan;A Vw;C Loc;B Sz,2,2,100%
3/31/2026,South Kentucky,La Grange - 177,AL/MC,MC-Compan;C Vw;C Loc;B Sz,1,1,100%
3/31/2026,South Kentucky,La Grange - 177,AL/MC,MC-Studio;A Vw;A Loc;B Sz,2,2,100%
3/31/2026,South Kentucky,La Grange - 177,AL/MC,MC-Studio;A Vw;C Loc;B Sz,5,5,100%
3/31/2026,South Kentucky,La Grange - 177,AL/MC,MC-Studio;C Vw;C Loc;B Sz,5,5,100%
3/31/2026,South Kentucky,La Grange - 177,HC,Studio Dlx;A Vw;A Loc;C Sz,0.9,1,87%
3/31/2026,South Kentucky,La Grange - 177,HC,Studio;A Vw;B Loc;B Sz,3.7,4,94%
3/31/2026,South Kentucky,La Grange - 177,HC,Studio;A Vw;C Loc;B Sz,9.3,10,93%
3/31/2026,South Kentucky,La Grange - 177,HC,Studio;C Vw;B Loc;B Sz,6,7,86%
3/31/2026,South Kentucky,La Grange - 177,HC,Studio;C Vw;C Loc;B Sz,15.1,16,95%
3/31/2026,South Kentucky,La Grange - 177,HC/MC,MC-Compan;A Vw;C Loc;B Sz,3.8,4,95%
3/31/2026,South Kentucky,La Grange - 177,HC/MC,MC-Studio;A Vw;C Loc;B Sz,1.7,2,84%
3/31/2026,South Kentucky,La Grange - 177,HC/MC,MC-Studio;C Vw;C Loc;B Sz,4.5,6,76%
3/31/2026,South Kentucky,La Grange - 177,SL,1BR;A Vw;B Loc;B Sz,2,2,100%
3/31/2026,South Kentucky,La Grange - 177,SL,1BR;A Vw;C Loc;A Sz,2,2,100%
3/31/2026,South Kentucky,La Grange - 177,SL,1BR;A Vw;C Loc;B Sz,8,8,100%
3/31/2026,South Kentucky,La Grange - 177,SL,1BR;C Vw;A Loc;B Sz,3,3,100%
3/31/2026,South Kentucky,La Grange - 177,SL,1BR;C Vw;C Loc;A Sz,1,1,100%
3/31/2026,South Kentucky,La Grange - 177,SL,1BR;C Vw;C Loc;B Sz,2.9,3,96%
3/31/2026,South Kentucky,La Grange - 177,SL,1BR;C Vw;C Loc;C Sz,1,1,100%
3/31/2026,South Kentucky,La Grange - 177,SL,Studio;A Vw;C Loc;B Sz,2,2,100%
3/31/2026,South Kentucky,La Grange - 177,SL,Studio;C Vw;C Loc;B Sz,3,3,100%
3/31/2026,South Kentucky,Lexington WC - 2148,AL,Companion,3,3,100%
3/31/2026,South Kentucky,Lexington WC - 2148,AL,Studio,15,16,94%
3/31/2026,South Kentucky,Lexington WC - 2148,AL/MC,Legacy Lane - Companion,3,3,100%
3/31/2026,South Kentucky,Lexington WC - 2148,AL/MC,Legacy Lane - Studio,5.5,6,92%
3/31/2026,South Kentucky,Lexington WC - 2148,HC,Companion,16.4,18,91%
3/31/2026,South Kentucky,Lexington WC - 2148,HC,Private,33.3,35,95%
3/31/2026,South Kentucky,Lexington WC - 2148,HC,Private Deluxe,0.8,1,77%
3/31/2026,South Kentucky,Lexington WC - 2148,HC,TCU - Companion,0,0,0%
3/31/2026,South Kentucky,Lexington WC - 2148,HC,TCU - Private,0,0,0%
3/31/2026,South Kentucky,Lexington WC - 2148,SL,Studio - Private,1,1,100%
3/31/2026,South Kentucky,Lexington WF - 2147,AL,Companion,7.6,8,95%
3/31/2026,South Kentucky,Lexington WF - 2147,AL,Independent Living,0,0,0%
3/31/2026,South Kentucky,Lexington WF - 2147,AL,Studio,12.9,13,100%
3/31/2026,South Kentucky,Lexington WF - 2147,AL,Studio - Deluxe,2,2,98%
3/31/2026,South Kentucky,Lexington WF - 2147,HC,Companion,14.6,16,91%
3/31/2026,South Kentucky,Lexington WF - 2147,HC,Private,33.5,34,99%
3/31/2026,South Kentucky,Lexington WF - 2147,HC,Private Deluxe,3.9,4,98%
3/31/2026,South Kentucky,Lexington WF - 2147,SL,Independent Living,0,0,0%
3/31/2026,South Kentucky,Lexington WH - 2146,AL,Companion,7,7,100%
3/31/2026,South Kentucky,Lexington WH - 2146,AL,Studio - Private,20.6,23,90%
3/31/2026,South Kentucky,Lexington WH - 2146,AL,Two BR Apt - Double,2,2,100%
3/31/2026,South Kentucky,Lexington WH - 2146,AL/MC,Legacy Bldg - Studio,14.9,17,87%
3/31/2026,South Kentucky,Lexington WH - 2146,AL/MC,Legacy Bldng - Companion,3.6,4,91%
3/31/2026,South Kentucky,Lexington WH - 2146,HC,Companion,11.4,14,81%
3/31/2026,South Kentucky,Lexington WH - 2146,HC,Private,26.5,28,95%
3/31/2026,South Kentucky,Lexington WH - 2146,HC,Private Deluxe,9.9,11,90%
3/31/2026,South Kentucky,Lexington WH - 2146,HC/MC,Legacy Lane - Companion,6,6,100%
3/31/2026,South Kentucky,Lexington WH - 2146,HC/MC,Legacy Lane - Private,4.7,5,95%
3/31/2026,South Kentucky,Lexington WH - 2146,SL,Studio - Private,0,2,0%
3/31/2026,South Kentucky,Mount Washington - 176,AL,Compan;A Vw;C Loc;A Sz,2,2,100%
3/31/2026,South Kentucky,Mount Washington - 176,AL,Compan;B Vw;C Loc;B Sz,2,2,100%
3/31/2026,South Kentucky,Mount Washington - 176,AL,Studio;A Vw;A Loc;B Sz,3,3,100%
3/31/2026,South Kentucky,Mount Washington - 176,AL,Studio;A Vw;B Loc;B Sz,2,2,100%
3/31/2026,South Kentucky,Mount Washington - 176,AL,Studio;A Vw;C Loc;B Sz,3.6,4,90%
3/31/2026,South Kentucky,Mount Washington - 176,AL,Studio;B Vw;C Loc;B Sz,3.7,4,92%
3/31/2026,South Kentucky,Mount Washington - 176,AL,Studio;C Vw;B Loc;B Sz,2,2,100%
3/31/2026,South Kentucky,Mount Washington - 176,AL/MC,MC-Compan;A Vw;B Loc;B Sz,0,1,0%
3/31/2026,South Kentucky,Mount Washington - 176,AL/MC,MC-Compan;A Vw;C Loc;B Sz,1,1,100%
3/31/2026,South Kentucky,Mount Washington - 176,AL/MC,MC-Compan;C Vw;C Loc;B Sz,1,1,100%
3/31/2026,South Kentucky,Mount Washington - 176,AL/MC,MC-Studio;A Vw;A Loc;B Sz,1.2,2,61%
3/31/2026,South Kentucky,Mount Washington - 176,AL/MC,MC-Studio;A Vw;C Loc;B Sz,5,5,100%
3/31/2026,South Kentucky,Mount Washington - 176,AL/MC,MC-Studio;B Vw;C Loc;B Sz,1,1,100%
3/31/2026,South Kentucky,Mount Washington - 176,AL/MC,MC-Studio;C Vw;C Loc;B Sz,4,4,100%
3/31/2026,South Kentucky,Mount Washington - 176,HC,Compan;A Vw;B Loc;B Sz,2,2,100%
3/31/2026,South Kentucky,Mount Washington - 176,HC,Compan;A Vw;C Loc;B Sz,1.7,2,85%
3/31/2026,South Kentucky,Mount Washington - 176,HC,Compan;C Vw;B Loc;B Sz,5.8,6,96%
3/31/2026,South Kentucky,Mount Washington - 176,HC,Compan;C Vw;C Loc;B Sz,4.8,6,80%
3/31/2026,South Kentucky,Mount Washington - 176,HC,Studio;A Vw;A Loc;B Sz,1.8,2,89%
3/31/2026,South Kentucky,Mount Washington - 176,HC,Studio;A Vw;C Loc;B Sz,2.9,3,96%
3/31/2026,South Kentucky,Mount Washington - 176,HC,Studio;C Vw;A Loc;B Sz,2.5,3,85%
3/31/2026,South Kentucky,Mount Washington - 176,HC,Studio;C Vw;B Loc;B Sz,1,1,97%
3/31/2026,South Kentucky,Mount Washington - 176,HC,Studio;C Vw;C Loc;B Sz,16.6,17,98%
3/31/2026,South Kentucky,Mount Washington - 176,HC/MC,MC-Compan;A Vw;C Loc;B Sz,3.7,4,92%
3/31/2026,South Kentucky,Mount Washington - 176,HC/MC,MC-Compan;C Vw;A Loc;B Sz,0,0,0%
3/31/2026,South Kentucky,Mount Washington - 176,HC/MC,MC-Compan;C Vw;C Loc;B Sz,1.2,2,58%
3/31/2026,South Kentucky,Mount Washington - 176,HC/MC,MC-Studio;A Vw;A Loc;B Sz,1,1,100%
3/31/2026,South Kentucky,Mount Washington - 176,HC/MC,MC-Studio;A Vw;B Loc;B Sz,2,2,100%
3/31/2026,South Kentucky,Mount Washington - 176,HC/MC,MC-Studio;A Vw;C Loc;B Sz,2,2,100%
3/31/2026,South Kentucky,Mount Washington - 176,HC/MC,MC-Studio;C Vw;C Loc;B Sz,2,2,100%
3/31/2026,South Kentucky,Shelbyville SF - 234,AL,1BR;C Vw;C Loc;B Sz,12.9,13,100%
3/31/2026,South Kentucky,Shelbyville SF - 234,AL,2BR;A Vw;C Loc;B Sz,2,2,100%
3/31/2026,South Kentucky,Shelbyville SF - 234,AL,Studio Dlx;A Vw;A Loc;B Sz,2,2,100%
3/31/2026,South Kentucky,Shelbyville SF - 234,AL,Studio Dlx;A Vw;C Loc;B Sz,3.8,4,95%
3/31/2026,South Kentucky,Shelbyville SF - 234,AL,Studio Dlx;C Vw;A Loc;B Sz,2,2,100%
3/31/2026,South Kentucky,Shelbyville SF - 234,AL,Studio Dlx;C Vw;C Loc;B Sz,4,4,100%
3/31/2026,South Kentucky,Shelbyville SF - 234,AL,Studio;A Vw;A Loc;B Sz,4,4,100%
3/31/2026,South Kentucky,Shelbyville SF - 234,AL,Studio;A Vw;B Loc;B Sz,3,3,100%
3/31/2026,South Kentucky,Shelbyville SF - 234,AL,Studio;A Vw;C Loc;B Sz,3,3,100%
3/31/2026,South Kentucky,Shelbyville SF - 234,AL,Studio;C Vw;A Loc;B Sz,8,8,100%
3/31/2026,South Kentucky,Shelbyville SF - 234,AL,Studio;C Vw;B Loc;B Sz,5.6,6,94%
3/31/2026,South Kentucky,Shelbyville SF - 234,AL,Studio;C Vw;C Loc;B Sz,5,5,100%
3/31/2026,South Kentucky,Shelbyville SF - 234,AL/MC,MC-2BR;A Vw;C Loc;B Sz,2,2,100%
3/31/2026,South Kentucky,Shelbyville SF - 234,AL/MC,MC-Studio;A Vw;A Loc;B Sz,3,3,100%
3/31/2026,South Kentucky,Shelbyville SF - 234,AL/MC,MC-Studio;A Vw;B Loc;B Sz,1,1,100%
3/31/2026,South Kentucky,Shelbyville SF - 234,AL/MC,MC-Studio;C Vw;A Loc;B Sz,3.8,4,95%
3/31/2026,South Kentucky,Shelbyville SF - 234,AL/MC,MC-Studio;C Vw;B Loc;B Sz,4.9,5,99%
3/31/2026,South Kentucky,Shelbyville SF - 234,AL/MC,MC-Studio;C Vw;C Loc;B Sz,8,8,100%
3/31/2026,South Kentucky,Winchester - 232,AL,1BR;B Vw;A Loc;B Sz,7.6,8,96%
3/31/2026,South Kentucky,Winchester - 232,AL,1BR;B Vw;C Loc;B Sz,4.8,5,96%
3/31/2026,South Kentucky,Winchester - 232,AL,2BR;B Vw;A Loc;B Sz,1,1,100%
3/31/2026,South Kentucky,Winchester - 232,AL,2BR;B Vw;C Loc;B Sz,1,1,100%
3/31/2026,South Kentucky,Winchester - 232,AL,Studio Dlx;B Vw;A Loc;B Sz,4,4,100%
3/31/2026,South Kentucky,Winchester - 232,AL,Studio Dlx;B Vw;C Loc;B Sz,8,8,100%
3/31/2026,South Kentucky,Winchester - 232,AL,Studio;B Vw;A Loc;B Sz,13,15,87%
3/31/2026,South Kentucky,Winchester - 232,AL,Studio;B Vw;C Loc;B Sz,12,14,86%
3/31/2026,South Kentucky,Winchester - 232,AL/MC,MC-2BR,1.4,2,68%
3/31/2026,South Kentucky,Winchester - 232,AL/MC,MC-Studio,18.8,21,90%
3/31/2026,Southeast Indiana,Batesville - 120,AL,Companion,3.5,4,100%
3/31/2026,Southeast Indiana,Batesville - 120,AL,Studio - Double,10,10,100%
3/31/2026,Southeast Indiana,Batesville - 120,AL,Studio - Private,8,8,100%
3/31/2026,Southeast Indiana,Batesville - 120,AL,Studio - Private Deluxe,1,1,100%
3/31/2026,Southeast Indiana,Batesville - 120,AL/MC,Legacy Lane - Companion,2,2,100%
3/31/2026,Southeast Indiana,Batesville - 120,AL/MC,Legacy Lane - Private,8.1,8,100%
3/31/2026,Southeast Indiana,Batesville - 120,AL/MC,Legacy Lane - Studio Double,2,2,100%
3/31/2026,Southeast Indiana,Batesville - 120,HC,Companion,48.6,50,97%
3/31/2026,Southeast Indiana,Batesville - 120,HC,Private,9.7,11,89%
3/31/2026,Southeast Indiana,Bedford - 115,AL,Companion,4,4,100%
3/31/2026,Southeast Indiana,Bedford - 115,AL,Studio - Companion,9.8,10,98%
3/31/2026,Southeast Indiana,Bedford - 115,AL,Studio - Private,8,8,100%
3/31/2026,Southeast Indiana,Bedford - 115,AL/MC,Legacy Lane - Companion,2.3,3,76%
3/31/2026,Southeast Indiana,Bedford - 115,AL/MC,Legacy Lane - Private,8,8,100%
3/31/2026,Southeast Indiana,Bedford - 115,HC,Companion,40.1,42,96%
3/31/2026,Southeast Indiana,Bedford - 115,HC,HC Private Deluxe New,2.9,4,73%
3/31/2026,Southeast Indiana,Bedford - 115,HC,HC Private New,5.2,7,75%
3/31/2026,Southeast Indiana,Bedford - 115,HC,Private,11.2,15,75%
3/31/2026,Southeast Indiana,Bloomington HS - 5149,AL,Companion,7,7,100%
3/31/2026,Southeast Indiana,Bloomington HS - 5149,AL,Studio - Private,20.3,22,92%
3/31/2026,Southeast Indiana,Bloomington HS - 5149,AL,Studio - Private A Loc,2.6,3,86%
3/31/2026,Southeast Indiana,Bloomington HS - 5149,AL,Studio - Private Deluxe,2,2,100%
3/31/2026,Southeast Indiana,Bloomington HS - 5149,AL/MC,Legacy Bldng - Companion,5,5,100%
3/31/2026,Southeast Indiana,Bloomington HS - 5149,AL/MC,Legacy Bldng - Private,17,20,85%
3/31/2026,Southeast Indiana,Bloomington HS - 5149,AL/MC,Legacy Bldng - Private Deluxe,4,4,100%
3/31/2026,Southeast Indiana,Bloomington HS - 5149,HC,Companion,26,30,87%
3/31/2026,Southeast Indiana,Bloomington HS - 5149,HC,Companion Deluxe,2.9,4,73%
3/31/2026,Southeast Indiana,Bloomington HS - 5149,HC,Private,28.5,30,95%
3/31/2026,Southeast Indiana,Bloomington HS - 5149,HC,TCU - Companion,0,0,0%
3/31/2026,Southeast Indiana,Bloomington HS - 5149,HC,TCU - Private,0,0,0%
3/31/2026,Southeast Indiana,Bloomington SC - 5164,AL,One BR Apt Deluxe-Double,3,3,100%
3/31/2026,Southeast Indiana,Bloomington SC - 5164,AL,One BR Apt Deluxe-Single,4,4,100%
3/31/2026,Southeast Indiana,Bloomington SC - 5164,AL,One BR Apt-Double,7,7,100%
3/31/2026,Southeast Indiana,Bloomington SC - 5164,AL,One BR Apt-Single,1,1,100%
3/31/2026,Southeast Indiana,Bloomington SC - 5164,AL,Studio - Private,4,4,100%
3/31/2026,Southeast Indiana,Bloomington SC - 5164,AL,Studio - Private Deluxe-Double,4,4,100%
3/31/2026,Southeast Indiana,Bloomington SC - 5164,AL/MC,LL - Compan;A Vw;A Loc;B Sz,1,1,100%
3/31/2026,Southeast Indiana,Bloomington SC - 5164,AL/MC,LL - Studio;A Vw;A Loc;A Sz,2.8,4,71%
3/31/2026,Southeast Indiana,Bloomington SC - 5164,AL/MC,LL - Studio;A Vw;A Loc;B Sz,2,2,100%
3/31/2026,Southeast Indiana,Bloomington SC - 5164,AL/MC,LL - Studio;A Vw;B Loc;B Sz,2,2,100%
3/31/2026,Southeast Indiana,Bloomington SC - 5164,AL/MC,LL - Studio;B Vw;A Loc;B Sz,2,2,100%
3/31/2026,Southeast Indiana,Bloomington SC - 5164,AL/MC,LL - Studio;B Vw;B Loc;B Sz,1,1,100%
3/31/2026,Southeast Indiana,Bloomington SC - 5164,AL/MC,LL - Studio;C Vw;A Loc;B Sz,1,1,100%
3/31/2026,Southeast Indiana,Bloomington SC - 5164,HC,Companion,5,5,100%
3/31/2026,Southeast Indiana,Bloomington SC - 5164,HC,Private,44.8,46,97%
3/31/2026,Southeast Indiana,Bloomington SC - 5164,HC,TCU - Companion,2,2,100%
3/31/2026,Southeast Indiana,Bloomington SC - 5164,HC,TCU - Private,1,1,100%
3/31/2026,Southeast Indiana,Columbus - 107,AL,Companion,4,4,100%
3/31/2026,Southeast Indiana,Columbus - 107,AL,Studio - Companion,8,10,80%
3/31/2026,Southeast Indiana,Columbus - 107,AL,Studio - Private,6.1,8,77%
3/31/2026,Southeast Indiana,Columbus - 107,AL/MC,Legacy Lane - Companion,1,1,100%
3/31/2026,Southeast Indiana,Columbus - 107,AL/MC,Legacy Lane - Private,9.1,10,91%
3/31/2026,Southeast Indiana,Columbus - 107,HC,Companion,31.1,36,86%
3/31/2026,Southeast Indiana,Columbus - 107,HC,Private,27.3,32,85%
3/31/2026,Southeast Indiana,Greensburg - 150,AL,Companion,4,4,100%
3/31/2026,Southeast Indiana,Greensburg - 150,AL,Studio - Double,9.6,10,96%
3/31/2026,Southeast Indiana,Greensburg - 150,AL,Studio - Private,6.6,8,82%
3/31/2026,Southeast Indiana,Greensburg - 150,AL/MC,Legacy Lane - Companion,2,2,100%
3/31/2026,Southeast Indiana,Greensburg - 150,AL/MC,Legacy Lane - Private,7.2,9,80%
3/31/2026,Southeast Indiana,Greensburg - 150,HC,Companion,32.7,34,96%
3/31/2026,Southeast Indiana,Greensburg - 150,HC,Private,13.1,30,44%
3/31/2026,Southeast Indiana,Hanover - 116,AL,Companion,0,0,0%
3/31/2026,Southeast Indiana,Hanover - 116,AL,One BR Apt-Double,4,4,100%
3/31/2026,Southeast Indiana,Hanover - 116,AL,Studio - Private,0,0,0%
3/31/2026,Southeast Indiana,Hanover - 116,AL,Studio;B Vw;B Loc;A Sz,6,6,100%
3/31/2026,Southeast Indiana,Hanover - 116,AL,Studio;B Vw;B Loc;B Sz,3,3,100%
3/31/2026,Southeast Indiana,Hanover - 116,AL,Studio;B Vw;B Loc;C Sz,8,8,100%
3/31/2026,Southeast Indiana,Hanover - 116,AL,Studio;End of Hall,3,3,100%
3/31/2026,Southeast Indiana,Hanover - 116,HC,Companion,27.5,32,86%
3/31/2026,Southeast Indiana,Hanover - 116,HC,Private,3.7,4,92%
3/31/2026,Southeast Indiana,Hanover - 116,HC/MC,Legacy Lane - Companion,17,18,94%
3/31/2026,Southeast Indiana,Hanover - 116,HC/MC,Legacy Lane - Private,1,1,100%
3/31/2026,Southeast Indiana,Lawrenceburg - 143,AL,Companion,4,4,100%
3/31/2026,Southeast Indiana,Lawrenceburg - 143,AL,Companion - Single,1,1,100%
3/31/2026,Southeast Indiana,Lawrenceburg - 143,AL,Studio - Double,1,1,100%
3/31/2026,Southeast Indiana,Lawrenceburg - 143,AL,Studio - Private,27.2,28,97%
3/31/2026,Southeast Indiana,Lawrenceburg - 143,AL/MC,Legacy Bldng - Companion,0.9,1,90%
3/31/2026,Southeast Indiana,Lawrenceburg - 143,AL/MC,Legacy Bldng - Private,19.4,20,97%
3/31/2026,Southeast Indiana,Lawrenceburg - 143,HC,Companion,21.8,24,91%
3/31/2026,Southeast Indiana,Lawrenceburg - 143,HC,Private,36.1,37,98%
3/31/2026,Southeast Indiana,Lawrenceburg - 143,HC/MC,Legacy Lane - Companion,3.5,4,89%
3/31/2026,Southeast Indiana,Lawrenceburg - 143,HC/MC,Legacy Lane - Private,6,6,100%
3/31/2026,Southeast Indiana,Madison - 2157,AL,Companion,4,4,100%
3/31/2026,Southeast Indiana,Madison - 2157,AL,Studio - Private,22.6,24,94%
3/31/2026,Southeast Indiana,Madison - 2157,HC,Companion,15.8,18,88%
3/31/2026,Southeast Indiana,Madison - 2157,HC,Private,16.8,21,80%
3/31/2026,Southeast Indiana,Madison - 2157,HC,TCU - Private,9.2,11,84%
3/31/2026,Southeast Indiana,Madison - 2157,SL,1BR; 1st Fl; A Vw; 626 SqFt,1,1,100%
3/31/2026,Southeast Indiana,Madison - 2157,SL,1BR; 1st Fl; B Vw; 764 SqFt,1,1,100%
3/31/2026,Southeast Indiana,Madison - 2157,SL,1BR; 1st Fl; B Vw; 837 SqFt,1,1,100%
3/31/2026,Southeast Indiana,Madison - 2157,SL,1BR; 1st Fl; C Vw; 738 SqFt,0,1,0%
3/31/2026,Southeast Indiana,Madison - 2157,SL,1BR; 1st Fl; C Vw; 778 SqFt,1,1,100%
3/31/2026,Southeast Indiana,Madison - 2157,SL,1BR; 4th Fl; A Vw; 467 SqFt,1,1,100%
3/31/2026,Southeast Indiana,Madison - 2157,SL,1BR; 4th Fl; B Vw; 486 SqFt,1,1,100%
3/31/2026,Southeast Indiana,Madison - 2157,SL,1BR; 4th Fl; B Vw; 494 SqFt,1,1,100%
3/31/2026,Southeast Indiana,Madison - 2157,SL,1BR; 4th Fl; B Vw; 497 SqFt,1,1,100%
3/31/2026,Southeast Indiana,Madison - 2157,SL,1BR; 4th Fl; C Vw; 512 SqFt,1,1,100%
3/31/2026,Southeast Indiana,Madison - 2157,SL,1BR; 4th Fl; C Vw; 513 SqFt,0.6,1,65%
3/31/2026,Southeast Indiana,Madison - 2157,SL,1BR; 4th Fl; C Vw; 523 SqFt,1,1,100%
3/31/2026,Southeast Indiana,Madison - 2157,SL,1BR; 4th Fl; C Vw; 532 SqFt,1,1,100%
3/31/2026,Southeast Indiana,Madison - 2157,SL,1BR; 4th Fl; C Vw; 567 SqFt,1,1,100%
3/31/2026,Southeast Indiana,Madison - 2157,SL,2BR; 1st Fl; A Vw; 980 SqFt,1,1,100%
3/31/2026,Southeast Indiana,Madison - 2157,SL,2BR; 4th Fl; A Vw; 729 SqFt,0,1,0%
3/31/2026,Southeast Indiana,Madison - 2157,SL,2BR; 4th Fl; A Vw; 734 SqFt,1,1,100%
3/31/2026,Southeast Indiana,Madison - 2157,SL,2BR; 4th Fl; A Vw; 756 SqFt,1,1,100%
3/31/2026,Southeast Indiana,Madison - 2157,SL,2BR; 4th Fl; A Vw; 924 SqFt,1,1,100%
3/31/2026,Southeast Indiana,Madison - 2157,SL,2BR; 4th Fl; B Vw; 929 SqFt,1,1,100%
3/31/2026,Southeast Indiana,Madison - 2157,SL,2BR; 4th Fl; C Vw; 737 SqFt,1,1,100%
3/31/2026,Southeast Indiana,Madison - 2157,SL,2BR; 4th Fl; C Vw; 791 SqFt,1,1,100%
3/31/2026,Southeast Indiana,Madison - 2157,SL,Studio; 1st Fl; B Vw; 403 SqFt,0.3,1,26%
3/31/2026,Southeast Indiana,Madison - 2157,SL,Studio; 1st Fl; C Vw; 454 SqFt,1,1,100%
3/31/2026,Southeast Indiana,Scottsburg - 121,AL,Companion,0,0,0%
3/31/2026,Southeast Indiana,Scottsburg - 121,AL,Studio - Private,17,18,94%
3/31/2026,Southeast Indiana,Scottsburg - 121,AL,Studio - Private Deluxe,4,4,100%
3/31/2026,Southeast Indiana,Scottsburg - 121,HC,Companion,41.7,44,95%
3/31/2026,Southeast Indiana,Scottsburg - 121,HC,Private,19.8,27,73%
3/31/2026,Southeast Indiana,Seymour - 109,AL,Companion,4,4,100%
3/31/2026,Southeast Indiana,Seymour - 109,AL,Studio - Private,16.9,18,94%
3/31/2026,Southeast Indiana,Seymour - 109,AL/MC,Legacy Lane - Private,2,3,68%
3/31/2026,Southeast Indiana,Seymour - 109,HC,Companion,28.9,44,66%
3/31/2026,Southeast Indiana,Seymour - 109,HC,Private,2,2,100%
3/31/2026,Southeast Indiana,Seymour - 109,HC,TCU - Private,9.1,12,76%
3/31/2026,Southeast Indiana,Seymour - 109,HC/MC,Legacy Lane - Companion,4,4,100%
3/31/2026,Southeast Indiana,Seymour - 109,HC/MC,Legacy Lane - Private,6,6,100%
3/31/2026,Southeast Indiana,Shelbyville - 118,AL,Companion,4.3,5,86%
3/31/2026,Southeast Indiana,Shelbyville - 118,AL,Studio - Private,17,17,100%
3/31/2026,Southeast Indiana,Shelbyville - 118,AL/MC,Legacy Lane - Companion,2,2,100%
3/31/2026,Southeast Indiana,Shelbyville - 118,AL/MC,Legacy Lane - Private,7.7,8,97%
3/31/2026,Southeast Indiana,Shelbyville - 118,AL/MC,Legacy Lane - Studio Dlx,1,1,100%
3/31/2026,Southeast Indiana,Shelbyville - 118,HC,Companion,52.9,55,96%
3/31/2026,Southeast Indiana,Shelbyville - 118,HC,Private,4.7,5,94%
3/31/2026,Southeast Indiana,Shelbyville - 118,VIL,Independent Living - Villa,16,19,84%
3/31/2026,Southeast Ohio,Delphos - 407,AL,Compan;A Vw;A Loc;B Sz,1.9,2,95%
3/31/2026,Southeast Ohio,Delphos - 407,AL,Compan;A Vw;C Loc;B Sz,2,2,100%
3/31/2026,Southeast Ohio,Delphos - 407,AL,Compan;B Vw;C Loc;B Sz,1.3,2,65%
3/31/2026,Southeast Ohio,Delphos - 407,AL,Compan;C Vw;A Loc;B Sz,1,1,100%
3/31/2026,Southeast Ohio,Delphos - 407,AL,Studio;A Vw;A Loc;B Sz,3,3,100%
3/31/2026,Southeast Ohio,Delphos - 407,AL,Studio;A Vw;C Loc;B Sz,8.5,9,95%
3/31/2026,Southeast Ohio,Delphos - 407,AL,Studio;A Vw;C Loc;C Sz,1,1,100%
3/31/2026,Southeast Ohio,Delphos - 407,AL,Studio;B Vw;A Loc;B Sz,3.7,4,94%
3/31/2026,Southeast Ohio,Delphos - 407,AL,Studio;B Vw;C Loc;B Sz,3.8,5,76%
3/31/2026,Southeast Ohio,Delphos - 407,AL,Studio;B Vw;C Loc;C Sz,1,1,100%
3/31/2026,Southeast Ohio,Delphos - 407,AL,Studio;C Vw;C Loc;B Sz,3.9,4,98%
3/31/2026,Southeast Ohio,Delphos - 407,HC,Compan;A Vw;C Loc;B Sz,2.3,4,56%
3/31/2026,Southeast Ohio,Delphos - 407,HC,Compan;C Vw;A Loc;B Sz,2.2,4,55%
3/31/2026,Southeast Ohio,Delphos - 407,HC,Compan;C Vw;C Loc;B Sz,7,8,88%
3/31/2026,Southeast Ohio,Delphos - 407,HC,Companion,0,0,0%
3/31/2026,Southeast Ohio,Delphos - 407,HC,Private,0,0,0%
3/31/2026,Southeast Ohio,Delphos - 407,HC,Stu Dlx;A Vw;A Loc;B Sz,1,1,100%
3/31/2026,Southeast Ohio,Delphos - 407,HC,Stu Dlx;A Vw;C Loc;B Sz,1,1,100%
3/31/2026,Southeast Ohio,Delphos - 407,HC,Stu Dlx;C Vw;A Loc;B Sz,0.6,1,61%
3/31/2026,Southeast Ohio,Delphos - 407,HC,Stu Dlx;C Vw;C Loc;B Sz,1,1,100%
3/31/2026,Southeast Ohio,Delphos - 407,HC,Studio;A Vw;A Loc;B Sz,3,3,100%
3/31/2026,Southeast Ohio,Delphos - 407,HC,Studio;A Vw;C Loc;B Sz,6,6,100%
3/31/2026,Southeast Ohio,Delphos - 407,HC,Studio;C Vw;A Loc;B Sz,2.3,3,76%
3/31/2026,Southeast Ohio,Delphos - 407,HC,Studio;C Vw;C Loc;B Sz,16.5,22,75%
3/31/2026,Southeast Ohio,Gahanna - 436,AL,Compan;A Vw;C Loc;A Sz,2,2,100%
3/31/2026,Southeast Ohio,Gahanna - 436,AL,Compan;B Vw;C Loc;B Sz,1.8,2,89%
3/31/2026,Southeast Ohio,Gahanna - 436,AL,Studio;A Vw;A Loc;B Sz,2.7,3,91%
3/31/2026,Southeast Ohio,Gahanna - 436,AL,Studio;A Vw;B Loc;B Sz,2,2,100%
3/31/2026,Southeast Ohio,Gahanna - 436,AL,Studio;A Vw;C Loc;B Sz,4,4,100%
3/31/2026,Southeast Ohio,Gahanna - 436,AL,Studio;B Vw;C Loc;B Sz,3.5,4,86%
3/31/2026,Southeast Ohio,Gahanna - 436,AL,Studio;C Vw;B Loc;B Sz,1.6,2,79%
3/31/2026,Southeast Ohio,Gahanna - 436,AL/MC,MC-Compan;A Vw;B Loc;B Sz,1,1,100%
3/31/2026,Southeast Ohio,Gahanna - 436,AL/MC,MC-Compan;A Vw;C Loc;B Sz,1,1,100%
3/31/2026,Southeast Ohio,Gahanna - 436,AL/MC,MC-Compan;C Vw;C Loc;B Sz,1,1,100%
3/31/2026,Southeast Ohio,Gahanna - 436,AL/MC,MC-Studio;A Vw;A Loc;B Sz,1,2,50%
3/31/2026,Southeast Ohio,Gahanna - 436,AL/MC,MC-Studio;A Vw;C Loc;B Sz,4.5,5,91%
3/31/2026,Southeast Ohio,Gahanna - 436,AL/MC,MC-Studio;B Vw;C Loc;B Sz,0,1,0%
3/31/2026,Southeast Ohio,Gahanna - 436,AL/MC,MC-Studio;C Vw;C Loc;B Sz,2.5,4,64%
3/31/2026,Southeast Ohio,Gahanna - 436,HC,Compan;A Vw;B Loc;B Sz,1.6,2,81%
3/31/2026,Southeast Ohio,Gahanna - 436,HC,Compan;A Vw;C Loc;B Sz,5.3,6,88%
3/31/2026,Southeast Ohio,Gahanna - 436,HC,Compan;C Vw;B Loc;B Sz,5.6,6,94%
3/31/2026,Southeast Ohio,Gahanna - 436,HC,Compan;C Vw;C Loc;B Sz,9,10,90%
3/31/2026,Southeast Ohio,Gahanna - 436,HC,Studio;A Vw;A Loc;B Sz,2.8,3,94%
3/31/2026,Southeast Ohio,Gahanna - 436,HC,Studio;A Vw;B Loc;B Sz,1,1,97%
3/31/2026,Southeast Ohio,Gahanna - 436,HC,Studio;A Vw;C Loc;B Sz,4.5,5,89%
3/31/2026,Southeast Ohio,Gahanna - 436,HC,Studio;C Vw;A Loc;B Sz,2.9,3,98%
3/31/2026,Southeast Ohio,Gahanna - 436,HC,Studio;C Vw;B Loc;B Sz,2.9,3,96%
3/31/2026,Southeast Ohio,Gahanna - 436,HC,Studio;C Vw;C Loc;B Sz,18,19,95%
3/31/2026,Southeast Ohio,Gahanna - 436,SL,1BR;A Vw;B Loc;A Sz,0,1,0%
3/31/2026,Southeast Ohio,Gahanna - 436,SL,1BR;A Vw;B Loc;B Sz,0,1,0%
3/31/2026,Southeast Ohio,Gahanna - 436,SL,1BR;A Vw;C Loc;B Sz,1,3,33%
3/31/2026,Southeast Ohio,Gahanna - 436,SL,1BR;B Vw;A Loc;A Sz,2,2,100%
3/31/2026,Southeast Ohio,Gahanna - 436,SL,1BR;B Vw;A Loc;B Sz,1,1,100%
3/31/2026,Southeast Ohio,Gahanna - 436,SL,1BR;B Vw;B Loc;A Sz,1,2,50%
3/31/2026,Southeast Ohio,Gahanna - 436,SL,1BR;B Vw;C Loc;B Sz,4.1,7,59%
3/31/2026,Southeast Ohio,Gahanna - 436,SL,1BR;C Vw;B Loc;C Sz,1,1,100%
3/31/2026,Southeast Ohio,Gahanna - 436,SL,Studio;A Vw;C Loc;A Sz,1.6,2,82%
3/31/2026,Southeast Ohio,Gahanna - 436,SL,Studio;B Vw;C Loc;B Sz,1.1,2,55%
3/31/2026,Southeast Ohio,Hilliard - 437,AL,Compan;A Vw;C Loc;A Sz,2,2,100%
3/31/2026,Southeast Ohio,Hilliard - 437,AL,Compan;B Vw;C Loc;B Sz,1,1,100%
3/31/2026,Southeast Ohio,Hilliard - 437,AL,Compan;C Vw;C Loc;B Sz,1,1,100%
3/31/2026,Southeast Ohio,Hilliard - 437,AL,Studio;A Vw;A Loc;B Sz,3,3,100%
3/31/2026,Southeast Ohio,Hilliard - 437,AL,Studio;A Vw;B Loc;B Sz,1,1,100%
3/31/2026,Southeast Ohio,Hilliard - 437,AL,Studio;A Vw;C Loc;B Sz,9,9,100%
3/31/2026,Southeast Ohio,Hilliard - 437,AL,Studio;C Vw;B Loc;B Sz,1,1,100%
3/31/2026,Southeast Ohio,Hilliard - 437,AL,Studio;C Vw;C Loc;B Sz,1,1,100%
3/31/2026,Southeast Ohio,Hilliard - 437,AL/MC,MC-Compan;A Vw;A Loc;B Sz,1,1,100%
3/31/2026,Southeast Ohio,Hilliard - 437,AL/MC,MC-Compan;A Vw;B Loc;B Sz,1,1,100%
3/31/2026,Southeast Ohio,Hilliard - 437,AL/MC,MC-Compan;C Vw;B Loc;A Sz,0,1,0%
3/31/2026,Southeast Ohio,Hilliard - 437,AL/MC,MC-Studio;A Vw;A Loc;B Sz,2,2,100%
3/31/2026,Southeast Ohio,Hilliard - 437,AL/MC,MC-Studio;A Vw;C Loc;B Sz,5,5,100%
3/31/2026,Southeast Ohio,Hilliard - 437,AL/MC,MC-Studio;B Vw;C Loc;B Sz,2,2,100%
3/31/2026,Southeast Ohio,Hilliard - 437,AL/MC,MC-Studio;C Vw;C Loc;B Sz,3,3,99%
3/31/2026,Southeast Ohio,Hilliard - 437,HC,Compan;C Vw;A Loc;B Sz,7.6,8,96%
3/31/2026,Southeast Ohio,Hilliard - 437,HC,Compan;C Vw;B Loc;B Sz,4,4,100%
3/31/2026,Southeast Ohio,Hilliard - 437,HC,Compan;C Vw;C Loc;B Sz,7.6,8,95%
3/31/2026,Southeast Ohio,Hilliard - 437,HC,Studio Dlx;A Vw;A Loc;C Sz,1,1,100%
3/31/2026,Southeast Ohio,Hilliard - 437,HC,Studio;A Vw;B Loc;B Sz,2.9,3,96%
3/31/2026,Southeast Ohio,Hilliard - 437,HC,Studio;A Vw;C Loc;B Sz,9.3,10,93%
3/31/2026,Southeast Ohio,Hilliard - 437,HC,Studio;B Vw;C Loc;B Sz,1.9,2,97%
3/31/2026,Southeast Ohio,Hilliard - 437,HC,Studio;C Vw;A Loc;B Sz,2.9,3,98%
3/31/2026,Southeast Ohio,Hilliard - 437,HC,Studio;C Vw;B Loc;B Sz,0.8,1,84%
3/31/2026,Southeast Ohio,Hilliard - 437,HC,Studio;C Vw;C Loc;B Sz,13.5,14,96%
3/31/2026,Southeast Ohio,Hilliard - 437,SL,1BR;A Vw;B Loc;A Sz,1,1,100%
3/31/2026,Southeast Ohio,Hilliard - 437,SL,1BR;A Vw;B Loc;B Sz,1,1,100%
3/31/2026,Southeast Ohio,Hilliard - 437,SL,1BR;A Vw;C Loc;A Sz,1,1,100%
3/31/2026,Southeast Ohio,Hilliard - 437,SL,1BR;A Vw;C Loc;B Sz,6,8,75%
3/31/2026,Southeast Ohio,Hilliard - 437,SL,1BR;B Vw;C Loc;B Sz,1,1,100%
3/31/2026,Southeast Ohio,Hilliard - 437,SL,1BR;C Vw;A Loc;B Sz,3,3,100%
3/31/2026,Southeast Ohio,Hilliard - 437,SL,1BR;C Vw;B Loc;A Sz,1,1,100%
3/31/2026,Southeast Ohio,Hilliard - 437,SL,1BR;C Vw;C Loc;A Sz,0,1,0%
3/31/2026,Southeast Ohio,Hilliard - 437,SL,1BR;C Vw;C Loc;B Sz,0,2,0%
3/31/2026,Southeast Ohio,Hilliard - 437,SL,1BR;C Vw;C Loc;C Sz,1,1,100%
3/31/2026,Southeast Ohio,Hilliard - 437,SL,Studio;A Vw;C Loc;A Sz,2,2,100%
3/31/2026,Southeast Ohio,Hilliard - 437,SL,Studio;B Vw;C Loc;B Sz,1,1,100%
3/31/2026,Southeast Ohio,Hilliard - 437,SL,Studio;C Vw;C Loc;B Sz,0,1,0%
3/31/2026,Southeast Ohio,Lancaster - 445,AL,2 FL 1BR;C Vw;B Loc;B Sz,1,1,100%
3/31/2026,Southeast Ohio,Lancaster - 445,AL,2 FL Studio;B Vw;B Loc;B Sz,1,1,100%
3/31/2026,Southeast Ohio,Lancaster - 445,AL,Compan;B Vw;B Loc;B Sz,4,4,100%
3/31/2026,Southeast Ohio,Lancaster - 445,AL,Studio Double;B Vw;A Loc;B Sz,4.8,7,68%
3/31/2026,Southeast Ohio,Lancaster - 445,AL,Studio Double;B Vw;B Loc;B Sz,6.7,8,84%
3/31/2026,Southeast Ohio,Lancaster - 445,AL/MC,MC-Compan;B Vw;B Loc;B Sz,2,3,66%
3/31/2026,Southeast Ohio,Lancaster - 445,AL/MC,MC-Studio Double;B Vw;B Loc;B Sz,12,12,100%
3/31/2026,Southeast Ohio,Lancaster - 445,HC,Compan;B Vw;B Loc;B Sz,15,20,75%
3/31/2026,Southeast Ohio,Lancaster - 445,HC,Studio Dlx;B Vw;A Loc;A Sz,0.9,1,90%
3/31/2026,Southeast Ohio,Lancaster - 445,HC,Studio;B Vw;A Loc;B Sz,5.8,7,83%
3/31/2026,Southeast Ohio,Lancaster - 445,HC,Studio;B Vw;B Loc;B Sz,20.7,24,86%
3/31/2026,Southeast Ohio,Lancaster - 445,SL,2 FL 1BR;B Vw;B Loc;A Sz,3,3,100%
3/31/2026,Southeast Ohio,Lancaster - 445,SL,2 FL 1BR;B Vw;B Loc;B Sz,12.9,13,99%
3/31/2026,Southeast Ohio,Lancaster - 445,SL,2 FL 1BR;C Vw;B Loc;B Sz,1,1,100%
3/31/2026,Southeast Ohio,Lancaster - 445,SL,2 FL 1BR;C Vw;B Loc;C Sz,0.1,1,13%
3/31/2026,Southeast Ohio,Lancaster - 445,SL,2 FL 2BR;B Vw;B Loc;B Sz,1,1,100%
3/31/2026,Southeast Ohio,Lancaster - 445,SL,2 FL Studio;B Vw;B Loc;B Sz,4,4,100%
3/31/2026,Southeast Ohio,Lima - 410,HC,Companion,26.2,28,93%
3/31/2026,Southeast Ohio,Lima - 410,HC,Private,9.2,10,92%
3/31/2026,Southeast Ohio,Lima - 410,HC,TCU - Companion,0,0,0%
3/31/2026,Southeast Ohio,Lima - 410,HC,TCU - Private,8.3,10,83%
3/31/2026,Southeast Ohio,Lima - 410,HC/MC,MC - Companion,13.8,14,98%
3/31/2026,Southeast Ohio,Lima SL - 433,AL,Compan;A Vw;C Loc;B Sz,2,2,100%
3/31/2026,Southeast Ohio,Lima SL - 433,AL,Compan;B Vw;C Loc;B Sz,2,2,100%
3/31/2026,Southeast Ohio,Lima SL - 433,AL,Studio;A Vw;A Loc;B Sz,3,3,100%
3/31/2026,Southeast Ohio,Lima SL - 433,AL,Studio;A Vw;B Loc;B Sz,1,1,100%
3/31/2026,Southeast Ohio,Lima SL - 433,AL,Studio;A Vw;C Loc;B Sz,5,5,100%
3/31/2026,Southeast Ohio,Lima SL - 433,AL,Studio;B Vw;B Loc;B Sz,1,1,100%
3/31/2026,Southeast Ohio,Lima SL - 433,AL,Studio;B Vw;C Loc;B Sz,5,5,100%
3/31/2026,Southeast Ohio,Lima SL - 433,AL/MC,Legacy-Compan;B Vw;B Loc;B Sz,1.6,2,81%
3/31/2026,Southeast Ohio,Lima SL - 433,AL/MC,Legacy-Compan;C Vw;B Loc;B Sz,1,1,100%
3/31/2026,Southeast Ohio,Lima SL - 433,AL/MC,Legacy-Studio;B Vw;A Loc;B Sz,2,2,100%
3/31/2026,Southeast Ohio,Lima SL - 433,AL/MC,Legacy-Studio;B Vw;C Loc;B Sz,9.6,10,96%
3/31/2026,Southeast Ohio,Lima SL - 433,HC,Compan;A Vw;C Loc;B Sz,4,4,100%
3/31/2026,Southeast Ohio,Lima SL - 433,HC,Compan;C Vw;B Loc;B Sz,5.6,6,93%
3/31/2026,Southeast Ohio,Lima SL - 433,HC,Compan;C Vw;C Loc;B Sz,9.6,10,96%
3/31/2026,Southeast Ohio,Lima SL - 433,HC,Studio Dlx;A Vw;B Loc;B Sz,1,1,100%
3/31/2026,Southeast Ohio,Lima SL - 433,HC,Studio Dlx;A Vw;C Loc;B Sz,0.9,1,90%
3/31/2026,Southeast Ohio,Lima SL - 433,HC,Studio;A Vw;A Loc;B Sz,3,3,100%
3/31/2026,Southeast Ohio,Lima SL - 433,HC,Studio;A Vw;B Loc;B Sz,1,1,100%
3/31/2026,Southeast Ohio,Lima SL - 433,HC,Studio;A Vw;C Loc;B Sz,4.6,5,92%
3/31/2026,Southeast Ohio,Lima SL - 433,HC,Studio;B Vw;C Loc;B Sz,3,3,100%
3/31/2026,Southeast Ohio,Lima SL - 433,HC,Studio;C Vw;A Loc;B Sz,3,3,99%
3/31/2026,Southeast Ohio,Lima SL - 433,HC,Studio;C Vw;B Loc;B Sz,2.9,3,96%
3/31/2026,Southeast Ohio,Lima SL - 433,HC,Studio;C Vw;C Loc;B Sz,14.9,16,93%
3/31/2026,Southeast Ohio,New Albany SM - 438,AL,2 FL 1BR;B Vw;A Loc;A Sz,2,2,100%
3/31/2026,Southeast Ohio,New Albany SM - 438,AL,2 FL 1BR;B Vw;B Loc;A Sz,1,1,100%
3/31/2026,Southeast Ohio,New Albany SM - 438,AL,2 FL 1BR;B Vw;B Loc;B Sz,4,4,100%
3/31/2026,Southeast Ohio,New Albany SM - 438,AL,Compan;A Vw;C Loc;A Sz,2,2,100%
3/31/2026,Southeast Ohio,New Albany SM - 438,AL,Compan;B Vw;C Loc;B Sz,2,2,100%
3/31/2026,Southeast Ohio,New Albany SM - 438,AL,Studio;A Vw;A Loc;B Sz,3,3,100%
3/31/2026,Southeast Ohio,New Albany SM - 438,AL,Studio;A Vw;B Loc;B Sz,2,2,100%
3/31/2026,Southeast Ohio,New Albany SM - 438,AL,Studio;A Vw;C Loc;B Sz,4,4,100%
3/31/2026,Southeast Ohio,New Albany SM - 438,AL,Studio;B Vw;C Loc;B Sz,3.7,4,93%
3/31/2026,Southeast Ohio,New Albany SM - 438,AL,Studio;C Vw;B Loc;B Sz,2,2,100%
3/31/2026,Southeast Ohio,New Albany SM - 438,AL/MC,Legacy-Compan;A Vw;B Loc;B Sz,0,1,0%
3/31/2026,Southeast Ohio,New Albany SM - 438,AL/MC,Legacy-Compan;A Vw;C Loc;B Sz,0.9,1,94%
3/31/2026,Southeast Ohio,New Albany SM - 438,AL/MC,Legacy-Compan;C Vw;C Loc;B Sz,1,1,100%
3/31/2026,Southeast Ohio,New Albany SM - 438,AL/MC,Legacy-Studio;A Vw;A Loc;B Sz,2,2,100%
3/31/2026,Southeast Ohio,New Albany SM - 438,AL/MC,Legacy-Studio;A Vw;C Loc;B Sz,4.7,5,94%
3/31/2026,Southeast Ohio,New Albany SM - 438,AL/MC,Legacy-Studio;B Vw;C Loc;B Sz,1,1,100%
3/31/2026,Southeast Ohio,New Albany SM - 438,AL/MC,Legacy-Studio;C Vw;C Loc;B Sz,4,4,100%
3/31/2026,Southeast Ohio,New Albany SM - 438,HC,Compan;C Vw;B Loc;B Sz,3.9,4,98%
3/31/2026,Southeast Ohio,New Albany SM - 438,HC,Compan;C Vw;C Loc;B Sz,16.2,20,81%
3/31/2026,Southeast Ohio,New Albany SM - 438,HC,Studio Dlx;C Vw;C Loc;B Sz,3.6,4,90%
3/31/2026,Southeast Ohio,New Albany SM - 438,HC,Studio;A Vw;A Loc;B Sz,2.8,3,92%
3/31/2026,Southeast Ohio,New Albany SM - 438,HC,Studio;A Vw;B Loc;B Sz,0.9,1,90%
3/31/2026,Southeast Ohio,New Albany SM - 438,HC,Studio;A Vw;C Loc;B Sz,4.9,5,99%
3/31/2026,Southeast Ohio,New Albany SM - 438,HC,Studio;C Vw;A Loc;B Sz,2.8,3,95%
3/31/2026,Southeast Ohio,New Albany SM - 438,HC,Studio;C Vw;B Loc;B Sz,2.9,3,98%
3/31/2026,Southeast Ohio,New Albany SM - 438,HC,Studio;C Vw;C Loc;B Sz,13.9,15,92%
3/31/2026,Southeast Ohio,New Albany SM - 438,SL,1BR;A Vw;B Loc;A Sz,0.4,1,39%
3/31/2026,Southeast Ohio,New Albany SM - 438,SL,1BR;A Vw;B Loc;B Sz,1,1,100%
3/31/2026,Southeast Ohio,New Albany SM - 438,SL,1BR;A Vw;C Loc;B Sz,3,3,100%
3/31/2026,Southeast Ohio,New Albany SM - 438,SL,1BR;B Vw;A Loc;A Sz,0,0,0%
3/31/2026,Southeast Ohio,New Albany SM - 438,SL,1BR;B Vw;A Loc;B Sz,1,1,100%
3/31/2026,Southeast Ohio,New Albany SM - 438,SL,1BR;B Vw;B Loc;A Sz,0,0,0%
3/31/2026,Southeast Ohio,New Albany SM - 438,SL,1BR;B Vw;C Loc;B Sz,2.4,3,80%
3/31/2026,Southeast Ohio,New Albany SM - 438,SL,1BR;C Vw;B Loc;C Sz,1,1,100%
3/31/2026,Southeast Ohio,New Albany SM - 438,SL,2 FL 1BR;B Vw;A Loc;A Sz,0,0,0%
3/31/2026,Southeast Ohio,New Albany SM - 438,SL,2 FL 1BR;B Vw;B Loc;A Sz,1,1,100%
3/31/2026,Southeast Ohio,New Albany SM - 438,SL,2 FL 1BR;B Vw;B Loc;B Sz,0,0,0%
3/31/2026,Southeast Ohio,New Albany SM - 438,SL,Studio;A Vw;C Loc;A Sz,2,2,100%
3/31/2026,Southeast Ohio,New Albany SM - 438,SL,Studio;B Vw;C Loc;B Sz,2,2,100%
3/31/2026,Southeast Ohio,Pickerington - 421,AL,Compan;B Vw;C Loc;B Sz,3.4,4,85%
3/31/2026,Southeast Ohio,Pickerington - 421,AL,Studio;B Vw;A Loc;B Sz,3.5,4,86%
3/31/2026,Southeast Ohio,Pickerington - 421,AL,Studio;B Vw;B Loc;B Sz,1,1,100%
3/31/2026,Southeast Ohio,Pickerington - 421,AL,Studio;B Vw;C Loc;B Sz,6.3,8,79%
3/31/2026,Southeast Ohio,Pickerington - 421,AL,Studio;C Vw;A Loc;B Sz,0.8,1,77%
3/31/2026,Southeast Ohio,Pickerington - 421,AL,Studio;C Vw;B Loc;B Sz,1,1,100%
3/31/2026,Southeast Ohio,Pickerington - 421,AL/MC,Legacy-Compan;B Vw;B Loc;B Sz,0,0,0%
3/31/2026,Southeast Ohio,Pickerington - 421,AL/MC,Legacy-Compan;B Vw;C Loc;B Sz,2,2,100%
3/31/2026,Southeast Ohio,Pickerington - 421,AL/MC,Legacy-Compan;C Vw;C Loc;B Sz,1,1,100%
3/31/2026,Southeast Ohio,Pickerington - 421,AL/MC,Legacy-Studio;B Vw;A Loc;B Sz,1.7,2,87%
3/31/2026,Southeast Ohio,Pickerington - 421,AL/MC,Legacy-Studio;B Vw;C Loc;B Sz,4.7,7,68%
3/31/2026,Southeast Ohio,Pickerington - 421,AL/MC,Legacy-Studio;C Vw;C Loc;B Sz,3,3,100%
3/31/2026,Southeast Ohio,Pickerington - 421,HC,Compan;C Vw;A Loc;B Sz,3.4,4,84%
3/31/2026,Southeast Ohio,Pickerington - 421,HC,Compan;C Vw;B Loc;B Sz,4,4,100%
3/31/2026,Southeast Ohio,Pickerington - 421,HC,Companion,14,16,88%
3/31/2026,Southeast Ohio,Pickerington - 421,HC,Studio;A Vw;A Loc;B Sz,2.7,3,89%
3/31/2026,Southeast Ohio,Pickerington - 421,HC,Studio;A Vw;B Loc;B Sz,1,1,97%
3/31/2026,Southeast Ohio,Pickerington - 421,HC,Studio;A Vw;C Loc;B Sz,4.6,5,92%
3/31/2026,Southeast Ohio,Pickerington - 421,HC,Studio;B Vw;C Loc;B Sz,1,1,100%
3/31/2026,Southeast Ohio,Pickerington - 421,HC,Studio;C Vw;A Loc;B Sz,2.4,3,80%
3/31/2026,Southeast Ohio,Pickerington - 421,HC,Studio;C Vw;B Loc;B Sz,3,3,99%
3/31/2026,Southeast Ohio,Pickerington - 421,HC,Studio;C Vw;C Loc;B Sz,17.3,18,96%
3/31/2026,Southeast Ohio,Pickerington - 421,SL,1BR Dlx;A Vw;A Loc;B Sz,0,1,0%
3/31/2026,Southeast Ohio,Pickerington - 421,SL,1BR Dlx;A Vw;B Loc;B Sz,1,1,100%
3/31/2026,Southeast Ohio,Pickerington - 421,SL,1BR Dlx;B Vw;A Loc;A Sz,1,1,100%
3/31/2026,Southeast Ohio,Pickerington - 421,SL,1BR Dlx;B Vw;B Loc;A Sz,0,1,0%
3/31/2026,Southeast Ohio,Pickerington - 421,SL,1BR;A Vw;C Loc;B Sz,1,2,50%
3/31/2026,Southeast Ohio,Pickerington - 421,SL,1BR;B Vw;A Loc;A Sz,1,1,100%
3/31/2026,Southeast Ohio,Pickerington - 421,SL,1BR;B Vw;A Loc;B Sz,2,2,100%
3/31/2026,Southeast Ohio,Pickerington - 421,SL,1BR;B Vw;B Loc;B Sz,2,2,100%
3/31/2026,Southeast Ohio,Pickerington - 421,SL,1BR;B Vw;C Loc;B Sz,5,6,83%
3/31/2026,Southeast Ohio,Pickerington - 421,SL,1BR;C Vw;B Loc;C Sz,1,1,100%
3/31/2026,Southeast Ohio,Pickerington - 421,SL,Studio;B Vw;C Loc;A Sz,1,2,50%
3/31/2026,Southeast Ohio,Pickerington - 421,SL,Studio;B Vw;C Loc;B Sz,2,2,100%
3/31/2026,Southeast Ohio,Zanesville OB - 2425,AL,Companion,3,3,100%
3/31/2026,Southeast Ohio,Zanesville OB - 2425,AL,Studio - Private,14,14,100%
3/31/2026,Southeast Ohio,Zanesville OB - 2425,HC,Companion,18.6,20,93%
3/31/2026,Southeast Ohio,Zanesville OB - 2425,HC,Private,32,35,91%
3/31/2026,Southwest Indiana,Boonville - 110,AL,Companion,3.3,4,81%
3/31/2026,Southwest Indiana,Boonville - 110,AL,Studio - Double,9.7,10,97%
3/31/2026,Southwest Indiana,Boonville - 110,AL,Studio - Private,6.6,8,83%
3/31/2026,Southwest Indiana,Boonville - 110,AL/MC,Legacy Lane - Companion,1,2,50%
3/31/2026,Southwest Indiana,Boonville - 110,AL/MC,Legacy Lane - Private,4.4,9,49%
3/31/2026,Southwest Indiana,Boonville - 110,HC,Companion,48.7,56,87%
3/31/2026,Southwest Indiana,Boonville - 110,HC,Private,3.5,4,89%
3/31/2026,Southwest Indiana,Evansville NR - 2186,AL,Companion,4,4,100%
3/31/2026,Southwest Indiana,Evansville NR - 2186,AL,Studio - Private,15,15,100%
3/31/2026,Southwest Indiana,Evansville NR - 2186,AL/MC,Legacy Lane - Companion,3,3,100%
3/31/2026,Southwest Indiana,Evansville NR - 2186,AL/MC,Legacy Lane - Private,8,8,100%
3/31/2026,Southwest Indiana,Evansville NR - 2186,HC,Companion,19.9,24,83%
3/31/2026,Southwest Indiana,Evansville NR - 2186,HC,Private,31.5,34,93%
3/31/2026,Southwest Indiana,Evansville NR - 2186,VIL,Independent Living - Villa 1,20,20,100%
3/31/2026,Southwest Indiana,Evansville NR - 2186,VIL,Independent Living - Villa 2,10,10,100%
3/31/2026,Southwest Indiana,Evansville RP - 111,AL,1BR;A Vw;B Loc;B Sz,4,4,100%
3/31/2026,Southwest Indiana,Evansville RP - 111,AL,Studio - Double;A Vw;B Loc;B Sz,4,4,100%
3/31/2026,Southwest Indiana,Evansville RP - 111,AL,Studio - Double;B Vw;B Loc;B Sz,1,1,100%
3/31/2026,Southwest Indiana,Evansville RP - 111,AL,Studio - Double;C Vw;B Loc;B Sz,5,5,100%
3/31/2026,Southwest Indiana,Evansville RP - 111,AL,Studio;A Vw;B Loc;A Sz,2,2,100%
3/31/2026,Southwest Indiana,Evansville RP - 111,AL,Studio;A Vw;B Loc;B Sz,4,4,100%
3/31/2026,Southwest Indiana,Evansville RP - 111,AL,Studio;A Vw;B Loc;C Sz,8.9,9,99%
3/31/2026,Southwest Indiana,Evansville RP - 111,AL,Studio;B Vw;B Loc;B Sz,2,2,100%
3/31/2026,Southwest Indiana,Evansville RP - 111,AL,Studio;B Vw;B Loc;C Sz,2,2,100%
3/31/2026,Southwest Indiana,Evansville RP - 111,AL,Studio;C Vw;B Loc;A Sz,2,2,100%
3/31/2026,Southwest Indiana,Evansville RP - 111,AL,Studio;C Vw;B Loc;C Sz,7,7,100%
3/31/2026,Southwest Indiana,Evansville RP - 111,HC,Companion,22.4,26,86%
3/31/2026,Southwest Indiana,Evansville RP - 111,HC,Private,31.8,36,88%
3/31/2026,Southwest Indiana,Evansville RP - 111,HC,TCU - Private Deluxe 460 SQ FT,2.4,3,80%
3/31/2026,Southwest Indiana,Evansville WR - 142,AL,Companion,5,5,100%
3/31/2026,Southwest Indiana,Evansville WR - 142,AL,Studio - Double,0,0,0%
3/31/2026,Southwest Indiana,Evansville WR - 142,AL,Studio - Private,27.9,29,96%
3/31/2026,Southwest Indiana,Evansville WR - 142,AL/MC,Legacy Bldng - Companion,2,2,100%
3/31/2026,Southwest Indiana,Evansville WR - 142,AL/MC,Legacy Bldng - Private,24.2,27,90%
3/31/2026,Southwest Indiana,Evansville WR - 142,HC,Companion,12.6,17,74%
3/31/2026,Southwest Indiana,Evansville WR - 142,HC,Private,24.9,28,89%
3/31/2026,Southwest Indiana,Evansville WR - 142,HC/MC,MC - Companion,7.8,10,78%
3/31/2026,Southwest Indiana,Evansville WR - 142,HC/MC,MC - Studio,3.4,4,84%
3/31/2026,Southwest Indiana,Ferdinand - 303,AL,Compan;A Vw;B Loc;A Sz,1,1,100%
3/31/2026,Southwest Indiana,Ferdinand - 303,AL,Compan;A Vw;C Loc;A Sz,1,1,100%
3/31/2026,Southwest Indiana,Ferdinand - 303,AL,Compan;A Vw;C Loc;B Sz,1,1,100%
3/31/2026,Southwest Indiana,Ferdinand - 303,AL,Compan;B Vw;B Loc;B Sz,1,1,100%
3/31/2026,Southwest Indiana,Ferdinand - 303,AL,Studio;A Vw;A Loc;B Sz,0.6,1,61%
3/31/2026,Southwest Indiana,Ferdinand - 303,AL,Studio;A Vw;C Loc;B Sz,6,6,100%
3/31/2026,Southwest Indiana,Ferdinand - 303,AL,Studio;B Vw;A Loc;B Sz,4,4,100%
3/31/2026,Southwest Indiana,Ferdinand - 303,AL,Studio;C Vw;A Loc;B Sz,4,4,100%
3/31/2026,Southwest Indiana,Ferdinand - 303,AL/MC,Legacy Compan;A Vw;A Loc;B Sz,2,2,100%
3/31/2026,Southwest Indiana,Ferdinand - 303,AL/MC,Legacy Studio;A Vw;A Loc;B Sz,4,4,100%
3/31/2026,Southwest Indiana,Ferdinand - 303,AL/MC,Legacy Studio;A Vw;B Loc;B Sz,2,2,100%
3/31/2026,Southwest Indiana,Ferdinand - 303,AL/MC,Legacy Studio;B Vw;A Loc;B Sz,1,1,100%
3/31/2026,Southwest Indiana,Ferdinand - 303,AL/MC,Legacy Studio;B Vw;C Loc;B Sz,6.9,7,99%
3/31/2026,Southwest Indiana,Ferdinand - 303,HC,Compan;A Vw;C Loc;B Sz,4,4,99%
3/31/2026,Southwest Indiana,Ferdinand - 303,HC,Compan;C Vw;A Loc;B Sz,8,8,100%
3/31/2026,Southwest Indiana,Ferdinand - 303,HC,Compan;C Vw;C Loc;B Sz,11.7,12,98%
3/31/2026,Southwest Indiana,Ferdinand - 303,HC,Companion,0,0,0%
3/31/2026,Southwest Indiana,Ferdinand - 303,HC,Private,0,0,0%
3/31/2026,Southwest Indiana,Ferdinand - 303,HC,Studio;A Vw;A Loc;B Sz,3.9,4,98%
3/31/2026,Southwest Indiana,Ferdinand - 303,HC,Studio;A Vw;C Loc;B Sz,6,6,100%
3/31/2026,Southwest Indiana,Ferdinand - 303,HC,Studio;C Vw;A Loc;B Sz,9.5,10,95%
3/31/2026,Southwest Indiana,Ferdinand - 303,HC,Studio;C Vw;C Loc;B Sz,25.4,26,98%
3/31/2026,Southwest Indiana,Ferdinand - 303,HC/MC,Legacy Lane - Companion,0,0,0%
3/31/2026,Southwest Indiana,Ferdinand - 303,HC/MC,Legacy-Compan;A Vw;A Loc;B Sz,2,2,100%
3/31/2026,Southwest Indiana,Ferdinand - 303,HC/MC,Legacy-Compan;A Vw;C Loc;B Sz,5.2,6,87%
3/31/2026,Southwest Indiana,Ferdinand - 303,HC/MC,Legacy-Compan;C Vw;C Loc;B Sz,0,0,0%
3/31/2026,Southwest Indiana,Ferdinand - 303,HC/MC,Legacy-Studio;A Vw;A Loc;B Sz,2,2,100%
3/31/2026,Southwest Indiana,Ferdinand - 303,HC/MC,Legacy-Studio;A Vw;C Loc;B Sz,5,5,99%
3/31/2026,Southwest Indiana,Ferdinand - 303,HC/MC,Legacy-Studio;B Vw;C Loc;B Sz,3,3,100%
3/31/2026,Southwest Indiana,Greencastle - 119,AL,Companion,4,4,100%
3/31/2026,Southwest Indiana,Greencastle - 119,AL,Studio - Double,9.2,10,92%
3/31/2026,Southwest Indiana,Greencastle - 119,AL,Studio - Private,7,8,88%
3/31/2026,Southwest Indiana,Greencastle - 119,AL/MC,Legacy Lane - Companion,2,2,100%
3/31/2026,Southwest Indiana,Greencastle - 119,AL/MC,Legacy Lane - Private,9,9,100%
3/31/2026,Southwest Indiana,Greencastle - 119,HC,Companion,50.8,57,89%
3/31/2026,Southwest Indiana,Greencastle - 119,HC,Private,3.4,4,85%
3/31/2026,Southwest Indiana,Greencastle - 119,HC,Private Deluxe,1,1,100%
3/31/2026,Southwest Indiana,Jasper - 108,AL,Companion,6,6,100%
3/31/2026,Southwest Indiana,Jasper - 108,AL,One Bedroom,1,1,100%
3/31/2026,Southwest Indiana,Jasper - 108,AL,Studio - Private,26.7,27,99%
3/31/2026,Southwest Indiana,Jasper - 108,HC,Companion,45.9,54,85%
3/31/2026,Southwest Indiana,Jasper - 108,HC,Private,4,4,100%
3/31/2026,Southwest Indiana,Jasper - 108,VIL,Independent Living - Villa 1,22.5,24,93%
3/31/2026,Southwest Indiana,Petersburg - 304,AL,Companion,1.4,3,46%
3/31/2026,Southwest Indiana,Petersburg - 304,AL,Studio - Private,11,13,85%
3/31/2026,Southwest Indiana,Petersburg - 304,HC,Companion,42.2,46,92%
3/31/2026,Southwest Indiana,Petersburg - 304,HC,Private,4,9,44%
3/31/2026,Southwest Indiana,Petersburg - 304,HC,TCU - Private,5.6,9,62%
3/31/2026,Southwest Indiana,Princeton - 117,AL,1 Bedroom,1,1,100%
3/31/2026,Southwest Indiana,Princeton - 117,AL,Companion,4.6,6,77%
3/31/2026,Southwest Indiana,Princeton - 117,AL,Studio - Private,27.5,28,98%
3/31/2026,Southwest Indiana,Princeton - 117,HC,Companion,29.1,34,85%
3/31/2026,Southwest Indiana,Princeton - 117,HC,Private,4,4,99%
3/31/2026,Southwest Indiana,Princeton - 117,HC,Private Deluxe,13.4,15,89%
3/31/2026,Southwest Indiana,Princeton - 117,HC,TCU - Companion,3.1,8,39%
3/31/2026,Southwest Indiana,Princeton - 117,HC,TCU - Private,3,7,43%
3/31/2026,Southwest Indiana,Spencer - 101,HC,Companion,0,0,0%
3/31/2026,Southwest Indiana,Spencer - 101,HC,Private,0,0,0%
3/31/2026,Southwest Indiana,Spencer - 101,HC,TCU - Companion,0,0,0%
3/31/2026,Southwest Indiana,Spencer - 101,HC,TCU - Private,0,0,0%
3/31/2026,Southwest Indiana,Spencer - 101,HC/MC,Legacy Lane - Companion,0,0,0%
3/31/2026,Southwest Indiana,Spencer - 101,HC/MC,Legacy Lane - Private,0,0,0%
3/31/2026,Southwest Indiana,Tell City - 103,AL,Companion,4,4,100%
3/31/2026,Southwest Indiana,Tell City - 103,AL,Studio - Private,13.8,18,77%
3/31/2026,Southwest Indiana,Tell City - 103,HC,Companion,52.2,56,93%
3/31/2026,Southwest Indiana,Tell City - 103,HC,Private,3.4,4,85%
3/31/2026,Southwest Indiana,Tell City - 103,HC,TCU - Companion,3.7,4,94%
3/31/2026,Southwest Indiana,Tell City - 103,HC,TCU - Private,11.7,14,84%
3/31/2026,Southwest Indiana,Tell City - 103,HC/MC,Legacy Lane - Companion,4,4,100%
3/31/2026,Southwest Indiana,Tell City - 103,HC/MC,Legacy Lane - Private,8.7,9,97%
3/31/2026,Southwest Indiana,Tell City - 103,VIL,Independent Living - Villa 1,17.7,18,98%
3/31/2026,Southwest Indiana,Terre Haute CC - 129,AL,Companion,4,4,100%
3/31/2026,Southwest Indiana,Terre Haute CC - 129,AL,Studio - Private,17.2,18,96%
3/31/2026,Southwest Indiana,Terre Haute CC - 129,AL/MC,Legacy Lane - Companion,1.4,2,71%
3/31/2026,Southwest Indiana,Terre Haute CC - 129,AL/MC,Legacy Lane - Private,9,9,100%
3/31/2026,Southwest Indiana,Terre Haute CC - 129,HC,Companion,35.5,44,81%
3/31/2026,Southwest Indiana,Terre Haute CC - 129,HC,Private,14.4,16,90%
3/31/2026,Southwest Indiana,Terre Haute CC - 129,VIL,Patio Home 2BR,22.7,24,94%
3/31/2026,Southwest Indiana,Terre Haute HC - 5163,AL,One BR Apt-Double,4,4,100%
3/31/2026,Southwest Indiana,Terre Haute HC - 5163,AL,Studio - Double,3,4,75%
3/31/2026,Southwest Indiana,Terre Haute HC - 5163,AL,Studio - Private,18.3,20,92%
3/31/2026,Southwest Indiana,Terre Haute HC - 5163,AL,Studio Deluxe - Double,1.9,2,95%
3/31/2026,Southwest Indiana,Terre Haute HC - 5163,AL/MC,LL - Compan;A Vw;C Loc;B Sz,1,1,100%
3/31/2026,Southwest Indiana,Terre Haute HC - 5163,AL/MC,LL - Studio;A Vw;A Loc;B Sz,1,1,100%
3/31/2026,Southwest Indiana,Terre Haute HC - 5163,AL/MC,LL - Studio;A Vw;B Loc;B Sz,1,1,100%
3/31/2026,Southwest Indiana,Terre Haute HC - 5163,AL/MC,LL - Studio;A Vw;C Loc;B Sz,4,4,100%
3/31/2026,Southwest Indiana,Terre Haute HC - 5163,AL/MC,LL - Studio;B Vw;A Loc;B Sz,0.5,1,48%
3/31/2026,Southwest Indiana,Terre Haute HC - 5163,AL/MC,LL - Studio;B Vw;B Loc;B Sz,0.5,1,55%
3/31/2026,Southwest Indiana,Terre Haute HC - 5163,AL/MC,LL - Studio;B Vw;C Loc;B Sz,1,1,100%
3/31/2026,Southwest Indiana,Terre Haute HC - 5163,HC,Companion,13.7,14,98%
3/31/2026,Southwest Indiana,Terre Haute HC - 5163,HC,Private,41.7,46,91%
3/31/2026,Southwest Indiana,Vincennes - 131,AL,Companion,4,4,100%
3/31/2026,Southwest Indiana,Vincennes - 131,AL,Studio - Private,17.9,18,99%
3/31/2026,Southwest Indiana,Vincennes - 131,HC,Companion,27.9,38,74%
3/31/2026,Southwest Indiana,Vincennes - 131,HC,Private,4,4,100%
3/31/2026,Southwest Indiana,Vincennes - 131,HC,Private Deluxe,9,9,100%
3/31/2026,Southwest Indiana,Vincennes - 131,HC,TCU - Companion,8.7,13,67%
3/31/2026,Southwest Indiana,Vincennes - 131,HC,TCU - Private,14.6,16,91%
3/31/2026,Southwest Indiana,Washington - 305,AL,Companion,3.8,4,96%
3/31/2026,Southwest Indiana,Washington - 305,AL,Studio - Private,15.7,16,98%
3/31/2026,Southwest Indiana,Washington - 305,AL/MC,Legacy Lane - Companion,2.3,3,75%
3/31/2026,Southwest Indiana,Washington - 305,AL/MC,Legacy Lane - Private,6.9,7,98%
3/31/2026,Southwest Indiana,Washington - 305,HC,Companion,16.5,19,87%
3/31/2026,Southwest Indiana,Washington - 305,HC,Private,21.4,23,93%
3/31/2026,Southwest Indiana,Washington - 305,HC/MC,Legacy Lane - Companion,4.9,6,81%
3/31/2026,Southwest Indiana,Washington - 305,HC/MC,Legacy Lane - Private,5.2,7,74%
3/31/2026,Southwest Indiana,Washington - 305,VIL,Independent Living - Villa 1,16.6,17,97%
3/31/2026,Southwest Indiana,Washington - 305,VIL,Villa 1 BR,3.5,4,89%
3/31/2026,Southwest Indiana,Washington - 305,VIL,Villa 2 BR,6,6,99%
3/31/2026,Southwest Ohio,Colerain - 412,AL,Companion,3,3,100%
3/31/2026,Southwest Ohio,Colerain - 412,AL,Studio - Companion,6.4,7,91%
3/31/2026,Southwest Ohio,Colerain - 412,AL,Studio - Private,5,5,100%
3/31/2026,Southwest Ohio,Colerain - 412,AL/MC,Legacy-Compan;A Vw;C Loc;B Sz,3,3,100%
3/31/2026,Southwest Ohio,Colerain - 412,AL/MC,Legacy-Studio;A Vw;C Loc;B Sz,3.5,4,89%
3/31/2026,Southwest Ohio,Colerain - 412,AL/MC,Legacy-Studio;C Vw;A Loc;B Sz,4,4,99%
3/31/2026,Southwest Ohio,Colerain - 412,HC,Companion,27.1,30,90%
3/31/2026,Southwest Ohio,Colerain - 412,HC,Private,24.2,26,93%
3/31/2026,Southwest Ohio,Colerain - 412,VIL,Independent Living - Villa,0,0,0%
3/31/2026,Southwest Ohio,Colerain - 412,VIL,Patio Home 1BR,18.2,20,91%
3/31/2026,Southwest Ohio,Colerain - 412,VIL,Patio Home 2BR,7,8,88%
3/31/2026,Southwest Ohio,Englewood - 416,AL,Companion,3,3,100%
3/31/2026,Southwest Ohio,Englewood - 416,AL,Companion - 400 Hall,2,2,100%
3/31/2026,Southwest Ohio,Englewood - 416,AL,Studio - Private,17.6,18,98%
3/31/2026,Southwest Ohio,Englewood - 416,AL,Studio - Private - 400 Hall,10,10,100%
3/31/2026,Southwest Ohio,Englewood - 416,AL,Studio - Private A,1,1,100%
3/31/2026,Southwest Ohio,Englewood - 416,AL/MC,Legacy Bldng - Companion,1,1,100%
3/31/2026,Southwest Ohio,Englewood - 416,AL/MC,Legacy Bldng - Private,15.3,17,90%
3/31/2026,Southwest Ohio,Englewood - 416,AL/MC,Legacy Bldng - Private Deluxe,1.5,2,77%
3/31/2026,Southwest Ohio,Englewood - 416,HC,Companion,8,8,100%
3/31/2026,Southwest Ohio,Englewood - 416,HC,Private,49.2,51,96%
3/31/2026,Southwest Ohio,Englewood - 416,HC/MC,Legacy Lane - Companion,6,6,100%
3/31/2026,Southwest Ohio,Englewood - 416,HC/MC,Legacy Lane - Private,4.6,5,92%
3/31/2026,Southwest Ohio,Englewood - 416,VIL,1BR;A Location,5.5,6,91%
3/31/2026,Southwest Ohio,Englewood - 416,VIL,1BR;A Location;With Patio,2,2,100%
3/31/2026,Southwest Ohio,Englewood - 416,VIL,1BR;B Location,1,1,100%
3/31/2026,Southwest Ohio,Englewood - 416,VIL,1BR;B Location;With Patio,1,1,100%
3/31/2026,Southwest Ohio,Englewood - 416,VIL,2BR;A Location,10.7,11,97%
3/31/2026,Southwest Ohio,Englewood - 416,VIL,2BR;A Location;With Patio,3,3,100%
3/31/2026,Southwest Ohio,Englewood - 416,VIL,2BR;B Location,2,2,100%
3/31/2026,Southwest Ohio,Englewood - 416,VIL,2BR;C Location,3,3,100%
3/31/2026,Southwest Ohio,Englewood - 416,VIL,2BR;C Location;With Patio,1,1,100%
3/31/2026,Southwest Ohio,Hamilton - 439,AL,Compan;A Vw;C Loc;A Sz,2,2,100%
3/31/2026,Southwest Ohio,Hamilton - 439,AL,Compan;A Vw;C Loc;B Sz,2,2,100%
3/31/2026,Southwest Ohio,Hamilton - 439,AL,Studio;A Vw;A Loc;B Sz,3,3,100%
3/31/2026,Southwest Ohio,Hamilton - 439,AL,Studio;A Vw;B Loc;B Sz,1.9,2,94%
3/31/2026,Southwest Ohio,Hamilton - 439,AL,Studio;A Vw;C Loc;B Sz,8,8,100%
3/31/2026,Southwest Ohio,Hamilton - 439,AL,Studio;B Vw;B Loc;B Sz,0.8,1,84%
3/31/2026,Southwest Ohio,Hamilton - 439,AL,Studio;C Vw;B Loc;B Sz,1,1,100%
3/31/2026,Southwest Ohio,Hamilton - 439,AL/MC,MC-Compan;A Vw;B Loc;B Sz,2,2,100%
3/31/2026,Southwest Ohio,Hamilton - 439,AL/MC,MC-Compan;C Vw;B Loc;B Sz,1,1,100%
3/31/2026,Southwest Ohio,Hamilton - 439,AL/MC,MC-Studio;A Vw;A Loc;B Sz,2,2,100%
3/31/2026,Southwest Ohio,Hamilton - 439,AL/MC,MC-Studio;A Vw;C Loc;B Sz,5,5,100%
3/31/2026,Southwest Ohio,Hamilton - 439,AL/MC,MC-Studio;B Vw;C Loc;B Sz,1,1,100%
3/31/2026,Southwest Ohio,Hamilton - 439,AL/MC,MC-Studio;C Vw;C Loc;B Sz,4,4,100%
3/31/2026,Southwest Ohio,Hamilton - 439,HC,Compan;A Vw;A Loc;B Sz,1.5,2,77%
3/31/2026,Southwest Ohio,Hamilton - 439,HC,Compan;A Vw;B Loc;B Sz,2,2,100%
3/31/2026,Southwest Ohio,Hamilton - 439,HC,Compan;A Vw;C Loc;B Sz,2,2,100%
3/31/2026,Southwest Ohio,Hamilton - 439,HC,Compan;C Vw;A Loc;B Sz,6,6,100%
3/31/2026,Southwest Ohio,Hamilton - 439,HC,Compan;C Vw;B Loc;B Sz,4,4,100%
3/31/2026,Southwest Ohio,Hamilton - 439,HC,Compan;C Vw;C Loc;B Sz,2,2,100%
3/31/2026,Southwest Ohio,Hamilton - 439,HC,Studio Dlx;A Vw;B Loc;B Sz,1,1,97%
3/31/2026,Southwest Ohio,Hamilton - 439,HC,Studio Dlx;C Vw;A Loc;B Sz,1.8,2,90%
3/31/2026,Southwest Ohio,Hamilton - 439,HC,Studio;A Vw;A Loc;B Sz,1.8,2,90%
3/31/2026,Southwest Ohio,Hamilton - 439,HC,Studio;A Vw;B Loc;B Sz,1,1,100%
3/31/2026,Southwest Ohio,Hamilton - 439,HC,Studio;A Vw;C Loc;B Sz,9.4,10,94%
3/31/2026,Southwest Ohio,Hamilton - 439,HC,Studio;C Vw;A Loc;B Sz,2.7,3,90%
3/31/2026,Southwest Ohio,Hamilton - 439,HC,Studio;C Vw;B Loc;B Sz,0.9,1,90%
3/31/2026,Southwest Ohio,Hamilton - 439,HC,Studio;C Vw;C Loc;B Sz,14.2,15,95%
3/31/2026,Southwest Ohio,Harrison - 442,AL,Compan;A Vw;C Loc;A Sz,2,2,100%
3/31/2026,Southwest Ohio,Harrison - 442,AL,Compan;B Vw;C Loc;B Sz,1,1,100%
3/31/2026,Southwest Ohio,Harrison - 442,AL,Compan;C Vw;C Loc;B Sz,1,1,100%
3/31/2026,Southwest Ohio,Harrison - 442,AL,Studio - Double,0,0,0%
3/31/2026,Southwest Ohio,Harrison - 442,AL,Studio;A Vw;A Loc;B Sz,3,3,100%
3/31/2026,Southwest Ohio,Harrison - 442,AL,Studio;A Vw;B Loc;B Sz,1,1,100%
3/31/2026,Southwest Ohio,Harrison - 442,AL,Studio;A Vw;C Loc;B Sz,9,9,100%
3/31/2026,Southwest Ohio,Harrison - 442,AL,Studio;C Vw;B Loc;B Sz,1,1,100%
3/31/2026,Southwest Ohio,Harrison - 442,AL,Studio;C Vw;C Loc;B Sz,1,1,100%
3/31/2026,Southwest Ohio,Harrison - 442,AL/MC,MC-Compan;A Vw;A Loc;B Sz,1,1,100%
3/31/2026,Southwest Ohio,Harrison - 442,AL/MC,MC-Compan;A Vw;B Loc;B Sz,0.3,1,26%
3/31/2026,Southwest Ohio,Harrison - 442,AL/MC,MC-Compan;C Vw;B Loc;A Sz,1,1,100%
3/31/2026,Southwest Ohio,Harrison - 442,AL/MC,MC-Studio;A Vw;A Loc;B Sz,2,2,100%
3/31/2026,Southwest Ohio,Harrison - 442,AL/MC,MC-Studio;A Vw;C Loc;B Sz,5,5,100%
3/31/2026,Southwest Ohio,Harrison - 442,AL/MC,MC-Studio;B Vw;C Loc;B Sz,2,2,100%
3/31/2026,Southwest Ohio,Harrison - 442,AL/MC,MC-Studio;C Vw;C Loc;B Sz,3,3,100%
3/31/2026,Southwest Ohio,Harrison - 442,HC,Compan;A Vw;C Loc;B Sz,4,4,100%
3/31/2026,Southwest Ohio,Harrison - 442,HC,Compan;B Vw;C Loc;B Sz,1.4,2,71%
3/31/2026,Southwest Ohio,Harrison - 442,HC,Compan;C Vw;A Loc;B Sz,1.9,2,94%
3/31/2026,Southwest Ohio,Harrison - 442,HC,Compan;C Vw;B Loc;B Sz,2,2,100%
3/31/2026,Southwest Ohio,Harrison - 442,HC,Compan;C Vw;C Loc;B Sz,5.5,6,91%
3/31/2026,Southwest Ohio,Harrison - 442,HC,Studio Dlx;A Vw;A Loc;C Sz,1,1,100%
3/31/2026,Southwest Ohio,Harrison - 442,HC,Studio Dlx;C Vw;B Loc;B Sz,4,4,100%
3/31/2026,Southwest Ohio,Harrison - 442,HC,Studio;A Vw;B Loc;B Sz,2.9,3,96%
3/31/2026,Southwest Ohio,Harrison - 442,HC,Studio;A Vw;C Loc;B Sz,6.2,7,88%
3/31/2026,Southwest Ohio,Harrison - 442,HC,Studio;B Vw;C Loc;B Sz,6.3,7,90%
3/31/2026,Southwest Ohio,Harrison - 442,HC,Studio;C Vw;A Loc;B Sz,3.6,4,91%
3/31/2026,Southwest Ohio,Harrison - 442,HC,Studio;C Vw;C Loc;B Sz,11.3,12,94%
3/31/2026,Southwest Ohio,Harrison - 442,SL,1BR;A Vw;B Loc;A Sz,1,1,100%
3/31/2026,Southwest Ohio,Harrison - 442,SL,1BR;A Vw;B Loc;B Sz,1,1,100%
3/31/2026,Southwest Ohio,Harrison - 442,SL,1BR;A Vw;C Loc;A Sz,1,1,100%
3/31/2026,Southwest Ohio,Harrison - 442,SL,1BR;A Vw;C Loc;B Sz,9,9,100%
3/31/2026,Southwest Ohio,Harrison - 442,SL,1BR;C Vw;A Loc;B Sz,3,3,100%
3/31/2026,Southwest Ohio,Harrison - 442,SL,1BR;C Vw;B Loc;A Sz,1,1,100%
3/31/2026,Southwest Ohio,Harrison - 442,SL,1BR;C Vw;C Loc;A Sz,1,1,100%
3/31/2026,Southwest Ohio,Harrison - 442,SL,1BR;C Vw;C Loc;B Sz,2,2,100%
3/31/2026,Southwest Ohio,Harrison - 442,SL,1BR;C Vw;C Loc;C Sz,1,1,100%
3/31/2026,Southwest Ohio,Harrison - 442,SL,Studio;A Vw;C Loc;A Sz,2,2,100%
3/31/2026,Southwest Ohio,Harrison - 442,SL,Studio;B Vw;C Loc;B Sz,1,1,100%
3/31/2026,Southwest Ohio,Harrison - 442,SL,Studio;C Vw;C Loc;B Sz,1,1,100%
3/31/2026,Southwest Ohio,Liberty Township - 441,AL,2 FL 1BR;C Vw;C Loc;B Sz,0.6,1,109%
3/31/2026,Southwest Ohio,Liberty Township - 441,AL,Compan;A Vw;C Loc;A Sz,2,2,100%
3/31/2026,Southwest Ohio,Liberty Township - 441,AL,Compan;C Vw;C Loc;B Sz,2,2,100%
3/31/2026,Southwest Ohio,Liberty Township - 441,AL,Studio;A Vw;A Loc;B Sz,5,5,100%
3/31/2026,Southwest Ohio,Liberty Township - 441,AL,Studio;A Vw;B Loc;B Sz,7.7,8,96%
3/31/2026,Southwest Ohio,Liberty Township - 441,AL,Studio;C Vw;A Loc;B Sz,1.4,2,69%
3/31/2026,Southwest Ohio,Liberty Township - 441,AL/MC,MC-Compan;A Vw;C Loc;B Sz,2,2,100%
3/31/2026,Southwest Ohio,Liberty Township - 441,AL/MC,MC-Compan;C Vw;C Loc;B Sz,1,1,100%
3/31/2026,Southwest Ohio,Liberty Township - 441,AL/MC,MC-Studio;A Vw;A Loc;B Sz,2,2,100%
3/31/2026,Southwest Ohio,Liberty Township - 441,AL/MC,MC-Studio;A Vw;C Loc;B Sz,5,5,100%
3/31/2026,Southwest Ohio,Liberty Township - 441,AL/MC,MC-Studio;C Vw;C Loc;B Sz,5,5,100%
3/31/2026,Southwest Ohio,Liberty Township - 441,HC,Compan;A Vw;C Loc;B Sz,3,4,74%
3/31/2026,Southwest Ohio,Liberty Township - 441,HC,Compan;C Vw;C Loc;B Sz,3.6,8,46%
3/31/2026,Southwest Ohio,Liberty Township - 441,HC,Studio Dlx;A Vw;A Loc;C Sz,0.8,1,81%
3/31/2026,Southwest Ohio,Liberty Township - 441,HC,Studio;A Vw;B Loc;B Sz,3.3,4,81%
3/31/2026,Southwest Ohio,Liberty Township - 441,HC,Studio;A Vw;C Loc;B Sz,5.4,9,60%
3/31/2026,Southwest Ohio,Liberty Township - 441,HC,Studio;C Vw;B Loc;B Sz,6.9,7,99%
3/31/2026,Southwest Ohio,Liberty Township - 441,HC,Studio;C Vw;C Loc;B Sz,13,21,62%
3/31/2026,Southwest Ohio,Liberty Township - 441,SL,2 FL 1BR;A Vw;C Loc;B Sz,11,11,100%
3/31/2026,Southwest Ohio,Liberty Township - 441,SL,2 FL 1BR;C Vw;A Loc;B Sz,3,3,100%
3/31/2026,Southwest Ohio,Liberty Township - 441,SL,2 FL 1BR;C Vw;C Loc;B Sz,4.6,5,99%
3/31/2026,Southwest Ohio,Liberty Township - 441,SL,2 FL 1BR;C Vw;C Loc;C Sz,1,1,100%
3/31/2026,Southwest Ohio,Liberty Township - 441,SL,2 FL Studio;A Vw;C Loc;B Sz,3,3,100%
3/31/2026,Southwest Ohio,Liberty Township - 441,SL,2 FL Studio;C Vw;C Loc;B Sz,2,2,100%
3/31/2026,Southwest Ohio,Miami Township - 440,AL,Compan;A Vw;C Loc;A Sz,2,2,100%
3/31/2026,Southwest Ohio,Miami Township - 440,AL,Compan;B Vw;C Loc;B Sz,2,2,100%
3/31/2026,Southwest Ohio,Miami Township - 440,AL,Studio ABB - Double,1,1,100%
3/31/2026,Southwest Ohio,Miami Township - 440,AL,Studio;A Vw;A Loc;B Sz,3,3,100%
3/31/2026,Southwest Ohio,Miami Township - 440,AL,Studio;A Vw;C Loc;B Sz,9,9,100%
3/31/2026,Southwest Ohio,Miami Township - 440,AL,Studio;C Vw;B Loc;B Sz,1,1,100%
3/31/2026,Southwest Ohio,Miami Township - 440,AL,Studio;C Vw;C Loc;B Sz,1,1,100%
3/31/2026,Southwest Ohio,Miami Township - 440,AL/MC,MC-Compan;A Vw;A Loc;B Sz,1,1,100%
3/31/2026,Southwest Ohio,Miami Township - 440,AL/MC,MC-Compan;A Vw;B Loc;B Sz,1,1,100%
3/31/2026,Southwest Ohio,Miami Township - 440,AL/MC,MC-Compan;C Vw;B Loc;A Sz,1,1,100%
3/31/2026,Southwest Ohio,Miami Township - 440,AL/MC,MC-Studio;A Vw;A Loc;B Sz,2,2,100%
3/31/2026,Southwest Ohio,Miami Township - 440,AL/MC,MC-Studio;A Vw;C Loc;B Sz,5,5,100%
3/31/2026,Southwest Ohio,Miami Township - 440,AL/MC,MC-Studio;B Vw;C Loc;B Sz,2,2,100%
3/31/2026,Southwest Ohio,Miami Township - 440,AL/MC,MC-Studio;C Vw;C Loc;B Sz,3,3,100%
3/31/2026,Southwest Ohio,Miami Township - 440,HC,Compan;A Vw;C Loc;B Sz,4,4,100%
3/31/2026,Southwest Ohio,Miami Township - 440,HC,Compan;B Vw;C Loc;B Sz,1.9,2,95%
3/31/2026,Southwest Ohio,Miami Township - 440,HC,Compan;C Vw;A Loc;B Sz,2,2,100%
3/31/2026,Southwest Ohio,Miami Township - 440,HC,Compan;C Vw;B Loc;B Sz,5.5,6,91%
3/31/2026,Southwest Ohio,Miami Township - 440,HC,Compan;C Vw;C Loc;B Sz,5.5,6,92%
3/31/2026,Southwest Ohio,Miami Township - 440,HC,Studio Dlx;A Vw;A Loc;C Sz,1,1,100%
3/31/2026,Southwest Ohio,Miami Township - 440,HC,Studio;A Vw;B Loc;B Sz,2.6,3,86%
3/31/2026,Southwest Ohio,Miami Township - 440,HC,Studio;A Vw;C Loc;B Sz,6.8,7,97%
3/31/2026,Southwest Ohio,Miami Township - 440,HC,Studio;B Vw;C Loc;B Sz,6.9,7,99%
3/31/2026,Southwest Ohio,Miami Township - 440,HC,Studio;C Vw;A Loc;B Sz,3.6,4,90%
3/31/2026,Southwest Ohio,Miami Township - 440,HC,Studio;C Vw;C Loc;B Sz,11.6,12,97%
3/31/2026,Southwest Ohio,Miami Township - 440,SL,1BR;A Vw;C Loc;A Sz,2,2,100%
3/31/2026,Southwest Ohio,Miami Township - 440,SL,1BR;A Vw;C Loc;B Sz,10,10,100%
3/31/2026,Southwest Ohio,Miami Township - 440,SL,1BR;C Vw;A Loc;B Sz,3,3,100%
3/31/2026,Southwest Ohio,Miami Township - 440,SL,1BR;C Vw;C Loc;A Sz,1.6,2,81%
3/31/2026,Southwest Ohio,Miami Township - 440,SL,1BR;C Vw;C Loc;B Sz,2,2,100%
3/31/2026,Southwest Ohio,Miami Township - 440,SL,1BR;C Vw;C Loc;C Sz,1,1,100%
3/31/2026,Southwest Ohio,Miami Township - 440,SL,Studio;A Vw;C Loc;A Sz,2,2,100%
3/31/2026,Southwest Ohio,Miami Township - 440,SL,Studio;B Vw;C Loc;B Sz,2,2,100%
3/31/2026,Southwest Ohio,Richmond FP - 123,AL,Companion,4,4,100%
3/31/2026,Southwest Ohio,Richmond FP - 123,AL,Studio - Companion,3,3,100%
3/31/2026,Southwest Ohio,Richmond FP - 123,AL,Studio - Private,15,15,100%
3/31/2026,Southwest Ohio,Richmond FP - 123,AL/MC,MC Companion,2,2,100%
3/31/2026,Southwest Ohio,Richmond FP - 123,AL/MC,MC Studio,6.5,9,72%
3/31/2026,Southwest Ohio,Richmond FP - 123,HC,Companion,48,50,96%
3/31/2026,Southwest Ohio,Richmond FP - 123,HC,Private,6.1,8,76%
3/31/2026,Southwest Ohio,Richmond SR - 5173,AL,Studio - Private,14.8,15,98%
3/31/2026,Southwest Ohio,Richmond SR - 5173,HC,Private,46.5,56,83%
3/31/2026,Southwest Ohio,Springfield WG - 2429,AL,"Compan-Cbl,Frnt V,PbArea,SqFt",0.7,1,71%
3/31/2026,Southwest Ohio,Springfield WG - 2429,AL,"Companion - Cbl,Crt V",1,1,100%
3/31/2026,Southwest Ohio,Springfield WG - 2429,AL,"Companion - Cbl,Frnt V",3,3,100%
3/31/2026,Southwest Ohio,Springfield WG - 2429,AL,"Companion - Cbl,Frnt V,Sq Ft",0,0,0%
3/31/2026,Southwest Ohio,Springfield WG - 2429,AL,"Companion - Cbl,Glf V,Sq Ft",2,2,100%
3/31/2026,Southwest Ohio,Springfield WG - 2429,AL,"Companion - Cbl,PbArea,Crt V",1,1,100%
3/31/2026,Southwest Ohio,Springfield WG - 2429,AL,"Studio - Cbl,Crt V",1.7,2,84%
3/31/2026,Southwest Ohio,Springfield WG - 2429,AL,"Studio - Cbl,Crt V,Sq Ft",1,1,100%
3/31/2026,Southwest Ohio,Springfield WG - 2429,AL,"Studio - Cbl,Frnt V",6,6,100%
3/31/2026,Southwest Ohio,Springfield WG - 2429,AL,"Studio - Cbl,Frnt V,Pb Area",2.8,3,94%
3/31/2026,Southwest Ohio,Springfield WG - 2429,AL,"Studio - Cbl,Frnt V,Sq Ft",1,1,100%
3/31/2026,Southwest Ohio,Springfield WG - 2429,AL,"Studio - Cbl,Glf V",4,4,100%
3/31/2026,Southwest Ohio,Springfield WG - 2429,AL,"Studio - Cbl,Glf V,Pb Area",4,4,100%
3/31/2026,Southwest Ohio,Springfield WG - 2429,AL,"Studio - Cbl,Glf V,Sq Ft",1,1,100%
3/31/2026,Southwest Ohio,Springfield WG - 2429,AL,Studio DLX,1,1,100%
3/31/2026,Southwest Ohio,Springfield WG - 2429,HC,Companion - Cbl;Crt V,7.9,8,99%
3/31/2026,Southwest Ohio,Springfield WG - 2429,HC,Companion - Cbl;Frnt V,4,4,99%
3/31/2026,Southwest Ohio,Springfield WG - 2429,HC,Companion - Cbl;Pb Area;Crt V,3.7,4,92%
3/31/2026,Southwest Ohio,Springfield WG - 2429,HC,Deluxe - Cbl;Crt V,0.9,1,90%
3/31/2026,Southwest Ohio,Springfield WG - 2429,HC,Deluxe - Cbl;Frnt V,1.8,2,90%
3/31/2026,Southwest Ohio,Springfield WG - 2429,HC,Private - Cbl;Crt V,21,22,95%
3/31/2026,Southwest Ohio,Springfield WG - 2429,HC,Private - Cbl;Frnt V,6.5,7,93%
3/31/2026,Southwest Ohio,Springfield WG - 2429,HC,Private - Cbl;Frnt V;Pb Area,2.9,3,98%
3/31/2026,Southwest Ohio,Springfield WG - 2429,HC,Private - Cbl;Pb Area;Crt V,2.9,3,98%
3/31/2026,Southwest Ohio,Springfield WG - 2429,SL,One Bedroom  701,1,1,100%
3/31/2026,Southwest Ohio,Springfield WG - 2429,SL,One Bedroom  702,1,1,100%
3/31/2026,Southwest Ohio,Springfield WG - 2429,SL,One Bedroom  703,1,1,100%
3/31/2026,Southwest Ohio,Springfield WG - 2429,SL,One Bedroom  704,1,1,100%
3/31/2026,Southwest Ohio,Springfield WG - 2429,SL,One Bedroom  705,0.6,1,65%
3/31/2026,Southwest Ohio,Springfield WG - 2429,SL,One Bedroom  706,1,1,100%
3/31/2026,Southwest Ohio,Springfield WG - 2429,SL,One Bedroom 711,1,1,100%
3/31/2026,Southwest Ohio,Springfield WG - 2429,SL,One Bedroom 712,1,1,100%
3/31/2026,Southwest Ohio,Springfield WG - 2429,SL,One Bedroom 713,1,1,100%
3/31/2026,Southwest Ohio,Springfield WG - 2429,SL,One Bedroom 714,1,1,100%
3/31/2026,Southwest Ohio,Springfield WG - 2429,SL,One Bedroom 801,1,1,100%
3/31/2026,Southwest Ohio,Springfield WG - 2429,SL,One Bedroom 802,1,1,100%
3/31/2026,Southwest Ohio,Springfield WG - 2429,SL,One Bedroom 803,1,1,100%
3/31/2026,Southwest Ohio,Springfield WG - 2429,SL,One Bedroom 804,1,1,100%
3/31/2026,Southwest Ohio,Springfield WG - 2429,SL,One Bedroom 805,1,1,100%
3/31/2026,Southwest Ohio,Springfield WG - 2429,SL,One Bedroom 806,1,1,100%
3/31/2026,Southwest Ohio,Springfield WG - 2429,SL,Studio 707,1,1,100%
3/31/2026,Southwest Ohio,Springfield WG - 2429,SL,Studio 708,1,1,100%
3/31/2026,Southwest Ohio,Springfield WG - 2429,SL,Studio 709,0,1,0%
3/31/2026,Southwest Ohio,Springfield WG - 2429,SL,Studio 710,1,1,100%
3/31/2026,Southwest Ohio,Union Township - 434,AL,Compan;A Vw;C Loc;C Sz,1.4,2,68%
3/31/2026,Southwest Ohio,Union Township - 434,AL,Compan;B Vw;C Loc;B Sz,2,2,100%
3/31/2026,Southwest Ohio,Union Township - 434,AL,Studio;A Vw;B Loc;B Sz,1,1,97%
3/31/2026,Southwest Ohio,Union Township - 434,AL,Studio;A Vw;C Loc;B Sz,4,4,100%
3/31/2026,Southwest Ohio,Union Township - 434,AL,Studio;A Vw;C Loc;C Sz,1,1,100%
3/31/2026,Southwest Ohio,Union Township - 434,AL,Studio;B Vw;A Loc;B Sz,2.8,3,95%
3/31/2026,Southwest Ohio,Union Township - 434,AL,Studio;B Vw;B Loc;B Sz,0.6,1,58%
3/31/2026,Southwest Ohio,Union Township - 434,AL,Studio;B Vw;C Loc;B Sz,4,4,100%
3/31/2026,Southwest Ohio,Union Township - 434,AL,Studio;B Vw;C Loc;C Sz,1,1,100%
3/31/2026,Southwest Ohio,Union Township - 434,AL/MC,Legacy Compan;A Vw;B Loc;B Sz,2,2,100%
3/31/2026,Southwest Ohio,Union Township - 434,AL/MC,Legacy Compan;C Vw;B Loc;C Sz,1,1,100%
3/31/2026,Southwest Ohio,Union Township - 434,AL/MC,Legacy Studio;A Vw;A Loc;B Sz,1,2,50%
3/31/2026,Southwest Ohio,Union Township - 434,AL/MC,Legacy Studio;A Vw;C Loc;A Sz,1,1,100%
3/31/2026,Southwest Ohio,Union Township - 434,AL/MC,Legacy Studio;A Vw;C Loc;B Sz,1,1,100%
3/31/2026,Southwest Ohio,Union Township - 434,AL/MC,Legacy Studio;C Vw;C Loc;A Sz,2,2,100%
3/31/2026,Southwest Ohio,Union Township - 434,AL/MC,Legacy Studio;C Vw;C Loc;B Sz,1,2,52%
3/31/2026,Southwest Ohio,Union Township - 434,HC,Compan;C Vw;A Loc;B Sz,4,4,100%
3/31/2026,Southwest Ohio,Union Township - 434,HC,Compan;C Vw;B Loc;B Sz,1.6,2,82%
3/31/2026,Southwest Ohio,Union Township - 434,HC,Compan;C Vw;C Loc;B Sz,8.9,10,89%
3/31/2026,Southwest Ohio,Union Township - 434,HC,Studio Dlx;C Vw;B Loc;B Sz,1,1,100%
3/31/2026,Southwest Ohio,Union Township - 434,HC,Studio;B Vw;A Loc;B Sz,1.9,2,94%
3/31/2026,Southwest Ohio,Union Township - 434,HC,Studio;B Vw;C Loc;B Sz,1.9,2,95%
3/31/2026,Southwest Ohio,Union Township - 434,HC,Studio;C Vw;A Loc;B Sz,2,2,100%
3/31/2026,Southwest Ohio,Union Township - 434,HC,Studio;C Vw;B Loc;B Sz,1.5,2,73%
3/31/2026,Southwest Ohio,Union Township - 434,HC,Studio;C Vw;C Loc;B Sz,14.5,17,86%
3/31/2026,Southwest Ohio,Union Township - 434,HC/MC,MC-Compan;B Vw;C Loc;B Sz,3.3,4,82%
3/31/2026,Southwest Ohio,Union Township - 434,HC/MC,MC-Compan;C Vw;C Loc;B Sz,2,2,100%
3/31/2026,Southwest Ohio,Union Township - 434,HC/MC,MC-Studio;B Vw;A Loc;B Sz,0.3,1,26%
3/31/2026,Southwest Ohio,Union Township - 434,HC/MC,MC-Studio;B Vw;B Loc;B Sz,1,1,100%
3/31/2026,Southwest Ohio,Union Township - 434,HC/MC,MC-Studio;B Vw;C Loc;B Sz,1,1,100%
3/31/2026,Southwest Ohio,Union Township - 434,HC/MC,MC-Studio;C Vw;A Loc;B Sz,1,1,100%
3/31/2026,Southwest Ohio,Union Township - 434,HC/MC,MC-Studio;C Vw;B Loc;B Sz,0,0,0%
3/31/2026,Southwest Ohio,Union Township - 434,HC/MC,MC-Studio;C Vw;C Loc;B Sz,2,2,100%
3/31/2026,Southwest Ohio,Union Township - 434,SL,1BR;A Vw;A Loc;B Sz,1,1,100%
3/31/2026,Southwest Ohio,Union Township - 434,SL,1BR;A Vw;B Loc;A Sz,2,2,100%
3/31/2026,Southwest Ohio,Union Township - 434,SL,1BR;A Vw;C Loc;A Sz,0.9,1,87%
3/31/2026,Southwest Ohio,Union Township - 434,SL,1BR;A Vw;C Loc;B Sz,2,2,100%
3/31/2026,Southwest Ohio,Union Township - 434,SL,1BR;A Vw;C Loc;C Sz,1,1,100%
3/31/2026,Southwest Ohio,Union Township - 434,SL,1BR;B Vw;A Loc;B Sz,1,1,100%
3/31/2026,Southwest Ohio,Union Township - 434,SL,1BR;B Vw;B Loc;B Sz,2,2,100%
3/31/2026,Southwest Ohio,Union Township - 434,SL,1BR;B Vw;C Loc;B Sz,1,1,100%
3/31/2026,Southwest Ohio,Union Township - 434,SL,1BR;B Vw;C Loc;C Sz,0.3,1,32%
3/31/2026,Southwest Ohio,Union Township - 434,SL,1BR;C Vw;B Loc;B Sz,2,2,100%
3/31/2026,Southwest Ohio,Union Township - 434,SL,1BR;C Vw;C Loc;A Sz,1,1,100%
3/31/2026,Southwest Ohio,Union Township - 434,SL,1BR;C Vw;C Loc;B Sz,1,1,100%
3/31/2026,Southwest Ohio,Union Township - 434,SL,Studio;A Vw;C Loc;C Sz,2,2,100%
3/31/2026,Southwest Ohio,Union Township - 434,SL,Studio;B Vw;C Loc;B Sz,2,2,100%
4/30/2026,Central Ohio,Greenville - 423,AL,Companion,0,0,0%
4/30/2026,Central Ohio,Greenville - 423,AL/MC,MC - Compan;A Vw;B Loc;B Sz,0,0,0%
4/30/2026,Central Ohio,Greenville - 423,AL/MC,MC - Compan;B Vw;B Loc;B Sz,0,0,0%
4/30/2026,Central Ohio,Greenville - 423,HC,Companion,0,0,0%
4/30/2026,Central Ohio,Greenville - 423,HC,Private,0,0,0%
4/30/2026,Central Ohio,Greenville - 423,HC/MC,Legacy Lane - Companion,0,0,0%
4/30/2026,Central Ohio,Greenville - 423,HC/MC,Legacy Lane - Private,0,0,0%
4/30/2026,Central Ohio,Springfield FG - 401,AL,Companion,0,0,0%
4/30/2026,Central Ohio,Springfield FG - 401,AL,Companion - Single,0,0,0%
4/30/2026,Central Ohio,Springfield FG - 401,AL,One Bedroom,0,0,0%
4/30/2026,Central Ohio,Springfield FG - 401,AL,Studio - Double,0,0,0%
4/30/2026,Central Ohio,Springfield FG - 401,AL/MC,Legacy Bldng - Companion,0,0,0%
4/30/2026,Central Ohio,Springfield FG - 401,AL/MC,Legacy Bldng - Private,0,1,0%
4/30/2026,Central Ohio,Springfield FG - 401,HC,Companion,0,0,0%
4/30/2026,Central Ohio,Springfield FG - 401,HC,Private,0,0,0%
4/30/2026,Central Ohio,Springfield FG - 401,VIL,Independent Living - Villa 1,0,0,0%
4/30/2026,Central South Indiana,Avon - 5166,AL,Companion,1,1,100%
4/30/2026,Central South Indiana,Avon - 5166,AL,One BR Apt-Double,3.6,5,71%
4/30/2026,Central South Indiana,Avon - 5166,AL,One BR Apt-Single,2,2,100%
4/30/2026,Central South Indiana,Avon - 5166,AL,Studio - Private,12.8,18,71%
4/30/2026,Central South Indiana,Avon - 5166,AL,Studio Deluxe - Double,4,4,100%
4/30/2026,Central South Indiana,Avon - 5166,AL/MC,Legacy Lane - Companion,0.1,1,13%
4/30/2026,Central South Indiana,Avon - 5166,AL/MC,Legacy Lane - Private,9,12,75%
4/30/2026,Central South Indiana,Avon - 5166,HC,Companion,20.5,22,93%
4/30/2026,Central South Indiana,Avon - 5166,HC,Private,29.9,32,93%
4/30/2026,Central South Indiana,Carmel - 5165,AL,1BR Deluxe,3.4,4,86%
4/30/2026,Central South Indiana,Carmel - 5165,AL,1BR;B Vw;B Loc;A Sz,5,5,100%
4/30/2026,Central South Indiana,Carmel - 5165,AL,1BR;B Vw;B Loc;C Sz,4.9,5,98%
4/30/2026,Central South Indiana,Carmel - 5165,AL,Companion,0,0,0%
4/30/2026,Central South Indiana,Carmel - 5165,AL,One BR Apt-Double,0,0,0%
4/30/2026,Central South Indiana,Carmel - 5165,AL,Studio; B Vw:B Loc; C Sz,4.8,5,97%
4/30/2026,Central South Indiana,Carmel - 5165,AL,Studio;B Vw;B Loc;A Sz,1,1,100%
4/30/2026,Central South Indiana,Carmel - 5165,AL/MC,Legacy Lane - Companion,2,2,100%
4/30/2026,Central South Indiana,Carmel - 5165,AL/MC,Legacy Lane - Private,8.6,11,78%
4/30/2026,Central South Indiana,Carmel - 5165,HC,Companion,20.9,25,84%
4/30/2026,Central South Indiana,Carmel - 5165,HC,Private,27.5,32,86%
4/30/2026,Central South Indiana,Carmel - 5165,HC,Studio Deluxe,2.7,4,67%
4/30/2026,Central South Indiana,Greenfield - 125,AL,Companion,7,7,100%
4/30/2026,Central South Indiana,Greenfield - 125,AL,One Bedroom,1,1,100%
4/30/2026,Central South Indiana,Greenfield - 125,AL,Studio - Double,9,9,100%
4/30/2026,Central South Indiana,Greenfield - 125,AL,Studio - Private,16.9,17,100%
4/30/2026,Central South Indiana,Greenfield - 125,AL/MC,Legacy Bldng - Companion,6,6,99%
4/30/2026,Central South Indiana,Greenfield - 125,AL/MC,Legacy Bldng - Private,16.4,19,86%
4/30/2026,Central South Indiana,Greenfield - 125,AL/MC,Legacy Bldng - Private Inter View,2,4,50%
4/30/2026,Central South Indiana,Greenfield - 125,HC,Companion,37.6,45,84%
4/30/2026,Central South Indiana,Greenfield - 125,HC,Private,18.1,21,86%
4/30/2026,Central South Indiana,Greenfield - 125,HC,Private Deluxe,0,0,0%
4/30/2026,Central South Indiana,Greenfield - 125,VIL,Independent Living - Villa 1,19.9,24,83%
4/30/2026,Central South Indiana,Greenfield - 125,VIL,Patio Home 1BR,0.9,4,22%
4/30/2026,Central South Indiana,Greenfield - 125,VIL,Patio Home 2BR,2.3,4,56%
4/30/2026,Central South Indiana,Indianapolis AP - 5160,AL,Studio - Companion,6.2,10,62%
4/30/2026,Central South Indiana,Indianapolis AP - 5160,AL,Studio - Private,4.2,6,71%
4/30/2026,Central South Indiana,Indianapolis AP - 5160,HC,Companion,26.6,28,95%
4/30/2026,Central South Indiana,Indianapolis AP - 5160,HC,Private,47.7,56,85%
4/30/2026,Central South Indiana,Indianapolis CL - 5161,AL,One Bedroom,3.3,4,82%
4/30/2026,Central South Indiana,Indianapolis CL - 5161,AL,Studio - Companion,9.1,10,91%
4/30/2026,Central South Indiana,Indianapolis CL - 5161,AL,Studio - Companion Deluxe,1,1,100%
4/30/2026,Central South Indiana,Indianapolis CL - 5161,AL,Studio - End of Hall,4,4,100%
4/30/2026,Central South Indiana,Indianapolis CL - 5161,AL,Studio - Private,6.2,8,78%
4/30/2026,Central South Indiana,Indianapolis CL - 5161,AL,Studio - Private Deluxe,3,3,100%
4/30/2026,Central South Indiana,Indianapolis CL - 5161,AL/MC,Legacy Lane - Companion,2,2,100%
4/30/2026,Central South Indiana,Indianapolis CL - 5161,AL/MC,Legacy Lane - Private,8.1,9,90%
4/30/2026,Central South Indiana,Indianapolis CL - 5161,HC,Companion,12,14,86%
4/30/2026,Central South Indiana,Indianapolis CL - 5161,HC,Private,35.7,43,83%
4/30/2026,Central South Indiana,Mooresville - 5174,AL,1 Bedroom,0,0,0%
4/30/2026,Central South Indiana,Mooresville - 5174,AL,Studio - Double,0,0,0%
4/30/2026,Central South Indiana,Mooresville - 5174,AL,Studio - Private,14.6,15,98%
4/30/2026,Central South Indiana,Mooresville - 5174,HC,Companion,15.7,19,83%
4/30/2026,Central South Indiana,Mooresville - 5174,HC,Private,28.5,32,89%
4/30/2026,Central South Indiana,New Castle GO - 2153,AL,Companion,2.9,4,73%
4/30/2026,Central South Indiana,New Castle GO - 2153,AL,Studio - Private,17.8,18,99%
4/30/2026,Central South Indiana,New Castle GO - 2153,AL/MC,Legacy Lane - Companion,2,2,100%
4/30/2026,Central South Indiana,New Castle GO - 2153,AL/MC,Legacy Lane - Private,4.4,9,49%
4/30/2026,Central South Indiana,New Castle GO - 2153,HC,Companion,47.6,53,90%
4/30/2026,Central South Indiana,New Castle GO - 2153,HC,Private,4.6,5,91%
4/30/2026,Central South Indiana,New Castle SL - 2152,SL,One BR Apt Deluxe-Double,0,0,0%
4/30/2026,Central South Indiana,New Castle SL - 2152,SL,One BR Apt Deluxe-Single,2,2,100%
4/30/2026,Central South Indiana,New Castle SL - 2152,SL,One BR Apt-Double,0,0,0%
4/30/2026,Central South Indiana,New Castle SL - 2152,SL,One BR Apt-Single,35.2,37,95%
4/30/2026,Central South Indiana,New Castle SL - 2152,SL,Studio - Private,12.5,16,78%
4/30/2026,Central South Indiana,New Castle SL - 2152,SL,Two BR Apt-Double,0,0,0%
4/30/2026,Central South Indiana,New Castle SL - 2152,SL,Two BR Apt-Single,2,4,50%
4/30/2026,Central South Indiana,Westfield - 5171,AL,One BR Apt-Double,4,4,100%
4/30/2026,Central South Indiana,Westfield - 5171,AL,Studio - Private,24,24,100%
4/30/2026,Central South Indiana,Westfield - 5171,AL,Studio - Private Deluxe,2,2,100%
4/30/2026,Central South Indiana,Westfield - 5171,AL/MC,LL - Companion,2,2,100%
4/30/2026,Central South Indiana,Westfield - 5171,AL/MC,LL - Studio,8.9,9,99%
4/30/2026,Central South Indiana,Westfield - 5171,HC,Companion,8,8,100%
4/30/2026,Central South Indiana,Westfield - 5171,HC,Companion - 100 Hall,0.7,2,37%
4/30/2026,Central South Indiana,Westfield - 5171,HC,Private,26,27,96%
4/30/2026,Central South Indiana,Westfield - 5171,HC,Private - 100 Hall,15.5,18,86%
4/30/2026,Great Lakes,Battle Creek - 501,AL,Studio - Private,28.1,30,94%
4/30/2026,Great Lakes,Battle Creek - 501,AL/MC,Legacy Bldng - Companion,0,0,0%
4/30/2026,Great Lakes,Battle Creek - 501,AL/MC,Legacy Bldng - Private,0,0,0%
4/30/2026,Great Lakes,Battle Creek - 501,HC,Companion,40,47,85%
4/30/2026,Great Lakes,Battle Creek - 501,HC,Private,27.2,30,91%
4/30/2026,Great Lakes,Belmont - 519,AL,Compan;B Vw;C Loc;B Sz,1,1,100%
4/30/2026,Great Lakes,Belmont - 519,AL,Compan;C Vw;C Loc;A Sz,2,2,100%
4/30/2026,Great Lakes,Belmont - 519,AL,Compan;C Vw;C Loc;B Sz,1,1,100%
4/30/2026,Great Lakes,Belmont - 519,AL,Studio;A Vw;A Loc;B Sz,2,2,100%
4/30/2026,Great Lakes,Belmont - 519,AL,Studio;A Vw;C Loc;B Sz,1,1,100%
4/30/2026,Great Lakes,Belmont - 519,AL,Studio;B Vw;C Loc;B Sz,3.5,4,87%
4/30/2026,Great Lakes,Belmont - 519,AL,Studio;C Vw;A Loc;B Sz,1,1,100%
4/30/2026,Great Lakes,Belmont - 519,AL,Studio;C Vw;B Loc;B Sz,2,2,100%
4/30/2026,Great Lakes,Belmont - 519,AL,Studio;C Vw;C Loc;B Sz,5,5,100%
4/30/2026,Great Lakes,Belmont - 519,AL/MC,MC-Compan;A Vw;A Loc;A Sz,0,1,0%
4/30/2026,Great Lakes,Belmont - 519,AL/MC,MC-Compan;A Vw;B Loc;A Sz,1,1,100%
4/30/2026,Great Lakes,Belmont - 519,AL/MC,MC-Compan;C Vw;B Loc;A Sz,1,1,100%
4/30/2026,Great Lakes,Belmont - 519,AL/MC,MC-Studio;A Vw;A Loc;B Sz,1.9,2,93%
4/30/2026,Great Lakes,Belmont - 519,AL/MC,MC-Studio;A Vw;C Loc;B Sz,4.8,5,95%
4/30/2026,Great Lakes,Belmont - 519,AL/MC,MC-Studio;C Vw;C Loc;B Sz,5,5,99%
4/30/2026,Great Lakes,Belmont - 519,HC,Compan;A Vw;C Loc;B Sz,5.2,6,87%
4/30/2026,Great Lakes,Belmont - 519,HC,Compan;B Vw;C Loc;B Sz,1.8,2,88%
4/30/2026,Great Lakes,Belmont - 519,HC,Compan;C Vw;C Loc;B Sz,4,4,100%
4/30/2026,Great Lakes,Belmont - 519,HC,Studio;A Vw;B Loc;B Sz,1.8,2,90%
4/30/2026,Great Lakes,Belmont - 519,HC,Studio;A Vw;C Loc;B Sz,11.5,12,96%
4/30/2026,Great Lakes,Belmont - 519,HC,Studio;B Vw;A Loc;A Sz,0.9,1,87%
4/30/2026,Great Lakes,Belmont - 519,HC,Studio;B Vw;B Loc;B Sz,1,1,100%
4/30/2026,Great Lakes,Belmont - 519,HC,Studio;B Vw;C Loc;B Sz,8.6,9,95%
4/30/2026,Great Lakes,Belmont - 519,HC,Studio;C Vw;A Loc;B Sz,4.9,5,97%
4/30/2026,Great Lakes,Belmont - 519,HC,Studio;C Vw;B Loc;B Sz,5.6,6,93%
4/30/2026,Great Lakes,Belmont - 519,HC,Studio;C Vw;C Loc;B Sz,11,12,92%
4/30/2026,Great Lakes,Belmont - 519,SL,1BR;A Vw;B Loc;A Sz,1,1,100%
4/30/2026,Great Lakes,Belmont - 519,SL,1BR;A Vw;B Loc;B Sz,4,4,100%
4/30/2026,Great Lakes,Belmont - 519,SL,1BR;B Vw;B Loc;A Sz,2,2,100%
4/30/2026,Great Lakes,Belmont - 519,SL,1BR;B Vw;B Loc;B Sz,5,5,100%
4/30/2026,Great Lakes,Belmont - 519,SL,1BR;C Vw;B Loc;A Sz,4,4,100%
4/30/2026,Great Lakes,Belmont - 519,SL,1BR;C Vw;B Loc;B Sz,2.4,3,80%
4/30/2026,Great Lakes,Belmont - 519,SL,1BR;C Vw;B Loc;C Sz,1,1,100%
4/30/2026,Great Lakes,Belmont - 519,SL,Studio;A Vw;B Loc;B Sz,2,2,100%
4/30/2026,Great Lakes,Belmont - 519,SL,Studio;B Vw;B Loc;B Sz,1,1,100%
4/30/2026,Great Lakes,Belmont - 519,SL,Studio;C Vw;B Loc;B Sz,1,1,100%
4/30/2026,Great Lakes,Byron Center - 518,AL,Compan;A Vw;C Loc;A Sz,2,2,100%
4/30/2026,Great Lakes,Byron Center - 518,AL,Compan;B Vw;C Loc;B Sz,1,1,100%
4/30/2026,Great Lakes,Byron Center - 518,AL,Compan;C Vw;C Loc;B Sz,1,1,100%
4/30/2026,Great Lakes,Byron Center - 518,AL,Studio;A Vw;A Loc;B Sz,3,3,100%
4/30/2026,Great Lakes,Byron Center - 518,AL,Studio;A Vw;B Loc;B Sz,1,1,100%
4/30/2026,Great Lakes,Byron Center - 518,AL,Studio;A Vw;C Loc;B Sz,4,5,81%
4/30/2026,Great Lakes,Byron Center - 518,AL,Studio;B Vw;C Loc;B Sz,4,4,100%
4/30/2026,Great Lakes,Byron Center - 518,AL,Studio;C Vw;B Loc;B Sz,1,1,100%
4/30/2026,Great Lakes,Byron Center - 518,AL,Studio;C Vw;C Loc;B Sz,0.7,1,67%
4/30/2026,Great Lakes,Byron Center - 518,AL/MC,MC-Compan;A Vw;A Loc;A Sz,1,1,100%
4/30/2026,Great Lakes,Byron Center - 518,AL/MC,MC-Compan;A Vw;C Loc;A Sz,1,1,100%
4/30/2026,Great Lakes,Byron Center - 518,AL/MC,MC-Compan;A Vw;C Loc;B Sz,1.9,2,97%
4/30/2026,Great Lakes,Byron Center - 518,AL/MC,MC-Compan;C Vw;C Loc;B Sz,2,2,100%
4/30/2026,Great Lakes,Byron Center - 518,AL/MC,MC-Studio;A Vw;A Loc;B Sz,1,1,100%
4/30/2026,Great Lakes,Byron Center - 518,AL/MC,MC-Studio;A Vw;C Loc;B Sz,2,2,100%
4/30/2026,Great Lakes,Byron Center - 518,AL/MC,MC-Studio;C Vw;C Loc;B Sz,1.4,3,47%
4/30/2026,Great Lakes,Byron Center - 518,HC,Compan;C Vw;C Loc;B Sz,10.5,12,88%
4/30/2026,Great Lakes,Byron Center - 518,HC,Companion,0,0,0%
4/30/2026,Great Lakes,Byron Center - 518,HC,Private,0,0,0%
4/30/2026,Great Lakes,Byron Center - 518,HC,Studio DLX;C Vw;C Loc;B Sz,2,2,100%
4/30/2026,Great Lakes,Byron Center - 518,HC,Studio;A Vw;A Loc;B Sz,1.6,2,80%
4/30/2026,Great Lakes,Byron Center - 518,HC,Studio;A Vw;C Loc;B Sz,8.1,9,90%
4/30/2026,Great Lakes,Byron Center - 518,HC,Studio;C Vw;A Loc;B Sz,5.1,6,84%
4/30/2026,Great Lakes,Byron Center - 518,HC,Studio;C Vw;C Loc;B Sz,25.3,29,87%
4/30/2026,Great Lakes,Byron Center - 518,SL,1BR;A Vw;C Loc;A Sz,1,1,100%
4/30/2026,Great Lakes,Byron Center - 518,SL,1BR;A Vw;C Loc;B Sz,4,4,100%
4/30/2026,Great Lakes,Byron Center - 518,SL,1BR;B Vw;C Loc;B Sz,7,7,100%
4/30/2026,Great Lakes,Byron Center - 518,SL,1BR;C Vw;C Loc;B Sz,1,2,50%
4/30/2026,Great Lakes,Byron Center - 518,SL,1BR;C Vw;C Loc;C Sz,0,1,0%
4/30/2026,Great Lakes,Byron Center - 518,SL,Studio;A Vw;C Loc;A Sz,2,2,100%
4/30/2026,Great Lakes,Byron Center - 518,SL,Studio;B Vw;C Loc;B Sz,3,3,100%
4/30/2026,Great Lakes,Byron Center - 518,SL,Studio;B Vw;C Loc;C Sz,1,1,100%
4/30/2026,Great Lakes,Byron Center - 518,SL,Studio;C Vw;C Loc;B Sz,1,1,100%
4/30/2026,Great Lakes,Hudsonville - 524,AL,Compan;A Vw;C Loc;B Sz,2,2,100%
4/30/2026,Great Lakes,Hudsonville - 524,AL,Compan;C Vw;C Loc;B Sz,2,2,100%
4/30/2026,Great Lakes,Hudsonville - 524,AL,Studio;A Vw;A Loc;B Sz,3,3,100%
4/30/2026,Great Lakes,Hudsonville - 524,AL,Studio;A Vw;C Loc;B Sz,9.8,10,98%
4/30/2026,Great Lakes,Hudsonville - 524,AL,Studio;C Vw;C Loc;B Sz,2,2,100%
4/30/2026,Great Lakes,Hudsonville - 524,AL/MC,MC-Compan;A Vw;C Loc;B Sz,2,2,100%
4/30/2026,Great Lakes,Hudsonville - 524,AL/MC,MC-Compan;C Vw;C Loc;B Sz,1,1,100%
4/30/2026,Great Lakes,Hudsonville - 524,AL/MC,MC-Studio;A Vw;A Loc;B Sz,2,2,100%
4/30/2026,Great Lakes,Hudsonville - 524,AL/MC,MC-Studio;A Vw;C Loc;B Sz,4.3,5,86%
4/30/2026,Great Lakes,Hudsonville - 524,AL/MC,MC-Studio;C Vw;C Loc;B Sz,5,5,100%
4/30/2026,Great Lakes,Hudsonville - 524,HC,Compan;A Vw;C Loc;B Sz,4,4,100%
4/30/2026,Great Lakes,Hudsonville - 524,HC,Compan;C Vw;C Loc;B Sz,9.5,16,59%
4/30/2026,Great Lakes,Hudsonville - 524,HC,Studio Dlx;C Vw;C Loc;B Sz,1,1,100%
4/30/2026,Great Lakes,Hudsonville - 524,HC,Studio;A Vw;A Loc;B Sz,1.7,3,57%
4/30/2026,Great Lakes,Hudsonville - 524,HC,Studio;A Vw;C Loc;B Sz,7.5,10,75%
4/30/2026,Great Lakes,Hudsonville - 524,HC,Studio;C Vw;A Loc;B Sz,3.3,4,83%
4/30/2026,Great Lakes,Hudsonville - 524,HC,Studio;C Vw;C Loc;B Sz,13.6,20,68%
4/30/2026,Great Lakes,Hudsonville - 524,SL,1BR;A Vw;C Loc;A Sz,2,2,100%
4/30/2026,Great Lakes,Hudsonville - 524,SL,1BR;A Vw;C Loc;B Sz,7,7,100%
4/30/2026,Great Lakes,Hudsonville - 524,SL,1BR;C Vw;A Loc;B Sz,2,2,100%
4/30/2026,Great Lakes,Hudsonville - 524,SL,1BR;C Vw;C Loc;A Sz,1,1,100%
4/30/2026,Great Lakes,Hudsonville - 524,SL,1BR;C Vw;C Loc;B Sz,5,5,100%
4/30/2026,Great Lakes,Hudsonville - 524,SL,1BR;C Vw;C Loc;C Sz,2,2,100%
4/30/2026,Great Lakes,Hudsonville - 524,SL,2BR;C Vw;A Loc;B Sz,1,1,100%
4/30/2026,Great Lakes,Hudsonville - 524,SL,Studio;A Vw;C Loc;B Sz,2,2,100%
4/30/2026,Great Lakes,Hudsonville - 524,SL,Studio;C Vw;C Loc;B Sz,3,3,100%
4/30/2026,Great Lakes,Lowell - 156,AL,Companion,4,4,100%
4/30/2026,Great Lakes,Lowell - 156,AL,Studio - Double,9.9,10,99%
4/30/2026,Great Lakes,Lowell - 156,AL,Studio - Private,5.7,6,96%
4/30/2026,Great Lakes,Lowell - 156,AL/MC,Legacy Lane - Companion,3,3,100%
4/30/2026,Great Lakes,Lowell - 156,AL/MC,Legacy Lane - Private,8,8,100%
4/30/2026,Great Lakes,Lowell - 156,HC,Companion,23.8,24,99%
4/30/2026,Great Lakes,Lowell - 156,HC,Private,32,34,94%
4/30/2026,Great Lakes,Muskegon - 525,AL,Compan;A Vw;C Loc;B Sz,1.9,2,97%
4/30/2026,Great Lakes,Muskegon - 525,AL,Compan;C Vw;C Loc;B Sz,2,2,100%
4/30/2026,Great Lakes,Muskegon - 525,AL,Studio;A Vw;A Loc;B Sz,3,3,100%
4/30/2026,Great Lakes,Muskegon - 525,AL,Studio;A Vw;C Loc;B Sz,9.9,10,99%
4/30/2026,Great Lakes,Muskegon - 525,AL,Studio;C Vw;C Loc;B Sz,2,2,100%
4/30/2026,Great Lakes,Muskegon - 525,AL/MC,MC-Compan;A Vw;C Loc;B Sz,2,2,98%
4/30/2026,Great Lakes,Muskegon - 525,AL/MC,MC-Compan;C Vw;C Loc;B Sz,1,1,100%
4/30/2026,Great Lakes,Muskegon - 525,AL/MC,MC-Studio;A Vw;A Loc;B Sz,2,2,100%
4/30/2026,Great Lakes,Muskegon - 525,AL/MC,MC-Studio;A Vw;C Loc;B Sz,5,5,100%
4/30/2026,Great Lakes,Muskegon - 525,AL/MC,MC-Studio;C Vw;C Loc;B Sz,4.1,5,81%
4/30/2026,Great Lakes,Muskegon - 525,HC,Compan;A Vw;C Loc;B Sz,3,4,74%
4/30/2026,Great Lakes,Muskegon - 525,HC,Compan;C Vw;C Loc;B Sz,10,16,62%
4/30/2026,Great Lakes,Muskegon - 525,HC,Studio Dlx;C Vw;C Loc;B Sz,0.7,1,70%
4/30/2026,Great Lakes,Muskegon - 525,HC,Studio;A Vw;A Loc;B Sz,2.6,3,87%
4/30/2026,Great Lakes,Muskegon - 525,HC,Studio;A Vw;C Loc;B Sz,5.8,10,58%
4/30/2026,Great Lakes,Muskegon - 525,HC,Studio;C Vw;A Loc;B Sz,1.7,6,29%
4/30/2026,Great Lakes,Muskegon - 525,HC,Studio;C Vw;C Loc;B Sz,12.1,18,67%
4/30/2026,Great Lakes,Muskegon - 525,SL,1BR;A Vw;C Loc;A Sz,2,2,100%
4/30/2026,Great Lakes,Muskegon - 525,SL,1BR;A Vw;C Loc;B Sz,7,7,100%
4/30/2026,Great Lakes,Muskegon - 525,SL,1BR;C Vw;A Loc;B Sz,2,2,100%
4/30/2026,Great Lakes,Muskegon - 525,SL,1BR;C Vw;C Loc;A Sz,1,1,100%
4/30/2026,Great Lakes,Muskegon - 525,SL,1BR;C Vw;C Loc;B Sz,5,5,100%
4/30/2026,Great Lakes,Muskegon - 525,SL,1BR;C Vw;C Loc;C Sz,2,2,100%
4/30/2026,Great Lakes,Muskegon - 525,SL,2BR;C Vw;A Loc;B Sz,1,1,100%
4/30/2026,Great Lakes,Muskegon - 525,SL,Studio;A Vw;C Loc;B Sz,0.5,2,23%
4/30/2026,Great Lakes,Muskegon - 525,SL,Studio;C Vw;C Loc;B Sz,2,3,67%
4/30/2026,Great Lakes,Sun Prairie - 572,AL,1 Bedroom,4,4,100%
4/30/2026,Great Lakes,Sun Prairie - 572,AL,2 Bedroom,4,4,100%
4/30/2026,Great Lakes,Sun Prairie - 572,AL,Studio,4.7,6,78%
4/30/2026,Great Lakes,Sun Prairie - 572,HC,Companion,8.6,10,86%
4/30/2026,Great Lakes,Sun Prairie - 572,HC,Private,17.1,18,95%
4/30/2026,Great Lakes,Sun Prairie - 572,HC,Private - 100 Hall,6.5,10,65%
4/30/2026,Great Lakes,Valparaiso - 139,AL,Companion,4,5,80%
4/30/2026,Great Lakes,Valparaiso - 139,AL,Companion - End of Hall,1,1,100%
4/30/2026,Great Lakes,Valparaiso - 139,AL,Studio - Private,17.8,23,77%
4/30/2026,Great Lakes,Valparaiso - 139,AL,Studio - Private - End of Hall,2,4,50%
4/30/2026,Great Lakes,Valparaiso - 139,AL,Studio - Private Deluxe,1,1,100%
4/30/2026,Great Lakes,Valparaiso - 139,AL/MC,Legacy Bldng - Companion,3,3,100%
4/30/2026,Great Lakes,Valparaiso - 139,AL/MC,Legacy Bldng - Private,24,26,92%
4/30/2026,Great Lakes,Valparaiso - 139,HC,Companion,22.2,24,92%
4/30/2026,Great Lakes,Valparaiso - 139,HC,Private,33.5,36,93%
4/30/2026,Great Lakes,Valparaiso - 139,HC,TCU - Private Deluxe,1,1,100%
4/30/2026,Great Lakes,Waunakee - 571,AL,1 Bedroom,28.9,32,90%
4/30/2026,Great Lakes,Waunakee - 571,AL,2 Bedroom,6,6,100%
4/30/2026,Great Lakes,Waunakee - 571,AL,CBRF Studio,0,0,0%
4/30/2026,Great Lakes,Waunakee - 571,AL,Studio,30.1,32,94%
4/30/2026,Great Lakes,Waunakee - 571,AL/MC,MC - Companion,2,2,100%
4/30/2026,Great Lakes,Waunakee - 571,AL/MC,MC - Studio,2,2,100%
4/30/2026,Great Lakes,Waunakee - 571,AL/MC,MC - Studio Deluxe,13.2,14,95%
4/30/2026,Great Lakes,Waunakee - 571,HC,Companion,11.8,13,91%
4/30/2026,Great Lakes,Waunakee - 571,HC,Private,47.8,51,94%
4/30/2026,Great Lakes,Waunakee - 571,VIL,1 Bedroom,8,8,100%
4/30/2026,Kentuckiana,Corydon - 2180,AL,Companion,4,4,100%
4/30/2026,Kentuckiana,Corydon - 2180,AL,Studio - Private,13,15,87%
4/30/2026,Kentuckiana,Corydon - 2180,AL/MC,Legacy Bldng - Companion,0,3,0%
4/30/2026,Kentuckiana,Corydon - 2180,AL/MC,Legacy Bldng - Private,7,8,87%
4/30/2026,Kentuckiana,Corydon - 2180,HC,Companion,20.4,24,85%
4/30/2026,Kentuckiana,Corydon - 2180,HC,Private,30.5,34,90%
4/30/2026,Kentuckiana,Corydon - 2180,VIL,INDEPENDENT LIVING - 1 BR,8,8,100%
4/30/2026,Kentuckiana,Corydon - 2180,VIL,INDEPENDENT LIVING - 2 BR,14,14,100%
4/30/2026,Kentuckiana,Corydon - 2180,VIL,Independent Living - 2BR,17.8,20,89%
4/30/2026,Kentuckiana,Louisville ES - 210,AL/MC,MC - Studio;A Vw;B Loc;B Sz,17.3,18,96%
4/30/2026,Kentuckiana,Louisville ES - 210,AL/MC,MC - Studio;B Vw;B Loc;B Sz,19.8,21,94%
4/30/2026,Kentuckiana,Louisville ES - 210,AL/MC,MC - Studio;C Vw;B Loc;B Sz,19.8,21,94%
4/30/2026,Kentuckiana,Louisville FH - 2137,AL,One BR Apt,14,14,100%
4/30/2026,Kentuckiana,Louisville FH - 2137,AL,One BR Apt - B Location,6,6,100%
4/30/2026,Kentuckiana,Louisville FH - 2137,AL,One BR Apt-Double,4,4,100%
4/30/2026,Kentuckiana,Louisville FH - 2137,AL,Studio A-A2-A3-D3,7,7,100%
4/30/2026,Kentuckiana,Louisville FH - 2137,AL,Studio D-D5,9,9,100%
4/30/2026,Kentuckiana,Louisville FH - 2137,AL,Studio D2,1,1,100%
4/30/2026,Kentuckiana,Louisville FH - 2137,AL,Studio D4,4,4,100%
4/30/2026,Kentuckiana,Louisville FH - 2137,AL,Two BR Apt-Double,2.9,3,96%
4/30/2026,Kentuckiana,Louisville FH - 2137,AL,Two BR Apt-Single,2.9,3,98%
4/30/2026,Kentuckiana,Louisville FH - 2137,HC,Companion,9.7,16,61%
4/30/2026,Kentuckiana,Louisville FH - 2137,HC,Private,65.7,71,93%
4/30/2026,Kentuckiana,Louisville FS - 2154,AL,Companion,2.3,3,78%
4/30/2026,Kentuckiana,Louisville FS - 2154,AL,Studio,13.8,17,81%
4/30/2026,Kentuckiana,Louisville FS - 2154,AL/MC,MC - Companion,3,3,100%
4/30/2026,Kentuckiana,Louisville FS - 2154,AL/MC,MC - Studio,7.3,8,91%
4/30/2026,Kentuckiana,Louisville FS - 2154,HC,Companion,22,24,92%
4/30/2026,Kentuckiana,Louisville FS - 2154,HC,Private,33.1,34,97%
4/30/2026,Kentuckiana,Louisville FS - 2154,VIL,Independent Living - Villa 1,34,34,100%
4/30/2026,Kentuckiana,Louisville GR - 126,AL,Companion,3.3,4,83%
4/30/2026,Kentuckiana,Louisville GR - 126,AL,Studio,15.9,18,88%
4/30/2026,Kentuckiana,Louisville GR - 126,HC,Companion,19.5,20,98%
4/30/2026,Kentuckiana,Louisville GR - 126,HC,Private,28.9,31,93%
4/30/2026,Kentuckiana,Louisville GR - 126,HC,Private Deluxe,0,0,0%
4/30/2026,Kentuckiana,Louisville GR - 126,HC/MC,MC - COMPANION,4,4,100%
4/30/2026,Kentuckiana,Louisville GR - 126,HC/MC,MC - PRIVATE,10.7,11,97%
4/30/2026,Kentuckiana,Louisville PT - 127,HC,Private,35.9,39,92%
4/30/2026,Kentuckiana,Louisville PT - 127,HC,TCU - Private,18.4,21,88%
4/30/2026,Kentuckiana,Louisville PT - 127,HC/MC,Legacy Lane - Companion,20.4,22,93%
4/30/2026,Kentuckiana,Louisville PT - 127,HC/MC,Legacy Lane - Private,5.7,6,96%
4/30/2026,Kentuckiana,Louisville SB - 175,AL,1 BR;B Vw;A Loc;A Sz,1,1,100%
4/30/2026,Kentuckiana,Louisville SB - 175,AL,1 BR;B Vw;A Loc;B Sz,1,1,100%
4/30/2026,Kentuckiana,Louisville SB - 175,AL,1 BR;B Vw;B Loc;B Sz,2,2,100%
4/30/2026,Kentuckiana,Louisville SB - 175,AL,1 BR;B Vw;C Loc;B Sz,1,1,100%
4/30/2026,Kentuckiana,Louisville SB - 175,AL,1 BR;B Vw;C Loc;C Sz,2,2,100%
4/30/2026,Kentuckiana,Louisville SB - 175,AL,Compan;A Vw;C Loc;B Sz,2,2,100%
4/30/2026,Kentuckiana,Louisville SB - 175,AL,Compan;B Vw;B Loc;B Sz,0,0,0%
4/30/2026,Kentuckiana,Louisville SB - 175,AL,Compan;B Vw;C Loc;B Sz,2,2,100%
4/30/2026,Kentuckiana,Louisville SB - 175,AL,Compan;C Vw;B Loc;B Sz,0.1,1,10%
4/30/2026,Kentuckiana,Louisville SB - 175,AL,Studio;A Vw;A Loc;B Sz,2,2,100%
4/30/2026,Kentuckiana,Louisville SB - 175,AL,Studio;A Vw;B Loc;B Sz,1.4,2,72%
4/30/2026,Kentuckiana,Louisville SB - 175,AL,Studio;A Vw;C Loc;B Sz,5,5,100%
4/30/2026,Kentuckiana,Louisville SB - 175,AL,Studio;B Vw;A Loc;B Sz,0,0,0%
4/30/2026,Kentuckiana,Louisville SB - 175,AL,Studio;B Vw;B Loc;B Sz,1,1,100%
4/30/2026,Kentuckiana,Louisville SB - 175,AL,Studio;B Vw;C Loc;B Sz,5.4,6,90%
4/30/2026,Kentuckiana,Louisville SB - 175,AL,Studio;C Vw;C Loc;B Sz,0,0,0%
4/30/2026,Kentuckiana,Louisville SB - 175,HC,Compan;C Vw;B Loc;B Sz,7,8,87%
4/30/2026,Kentuckiana,Louisville SB - 175,HC,Compan;C Vw;C Loc;B Sz,8,8,100%
4/30/2026,Kentuckiana,Louisville SB - 175,HC,Studio;B Vw;A Loc;B Sz,1.9,2,95%
4/30/2026,Kentuckiana,Louisville SB - 175,HC,Studio;B Vw;B Loc;B Sz,1.8,2,92%
4/30/2026,Kentuckiana,Louisville SB - 175,HC,Studio;B Vw;C Loc;B Sz,1.9,2,95%
4/30/2026,Kentuckiana,Louisville SB - 175,HC,Studio;C Vw;A Loc;B Sz,3.8,4,96%
4/30/2026,Kentuckiana,Louisville SB - 175,HC,Studio;C Vw;B Loc;B Sz,1.8,2,88%
4/30/2026,Kentuckiana,Louisville SB - 175,HC,Studio;C Vw;C Loc;B Sz,13.8,14,99%
4/30/2026,Kentuckiana,Louisville SB - 175,HC/MC,Legacy-Compan;B Vw;C Loc;B Sz,4.8,5,95%
4/30/2026,Kentuckiana,Louisville SB - 175,HC/MC,Legacy-Compan;C Vw;C Loc;B Sz,1,1,100%
4/30/2026,Kentuckiana,Louisville SB - 175,HC/MC,Legacy-Stu Dlx;C Vw;A Loc;B Sz,1,1,100%
4/30/2026,Kentuckiana,Louisville SB - 175,HC/MC,Legacy-Studio;B Vw;A Loc;B Sz,1,1,100%
4/30/2026,Kentuckiana,Louisville SB - 175,HC/MC,Legacy-Studio;B Vw;B Loc;B Sz,1,1,100%
4/30/2026,Kentuckiana,Louisville SB - 175,HC/MC,Legacy-Studio;B Vw;C Loc;B Sz,2,2,100%
4/30/2026,Kentuckiana,Louisville SB - 175,HC/MC,Legacy-Studio;C Vw;C Loc;B Sz,13,13,100%
4/30/2026,Kentuckiana,Louisville SB - 175,SL,1BR;A Vw;A Loc;A Sz,1,1,100%
4/30/2026,Kentuckiana,Louisville SB - 175,SL,1BR;A Vw;B Loc;B Sz,1,1,100%
4/30/2026,Kentuckiana,Louisville SB - 175,SL,1BR;A Vw;C Loc;B Sz,3,3,100%
4/30/2026,Kentuckiana,Louisville SB - 175,SL,1BR;B Vw;A Loc;A Sz,2,2,100%
4/30/2026,Kentuckiana,Louisville SB - 175,SL,1BR;B Vw;A Loc;B Sz,0.8,1,77%
4/30/2026,Kentuckiana,Louisville SB - 175,SL,1BR;B Vw;B Loc;A Sz,2,2,100%
4/30/2026,Kentuckiana,Louisville SB - 175,SL,1BR;B Vw;B Loc;C Sz,1,1,100%
4/30/2026,Kentuckiana,Louisville SB - 175,SL,1BR;B Vw;C Loc;B Sz,7,7,100%
4/30/2026,Kentuckiana,Louisville SB - 175,SL,Studio;A Vw;C Loc;A Sz,2,2,100%
4/30/2026,Kentuckiana,Louisville SB - 175,SL,Studio;B Vw;C Loc;B Sz,1.8,2,88%
4/30/2026,Kentuckiana,Louisville WP - 145,AL,Companion,4,4,100%
4/30/2026,Kentuckiana,Louisville WP - 145,AL,Studio,15.1,18,84%
4/30/2026,Kentuckiana,Louisville WP - 145,HC,Companion,8.6,11,78%
4/30/2026,Kentuckiana,Louisville WP - 145,HC,Private,49.2,52,95%
4/30/2026,Kentuckiana,Louisville WS - 190,AL,1BR Compan;A Vw;A Loc;A Sz,1,2,52%
4/30/2026,Kentuckiana,Louisville WS - 190,AL,1BR DLX Compan;A Vw;A Loc;A Sz,3,3,100%
4/30/2026,Kentuckiana,Louisville WS - 190,AL,1BR DLX;A Vw;A Loc;A Sz,2,2,100%
4/30/2026,Kentuckiana,Louisville WS - 190,AL,1BR;A Vw;A Loc;A Sz,31.7,35,91%
4/30/2026,Kentuckiana,Louisville WS - 190,AL,1BR;A Vw;A Loc;B Sz,9.8,11,89%
4/30/2026,Kentuckiana,Louisville WS - 190,AL,2BR Compan;A Vw;A Loc;B Sz,5,5,100%
4/30/2026,Kentuckiana,Louisville WS - 190,AL,Studio;A Vw;A Loc;B Sz,3.5,4,88%
4/30/2026,Kentuckiana,Louisville WS - 190,AL/MC,MC-Studio;A Vw; A Loc; A Sz,8.2,11,74%
4/30/2026,Kentuckiana,Louisville WS - 190,AL/MC,MC-Studio;B Vw; A Loc; A Sz,4.2,5,84%
4/30/2026,Kentuckiana,Louisville WS - 190,HC,L;Stud;1 Bath;A Vw;B Loc;B Sz,14.1,15,94%
4/30/2026,Kentuckiana,Louisville WS - 190,HC,L;Stud;1 Bath;B Vw;B Loc;B Sz,8.4,9,94%
4/30/2026,Kentuckiana,Louisville WS - 190,HC,W;Stud;.5 Bath;A Vw;B Loc;B Sz,1,1,100%
4/30/2026,Kentuckiana,Louisville WS - 190,HC,W;Stud;.5 Bath;B Vw;B Loc;A Sz,0,1,3%
4/30/2026,Kentuckiana,Louisville WS - 190,HC,W;Stud;.5 Bath;B Vw;B Loc;B Sz,12.9,13,99%
4/30/2026,Kentuckiana,Louisville WS - 190,HC,W;Stud;1 Bath;A Vw;B Loc;B Sz,4,4,100%
4/30/2026,Kentuckiana,Louisville WS - 190,HC,W;Stud;1 Bath;B Vw;B Loc;B Sz,9,9,100%
4/30/2026,Kentuckiana,Louisville WS - 190,SL,1BR DLX;A Vw;B Loc;A Sz,0,1,0%
4/30/2026,Kentuckiana,Louisville WS - 190,SL,1BR DLX;A Vw;B Loc;B Sz,1,1,100%
4/30/2026,Kentuckiana,Louisville WS - 190,SL,1BR;A Vw;B Loc;A Sz,6.7,9,74%
4/30/2026,Kentuckiana,Louisville WS - 190,SL,1BR;A Vw;B Loc;B Sz,0,0,0%
4/30/2026,Kentuckiana,Louisville WS - 190,SL,2BR DLX;A Vw;B Loc;B Sz,3,3,100%
4/30/2026,Kentuckiana,Louisville WS - 190,SL,2BR;A Vw;B Loc;B Sz,3,3,100%
4/30/2026,Kentuckiana,Louisville WS - 190,VIL,Patio Home Deluxe,16.6,17,98%
4/30/2026,Kentuckiana,Louisville WS - 190,VIL,Patio Home Standard,7,7,97%
4/30/2026,Kentuckiana,Louisville WS - 190,VIL,Patio Home w/ Study,32,32,99%
4/30/2026,Kentuckiana,New Albany AW - 105,HC,Companion,28.1,34,83%
4/30/2026,Kentuckiana,New Albany AW - 105,HC,Private,25,27,93%
4/30/2026,Kentuckiana,New Albany AW - 105,HC/MC,Legacy Lane - Companion,13.1,16,82%
4/30/2026,Kentuckiana,New Albany AW - 105,HC/MC,Legacy Lane - Private,10.8,14,77%
4/30/2026,Kentuckiana,New Albany RC - 236,AL,1 Bedroom,1,3,33%
4/30/2026,Kentuckiana,New Albany RC - 236,AL,1BR;A Vw;B Loc;B Sz,6,6,100%
4/30/2026,Kentuckiana,New Albany RC - 236,AL,1BR;A Vw;C Loc;B Sz,2,2,100%
4/30/2026,Kentuckiana,New Albany RC - 236,AL,1BR;B Vw;B Loc;B Sz,4.9,8,62%
4/30/2026,Kentuckiana,New Albany RC - 236,AL,1BR;B Vw;C Loc;B Sz,1,2,50%
4/30/2026,Kentuckiana,New Albany RC - 236,AL,2BR,2,2,100%
4/30/2026,Kentuckiana,New Albany RC - 236,AL,Studio DLX;A Vw;B Loc;B Sz,3,6,50%
4/30/2026,Kentuckiana,New Albany RC - 236,AL,Studio DLX;B Vw;B Loc;B Sz,2.6,6,43%
4/30/2026,Kentuckiana,New Albany RC - 236,AL,Studio;A Vw;B Loc;B Sz,2.8,4,71%
4/30/2026,Kentuckiana,New Albany RC - 236,AL,Studio;A Vw;C Loc;B Sz,1,2,50%
4/30/2026,Kentuckiana,New Albany RC - 236,AL,Studio;B Vw;B Loc;B Sz,9.8,11,89%
4/30/2026,Kentuckiana,New Albany RC - 236,AL,Studio;B Vw;C Loc;B Sz,3,4,75%
4/30/2026,Kentuckiana,New Albany RC - 236,AL/MC,MC-Compan;B Vw;B Loc;B Sz,2,2,100%
4/30/2026,Kentuckiana,New Albany RC - 236,AL/MC,MC-Studio;B Vw;B Loc;B Sz,16.8,21,80%
4/30/2026,Kentuckiana,New Albany RC - 236,VIL,INDEPENDENT LIVING 2 BR,13.4,16,84%
4/30/2026,Kentuckiana,New Albany SC - 5151,AL,1 BR DLX - A View - 5th FLOOR - DOUBLE,2,2,100%
4/30/2026,Kentuckiana,New Albany SC - 5151,AL,1BR - 4TH FLOOR - SINGLE,3,6,50%
4/30/2026,Kentuckiana,New Albany SC - 5151,AL,1BR - 5TH FLOOR - DOUBLE,4,4,100%
4/30/2026,Kentuckiana,New Albany SC - 5151,AL,1BR Alcove - Single,1,2,50%
4/30/2026,Kentuckiana,New Albany SC - 5151,AL,1BR DLX - 4TH FLOOR - DOUBLE,2,2,100%
4/30/2026,Kentuckiana,New Albany SC - 5151,AL,1BR DLX - 4TH FLOOR - SINGLE,5,7,71%
4/30/2026,Kentuckiana,New Albany SC - 5151,AL,1BR DLX - 5TH FLOOR - DOUBLE,0,1,0%
4/30/2026,Kentuckiana,New Albany SC - 5151,AL,1BR DLX - 5TH FLOOR - SINGLE,2,3,67%
4/30/2026,Kentuckiana,New Albany SC - 5151,AL,Studio - Private,4.8,6,80%
4/30/2026,Kentuckiana,New Albany SC - 5151,AL,Studio - Private Deluxe,1,2,50%
4/30/2026,Kentuckiana,New Albany SC - 5151,AL,Two BR Apt-Double,3.2,3,100%
4/30/2026,Kentuckiana,New Albany SC - 5151,AL,Two BR Apt-Single,0,1,0%
4/30/2026,Kentuckiana,New Albany SC - 5151,HC,Companion,19.1,24,79%
4/30/2026,Kentuckiana,New Albany SC - 5151,HC,Private,26.3,28,94%
4/30/2026,Kentuckiana,New Albany SC - 5151,HC,Private Deluxe,3.9,4,98%
4/30/2026,Kentuckiana,New Albany SC - 5151,VIL,1BR; 1st Fl; A Vw; 626 SqFt,0,0,0%
4/30/2026,Kentuckiana,New Albany SC - 5151,VIL,1BR; 1st Fl; B Vw; 764 SqFt,0,0,0%
4/30/2026,Kentuckiana,New Albany SC - 5151,VIL,1BR; 1st Fl; B Vw; 837 SqFt,0,0,0%
4/30/2026,Kentuckiana,New Albany SC - 5151,VIL,1BR; 1st Fl; C Vw; 738 SqFt,0,0,0%
4/30/2026,Kentuckiana,New Albany SC - 5151,VIL,1BR; 1st Fl; C Vw; 778 SqFt,0,0,0%
4/30/2026,Kentuckiana,New Albany SC - 5151,VIL,2BR; 1st Fl; A Vw; 980 SqFt,0,0,0%
4/30/2026,Kentuckiana,New Albany SC - 5151,VIL,Independent Living - 1 BR,0,0,0%
4/30/2026,Kentuckiana,New Albany SC - 5151,VIL,Independent Living - 1 BR DLX,0,0,0%
4/30/2026,Kentuckiana,New Albany SC - 5151,VIL,Independent Living - 2 BR,0,0,0%
4/30/2026,Kentuckiana,New Albany SC - 5151,VIL,Independent Living - Villa,31.1,36,86%
4/30/2026,Kentuckiana,New Albany SC - 5151,VIL,One BR - Cloister,1,1,100%
4/30/2026,Kentuckiana,New Albany SC - 5151,VIL,Studio; 1st Fl; B Vw; 403 SqFt,0,0,0%
4/30/2026,Kentuckiana,New Albany SC - 5151,VIL,Studio; 1st Fl; C Vw; 454 SqFt,0,0,0%
4/30/2026,Kentuckiana,New Albany SC - 5151,VIL,Two BR,1,1,100%
4/30/2026,Kentuckiana,New Albany SC - 5151,VIL,Two BR - Cloister,1,2,50%
4/30/2026,Kingston East,Hickory KRH-0563,SL,One BR - Large,5.5,6,91%
4/30/2026,Kingston East,Hickory KRH-0563,SL,One BR - Medium,9.3,11,85%
4/30/2026,Kingston East,Hickory KRH-0563,SL,One BR - Standard,64.4,80,81%
4/30/2026,Kingston East,Hickory KRH-0563,SL,Studio - Alcove,3.3,4,82%
4/30/2026,Kingston East,Hickory KRH-0563,SL,Studio - Efficiency,3,3,100%
4/30/2026,Kingston East,Hickory KRH-0563,SL,Studio - Hotel,6.9,10,69%
4/30/2026,Kingston East,Hickory KRH-0563,SL,Two Bedroom,5,6,83%
4/30/2026,Kingston West,Santa Fe KRS-0564,AL,One Bedroom,29.1,37,79%
4/30/2026,Kingston West,Santa Fe KRS-0564,AL,One BR - Alta Vista,3.2,4,81%
4/30/2026,Kingston West,Santa Fe KRS-0564,AL,One BR - Canyon Court,1,1,100%
4/30/2026,Kingston West,Santa Fe KRS-0564,AL,One BR - VDS,3.5,4,88%
4/30/2026,Kingston West,Santa Fe KRS-0564,AL,One BR Large - VDS,3,3,100%
4/30/2026,Kingston West,Santa Fe KRS-0564,AL,One BR Medium - VDS,1,1,100%
4/30/2026,Kingston West,Santa Fe KRS-0564,AL,Studio,16,17,94%
4/30/2026,Kingston West,Santa Fe KRS-0564,AL,Studio - Canyon Court,1,1,100%
4/30/2026,Kingston West,Santa Fe KRS-0564,AL,Studio - VDS,1,1,100%
4/30/2026,Kingston West,Santa Fe KRS-0564,AL,Studio Double - CC,1,1,100%
4/30/2026,Kingston West,Santa Fe KRS-0564,AL,Studio Double C size - CC,0.7,1,70%
4/30/2026,Kingston West,Santa Fe KRS-0564,AL,Two BR - One Bath,6,6,100%
4/30/2026,Kingston West,Santa Fe KRS-0564,AL,Two BR - Two Bath,14,15,93%
4/30/2026,Kingston West,Santa Fe KRS-0564,AL/MC,MC - Studio,21.8,39,56%
4/30/2026,Kingston West,Santa Fe KRS-0564,AL/MC,MC - Studio Deluxe,1,1,100%
4/30/2026,Michigan,Commerce - 503,AL,Companion,4,4,100%
4/30/2026,Michigan,Commerce - 503,AL,Studio - Private,17.8,18,99%
4/30/2026,Michigan,Commerce - 503,AL/MC,Legacy Bldng - Companion,2.5,3,84%
4/30/2026,Michigan,Commerce - 503,AL/MC,Legacy Bldng - Private,21.4,26,82%
4/30/2026,Michigan,Commerce - 503,HC,Companion,3.4,6,56%
4/30/2026,Michigan,Commerce - 503,HC,Private,46.2,50,92%
4/30/2026,Michigan,Commerce - 503,HC,Private Deluxe,4.8,5,95%
4/30/2026,Michigan,Commerce - 503,VIL,Independent Living - Villa 1,27.8,34,82%
4/30/2026,Michigan,East Lansing - 2507,AL,Companion,7,7,100%
4/30/2026,Michigan,East Lansing - 2507,AL,Studio - Private,18.6,22,85%
4/30/2026,Michigan,East Lansing - 2507,AL/MC,Legacy Bldng - Companion,2,6,33%
4/30/2026,Michigan,East Lansing - 2507,AL/MC,Legacy Bldng - Private,18.6,23,81%
4/30/2026,Michigan,East Lansing - 2507,HC,Companion,21.9,22,100%
4/30/2026,Michigan,East Lansing - 2507,HC,Private,38,43,88%
4/30/2026,Michigan,East Lansing - 2507,HC/MC,Legacy Lane - Companion,0,0,0%
4/30/2026,Michigan,East Lansing - 2507,HC/MC,Legacy Lane - Private,0,0,0%
4/30/2026,Michigan,Grand Blanc - 2505,AL,Companion,3,4,75%
4/30/2026,Michigan,Grand Blanc - 2505,AL,Studio - Private,17.6,18,98%
4/30/2026,Michigan,Grand Blanc - 2505,AL/MC,Legacy Lane - Companion,2,2,100%
4/30/2026,Michigan,Grand Blanc - 2505,AL/MC,Legacy Lane - Private,6.3,9,70%
4/30/2026,Michigan,Grand Blanc - 2505,HC,Companion,32.1,36,89%
4/30/2026,Michigan,Grand Blanc - 2505,HC,Private,26.8,28,96%
4/30/2026,Michigan,Howell - 2509,AL,Companion,5,5,100%
4/30/2026,Michigan,Howell - 2509,AL,Studio - Private,27,27,100%
4/30/2026,Michigan,Howell - 2509,AL,Studio - Private Deluxe,2,2,100%
4/30/2026,Michigan,Howell - 2509,AL/MC,MC-Compan;A Vw;B Loc;B Sz,3,3,100%
4/30/2026,Michigan,Howell - 2509,AL/MC,MC-Compan;A Vw;C Loc;B Sz,2.4,3,81%
4/30/2026,Michigan,Howell - 2509,AL/MC,MC-Studio;A Vw;A Loc;B Sz,2.9,3,96%
4/30/2026,Michigan,Howell - 2509,AL/MC,MC-Studio;A Vw;C Loc;B Sz,3,3,100%
4/30/2026,Michigan,Howell - 2509,AL/MC,MC-Studio;B Vw;A Loc;B Sz,4,4,100%
4/30/2026,Michigan,Howell - 2509,AL/MC,MC-Studio;B Vw;B Loc;B Sz,3.6,4,91%
4/30/2026,Michigan,Howell - 2509,AL/MC,MC-Studio;B Vw;C Loc;B Sz,9,9,100%
4/30/2026,Michigan,Howell - 2509,HC,Companion,16,16,100%
4/30/2026,Michigan,Howell - 2509,HC,Private,38.1,40,95%
4/30/2026,Michigan,Jackson - 502,AL,Companion,0,0,0%
4/30/2026,Michigan,Jackson - 502,AL/MC,Legacy Lane - Companion,0,0,0%
4/30/2026,Michigan,Lapeer - 2506,AL,Companion,4,4,100%
4/30/2026,Michigan,Lapeer - 2506,AL,Studio - Private,17.8,18,99%
4/30/2026,Michigan,Lapeer - 2506,AL/MC,Legacy Lane - Companion,2,2,100%
4/30/2026,Michigan,Lapeer - 2506,AL/MC,Legacy Lane - Private,5.8,9,65%
4/30/2026,Michigan,Lapeer - 2506,HC,Companion,33,34,97%
4/30/2026,Michigan,Lapeer - 2506,HC,Private,43.7,46,95%
4/30/2026,Michigan,Macomb - 2508,AL,Companion,6,6,100%
4/30/2026,Michigan,Macomb - 2508,AL,Studio - Private,25.2,28,90%
4/30/2026,Michigan,Macomb - 2508,AL/MC,Legacy Bldng - Companion,5,6,83%
4/30/2026,Michigan,Macomb - 2508,AL/MC,Legacy Bldng - Private,21,23,91%
4/30/2026,Michigan,Macomb - 2508,HC,Companion,23.5,24,98%
4/30/2026,Michigan,Macomb - 2508,HC,Private,32.6,33,99%
4/30/2026,Michigan,Novi - 2510,AL,Companion,7,7,100%
4/30/2026,Michigan,Novi - 2510,AL,Studio - Private,20.8,24,87%
4/30/2026,Michigan,Novi - 2510,HC,Companion,14.6,16,91%
4/30/2026,Michigan,Novi - 2510,HC,Private,35.5,37,96%
4/30/2026,Michigan,Novi - 2510,HC,Private Deluxe,0.9,1,87%
4/30/2026,Michigan,Okemos - 2504,AL,Companion,3.9,4,98%
4/30/2026,Michigan,Okemos - 2504,AL,Studio - Private,15.7,16,98%
4/30/2026,Michigan,Okemos - 2504,HC,Companion,23.8,24,99%
4/30/2026,Michigan,Okemos - 2504,HC,Private,29.1,32,91%
4/30/2026,Michigan,Okemos - 2504,HC,TCU - Companion,6,6,100%
4/30/2026,Michigan,Okemos - 2504,HC,TCU - Private,5.5,6,92%
4/30/2026,Michigan,Romeo - 2512,AL,Companion,6,7,86%
4/30/2026,Michigan,Romeo - 2512,AL,Studio - Private,20.2,23,88%
4/30/2026,Michigan,Romeo - 2512,AL,Studio - Private Deluxe,1,1,100%
4/30/2026,Michigan,Romeo - 2512,AL/MC,Legacy Lane - Companion,6,6,100%
4/30/2026,Michigan,Romeo - 2512,AL/MC,Legacy Lane - Private,22,23,96%
4/30/2026,Michigan,Romeo - 2512,HC,Companion,16.6,18,92%
4/30/2026,Michigan,Romeo - 2512,HC,Private,35.3,37,95%
4/30/2026,Michigan,Romeo SL - 527,SL,1BR;A Vw;B Loc;B Sz,11,11,100%
4/30/2026,Michigan,Romeo SL - 527,SL,1BR;B Vw;A Loc;B Sz,1,1,100%
4/30/2026,Michigan,Romeo SL - 527,SL,1BR;B Vw;B Loc;B Sz,2,2,100%
4/30/2026,Michigan,Romeo SL - 527,SL,1BR;B Vw;C Loc;B Sz,2,2,98%
4/30/2026,Michigan,Romeo SL - 527,SL,1BR;C Vw;A Loc;A Sz,2,2,100%
4/30/2026,Michigan,Romeo SL - 527,SL,1BR;C Vw;A Loc;B Sz,1,1,100%
4/30/2026,Michigan,Romeo SL - 527,SL,1BR;C Vw;B Loc;B Sz,14.7,15,98%
4/30/2026,Michigan,Romeo SL - 527,SL,1BR;C Vw;B Loc;C Sz,3,3,100%
4/30/2026,Michigan,Romeo SL - 527,SL,1BR;C Vw;C Loc;B Sz,15.1,16,95%
4/30/2026,Michigan,Romeo SL - 527,SL,1BR;C Vw;C Loc;C Sz,4,4,100%
4/30/2026,Michigan,Romeo SL - 527,SL,2BR;A Vw;B Loc;B Sz,1,1,100%
4/30/2026,Michigan,Romeo SL - 527,SL,2BR;B Vw;A Loc;B Sz,1,1,100%
4/30/2026,Michigan,Romeo SL - 527,SL,2BR;C Vw;A Loc;C Sz,1,1,100%
4/30/2026,Michigan,Romeo SL - 527,SL,Studio Dlx;C Vw;A Loc;B Sz,3,3,99%
4/30/2026,Michigan,Romeo SL - 527,SL,Studio Dlx;C Vw;C Loc;B Sz,4,4,100%
4/30/2026,Michigan,Romeo SL - 527,SL,Studio;B Vw;B Loc;A Sz,2.3,3,78%
4/30/2026,Michigan,Romeo SL - 527,SL,Studio;B Vw;B Loc;B Sz,1,1,100%
4/30/2026,Michigan,Romeo SL - 527,SL,Studio;B Vw;C Loc;A Sz,1,1,100%
4/30/2026,Michigan,Romeo SL - 527,SL,Studio;B Vw;C Loc;B Sz,3,3,100%
4/30/2026,Michigan,Romeo SL - 527,SL,Studio;C Vw;B Loc;A Sz,2,2,100%
4/30/2026,Michigan,Romeo SL - 527,SL,Studio;C Vw;C Loc;A Sz,2,2,100%
4/30/2026,North Central Indiana,Anderson - 112,AL,Companion,2,2,100%
4/30/2026,North Central Indiana,Anderson - 112,AL,Studio - Double 300 SQ FT,5,5,100%
4/30/2026,North Central Indiana,Anderson - 112,AL,Studio - Double 330 SQ FT,4,6,67%
4/30/2026,North Central Indiana,Anderson - 112,AL,Studio 300 SQ FT,11.7,14,83%
4/30/2026,North Central Indiana,Anderson - 112,AL,Studio 330 SQ FT,0,0,0%
4/30/2026,North Central Indiana,Anderson - 112,AL/MC,Legacy Bldng - Companion,0.2,4,5%
4/30/2026,North Central Indiana,Anderson - 112,AL/MC,Legacy Bldng - Private,12.6,17,74%
4/30/2026,North Central Indiana,Anderson - 112,HC,Companion,21.8,25,87%
4/30/2026,North Central Indiana,Anderson - 112,HC,Private,30.5,38,80%
4/30/2026,North Central Indiana,Anderson - 112,HC/MC,Legacy Lane - Companion,4,4,100%
4/30/2026,North Central Indiana,Anderson - 112,HC/MC,Legacy Lane - Private,6,6,100%
4/30/2026,North Central Indiana,Anderson - 112,VIL,Independent Living - Villa,20,25,81%
4/30/2026,North Central Indiana,Crawfordsville - 5167,AL,Companion,0,0,0%
4/30/2026,North Central Indiana,Crawfordsville - 5167,AL,One BR Apt-Double,3,4,75%
4/30/2026,North Central Indiana,Crawfordsville - 5167,AL,One BR Apt-Single,4,4,100%
4/30/2026,North Central Indiana,Crawfordsville - 5167,AL,Studio - Double,5.7,6,94%
4/30/2026,North Central Indiana,Crawfordsville - 5167,AL,Studio - Private,11.9,12,99%
4/30/2026,North Central Indiana,Crawfordsville - 5167,AL,Studio Deluxe - Double,4,4,100%
4/30/2026,North Central Indiana,Crawfordsville - 5167,AL/MC,MC - Companion,1,1,100%
4/30/2026,North Central Indiana,Crawfordsville - 5167,AL/MC,MC - Studio - Private,14,14,100%
4/30/2026,North Central Indiana,Crawfordsville - 5167,AL/MC,MC - Studio Double,1,1,100%
4/30/2026,North Central Indiana,Crawfordsville - 5167,HC,Companion,19.8,22,90%
4/30/2026,North Central Indiana,Crawfordsville - 5167,HC,Private,34.6,37,93%
4/30/2026,North Central Indiana,Delphi - 2134,AL,Compan;A Vw;B Loc;B Sz,1,1,100%
4/30/2026,North Central Indiana,Delphi - 2134,AL,Compan;A Vw;C Loc;B Sz,3,3,100%
4/30/2026,North Central Indiana,Delphi - 2134,AL,Compan;B Vw;C Loc;B Sz,2,2,100%
4/30/2026,North Central Indiana,Delphi - 2134,AL,Studio - Double:B Vw:C Loc;B Sz,1,1,100%
4/30/2026,North Central Indiana,Delphi - 2134,AL,Studio - Double;A Vw;A Loc;B Sz,3.3,4,82%
4/30/2026,North Central Indiana,Delphi - 2134,AL,Studio - Double;A Vw;B Loc;B Sz,1,1,100%
4/30/2026,North Central Indiana,Delphi - 2134,AL,Studio - Double;A Vw;C Loc;B Sz,2,2,100%
4/30/2026,North Central Indiana,Delphi - 2134,AL,Studio - Double;B Vw;A Loc;B Sz,1,1,100%
4/30/2026,North Central Indiana,Delphi - 2134,AL,Studio - Double;B Vw;B Loc;B Sz,1,1,100%
4/30/2026,North Central Indiana,Delphi - 2134,AL,Studio;A Vw;C Loc;B Sz,2,3,67%
4/30/2026,North Central Indiana,Delphi - 2134,AL,Studio;B Vw;A Loc;B Sz,1,1,100%
4/30/2026,North Central Indiana,Delphi - 2134,AL,Studio;B Vw;B Loc;B Sz,1,1,100%
4/30/2026,North Central Indiana,Delphi - 2134,AL,Studio;B Vw;C Loc;B Sz,5,5,100%
4/30/2026,North Central Indiana,Delphi - 2134,HC,Companion,38.1,39,98%
4/30/2026,North Central Indiana,Delphi - 2134,HC,Private,6.7,10,67%
4/30/2026,North Central Indiana,Delphi - 2134,HC,Private Dlx - Renovated,4.3,6,72%
4/30/2026,North Central Indiana,Delphi - 2134,HC,TCU - Private,3.8,7,54%
4/30/2026,North Central Indiana,Kokomo WK - 5168,AL,One BR Apt-Double,5,5,99%
4/30/2026,North Central Indiana,Kokomo WK - 5168,AL,One BR Apt-Single,3,3,100%
4/30/2026,North Central Indiana,Kokomo WK - 5168,AL,Studio - Double,1,1,100%
4/30/2026,North Central Indiana,Kokomo WK - 5168,AL,Studio - Private,16.7,17,98%
4/30/2026,North Central Indiana,Kokomo WK - 5168,AL,Studio - Private Deluxe,4,4,100%
4/30/2026,North Central Indiana,Kokomo WK - 5168,HC,Companion,7.7,8,96%
4/30/2026,North Central Indiana,Kokomo WK - 5168,HC,Private,51.9,62,84%
4/30/2026,North Central Indiana,Kokomo WP - 106,AL,Companion,2,2,100%
4/30/2026,North Central Indiana,Kokomo WP - 106,AL,Studio - Double,2,2,100%
4/30/2026,North Central Indiana,Kokomo WP - 106,AL,Studio - Private,18,18,100%
4/30/2026,North Central Indiana,Kokomo WP - 106,AL/MC,Legacy Bldng - Companion,3,3,100%
4/30/2026,North Central Indiana,Kokomo WP - 106,AL/MC,Legacy Bldng - Private,17.8,18,99%
4/30/2026,North Central Indiana,Kokomo WP - 106,HC,Companion,51,58,88%
4/30/2026,North Central Indiana,Kokomo WP - 106,HC,Private,15.2,17,89%
4/30/2026,North Central Indiana,Kokomo WP - 106,HC,Private Deluxe,2,2,98%
4/30/2026,North Central Indiana,Kokomo WP - 106,HC/MC,Legacy Lane - Companion,3.3,4,83%
4/30/2026,North Central Indiana,Kokomo WP - 106,HC/MC,Legacy Lane - Private,6,6,100%
4/30/2026,North Central Indiana,Kokomo WP - 106,VIL,Independent Living - Villa 1,18.6,22,85%
4/30/2026,North Central Indiana,Kokomo WP - 106,VIL,Villa 1 BR,10,10,100%
4/30/2026,North Central Indiana,Kokomo WP - 106,VIL,Villa 2 BR,12,12,100%
4/30/2026,North Central Indiana,Lafayette CS - 133,AL,Companion,6,6,100%
4/30/2026,North Central Indiana,Lafayette CS - 133,AL,Studio - Private,26.9,28,96%
4/30/2026,North Central Indiana,Lafayette CS - 133,AL/MC,Legacy Bldng - Companion,1,1,100%
4/30/2026,North Central Indiana,Lafayette CS - 133,AL/MC,Legacy Bldng - Private,17.9,19,94%
4/30/2026,North Central Indiana,Lafayette CS - 133,AL/MC,Legacy Bldng - Studio,0.8,1,77%
4/30/2026,North Central Indiana,Lafayette CS - 133,HC,Companion,25.6,26,98%
4/30/2026,North Central Indiana,Lafayette CS - 133,HC,Private,29.6,35,85%
4/30/2026,North Central Indiana,Lafayette CS - 133,HC/MC,Legacy Lane - Companion,0.9,4,23%
4/30/2026,North Central Indiana,Lafayette CS - 133,HC/MC,Legacy Lane - Private,5.3,6,88%
4/30/2026,North Central Indiana,Lafayette CS - 133,VIL,Independent Living - 2BR,23.5,24,98%
4/30/2026,North Central Indiana,Lafayette SL - 5162,AL,Companion,0,0,0%
4/30/2026,North Central Indiana,Lafayette SL - 5162,AL,One BR Apt-Double,8,8,100%
4/30/2026,North Central Indiana,Lafayette SL - 5162,AL,Studio - Double,1,1,97%
4/30/2026,North Central Indiana,Lafayette SL - 5162,AL,Studio - Private,12,13,93%
4/30/2026,North Central Indiana,Lafayette SL - 5162,AL,Studio - Private Deluxe,4,4,100%
4/30/2026,North Central Indiana,Lafayette SL - 5162,AL,Studio Executive Deluxe - Double,4,4,100%
4/30/2026,North Central Indiana,Lafayette SL - 5162,AL/MC,MC - Companion,1,1,100%
4/30/2026,North Central Indiana,Lafayette SL - 5162,AL/MC,MC - Studio - Private,12,12,100%
4/30/2026,North Central Indiana,Lafayette SL - 5162,HC,Companion,17.8,18,99%
4/30/2026,North Central Indiana,Lafayette SL - 5162,HC,Private,20.2,36,56%
4/30/2026,North Central Indiana,Lafayette SL - 5162,HC,Private Deluxe,2.4,6,39%
4/30/2026,North Central Indiana,Lafayette SM - 2136,HC,Companion,24.8,26,95%
4/30/2026,North Central Indiana,Lafayette SM - 2136,HC,Private,7.4,15,49%
4/30/2026,North Central Indiana,Lafayette SM - 2136,HC/MC,Legacy Lane - Companion,25.5,26,98%
4/30/2026,North Central Indiana,Lafayette SM - 2136,HC/MC,Legacy Lane - Private,3,3,100%
4/30/2026,North Central Indiana,Lebanon - 104,AL,Companion,3,3,100%
4/30/2026,North Central Indiana,Lebanon - 104,AL,Companion - Single,1,1,100%
4/30/2026,North Central Indiana,Lebanon - 104,AL,Studio - Companion,1,1,100%
4/30/2026,North Central Indiana,Lebanon - 104,AL,Studio - Private,3,3,100%
4/30/2026,North Central Indiana,Lebanon - 104,AL,Studio - Private - A Location,6,6,100%
4/30/2026,North Central Indiana,Lebanon - 104,AL,Studio - Private - End of Hall,8,8,100%
4/30/2026,North Central Indiana,Lebanon - 104,AL/MC,Legacy Lane - Companion,2,2,100%
4/30/2026,North Central Indiana,Lebanon - 104,AL/MC,Legacy Lane - Private,8.2,9,91%
4/30/2026,North Central Indiana,Lebanon - 104,HC,Companion,35.3,42,84%
4/30/2026,North Central Indiana,Lebanon - 104,HC,Private,15.5,26,60%
4/30/2026,North Central Indiana,Muncie - 128,AL,1BR;A Vw;B Loc;B Sz,2,2,100%
4/30/2026,North Central Indiana,Muncie - 128,AL,1BR;B Vw;B Loc;A Sz,1,1,100%
4/30/2026,North Central Indiana,Muncie - 128,AL,1BR;B Vw;B Loc;B Sz,1,1,100%
4/30/2026,North Central Indiana,Muncie - 128,AL,Compan;A Vw;B Loc;B Sz,2.8,3,94%
4/30/2026,North Central Indiana,Muncie - 128,AL,Companion,4,4,100%
4/30/2026,North Central Indiana,Muncie - 128,AL,Studio - Companion,1,1,100%
4/30/2026,North Central Indiana,Muncie - 128,AL,Studio - Private,15.6,17,92%
4/30/2026,North Central Indiana,Muncie - 128,AL,Studio;A Vw;B Loc;B Sz,1.2,2,58%
4/30/2026,North Central Indiana,Muncie - 128,AL,Studio;B Vw;B Loc;B Sz,2,2,100%
4/30/2026,North Central Indiana,Muncie - 128,AL/MC,Legacy Lane - Private,0,0,0%
4/30/2026,North Central Indiana,Muncie - 128,AL/MC,MC-Compan;A Vw;B Loc;B Sz,3,3,100%
4/30/2026,North Central Indiana,Muncie - 128,AL/MC,MC-Compan;A Vw;C Loc;B Sz,2.9,3,97%
4/30/2026,North Central Indiana,Muncie - 128,AL/MC,MC-Studio;A Vw;A Loc;B Sz,3.7,4,92%
4/30/2026,North Central Indiana,Muncie - 128,AL/MC,MC-Studio;A Vw;B Loc;B Sz,1.8,2,92%
4/30/2026,North Central Indiana,Muncie - 128,AL/MC,MC-Studio;A Vw;C Loc;B Sz,4,4,100%
4/30/2026,North Central Indiana,Muncie - 128,AL/MC,MC-Studio;B Vw;A Loc;B Sz,2,2,100%
4/30/2026,North Central Indiana,Muncie - 128,AL/MC,MC-Studio;B Vw;B Loc;B Sz,3,3,100%
4/30/2026,North Central Indiana,Muncie - 128,AL/MC,MC-Studio;B Vw;C Loc;B Sz,8,8,100%
4/30/2026,North Central Indiana,Muncie - 128,HC,Companion,23.4,32,73%
4/30/2026,North Central Indiana,Muncie - 128,HC,Private,9.5,11,87%
4/30/2026,North Central Indiana,Muncie - 128,HC,TCU - Companion,0,0,0%
4/30/2026,North Central Indiana,Muncie - 128,HC,TCU - Private,9,11,82%
4/30/2026,North Central Indiana,Muncie - 128,HC/MC,MC - Companion,3.7,4,93%
4/30/2026,North Central Indiana,Muncie - 128,HC/MC,MC- Private,7.8,8,97%
4/30/2026,North Central Indiana,Muncie - 128,VIL,IL - Villa - 2BR;A Loc,9.5,10,95%
4/30/2026,North Central Indiana,Muncie - 128,VIL,IL - Villa - 2BR;B Loc,7,8,88%
4/30/2026,North Central Indiana,Muncie - 128,VIL,IL - Villa - 2BR;C Loc,12,12,100%
4/30/2026,North Central Indiana,Noblesville - 141,AL,Companion,7,7,100%
4/30/2026,North Central Indiana,Noblesville - 141,AL,Studio - Private,26.2,27,97%
4/30/2026,North Central Indiana,Noblesville - 141,AL/MC,Legacy Bldng - Companion,2,3,67%
4/30/2026,North Central Indiana,Noblesville - 141,AL/MC,Legacy Bldng - Private,22.6,26,87%
4/30/2026,North Central Indiana,Noblesville - 141,HC,Companion,23.8,24,99%
4/30/2026,North Central Indiana,Noblesville - 141,HC,Private,20.3,21,97%
4/30/2026,North Central Indiana,Noblesville - 141,HC,TCU - Companion,2,2,100%
4/30/2026,North Central Indiana,Noblesville - 141,HC,TCU - Private,13.1,14,93%
4/30/2026,North Central Indiana,West Lafayette - 2135,AL,Companion,3.3,5,66%
4/30/2026,North Central Indiana,West Lafayette - 2135,AL,One BR Apt Deluxe-Double,6.7,6,112%
4/30/2026,North Central Indiana,West Lafayette - 2135,AL,One BR Apt Deluxe-Single,10,10,100%
4/30/2026,North Central Indiana,West Lafayette - 2135,AL,One BR Apt-Double,1,1,100%
4/30/2026,North Central Indiana,West Lafayette - 2135,AL,One BR Apt-Single,6,6,100%
4/30/2026,North Central Indiana,West Lafayette - 2135,AL,Studio 234 SQ FT,3.7,4,92%
4/30/2026,North Central Indiana,West Lafayette - 2135,AL,Studio 299 SQ FT,12,16,75%
4/30/2026,North Central Indiana,West Lafayette - 2135,AL,Studio 315 SQ FT,11.8,13,89%
4/30/2026,North Central Indiana,West Lafayette - 2135,AL,Studio 315 SQ FT - Double,1,2,59%
4/30/2026,North Central Indiana,West Lafayette - 2135,HC,Companion,41.5,58,71%
4/30/2026,North Central Indiana,West Lafayette - 2135,HC,Private,7.2,13,56%
4/30/2026,North IN & Kingston,Ashland KOA-0554,HC,Companion,42.4,46,92%
4/30/2026,North IN & Kingston,Ashland KOA-0554,HC,Companion Deluxe,8.3,16,52%
4/30/2026,North IN & Kingston,Ashland KOA-0554,HC,Private,16,18,89%
4/30/2026,North IN & Kingston,Ashland KOA-0554,HC,Private - Rehab,11.1,13,86%
4/30/2026,North IN & Kingston,Ashland KOA-0554,HC,Private Deluxe - Rehab,7.8,17,46%
4/30/2026,North IN & Kingston,Elkhart - 132,AL,One BR Apt-Double,9.9,10,99%
4/30/2026,North IN & Kingston,Elkhart - 132,AL,One BR Apt-Single,4,4,100%
4/30/2026,North IN & Kingston,Elkhart - 132,AL,Studio - Companion,0,0,0%
4/30/2026,North IN & Kingston,Elkhart - 132,AL,Studio - Private,16.5,20,82%
4/30/2026,North IN & Kingston,Elkhart - 132,AL,"Studio - Private - Small (B01,B05)",2,2,100%
4/30/2026,North IN & Kingston,Elkhart - 132,AL/MC,Legacy Lane - Companion,2,2,100%
4/30/2026,North IN & Kingston,Elkhart - 132,AL/MC,Legacy Lane - Private,11.6,12,96%
4/30/2026,North IN & Kingston,Elkhart - 132,HC,Companion,19.7,20,98%
4/30/2026,North IN & Kingston,Elkhart - 132,HC,Private,37.9,40,95%
4/30/2026,North IN & Kingston,Fort Wayne KHC-0551,HC,Companion,37.1,50,74%
4/30/2026,North IN & Kingston,Fort Wayne KHC-0551,HC,Companion Deluxe,13.6,32,42%
4/30/2026,North IN & Kingston,Fort Wayne KHC-0551,HC,Private,21.9,33,66%
4/30/2026,North IN & Kingston,Fort Wayne KHC-0551,HC/MC,MC - Companion,15,18,83%
4/30/2026,North IN & Kingston,Fort Wayne KHC-0551,HC/MC,MC - Private,3,4,75%
4/30/2026,North IN & Kingston,Fort Wayne KOD-0553,AL/MC,MC - Companion,9.2,11,84%
4/30/2026,North IN & Kingston,Fort Wayne KOD-0553,AL/MC,MC - Studio,20.3,23,88%
4/30/2026,North IN & Kingston,Fort Wayne KSL-0552,AL,One Bedroom,19.7,27,73%
4/30/2026,North IN & Kingston,Fort Wayne KSL-0552,AL,Studio,24.2,26,93%
4/30/2026,North IN & Kingston,Fort Wayne KSL-0552,AL,Studio Deluxe,7.4,9,82%
4/30/2026,North IN & Kingston,Goshen MW - 124,HC,Companion,38.1,39,98%
4/30/2026,North IN & Kingston,Goshen MW - 124,HC,Private,14.5,15,97%
4/30/2026,North IN & Kingston,Goshen MW - 124,HC,TCU - Companion,1,1,100%
4/30/2026,North IN & Kingston,Goshen MW - 124,HC,TCU - Private,14,15,93%
4/30/2026,North IN & Kingston,Goshen MW - 124,HC/MC,MC - Companion,7.8,8,97%
4/30/2026,North IN & Kingston,Goshen MW - 124,HC/MC,MC - Studio - Private,5.9,6,98%
4/30/2026,North IN & Kingston,Goshen SL - 2184,AL,One BR + Den-Double,2,2,100%
4/30/2026,North IN & Kingston,Goshen SL - 2184,AL,One BR + Den-Single,1,1,100%
4/30/2026,North IN & Kingston,Goshen SL - 2184,AL,One BR 571 SQ FT-Single,3,3,100%
4/30/2026,North IN & Kingston,Goshen SL - 2184,AL,One BR 591 SQ FT-Double,1,1,100%
4/30/2026,North IN & Kingston,Goshen SL - 2184,AL,One BR 605 SQ FT-Double,1,1,100%
4/30/2026,North IN & Kingston,Goshen SL - 2184,AL,One BR 605 SQ FT-Single,1,1,100%
4/30/2026,North IN & Kingston,Goshen SL - 2184,AL,One BR 608 SQ FT-Double,2,2,100%
4/30/2026,North IN & Kingston,Goshen SL - 2184,AL,One BR 608 SQ FT-Single,3,3,100%
4/30/2026,North IN & Kingston,Goshen SL - 2184,AL,One BR 621 SQ FT-Double,0,0,0%
4/30/2026,North IN & Kingston,Goshen SL - 2184,AL,One BR 621 SQ FT-Single,1,1,100%
4/30/2026,North IN & Kingston,Goshen SL - 2184,AL,One BR 624 SQ FT-Double,1,1,100%
4/30/2026,North IN & Kingston,Goshen SL - 2184,AL,One BR 624 SQ FT-Single,1,1,100%
4/30/2026,North IN & Kingston,Goshen SL - 2184,AL,One BR 639 SQ FT-Double,2,2,100%
4/30/2026,North IN & Kingston,Goshen SL - 2184,AL,One BR 639 SQ FT-Single,4,4,100%
4/30/2026,North IN & Kingston,Goshen SL - 2184,AL,One BR 652 SQ FT-Double,0,0,0%
4/30/2026,North IN & Kingston,Goshen SL - 2184,AL,One BR 652 SQ FT-Single,2,2,100%
4/30/2026,North IN & Kingston,Goshen SL - 2184,AL,One BR 686 SQ FT-Double,1,1,100%
4/30/2026,North IN & Kingston,Goshen SL - 2184,AL,One BR Balcony-Double,1,1,100%
4/30/2026,North IN & Kingston,Goshen SL - 2184,AL,One BR Balcony-Single,1,1,100%
4/30/2026,North IN & Kingston,Goshen SL - 2184,AL,One BR Deluxe 668 SQ FT-Double,3,3,100%
4/30/2026,North IN & Kingston,Goshen SL - 2184,AL,One BR Deluxe 668 SQ FT-Single,1,1,100%
4/30/2026,North IN & Kingston,Goshen SL - 2184,AL,One BR Deluxe 711 SQ FT-Double,0,0,0%
4/30/2026,North IN & Kingston,Goshen SL - 2184,AL,One BR Deluxe 711 SQ FT-Single,2,2,100%
4/30/2026,North IN & Kingston,Goshen SL - 2184,AL,One BR Patio-Double,0,0,0%
4/30/2026,North IN & Kingston,Goshen SL - 2184,AL,One BR Patio-Single,2,2,100%
4/30/2026,North IN & Kingston,Goshen SL - 2184,AL,One BR V 605 SQ FT-Double,2,2,100%
4/30/2026,North IN & Kingston,Goshen SL - 2184,AL,Studio 323 SQ FT,1,1,100%
4/30/2026,North IN & Kingston,Goshen SL - 2184,AL,Studio 372 SQ FT,4,4,100%
4/30/2026,North IN & Kingston,Goshen SL - 2184,AL,Studio 376 SQ FT,2,2,100%
4/30/2026,North IN & Kingston,Goshen SL - 2184,AL,Studio 391 SQ FT,8,8,100%
4/30/2026,North IN & Kingston,Goshen SL - 2184,AL,Studio 440 SQ FT,1,1,100%
4/30/2026,North IN & Kingston,Goshen SL - 2184,AL,Studio 449 SQ FT,1,1,100%
4/30/2026,North IN & Kingston,Goshen SL - 2184,AL,Studio 452 SQ FT,1,1,100%
4/30/2026,North IN & Kingston,Goshen SL - 2184,AL,Studio P 449 SQ FT,2,2,100%
4/30/2026,North IN & Kingston,Goshen SL - 2184,AL,Studio V 449 SQ FT,2,2,100%
4/30/2026,North IN & Kingston,Goshen SL - 2184,AL,Two BR 1036 SQ FT-Double,5,5,100%
4/30/2026,North IN & Kingston,Goshen SL - 2184,AL,Two BR 1036 SQ FT-Single,1,2,50%
4/30/2026,North IN & Kingston,Goshen SL - 2184,AL,Two BR 928 SQ FT-Double,1,1,100%
4/30/2026,North IN & Kingston,Goshen SL - 2184,AL,Two BR 928 SQ FT-Single,1,1,100%
4/30/2026,North IN & Kingston,Goshen SL - 2184,AL/MC,Legacy Lane - Studio 374 SQ FT,4,4,100%
4/30/2026,North IN & Kingston,Goshen SL - 2184,AL/MC,Legacy Lane - Studio 382 SQ FT,4,4,100%
4/30/2026,North IN & Kingston,Goshen SL - 2184,AL/MC,Legacy Lane - Studio 401 SQ FT,2,2,100%
4/30/2026,North IN & Kingston,Goshen SL - 2184,AL/MC,Legacy Lane - Studio 408 SQ FT,0.3,1,33%
4/30/2026,North IN & Kingston,Goshen SL - 2184,SL,One BR 608 SQ FT-Single,0,0,0%
4/30/2026,North IN & Kingston,Goshen SL - 2184,SL,One BR 621 SQ FT - Single,0,0,0%
4/30/2026,North IN & Kingston,Goshen SL - 2184,SL,One BR 624 SQ FT - Double,0,0,0%
4/30/2026,North IN & Kingston,Goshen SL - 2184,SL,One BR 686 SQ FT - Double,0,0,0%
4/30/2026,North IN & Kingston,Goshen SL - 2184,SL,One BR Deluxe 711 SQ FT - Single,0,0,0%
4/30/2026,North IN & Kingston,Goshen SL - 2184,SL,Studio 372 SQ FT,0,0,0%
4/30/2026,North IN & Kingston,Goshen SL - 2184,SL,Studio 376 SQ FT,0,0,0%
4/30/2026,North IN & Kingston,Goshen SL - 2184,SL,Studio 391 SQ FT,0,0,0%
4/30/2026,North IN & Kingston,Goshen SL - 2184,SL,Studio 440 SQ FT,0,0,0%
4/30/2026,North IN & Kingston,Goshen SL - 2184,SL,Studio 452 SQ FT,0,0,0%
4/30/2026,North IN & Kingston,Goshen SL - 2184,SL,Studio P 449 SQ FT,0,0,0%
4/30/2026,North IN & Kingston,Kendallville - 2185,AL,Companion,4,4,100%
4/30/2026,North IN & Kingston,Kendallville - 2185,AL,Studio - Private,14.3,15,96%
4/30/2026,North IN & Kingston,Kendallville - 2185,AL/MC,Legacy Lane - Companion,3,3,100%
4/30/2026,North IN & Kingston,Kendallville - 2185,AL/MC,Legacy Lane - Private,8,8,100%
4/30/2026,North IN & Kingston,Kendallville - 2185,HC,Companion,23.5,24,98%
4/30/2026,North IN & Kingston,Kendallville - 2185,HC,Private,30.3,34,89%
4/30/2026,North IN & Kingston,Marion KOM-0555,AL,Companion,10,11,91%
4/30/2026,North IN & Kingston,Marion KOM-0555,AL,One Bedroom,41.1,60,69%
4/30/2026,North IN & Kingston,Marion KOM-0555,AL,Two BR - One Bath,2,4,50%
4/30/2026,North IN & Kingston,Marion KOM-0555,AL,Two BR - Two Bath,5,6,83%
4/30/2026,North IN & Kingston,Marion KOM-0555,AL/MC,MC - Studio,26.9,32,84%
4/30/2026,North IN & Kingston,Miamisburg KOM-0556,HC,Companion,58.7,74,79%
4/30/2026,North IN & Kingston,Miamisburg KOM-0556,HC,Companion Deluxe,0,0,0%
4/30/2026,North IN & Kingston,Miamisburg KOM-0556,HC,Companion Rehab,1.9,4,48%
4/30/2026,North IN & Kingston,Miamisburg KOM-0556,HC,Private,7,7,100%
4/30/2026,North IN & Kingston,Miamisburg KOM-0556,HC,Private Deluxe,3.5,4,88%
4/30/2026,North IN & Kingston,Miamisburg KOM-0556,HC,Private Deluxe - E Hall,14.9,24,62%
4/30/2026,North IN & Kingston,Perrysburg KHC-0557,HC,Companion,3.3,4,83%
4/30/2026,North IN & Kingston,Perrysburg KHC-0557,HC,Private,46.8,52,90%
4/30/2026,North IN & Kingston,Perrysburg KHC-0557,HC,Private Deluxe,5.1,6,84%
4/30/2026,North IN & Kingston,Perrysburg KSL-0558,AL,2 FL One Bedroom,15.2,15,100%
4/30/2026,North IN & Kingston,Perrysburg KSL-0558,AL,2 FL Studio,24.3,24,100%
4/30/2026,North IN & Kingston,Perrysburg KSL-0558,AL,2 FL Two Bedroom,1,1,100%
4/30/2026,North IN & Kingston,Perrysburg KSL-0558,AL,One Bedroom,8,8,100%
4/30/2026,North IN & Kingston,Perrysburg KSL-0558,AL,Studio,2,2,100%
4/30/2026,North IN & Kingston,Perrysburg KSL-0558,AL,Two Bedroom,1,1,100%
4/30/2026,North IN & Kingston,Perrysburg KSL-0558,AL/MC,MC - Studio,24.2,25,97%
4/30/2026,North IN & Kingston,Perrysburg KSL-0558,AL/MC,MC - Studio Deluxe,8.2,9,91%
4/30/2026,North IN & Kingston,Perrysburg KSL-0558,SL,2 FL One Bedroom,0,1,0%
4/30/2026,North IN & Kingston,Perrysburg KSL-0558,SL,2 FL Studio,0,3,0%
4/30/2026,North IN & Kingston,Sylvania KHC-0559,HC,Companion,48.2,54,89%
4/30/2026,North IN & Kingston,Sylvania KHC-0559,HC,Companion Rehab,24.6,26,94%
4/30/2026,North IN & Kingston,Sylvania KHC-0559,HC,Private,25.6,26,98%
4/30/2026,North IN & Kingston,Sylvania KHC-0559,HC,Private Deluxe,1,1,100%
4/30/2026,North IN & Kingston,Sylvania KHC-0559,HC,Private Rehab,19.3,20,97%
4/30/2026,North IN & Kingston,Sylvania KSL-0560,AL,2 FL Studio,7.2,7,100%
4/30/2026,North IN & Kingston,Sylvania KSL-0560,AL,2 FL Studio Deluxe,2,2,100%
4/30/2026,North IN & Kingston,Sylvania KSL-0560,AL,2 FL Two BR - Large,2,2,100%
4/30/2026,North IN & Kingston,Sylvania KSL-0560,AL,2FL One BR - Large,2,3,67%
4/30/2026,North IN & Kingston,Sylvania KSL-0560,AL,2FL One BR - Medium,13,16,81%
4/30/2026,North IN & Kingston,Sylvania KSL-0560,AL,2FL One BR - Small,2,4,50%
4/30/2026,North IN & Kingston,Sylvania KSL-0560,AL,2FL Two BR - Medium,1,1,100%
4/30/2026,North IN & Kingston,Sylvania KSL-0560,AL,Companion - CL,2,2,100%
4/30/2026,North IN & Kingston,Sylvania KSL-0560,AL,One Bedroom - CL,1.7,2,85%
4/30/2026,North IN & Kingston,Sylvania KSL-0560,AL,One BR - Large,3,3,100%
4/30/2026,North IN & Kingston,Sylvania KSL-0560,AL,One BR - Medium,16,16,100%
4/30/2026,North IN & Kingston,Sylvania KSL-0560,AL,Studio,9.6,11,88%
4/30/2026,North IN & Kingston,Sylvania KSL-0560,AL,Studio - Alcove,2,2,100%
4/30/2026,North IN & Kingston,Sylvania KSL-0560,AL,Studio - CL,23.1,24,96%
4/30/2026,North IN & Kingston,Sylvania KSL-0560,AL,Studio Deluxe,3.7,4,93%
4/30/2026,North IN & Kingston,Sylvania KSL-0560,AL,Studio Deluxe - CL,2,2,100%
4/30/2026,North IN & Kingston,Sylvania KSL-0560,AL,Studio Double - CL,1,1,100%
4/30/2026,North IN & Kingston,Sylvania KSL-0560,AL,Two BR - Large,3,3,100%
4/30/2026,North IN & Kingston,Sylvania KSL-0560,AL/MC,MC - Companion,2,2,100%
4/30/2026,North IN & Kingston,Sylvania KSL-0560,AL/MC,MC - Studio,24.4,25,98%
4/30/2026,North IN & Kingston,Sylvania KSL-0560,AL/MC,MC - Studio Deluxe,1.9,2,93%
4/30/2026,North IN & Kingston,Sylvania KSL-0560,SL,2 FL Studio,0,5,0%
4/30/2026,North IN & Kingston,Sylvania KSL-0560,SL,2 FL Studio - Alcove,0,2,0%
4/30/2026,North IN & Kingston,Sylvania KSL-0560,SL,2 FL Studio Deluxe,0,3,0%
4/30/2026,North IN & Kingston,Sylvania KSL-0560,SL,2 FL Two BR - Large,0,0,0%
4/30/2026,North IN & Kingston,Vermilion KHC-0561,HC,Companion,35.9,50,72%
4/30/2026,North IN & Kingston,Vermilion KHC-0561,HC,Companion Deluxe,12.9,14,92%
4/30/2026,North IN & Kingston,Vermilion KHC-0561,HC,Companion Rehab,15.9,22,72%
4/30/2026,North IN & Kingston,Vermilion KHC-0561,HC,Private,13.4,16,84%
4/30/2026,North IN & Kingston,Vermilion KHC-0561,HC/MC,MC - Companion,13.4,16,84%
4/30/2026,North IN & Kingston,Vermilion KHC-0561,HC/MC,MC - Private,2,2,100%
4/30/2026,North IN & Kingston,Vermilion KSL-0562,AL,One Bedroom,4,4,100%
4/30/2026,North IN & Kingston,Vermilion KSL-0562,AL,Studio,6,10,60%
4/30/2026,North IN & Kingston,Vermilion KSL-0562,AL,Studio - Double,19.2,22,87%
4/30/2026,North IN & Kingston,Vermilion KSL-0562,AL,Two Bedroom,7,12,58%
4/30/2026,North Ohio,Bellevue - 414,AL,Companion,4,4,99%
4/30/2026,North Ohio,Bellevue - 414,AL,Studio - Private,17.9,18,99%
4/30/2026,North Ohio,Bellevue - 414,AL/MC,Legacy Lane - Companion,1.5,2,73%
4/30/2026,North Ohio,Bellevue - 414,AL/MC,Legacy Lane - Private,9,9,100%
4/30/2026,North Ohio,Bellevue - 414,HC,Companion,21.6,22,98%
4/30/2026,North Ohio,Bellevue - 414,HC,Private,35,38,92%
4/30/2026,North Ohio,Bellevue - 414,VIL,Independent Living - Villa,24,24,100%
4/30/2026,North Ohio,Bowling Green - 443,AL,2 FL 1BR;C Vw;C Loc;C Sz,1,1,100%
4/30/2026,North Ohio,Bowling Green - 443,AL,2 FL Studio;C Vw;B Loc;B Sz,1,1,100%
4/30/2026,North Ohio,Bowling Green - 443,AL,Compan;A Vw;C Loc;B Sz,2,2,100%
4/30/2026,North Ohio,Bowling Green - 443,AL,Compan;C Vw;C Loc;B Sz,2,2,100%
4/30/2026,North Ohio,Bowling Green - 443,AL,Studio;A Vw;A Loc;B Sz,3,3,100%
4/30/2026,North Ohio,Bowling Green - 443,AL,Studio;A Vw;C Loc;B Sz,9.7,10,97%
4/30/2026,North Ohio,Bowling Green - 443,AL,Studio;C Vw;C Loc;B Sz,2,2,100%
4/30/2026,North Ohio,Bowling Green - 443,AL/MC,MC-Compan;A Vw;C Loc;B Sz,2,2,100%
4/30/2026,North Ohio,Bowling Green - 443,AL/MC,MC-Compan;C Vw;C Loc;B Sz,1,1,100%
4/30/2026,North Ohio,Bowling Green - 443,AL/MC,MC-Studio;A Vw;A Loc;B Sz,1.2,2,60%
4/30/2026,North Ohio,Bowling Green - 443,AL/MC,MC-Studio;A Vw;C Loc;B Sz,5,5,100%
4/30/2026,North Ohio,Bowling Green - 443,AL/MC,MC-Studio;C Vw;C Loc;B Sz,5,5,100%
4/30/2026,North Ohio,Bowling Green - 443,HC,Companion,2.4,4,60%
4/30/2026,North Ohio,Bowling Green - 443,HC,Studio Dlx;A Vw;A Loc;C Sz,1,1,100%
4/30/2026,North Ohio,Bowling Green - 443,HC,Studio;A Vw;B Loc;B Sz,4.7,5,94%
4/30/2026,North Ohio,Bowling Green - 443,HC,Studio;A Vw;C Loc;B Sz,9.1,10,91%
4/30/2026,North Ohio,Bowling Green - 443,HC,Studio;C Vw;B Loc;B Sz,6.7,7,96%
4/30/2026,North Ohio,Bowling Green - 443,HC,Studio;C Vw;C Loc;B Sz,20.8,23,91%
4/30/2026,North Ohio,Bowling Green - 443,SL,2 FL 1BR;A Vw;C Loc;A Sz,2,2,100%
4/30/2026,North Ohio,Bowling Green - 443,SL,2 FL 1BR;A Vw;C Loc;B Sz,7,7,100%
4/30/2026,North Ohio,Bowling Green - 443,SL,2 FL 1BR;C Vw;A Loc;B Sz,3,3,100%
4/30/2026,North Ohio,Bowling Green - 443,SL,2 FL 1BR;C Vw;C Loc;A Sz,1,1,100%
4/30/2026,North Ohio,Bowling Green - 443,SL,2 FL 1BR;C Vw;C Loc;B Sz,5,5,100%
4/30/2026,North Ohio,Bowling Green - 443,SL,2 FL 1BR;C Vw;C Loc;C Sz,1,1,100%
4/30/2026,North Ohio,Bowling Green - 443,SL,2 FL Studio;A Vw;B Loc;B Sz,1.7,2,85%
4/30/2026,North Ohio,Bowling Green - 443,SL,2 FL Studio;C Vw;B Loc;B Sz,1,2,50%
4/30/2026,North Ohio,Findlay - 408,AL,One BR Apt Deluxe-Double,4,4,100%
4/30/2026,North Ohio,Findlay - 408,AL,One BR Apt Deluxe-Single,3,3,100%
4/30/2026,North Ohio,Findlay - 408,AL,One BR Apt-Double,27,27,100%
4/30/2026,North Ohio,Findlay - 408,AL,Two BR Apt Deluxe-Double,3.7,4,92%
4/30/2026,North Ohio,Findlay - 408,AL,Two BR Apt-Double,2,2,100%
4/30/2026,North Ohio,Findlay - 408,AL,Two BR Apt-Single,3,3,100%
4/30/2026,North Ohio,Findlay - 408,AL/MC,Legacy Bldng - Companion,0,1,0%
4/30/2026,North Ohio,Findlay - 408,AL/MC,Legacy Bldng - Private,19.4,23,84%
4/30/2026,North Ohio,Findlay - 408,AL/MC,Legacy Bldng - Private Deluxe,3.2,5,65%
4/30/2026,North Ohio,Findlay - 408,HC,Companion,15.2,18,83%
4/30/2026,North Ohio,Findlay - 408,HC,Private,56.7,58,97%
4/30/2026,North Ohio,Findlay - 408,HC,Private Deluxe,13.7,14,97%
4/30/2026,North Ohio,Findlay - 408,HC/MC,Legacy Lane - Companion,0,0,0%
4/30/2026,North Ohio,Findlay - 408,HC/MC,Legacy Lane - Private,0,0,0%
4/30/2026,North Ohio,Fremont - 403,AL,Companion,4,4,100%
4/30/2026,North Ohio,Fremont - 403,AL,Studio - Private,14,14,100%
4/30/2026,North Ohio,Fremont - 403,AL,Studio - Private C Sz,1,1,100%
4/30/2026,North Ohio,Fremont - 403,AL/MC,MC Companion,4,4,100%
4/30/2026,North Ohio,Fremont - 403,AL/MC,MC Companion Deluxe,1,1,100%
4/30/2026,North Ohio,Fremont - 403,AL/MC,MC Studio,6,6,100%
4/30/2026,North Ohio,Fremont - 403,HC,Companion,27.3,28,98%
4/30/2026,North Ohio,Fremont - 403,HC,Private,26.6,30,89%
4/30/2026,North Ohio,Fremont - 403,HC,Private Deluxe,2,2,100%
4/30/2026,North Ohio,Fremont - 403,HC,TCU - Private,0,0,0%
4/30/2026,North Ohio,Genoa - 411,AL,One BR Apt Deluxe-Double,3,3,100%
4/30/2026,North Ohio,Genoa - 411,AL,One BR Apt Deluxe-Single,4,4,100%
4/30/2026,North Ohio,Genoa - 411,AL,One BR Apt-Double,3.6,4,90%
4/30/2026,North Ohio,Genoa - 411,AL,One BR Apt-Single,13.7,15,92%
4/30/2026,North Ohio,Genoa - 411,AL,Studio - Private,15.6,16,98%
4/30/2026,North Ohio,Genoa - 411,AL,Two BR Apt-Double,2,2,100%
4/30/2026,North Ohio,Genoa - 411,AL,Two BR Apt-Single,0,0,0%
4/30/2026,North Ohio,Genoa - 411,AL/MC,MC-Compan;B Vw;A Loc;B Sz,1,2,50%
4/30/2026,North Ohio,Genoa - 411,AL/MC,MC-Compan;B Vw;B Loc;B Sz,1,1,100%
4/30/2026,North Ohio,Genoa - 411,AL/MC,MC-Studio Dlx;B Vw;B Loc;B Sz,4,4,100%
4/30/2026,North Ohio,Genoa - 411,AL/MC,MC-Studio;B Vw;B Loc;B Sz,2.5,3,82%
4/30/2026,North Ohio,Genoa - 411,HC,Companion,31.3,33,95%
4/30/2026,North Ohio,Genoa - 411,HC,Private,33.8,35,97%
4/30/2026,North Ohio,Kalida - 406,AL,1BR,0,1,0%
4/30/2026,North Ohio,Kalida - 406,AL,Companion,3,4,75%
4/30/2026,North Ohio,Kalida - 406,AL,Studio - Private,15,16,94%
4/30/2026,North Ohio,Kalida - 406,AL/MC,Legacy Lane - Companion,2,2,100%
4/30/2026,North Ohio,Kalida - 406,AL/MC,Legacy Lane - Private,6,8,75%
4/30/2026,North Ohio,Kalida - 406,AL/MC,Legacy Lane - Private Deluxe,1,1,100%
4/30/2026,North Ohio,Kalida - 406,HC,Companion,33,34,97%
4/30/2026,North Ohio,Kalida - 406,HC,Private,19.1,28,68%
4/30/2026,North Ohio,Leipsic - 409,AL,One BR Apt-Double,11.9,14,85%
4/30/2026,North Ohio,Leipsic - 409,AL,One BR Apt-Single,2,2,100%
4/30/2026,North Ohio,Leipsic - 409,AL,Studio - Private,8.4,9,93%
4/30/2026,North Ohio,Leipsic - 409,AL,Studio - Private Deluxe,7,9,78%
4/30/2026,North Ohio,Leipsic - 409,AL,Two BR Apt-Double,0,1,0%
4/30/2026,North Ohio,Leipsic - 409,HC,Companion,27.5,34,81%
4/30/2026,North Ohio,Leipsic - 409,HC,Private,12.2,18,68%
4/30/2026,North Ohio,Leipsic - 409,VIL,Independent Living - One BR,18,19,95%
4/30/2026,North Ohio,Leipsic - 409,VIL,Independent Living - Studio,8,9,89%
4/30/2026,North Ohio,Leipsic - 409,VIL,Independent Living - Two BR,16,17,94%
4/30/2026,North Ohio,Monclova - 2422,AL,Companion,6.8,7,97%
4/30/2026,North Ohio,Monclova - 2422,AL,Companion - B Location,2,2,100%
4/30/2026,North Ohio,Monclova - 2422,AL,Studio - Private,22.9,23,99%
4/30/2026,North Ohio,Monclova - 2422,AL,Studio - Private Deluxe,2,2,100%
4/30/2026,North Ohio,Monclova - 2422,AL/MC,Legacy Bldng - Companion,5,6,83%
4/30/2026,North Ohio,Monclova - 2422,AL/MC,Legacy Bldng - Private,20.3,23,88%
4/30/2026,North Ohio,Monclova - 2422,HC,AL-Studio Private,0,0,0%
4/30/2026,North Ohio,Monclova - 2422,HC,Companion,23.1,24,96%
4/30/2026,North Ohio,Monclova - 2422,HC,Private,30.3,32,95%
4/30/2026,North Ohio,Monclova - 2422,HC,Private Deluxe,4,4,100%
4/30/2026,North Ohio,Monclova - 2422,HC/MC,Legacy Lane - Companion,0,0,0%
4/30/2026,North Ohio,Monclova - 2422,HC/MC,Legacy Lane - Private,0,0,0%
4/30/2026,North Ohio,Monclova - 2422,VIL,1BR; A Location,11.3,12,94%
4/30/2026,North Ohio,Monclova - 2422,VIL,2BR; A Location,21,22,95%
4/30/2026,North Ohio,North Baltimore - 415,AL,AL Studio - Companion,1,1,100%
4/30/2026,North Ohio,North Baltimore - 415,AL,Companion,0,0,0%
4/30/2026,North Ohio,North Baltimore - 415,AL,One BR Apt-Double,1,3,33%
4/30/2026,North Ohio,North Baltimore - 415,AL,One BR Apt-Single,1,1,100%
4/30/2026,North Ohio,North Baltimore - 415,AL,Studio - Double,0.1,1,10%
4/30/2026,North Ohio,North Baltimore - 415,AL,Studio - Private,14,14,100%
4/30/2026,North Ohio,North Baltimore - 415,HC,Companion,22.2,24,93%
4/30/2026,North Ohio,North Baltimore - 415,HC,Private,13.6,15,91%
4/30/2026,North Ohio,North Baltimore - 415,HC/MC,Legacy Lane - Companion,10.7,11,97%
4/30/2026,North Ohio,North Baltimore - 415,HC/MC,Legacy Lane - Private,3.9,4,97%
4/30/2026,North Ohio,Ottawa MO - 430,AL,Companion,6.6,7,95%
4/30/2026,North Ohio,Ottawa MO - 430,AL,Studio - Private,17.1,18,95%
4/30/2026,North Ohio,Ottawa MO - 430,HC,Companion,26.8,28,96%
4/30/2026,North Ohio,Ottawa MO - 430,HC,Private,25,30,83%
4/30/2026,North Ohio,Ottawa MO - 430,HC,Private Deluxe,8.2,10,82%
4/30/2026,North Ohio,Ottawa MO - 430,HC/MC,Legacy Way - Companion,7.1,8,88%
4/30/2026,North Ohio,Ottawa MO - 430,HC/MC,Legacy Way - Private Deluxe,8.6,10,86%
4/30/2026,North Ohio,Ottawa MO - 430,VIL,Patio Home 1BR,6.7,14,48%
4/30/2026,North Ohio,Ottawa MO - 430,VIL,Patio Home 2BR,9.4,12,79%
4/30/2026,North Ohio,Ottawa MO - 430,VIL,Patio Home 2BR - C View,0.9,4,23%
4/30/2026,North Ohio,Sylvania - 2427,AL,Companion,5.5,7,79%
4/30/2026,North Ohio,Sylvania - 2427,AL,Studio - Private,20.2,24,84%
4/30/2026,North Ohio,Sylvania - 2427,AL,Studio - Private Deluxe,2,2,100%
4/30/2026,North Ohio,Sylvania - 2427,HC,Companion,22.4,24,93%
4/30/2026,North Ohio,Sylvania - 2427,HC,Private,37,38,97%
4/30/2026,North Ohio,Sylvania - 2427,VIL,Ind Liv - Vil - Wood Floors,5,9,56%
4/30/2026,North Ohio,Sylvania - 2427,VIL,Independent Living - 2BR,18,21,86%
4/30/2026,North Ohio,Sylvania - 2427,VIL,Patio Home 1BR,1,12,8%
4/30/2026,North Ohio,Sylvania - 2427,VIL,Patio Home 2BR,5,14,36%
4/30/2026,North Ohio,Tiffin - 435,AL,Compan;A Vw;C Loc;B Sz,4,4,100%
4/30/2026,North Ohio,Tiffin - 435,AL,Studio - Double;A Vw;A Loc;B Sz,8,8,100%
4/30/2026,North Ohio,Tiffin - 435,AL,Studio - Double;A Vw;C Loc;B Sz,2,2,100%
4/30/2026,North Ohio,Tiffin - 435,AL,Studio;A Vw;A Loc;B Sz,1,1,100%
4/30/2026,North Ohio,Tiffin - 435,AL,Studio;A Vw;C Loc;B Sz,4,4,100%
4/30/2026,North Ohio,Tiffin - 435,HC,AL-Studio DLX;A Vw;C Loc;B Sz,3,3,100%
4/30/2026,North Ohio,Tiffin - 435,HC,AL-Studio;A Vw;A Loc;B Sz,5,5,100%
4/30/2026,North Ohio,Tiffin - 435,HC,AL-Studio;A Vw;C Loc;B Sz,7,7,100%
4/30/2026,North Ohio,Tiffin - 435,HC,Compan;A Vw;B Loc;B Sz,2,2,100%
4/30/2026,North Ohio,Tiffin - 435,HC,Compan;B Vw;A Loc;B Sz,5.9,6,98%
4/30/2026,North Ohio,Tiffin - 435,HC,Compan;B Vw;B Loc;B Sz,4,4,100%
4/30/2026,North Ohio,Tiffin - 435,HC,Studio Dlx;A Vw;B Loc;B Sz,1.9,2,97%
4/30/2026,North Ohio,Tiffin - 435,HC,Studio Dlx;A Vw;C Loc;B Sz,1,1,100%
4/30/2026,North Ohio,Tiffin - 435,HC,Studio Dlx;B Vw;B Loc;B Sz,1.7,2,87%
4/30/2026,North Ohio,Tiffin - 435,HC,Studio Dlx;B Vw;C Loc;B Sz,0.7,1,73%
4/30/2026,North Ohio,Tiffin - 435,HC,Studio;A Vw;A Loc;B Sz,2,2,100%
4/30/2026,North Ohio,Tiffin - 435,HC,Studio;A Vw;B Loc;B Sz,1,1,100%
4/30/2026,North Ohio,Tiffin - 435,HC,Studio;A Vw;C Loc;B Sz,4.8,5,96%
4/30/2026,North Ohio,Tiffin - 435,HC,Studio;B Vw;A Loc;B Sz,3.7,4,93%
4/30/2026,North Ohio,Tiffin - 435,HC,Studio;B Vw;B Loc;B Sz,4.4,5,88%
4/30/2026,North Ohio,Tiffin - 435,HC,Studio;B Vw;C Loc;B Sz,15.8,17,93%
4/30/2026,North Ohio,Willard - 2424,AL,Companion,4,4,100%
4/30/2026,North Ohio,Willard - 2424,AL,Studio - Double,10,10,100%
4/30/2026,North Ohio,Willard - 2424,AL,Studio - Private,7.5,8,94%
4/30/2026,North Ohio,Willard - 2424,AL/MC,MC - Companion,2,2,100%
4/30/2026,North Ohio,Willard - 2424,AL/MC,MC - Studio,6.4,7,92%
4/30/2026,North Ohio,Willard - 2424,HC,Companion,35,38,92%
4/30/2026,North Ohio,Willard - 2424,HC,Private,27.3,31,88%
4/30/2026,North Ohio,Willard - 2424,VIL,1BR,6,6,100%
4/30/2026,North Ohio,Willard - 2424,VIL,2BR,20,20,100%
4/30/2026,Northwest Indiana,Logansport - 130,AL,Companion,4,4,100%
4/30/2026,Northwest Indiana,Logansport - 130,AL,Studio - Private,16.4,18,91%
4/30/2026,Northwest Indiana,Logansport - 130,HC,Companion,31,31,100%
4/30/2026,Northwest Indiana,Logansport - 130,HC,Private,19.5,24,81%
4/30/2026,Northwest Indiana,Logansport - 130,HC/MC,Legacy Lane - Private,11.3,12,94%
4/30/2026,Northwest Indiana,Merrillville - 122,AL,Companion,0,0,0%
4/30/2026,Northwest Indiana,Monticello - 140,AL,1 Bedroom,1,1,100%
4/30/2026,Northwest Indiana,Monticello - 140,AL,Companion,5.5,6,91%
4/30/2026,Northwest Indiana,Monticello - 140,AL,Studio - Private,22.4,26,86%
4/30/2026,Northwest Indiana,Monticello - 140,AL/MC,Legacy Lane - Companion,4.1,6,68%
4/30/2026,Northwest Indiana,Monticello - 140,AL/MC,Legacy Lane - Private,18.7,23,81%
4/30/2026,Northwest Indiana,Monticello - 140,HC,Companion,24.8,25,99%
4/30/2026,Northwest Indiana,Monticello - 140,HC,Private,26.4,35,76%
4/30/2026,Northwest Indiana,Peru - 2144,AL,L-One BR Apt Deluxe-Double,0,0,0%
4/30/2026,Northwest Indiana,Peru - 2144,AL,L-One BR Apt Deluxe-Single,1,2,50%
4/30/2026,Northwest Indiana,Peru - 2144,AL,L-One BR Apt-Double,1,1,100%
4/30/2026,Northwest Indiana,Peru - 2144,AL,L-One BR Apt-Single,12.2,13,94%
4/30/2026,Northwest Indiana,Peru - 2144,AL,L-Two BR Apt Deluxe-Double,1,2,50%
4/30/2026,Northwest Indiana,Peru - 2144,AL,L-Two BR Apt-Double,4.1,6,68%
4/30/2026,Northwest Indiana,Peru - 2144,AL,One BR Apt Deluxe-Single,2,2,100%
4/30/2026,Northwest Indiana,Peru - 2144,AL,One BR Apt-Double,0,0,0%
4/30/2026,Northwest Indiana,Peru - 2144,AL,One BR Apt-Single,13.8,14,99%
4/30/2026,Northwest Indiana,Peru - 2144,AL,Two BR Apt Deluxe-Double,2,2,100%
4/30/2026,Northwest Indiana,Peru - 2144,AL,Two BR Apt-Double,5,6,83%
4/30/2026,Northwest Indiana,Peru - 2144,HC,Companion,9.8,12,82%
4/30/2026,Northwest Indiana,Peru - 2144,HC,Private,23.4,27,87%
4/30/2026,Northwest Indiana,Peru - 2144,HC/MC,Legacy Lane - Companion,7.9,8,99%
4/30/2026,Northwest Indiana,Peru - 2144,HC/MC,Legacy Lane - Private,7.9,8,99%
4/30/2026,Northwest Indiana,Peru - 2144,SL,One BR Apt Deluxe-Single,0,0,0%
4/30/2026,Northwest Indiana,Peru - 2144,SL,One BR Apt-Double,0,0,0%
4/30/2026,Northwest Indiana,Peru - 2144,SL,One BR Apt-Single,0,0,0%
4/30/2026,Northwest Indiana,Peru - 2144,SL,Two BR Apt Deluxe-Double,0,0,0%
4/30/2026,Northwest Indiana,Peru - 2144,SL,Two BR Apt-Double,0,0,0%
4/30/2026,Northwest Indiana,Peru - 2144,SL,Two BR Apt-Single,0,0,0%
4/30/2026,Northwest Indiana,Peru - 2144,VIL,Independent Living - Villa 1,6,6,100%
4/30/2026,Northwest Indiana,Peru - 2144,VIL,One BR Apt Deluxe-Single,0,0,0%
4/30/2026,Northwest Indiana,Peru - 2144,VIL,One BR Apt-Double,0,0,0%
4/30/2026,Northwest Indiana,Peru - 2144,VIL,One BR Apt-Single,0,0,0%
4/30/2026,Northwest Indiana,Peru - 2144,VIL,Two BR Apt Deluxe-Double,0,0,0%
4/30/2026,Northwest Indiana,Peru - 2144,VIL,Two BR Apt-Double,0,0,0%
4/30/2026,Northwest Indiana,South Bend - 5169,AL,Companion,0,0,0%
4/30/2026,Northwest Indiana,South Bend - 5169,AL,One BR Apt-Double,1,2,50%
4/30/2026,Northwest Indiana,South Bend - 5169,AL,One BR Apt-Single,2,3,67%
4/30/2026,Northwest Indiana,South Bend - 5169,AL,Studio - Double,5.6,7,80%
4/30/2026,Northwest Indiana,South Bend - 5169,AL,Studio - Private,10.5,12,88%
4/30/2026,Northwest Indiana,South Bend - 5169,AL,Studio - Private Deluxe,2,2,98%
4/30/2026,Northwest Indiana,South Bend - 5169,AL,Studio Base - Double,2,2,100%
4/30/2026,Northwest Indiana,South Bend - 5169,AL,Studio Base - Private,2,2,100%
4/30/2026,Northwest Indiana,South Bend - 5169,AL/MC,Legacy Lane - Companion,2,2,100%
4/30/2026,Northwest Indiana,South Bend - 5169,AL/MC,Legacy Lane - Private,9,9,100%
4/30/2026,Northwest Indiana,South Bend - 5169,HC,Companion,8,10,80%
4/30/2026,Northwest Indiana,South Bend - 5169,HC,Private,38.4,45,85%
4/30/2026,Northwest Indiana,Wabash - 5170,AL,Companion,2,2,100%
4/30/2026,Northwest Indiana,Wabash - 5170,AL,One BR Apt-Double,8,8,100%
4/30/2026,Northwest Indiana,Wabash - 5170,AL,One BR Apt-Single,1,1,100%
4/30/2026,Northwest Indiana,Wabash - 5170,AL,Studio - Private,11.8,13,91%
4/30/2026,Northwest Indiana,Wabash - 5170,AL,Studio - Private - C View,3,3,100%
4/30/2026,Northwest Indiana,Wabash - 5170,AL,Studio - Private - End of Hall,2,3,67%
4/30/2026,Northwest Indiana,Wabash - 5170,AL/MC,MC-Companion,0,1,0%
4/30/2026,Northwest Indiana,Wabash - 5170,AL/MC,MC-Private,11.5,12,96%
4/30/2026,Northwest Indiana,Wabash - 5170,HC,Companion,19.4,26,75%
4/30/2026,Northwest Indiana,Wabash - 5170,HC,Private,27.8,32,87%
4/30/2026,Northwest Indiana,Warsaw - 302,AL,Compan;A Vw;C Loc;B Sz,5,5,100%
4/30/2026,Northwest Indiana,Warsaw - 302,AL,Studio;A Vw;A Loc;B Sz,3,3,100%
4/30/2026,Northwest Indiana,Warsaw - 302,AL,Studio;A Vw;B Loc;B Sz,2,2,100%
4/30/2026,Northwest Indiana,Warsaw - 302,AL,Studio;A Vw;C Loc;B Sz,7,7,100%
4/30/2026,Northwest Indiana,Warsaw - 302,AL,Studio;B Vw;B Loc;B Sz,1.8,2,90%
4/30/2026,Northwest Indiana,Warsaw - 302,AL/MC,MC - Compan;A Vw;B Loc;B Sz,1,1,100%
4/30/2026,Northwest Indiana,Warsaw - 302,AL/MC,MC - Compan;A Vw;C Loc;B Sz,1,1,100%
4/30/2026,Northwest Indiana,Warsaw - 302,AL/MC,MC - Compan;C Vw;C Loc;B Sz,1,1,100%
4/30/2026,Northwest Indiana,Warsaw - 302,AL/MC,MC - Studio;A Vw;A Loc;B Sz,2,2,100%
4/30/2026,Northwest Indiana,Warsaw - 302,AL/MC,MC - Studio;A Vw;C Loc;B Sz,5.8,6,97%
4/30/2026,Northwest Indiana,Warsaw - 302,AL/MC,MC - Studio;B Vw;C Loc;B Sz,1,1,100%
4/30/2026,Northwest Indiana,Warsaw - 302,AL/MC,MC - Studio;C Vw;C Loc;B Sz,3,3,100%
4/30/2026,Northwest Indiana,Warsaw - 302,HC,Compan;A Vw;B Loc;B Sz,4,4,100%
4/30/2026,Northwest Indiana,Warsaw - 302,HC,Compan;A Vw;C Loc;B Sz,4,4,100%
4/30/2026,Northwest Indiana,Warsaw - 302,HC,Compan;B Vw;C Loc;B Sz,1.5,2,73%
4/30/2026,Northwest Indiana,Warsaw - 302,HC,Compan;C Vw;B Loc;B Sz,9,10,90%
4/30/2026,Northwest Indiana,Warsaw - 302,HC,Compan;C Vw;C Loc;B Sz,7.7,8,96%
4/30/2026,Northwest Indiana,Warsaw - 302,HC,Companion,0,0,0%
4/30/2026,Northwest Indiana,Warsaw - 302,HC,Private,0,0,0%
4/30/2026,Northwest Indiana,Warsaw - 302,HC,Studio Dlx;C Vw;B Loc;B Sz,1,1,100%
4/30/2026,Northwest Indiana,Warsaw - 302,HC,Studio Dlx;C Vw;C Loc;B Sz,0.7,1,73%
4/30/2026,Northwest Indiana,Warsaw - 302,HC,Studio;A Vw;A Loc;B Sz,3,3,100%
4/30/2026,Northwest Indiana,Warsaw - 302,HC,Studio;A Vw;C Loc;B Sz,5.4,6,91%
4/30/2026,Northwest Indiana,Warsaw - 302,HC,Studio;B Vw;A Loc;B Sz,1,1,100%
4/30/2026,Northwest Indiana,Warsaw - 302,HC,Studio;B Vw;C Loc;B Sz,0.7,1,70%
4/30/2026,Northwest Indiana,Warsaw - 302,HC,Studio;C Vw;A Loc;B Sz,5,6,83%
4/30/2026,Northwest Indiana,Warsaw - 302,HC,Studio;C Vw;C Loc;B Sz,12.9,13,99%
4/30/2026,South Kentucky,Bardstown - 233,AL,1BR;A Vw;A Loc;B Sz,3,3,100%
4/30/2026,South Kentucky,Bardstown - 233,AL,1BR;A Vw;B Loc;B Sz,1,1,100%
4/30/2026,South Kentucky,Bardstown - 233,AL,1BR;A Vw;C Loc;B Sz,0.8,1,80%
4/30/2026,South Kentucky,Bardstown - 233,AL,1BR;B Vw;A Loc;B Sz,3.7,4,93%
4/30/2026,South Kentucky,Bardstown - 233,AL,1BR;B Vw;B Loc;B Sz,2,2,100%
4/30/2026,South Kentucky,Bardstown - 233,AL,1BR;B Vw;C Loc;B Sz,2,2,100%
4/30/2026,South Kentucky,Bardstown - 233,AL,2BR;B Vw;B Loc;B Sz,0.8,1,80%
4/30/2026,South Kentucky,Bardstown - 233,AL,2BR;B Vw;C Loc;B Sz,0,1,0%
4/30/2026,South Kentucky,Bardstown - 233,AL,Studio - Special,2,2,100%
4/30/2026,South Kentucky,Bardstown - 233,AL,Studio Dlx;A Vw;A Loc;B Sz,2,2,100%
4/30/2026,South Kentucky,Bardstown - 233,AL,Studio Dlx;A Vw;B Loc;B Sz,2,2,100%
4/30/2026,South Kentucky,Bardstown - 233,AL,Studio Dlx;A Vw;C Loc;B Sz,2,2,100%
4/30/2026,South Kentucky,Bardstown - 233,AL,Studio Dlx;B Vw;A Loc;B Sz,2,2,100%
4/30/2026,South Kentucky,Bardstown - 233,AL,Studio Dlx;B Vw;B Loc;B Sz,2,2,100%
4/30/2026,South Kentucky,Bardstown - 233,AL,Studio Dlx;B Vw;C Loc;B Sz,2,2,100%
4/30/2026,South Kentucky,Bardstown - 233,AL,Studio;A Vw;A Loc;B Sz,3,3,100%
4/30/2026,South Kentucky,Bardstown - 233,AL,Studio;A Vw;B Loc;B Sz,3,3,100%
4/30/2026,South Kentucky,Bardstown - 233,AL,Studio;A Vw;C Loc;B Sz,3,3,100%
4/30/2026,South Kentucky,Bardstown - 233,AL,Studio;B Vw;A Loc;B Sz,7,7,100%
4/30/2026,South Kentucky,Bardstown - 233,AL,Studio;B Vw;B Loc;B Sz,5.5,6,92%
4/30/2026,South Kentucky,Bardstown - 233,AL,Studio;B Vw;C Loc;B Sz,5,5,100%
4/30/2026,South Kentucky,Bardstown - 233,AL/MC,MC-2BR;A Vw;C Loc;B Sz,1,2,50%
4/30/2026,South Kentucky,Bardstown - 233,AL/MC,MC-Studio Special,2,2,100%
4/30/2026,South Kentucky,Bardstown - 233,AL/MC,MC-Studio;A Vw;A Loc;B Sz,0.8,1,77%
4/30/2026,South Kentucky,Bardstown - 233,AL/MC,MC-Studio;A Vw;B Loc;B Sz,1,1,100%
4/30/2026,South Kentucky,Bardstown - 233,AL/MC,MC-Studio;A Vw;C Loc;B Sz,3.3,4,83%
4/30/2026,South Kentucky,Bardstown - 233,AL/MC,MC-Studio;B Vw;A Loc;B Sz,2,2,100%
4/30/2026,South Kentucky,Bardstown - 233,AL/MC,MC-Studio;B Vw;B Loc;B Sz,2,2,100%
4/30/2026,South Kentucky,Bardstown - 233,AL/MC,MC-Studio;B Vw;C Loc;B Sz,3,3,100%
4/30/2026,South Kentucky,Bardstown - 233,AL/MC,MC-Studio;C Vw;A Loc;B Sz,2,2,100%
4/30/2026,South Kentucky,Bardstown - 233,AL/MC,MC-Studio;C Vw;B Loc;B Sz,2,3,67%
4/30/2026,South Kentucky,Bardstown - 233,AL/MC,MC-Studio;C Vw;C Loc;B Sz,1,1,100%
4/30/2026,South Kentucky,Cynthiana - 114,AL,Companion,6,6,100%
4/30/2026,South Kentucky,Cynthiana - 114,AL,Studio,25.3,27,94%
4/30/2026,South Kentucky,Cynthiana - 114,AL,Studio - Private - End of Hall,0,0,0%
4/30/2026,South Kentucky,Cynthiana - 114,HC,Companion,19.2,20,96%
4/30/2026,South Kentucky,Cynthiana - 114,HC,Private,21.1,22,96%
4/30/2026,South Kentucky,Cynthiana - 114,HC/MC,Legacy Lane - Companion,0,0,0%
4/30/2026,South Kentucky,Cynthiana - 114,HC/MC,Legacy Lane - Private,13,13,100%
4/30/2026,South Kentucky,Cynthiana - 114,SL,Studio - Private,0,0,0%
4/30/2026,South Kentucky,Cynthiana - 114,SL,Studio - Private - End of Hall,2,2,100%
4/30/2026,South Kentucky,Danville - 231,AL,1BR,11,13,85%
4/30/2026,South Kentucky,Danville - 231,AL,2BR,2,2,100%
4/30/2026,South Kentucky,Danville - 231,AL,Studio,22.3,29,77%
4/30/2026,South Kentucky,Danville - 231,AL,Studio Dlx,9,12,75%
4/30/2026,South Kentucky,Danville - 231,AL/MC,MC - 2BR,1,2,50%
4/30/2026,South Kentucky,Danville - 231,AL/MC,MC - Studio,16.1,21,77%
4/30/2026,South Kentucky,Harrodsburg - 2187,AL,Compan;A Vw;C Loc;B Sz,1,1,100%
4/30/2026,South Kentucky,Harrodsburg - 2187,AL,Compan;B Vw;B Loc;B Sz,0,0,0%
4/30/2026,South Kentucky,Harrodsburg - 2187,AL,Compan;C Vw;B Loc;B Sz,1,1,100%
4/30/2026,South Kentucky,Harrodsburg - 2187,AL,Compan;C Vw;C Loc;B Sz,0.8,1,83%
4/30/2026,South Kentucky,Harrodsburg - 2187,AL,Companion,5,5,100%
4/30/2026,South Kentucky,Harrodsburg - 2187,AL,Studio - Private,5,5,99%
4/30/2026,South Kentucky,Harrodsburg - 2187,AL,Studio - Private - Special,5.9,6,98%
4/30/2026,South Kentucky,Harrodsburg - 2187,AL,Studio;A Vw;A Loc;B Sz,2,2,100%
4/30/2026,South Kentucky,Harrodsburg - 2187,AL,Studio;A Vw;B Loc;B Sz,3.8,4,96%
4/30/2026,South Kentucky,Harrodsburg - 2187,AL,Studio;A Vw;C Loc;B Sz,0,0,0%
4/30/2026,South Kentucky,Harrodsburg - 2187,AL,Studio;B Vw;B Loc;B Sz,2,2,100%
4/30/2026,South Kentucky,Harrodsburg - 2187,AL,Studio;C Vw;A Loc;B Sz,1,1,100%
4/30/2026,South Kentucky,Harrodsburg - 2187,HC,Compan;A Vw;C Loc;B Sz,12,12,100%
4/30/2026,South Kentucky,Harrodsburg - 2187,HC,Compan;C Vw;C Loc;B Sz,8,8,100%
4/30/2026,South Kentucky,Harrodsburg - 2187,HC,Companion,0,0,0%
4/30/2026,South Kentucky,Harrodsburg - 2187,HC,Private,0,0,0%
4/30/2026,South Kentucky,Harrodsburg - 2187,HC,Studio;A Vw;C Loc;B Sz,4.4,5,87%
4/30/2026,South Kentucky,Harrodsburg - 2187,HC,Studio;B Vw;A Loc;B Sz,1,1,100%
4/30/2026,South Kentucky,Harrodsburg - 2187,HC,Studio;B Vw;C Loc;B Sz,6.3,7,90%
4/30/2026,South Kentucky,Harrodsburg - 2187,HC,Studio;C Vw;A Loc;B Sz,6.8,7,97%
4/30/2026,South Kentucky,Harrodsburg - 2187,HC,Studio;C Vw;C Loc;B Sz,4.1,5,82%
4/30/2026,South Kentucky,Harrodsburg - 2187,SL,Studio;A Vw;C Loc;B Sz,2,2,100%
4/30/2026,South Kentucky,Harrodsburg - 2187,VIL,Patio Home 1 BR,3.9,5,79%
4/30/2026,South Kentucky,Harrodsburg - 2187,VIL,Patio Home 2BR,7.7,9,86%
4/30/2026,South Kentucky,La Grange - 177,AL,Compan;A Vw;C Loc;A Sz,1.8,2,88%
4/30/2026,South Kentucky,La Grange - 177,AL,Compan;C Vw;C Loc;B Sz,2,2,100%
4/30/2026,South Kentucky,La Grange - 177,AL,Studio;A Vw;A Loc;B Sz,3,3,100%
4/30/2026,South Kentucky,La Grange - 177,AL,Studio;A Vw;C Loc;B Sz,9.7,10,97%
4/30/2026,South Kentucky,La Grange - 177,AL,Studio;C Vw;C Loc;B Sz,2,2,100%
4/30/2026,South Kentucky,La Grange - 177,AL/MC,MC-Compan;A Vw;C Loc;B Sz,2,2,100%
4/30/2026,South Kentucky,La Grange - 177,AL/MC,MC-Compan;C Vw;C Loc;B Sz,0.6,1,57%
4/30/2026,South Kentucky,La Grange - 177,AL/MC,MC-Studio;A Vw;A Loc;B Sz,2,2,100%
4/30/2026,South Kentucky,La Grange - 177,AL/MC,MC-Studio;A Vw;C Loc;B Sz,5,5,99%
4/30/2026,South Kentucky,La Grange - 177,AL/MC,MC-Studio;C Vw;C Loc;B Sz,5,5,100%
4/30/2026,South Kentucky,La Grange - 177,HC,Studio Dlx;A Vw;A Loc;C Sz,0.4,1,40%
4/30/2026,South Kentucky,La Grange - 177,HC,Studio;A Vw;B Loc;B Sz,3.5,4,87%
4/30/2026,South Kentucky,La Grange - 177,HC,Studio;A Vw;C Loc;B Sz,9.3,10,93%
4/30/2026,South Kentucky,La Grange - 177,HC,Studio;C Vw;B Loc;B Sz,6.1,7,87%
4/30/2026,South Kentucky,La Grange - 177,HC,Studio;C Vw;C Loc;B Sz,14.2,16,89%
4/30/2026,South Kentucky,La Grange - 177,HC/MC,MC-Compan;A Vw;C Loc;B Sz,3.3,4,83%
4/30/2026,South Kentucky,La Grange - 177,HC/MC,MC-Studio;A Vw;C Loc;B Sz,1.6,2,82%
4/30/2026,South Kentucky,La Grange - 177,HC/MC,MC-Studio;C Vw;C Loc;B Sz,4.8,6,79%
4/30/2026,South Kentucky,La Grange - 177,SL,1BR;A Vw;B Loc;B Sz,2,2,100%
4/30/2026,South Kentucky,La Grange - 177,SL,1BR;A Vw;C Loc;A Sz,2,2,100%
4/30/2026,South Kentucky,La Grange - 177,SL,1BR;A Vw;C Loc;B Sz,8,8,100%
4/30/2026,South Kentucky,La Grange - 177,SL,1BR;C Vw;A Loc;B Sz,3,3,100%
4/30/2026,South Kentucky,La Grange - 177,SL,1BR;C Vw;C Loc;A Sz,1,1,100%
4/30/2026,South Kentucky,La Grange - 177,SL,1BR;C Vw;C Loc;B Sz,3,3,100%
4/30/2026,South Kentucky,La Grange - 177,SL,1BR;C Vw;C Loc;C Sz,1,1,100%
4/30/2026,South Kentucky,La Grange - 177,SL,Studio;A Vw;C Loc;B Sz,2,2,100%
4/30/2026,South Kentucky,La Grange - 177,SL,Studio;C Vw;C Loc;B Sz,3,3,100%
4/30/2026,South Kentucky,Lexington WC - 2148,AL,Companion,3,3,100%
4/30/2026,South Kentucky,Lexington WC - 2148,AL,Studio,15.9,16,99%
4/30/2026,South Kentucky,Lexington WC - 2148,AL/MC,Legacy Lane - Companion,3,3,100%
4/30/2026,South Kentucky,Lexington WC - 2148,AL/MC,Legacy Lane - Studio,6,6,100%
4/30/2026,South Kentucky,Lexington WC - 2148,HC,Companion,14.8,18,82%
4/30/2026,South Kentucky,Lexington WC - 2148,HC,Private,32.9,35,94%
4/30/2026,South Kentucky,Lexington WC - 2148,HC,Private Deluxe,1,1,97%
4/30/2026,South Kentucky,Lexington WC - 2148,HC,TCU - Companion,0,0,0%
4/30/2026,South Kentucky,Lexington WC - 2148,HC,TCU - Private,0,0,0%
4/30/2026,South Kentucky,Lexington WC - 2148,SL,Studio - Private,1,1,100%
4/30/2026,South Kentucky,Lexington WF - 2147,AL,Companion,8,8,100%
4/30/2026,South Kentucky,Lexington WF - 2147,AL,Independent Living,0,0,0%
4/30/2026,South Kentucky,Lexington WF - 2147,AL,Studio,13,13,100%
4/30/2026,South Kentucky,Lexington WF - 2147,AL,Studio - Deluxe,2,2,100%
4/30/2026,South Kentucky,Lexington WF - 2147,HC,Companion,14.1,16,88%
4/30/2026,South Kentucky,Lexington WF - 2147,HC,Private,32.7,34,96%
4/30/2026,South Kentucky,Lexington WF - 2147,HC,Private Deluxe,3.9,4,98%
4/30/2026,South Kentucky,Lexington WF - 2147,SL,Independent Living,0,0,0%
4/30/2026,South Kentucky,Lexington WH - 2146,AL,Companion,5.9,7,85%
4/30/2026,South Kentucky,Lexington WH - 2146,AL,Studio - Private,23,23,100%
4/30/2026,South Kentucky,Lexington WH - 2146,AL,Two BR Apt - Double,1.2,2,60%
4/30/2026,South Kentucky,Lexington WH - 2146,AL/MC,Legacy Bldg - Studio,16.1,17,95%
4/30/2026,South Kentucky,Lexington WH - 2146,AL/MC,Legacy Bldng - Companion,3.5,4,87%
4/30/2026,South Kentucky,Lexington WH - 2146,HC,Companion,11,14,78%
4/30/2026,South Kentucky,Lexington WH - 2146,HC,Private,26.4,28,94%
4/30/2026,South Kentucky,Lexington WH - 2146,HC,Private Deluxe,10,11,91%
4/30/2026,South Kentucky,Lexington WH - 2146,HC/MC,Legacy Lane - Companion,6,6,100%
4/30/2026,South Kentucky,Lexington WH - 2146,HC/MC,Legacy Lane - Private,5,5,100%
4/30/2026,South Kentucky,Lexington WH - 2146,SL,Studio - Private,0,2,0%
4/30/2026,South Kentucky,Mount Washington - 176,AL,Compan;A Vw;C Loc;A Sz,2,2,100%
4/30/2026,South Kentucky,Mount Washington - 176,AL,Compan;B Vw;C Loc;B Sz,2,2,100%
4/30/2026,South Kentucky,Mount Washington - 176,AL,Studio;A Vw;A Loc;B Sz,3,3,100%
4/30/2026,South Kentucky,Mount Washington - 176,AL,Studio;A Vw;B Loc;B Sz,1.2,2,62%
4/30/2026,South Kentucky,Mount Washington - 176,AL,Studio;A Vw;C Loc;B Sz,3.7,4,93%
4/30/2026,South Kentucky,Mount Washington - 176,AL,Studio;B Vw;C Loc;B Sz,3.2,4,81%
4/30/2026,South Kentucky,Mount Washington - 176,AL,Studio;C Vw;B Loc;B Sz,2,2,100%
4/30/2026,South Kentucky,Mount Washington - 176,AL/MC,MC-Compan;A Vw;B Loc;B Sz,0,1,0%
4/30/2026,South Kentucky,Mount Washington - 176,AL/MC,MC-Compan;A Vw;C Loc;B Sz,1,1,100%
4/30/2026,South Kentucky,Mount Washington - 176,AL/MC,MC-Compan;C Vw;C Loc;B Sz,1,1,100%
4/30/2026,South Kentucky,Mount Washington - 176,AL/MC,MC-Studio;A Vw;A Loc;B Sz,1.6,2,80%
4/30/2026,South Kentucky,Mount Washington - 176,AL/MC,MC-Studio;A Vw;C Loc;B Sz,5,5,100%
4/30/2026,South Kentucky,Mount Washington - 176,AL/MC,MC-Studio;B Vw;C Loc;B Sz,1,1,100%
4/30/2026,South Kentucky,Mount Washington - 176,AL/MC,MC-Studio;C Vw;C Loc;B Sz,4,4,100%
4/30/2026,South Kentucky,Mount Washington - 176,HC,Compan;A Vw;B Loc;B Sz,1.4,2,70%
4/30/2026,South Kentucky,Mount Washington - 176,HC,Compan;A Vw;C Loc;B Sz,0.8,2,40%
4/30/2026,South Kentucky,Mount Washington - 176,HC,Compan;C Vw;B Loc;B Sz,5.6,6,93%
4/30/2026,South Kentucky,Mount Washington - 176,HC,Compan;C Vw;C Loc;B Sz,4.9,6,82%
4/30/2026,South Kentucky,Mount Washington - 176,HC,Studio;A Vw;A Loc;B Sz,1.9,2,95%
4/30/2026,South Kentucky,Mount Washington - 176,HC,Studio;A Vw;C Loc;B Sz,3,3,100%
4/30/2026,South Kentucky,Mount Washington - 176,HC,Studio;C Vw;A Loc;B Sz,3,3,99%
4/30/2026,South Kentucky,Mount Washington - 176,HC,Studio;C Vw;B Loc;B Sz,0.8,1,83%
4/30/2026,South Kentucky,Mount Washington - 176,HC,Studio;C Vw;C Loc;B Sz,15.7,17,93%
4/30/2026,South Kentucky,Mount Washington - 176,HC/MC,MC-Compan;A Vw;C Loc;B Sz,4,4,100%
4/30/2026,South Kentucky,Mount Washington - 176,HC/MC,MC-Compan;C Vw;A Loc;B Sz,0,0,0%
4/30/2026,South Kentucky,Mount Washington - 176,HC/MC,MC-Compan;C Vw;C Loc;B Sz,1.3,2,63%
4/30/2026,South Kentucky,Mount Washington - 176,HC/MC,MC-Studio;A Vw;A Loc;B Sz,1,1,100%
4/30/2026,South Kentucky,Mount Washington - 176,HC/MC,MC-Studio;A Vw;B Loc;B Sz,2,2,100%
4/30/2026,South Kentucky,Mount Washington - 176,HC/MC,MC-Studio;A Vw;C Loc;B Sz,2,2,100%
4/30/2026,South Kentucky,Mount Washington - 176,HC/MC,MC-Studio;C Vw;C Loc;B Sz,2,2,100%
4/30/2026,South Kentucky,Shelbyville SF - 234,AL,1BR;C Vw;C Loc;B Sz,12.9,13,99%
4/30/2026,South Kentucky,Shelbyville SF - 234,AL,2BR;A Vw;C Loc;B Sz,1.7,2,83%
4/30/2026,South Kentucky,Shelbyville SF - 234,AL,Studio Dlx;A Vw;A Loc;B Sz,2,2,100%
4/30/2026,South Kentucky,Shelbyville SF - 234,AL,Studio Dlx;A Vw;C Loc;B Sz,4,4,100%
4/30/2026,South Kentucky,Shelbyville SF - 234,AL,Studio Dlx;C Vw;A Loc;B Sz,2,2,100%
4/30/2026,South Kentucky,Shelbyville SF - 234,AL,Studio Dlx;C Vw;C Loc;B Sz,4,4,100%
4/30/2026,South Kentucky,Shelbyville SF - 234,AL,Studio;A Vw;A Loc;B Sz,3.7,4,93%
4/30/2026,South Kentucky,Shelbyville SF - 234,AL,Studio;A Vw;B Loc;B Sz,3,3,100%
4/30/2026,South Kentucky,Shelbyville SF - 234,AL,Studio;A Vw;C Loc;B Sz,3,3,100%
4/30/2026,South Kentucky,Shelbyville SF - 234,AL,Studio;C Vw;A Loc;B Sz,8,8,100%
4/30/2026,South Kentucky,Shelbyville SF - 234,AL,Studio;C Vw;B Loc;B Sz,5.5,6,92%
4/30/2026,South Kentucky,Shelbyville SF - 234,AL,Studio;C Vw;C Loc;B Sz,4.8,5,95%
4/30/2026,South Kentucky,Shelbyville SF - 234,AL/MC,MC-2BR;A Vw;C Loc;B Sz,2,2,100%
4/30/2026,South Kentucky,Shelbyville SF - 234,AL/MC,MC-Studio;A Vw;A Loc;B Sz,3,3,100%
4/30/2026,South Kentucky,Shelbyville SF - 234,AL/MC,MC-Studio;A Vw;B Loc;B Sz,1,1,100%
4/30/2026,South Kentucky,Shelbyville SF - 234,AL/MC,MC-Studio;C Vw;A Loc;B Sz,4,4,100%
4/30/2026,South Kentucky,Shelbyville SF - 234,AL/MC,MC-Studio;C Vw;B Loc;B Sz,5,5,100%
4/30/2026,South Kentucky,Shelbyville SF - 234,AL/MC,MC-Studio;C Vw;C Loc;B Sz,7.8,8,97%
4/30/2026,South Kentucky,Winchester - 232,AL,1BR;B Vw;A Loc;B Sz,7,8,88%
4/30/2026,South Kentucky,Winchester - 232,AL,1BR;B Vw;C Loc;B Sz,4,5,80%
4/30/2026,South Kentucky,Winchester - 232,AL,2BR;B Vw;A Loc;B Sz,1,1,100%
4/30/2026,South Kentucky,Winchester - 232,AL,2BR;B Vw;C Loc;B Sz,1,1,100%
4/30/2026,South Kentucky,Winchester - 232,AL,Studio Dlx;B Vw;A Loc;B Sz,4,4,100%
4/30/2026,South Kentucky,Winchester - 232,AL,Studio Dlx;B Vw;C Loc;B Sz,8,8,100%
4/30/2026,South Kentucky,Winchester - 232,AL,Studio;B Vw;A Loc;B Sz,13.3,15,88%
4/30/2026,South Kentucky,Winchester - 232,AL,Studio;B Vw;C Loc;B Sz,12.5,14,89%
4/30/2026,South Kentucky,Winchester - 232,AL/MC,MC-2BR,2,2,100%
4/30/2026,South Kentucky,Winchester - 232,AL/MC,MC-Studio,19.9,21,95%
4/30/2026,Southeast Indiana,Batesville - 120,AL,Companion,3,3,100%
4/30/2026,Southeast Indiana,Batesville - 120,AL,Studio - Double,9.8,10,98%
4/30/2026,Southeast Indiana,Batesville - 120,AL,Studio - Private,8,8,100%
4/30/2026,Southeast Indiana,Batesville - 120,AL,Studio - Private Deluxe,1,1,100%
4/30/2026,Southeast Indiana,Batesville - 120,AL/MC,Legacy Lane - Companion,2,2,100%
4/30/2026,Southeast Indiana,Batesville - 120,AL/MC,Legacy Lane - Private,7,7,100%
4/30/2026,Southeast Indiana,Batesville - 120,AL/MC,Legacy Lane - Studio Double,2,2,100%
4/30/2026,Southeast Indiana,Batesville - 120,HC,Companion,48.8,50,98%
4/30/2026,Southeast Indiana,Batesville - 120,HC,Private,10.2,11,92%
4/30/2026,Southeast Indiana,Bedford - 115,AL,Companion,4,4,100%
4/30/2026,Southeast Indiana,Bedford - 115,AL,Studio - Companion,10,10,100%
4/30/2026,Southeast Indiana,Bedford - 115,AL,Studio - Private,7.5,8,94%
4/30/2026,Southeast Indiana,Bedford - 115,AL/MC,Legacy Lane - Companion,3,3,100%
4/30/2026,Southeast Indiana,Bedford - 115,AL/MC,Legacy Lane - Private,8,8,100%
4/30/2026,Southeast Indiana,Bedford - 115,HC,Companion,41,42,98%
4/30/2026,Southeast Indiana,Bedford - 115,HC,HC Private Deluxe New,3,4,75%
4/30/2026,Southeast Indiana,Bedford - 115,HC,HC Private New,4.8,7,69%
4/30/2026,Southeast Indiana,Bedford - 115,HC,Private,12,15,80%
4/30/2026,Southeast Indiana,Bloomington HS - 5149,AL,Companion,7,7,100%
4/30/2026,Southeast Indiana,Bloomington HS - 5149,AL,Studio - Private,19.2,22,87%
4/30/2026,Southeast Indiana,Bloomington HS - 5149,AL,Studio - Private A Loc,2,3,67%
4/30/2026,Southeast Indiana,Bloomington HS - 5149,AL,Studio - Private Deluxe,2,2,100%
4/30/2026,Southeast Indiana,Bloomington HS - 5149,AL/MC,Legacy Bldng - Companion,5,5,100%
4/30/2026,Southeast Indiana,Bloomington HS - 5149,AL/MC,Legacy Bldng - Private,17.4,20,87%
4/30/2026,Southeast Indiana,Bloomington HS - 5149,AL/MC,Legacy Bldng - Private Deluxe,4,4,100%
4/30/2026,Southeast Indiana,Bloomington HS - 5149,HC,Companion,28.1,30,94%
4/30/2026,Southeast Indiana,Bloomington HS - 5149,HC,Companion Deluxe,3.2,4,80%
4/30/2026,Southeast Indiana,Bloomington HS - 5149,HC,Private,26.8,30,89%
4/30/2026,Southeast Indiana,Bloomington HS - 5149,HC,TCU - Companion,0,0,0%
4/30/2026,Southeast Indiana,Bloomington HS - 5149,HC,TCU - Private,0,0,0%
4/30/2026,Southeast Indiana,Bloomington SC - 5164,AL,One BR Apt Deluxe-Double,3,3,100%
4/30/2026,Southeast Indiana,Bloomington SC - 5164,AL,One BR Apt Deluxe-Single,4,4,100%
4/30/2026,Southeast Indiana,Bloomington SC - 5164,AL,One BR Apt-Double,7,7,100%
4/30/2026,Southeast Indiana,Bloomington SC - 5164,AL,One BR Apt-Single,1,1,100%
4/30/2026,Southeast Indiana,Bloomington SC - 5164,AL,Studio - Private,4,4,100%
4/30/2026,Southeast Indiana,Bloomington SC - 5164,AL,Studio - Private Deluxe-Double,4,4,100%
4/30/2026,Southeast Indiana,Bloomington SC - 5164,AL/MC,LL - Compan;A Vw;A Loc;B Sz,1,1,100%
4/30/2026,Southeast Indiana,Bloomington SC - 5164,AL/MC,LL - Studio;A Vw;A Loc;A Sz,3.8,4,95%
4/30/2026,Southeast Indiana,Bloomington SC - 5164,AL/MC,LL - Studio;A Vw;A Loc;B Sz,2,2,100%
4/30/2026,Southeast Indiana,Bloomington SC - 5164,AL/MC,LL - Studio;A Vw;B Loc;B Sz,2,2,100%
4/30/2026,Southeast Indiana,Bloomington SC - 5164,AL/MC,LL - Studio;B Vw;A Loc;B Sz,2,2,100%
4/30/2026,Southeast Indiana,Bloomington SC - 5164,AL/MC,LL - Studio;B Vw;B Loc;B Sz,1,1,100%
4/30/2026,Southeast Indiana,Bloomington SC - 5164,AL/MC,LL - Studio;C Vw;A Loc;B Sz,1,1,100%
4/30/2026,Southeast Indiana,Bloomington SC - 5164,HC,Companion,5,5,100%
4/30/2026,Southeast Indiana,Bloomington SC - 5164,HC,Private,44,46,96%
4/30/2026,Southeast Indiana,Bloomington SC - 5164,HC,TCU - Companion,2,2,100%
4/30/2026,Southeast Indiana,Bloomington SC - 5164,HC,TCU - Private,1,1,100%
4/30/2026,Southeast Indiana,Columbus - 107,AL,Companion,3.8,4,95%
4/30/2026,Southeast Indiana,Columbus - 107,AL,Studio - Companion,8.2,10,82%
4/30/2026,Southeast Indiana,Columbus - 107,AL,Studio - Private,5.7,8,71%
4/30/2026,Southeast Indiana,Columbus - 107,AL/MC,Legacy Lane - Companion,1,1,100%
4/30/2026,Southeast Indiana,Columbus - 107,AL/MC,Legacy Lane - Private,8.8,10,88%
4/30/2026,Southeast Indiana,Columbus - 107,HC,Companion,30.7,36,85%
4/30/2026,Southeast Indiana,Columbus - 107,HC,Private,27.2,32,85%
4/30/2026,Southeast Indiana,Greensburg - 150,AL,Companion,4,4,100%
4/30/2026,Southeast Indiana,Greensburg - 150,AL,Studio - Double,9.8,10,98%
4/30/2026,Southeast Indiana,Greensburg - 150,AL,Studio - Private,6.7,8,84%
4/30/2026,Southeast Indiana,Greensburg - 150,AL/MC,Legacy Lane - Companion,2,2,100%
4/30/2026,Southeast Indiana,Greensburg - 150,AL/MC,Legacy Lane - Private,7,9,77%
4/30/2026,Southeast Indiana,Greensburg - 150,HC,Companion,33.5,34,99%
4/30/2026,Southeast Indiana,Greensburg - 150,HC,Private,17.7,30,59%
4/30/2026,Southeast Indiana,Hanover - 116,AL,Companion,0,0,0%
4/30/2026,Southeast Indiana,Hanover - 116,AL,One BR Apt-Double,4,4,100%
4/30/2026,Southeast Indiana,Hanover - 116,AL,Studio - Private,0,0,0%
4/30/2026,Southeast Indiana,Hanover - 116,AL,Studio;B Vw;B Loc;A Sz,5.8,6,97%
4/30/2026,Southeast Indiana,Hanover - 116,AL,Studio;B Vw;B Loc;B Sz,3,3,100%
4/30/2026,Southeast Indiana,Hanover - 116,AL,Studio;B Vw;B Loc;C Sz,8,8,100%
4/30/2026,Southeast Indiana,Hanover - 116,AL,Studio;End of Hall,3,3,100%
4/30/2026,Southeast Indiana,Hanover - 116,HC,Companion,28.8,32,90%
4/30/2026,Southeast Indiana,Hanover - 116,HC,Private,3.6,4,89%
4/30/2026,Southeast Indiana,Hanover - 116,HC/MC,Legacy Lane - Companion,17.9,18,99%
4/30/2026,Southeast Indiana,Hanover - 116,HC/MC,Legacy Lane - Private,1,1,100%
4/30/2026,Southeast Indiana,Lawrenceburg - 143,AL,Companion,4,4,100%
4/30/2026,Southeast Indiana,Lawrenceburg - 143,AL,Companion - Single,1,1,100%
4/30/2026,Southeast Indiana,Lawrenceburg - 143,AL,Studio - Double,1,1,100%
4/30/2026,Southeast Indiana,Lawrenceburg - 143,AL,Studio - Private,28,28,100%
4/30/2026,Southeast Indiana,Lawrenceburg - 143,AL/MC,Legacy Bldng - Companion,1,1,100%
4/30/2026,Southeast Indiana,Lawrenceburg - 143,AL/MC,Legacy Bldng - Private,19.5,20,98%
4/30/2026,Southeast Indiana,Lawrenceburg - 143,HC,Companion,22.6,24,94%
4/30/2026,Southeast Indiana,Lawrenceburg - 143,HC,Private,36.2,37,98%
4/30/2026,Southeast Indiana,Lawrenceburg - 143,HC/MC,Legacy Lane - Companion,4,4,100%
4/30/2026,Southeast Indiana,Lawrenceburg - 143,HC/MC,Legacy Lane - Private,6,6,99%
4/30/2026,Southeast Indiana,Madison - 2157,AL,Companion,4,4,100%
4/30/2026,Southeast Indiana,Madison - 2157,AL,Studio - Private,22,24,92%
4/30/2026,Southeast Indiana,Madison - 2157,HC,Companion,17.3,18,96%
4/30/2026,Southeast Indiana,Madison - 2157,HC,Private,16.1,21,77%
4/30/2026,Southeast Indiana,Madison - 2157,HC,TCU - Private,8.7,11,79%
4/30/2026,Southeast Indiana,Madison - 2157,SL,1BR; 1st Fl; A Vw; 626 SqFt,1,1,100%
4/30/2026,Southeast Indiana,Madison - 2157,SL,1BR; 1st Fl; B Vw; 764 SqFt,1,1,100%
4/30/2026,Southeast Indiana,Madison - 2157,SL,1BR; 1st Fl; B Vw; 837 SqFt,1,1,100%
4/30/2026,Southeast Indiana,Madison - 2157,SL,1BR; 1st Fl; C Vw; 738 SqFt,0,1,0%
4/30/2026,Southeast Indiana,Madison - 2157,SL,1BR; 1st Fl; C Vw; 778 SqFt,1,1,100%
4/30/2026,Southeast Indiana,Madison - 2157,SL,1BR; 4th Fl; A Vw; 467 SqFt,1,1,100%
4/30/2026,Southeast Indiana,Madison - 2157,SL,1BR; 4th Fl; B Vw; 486 SqFt,1,1,100%
4/30/2026,Southeast Indiana,Madison - 2157,SL,1BR; 4th Fl; B Vw; 494 SqFt,1,1,100%
4/30/2026,Southeast Indiana,Madison - 2157,SL,1BR; 4th Fl; B Vw; 497 SqFt,1,1,100%
4/30/2026,Southeast Indiana,Madison - 2157,SL,1BR; 4th Fl; C Vw; 512 SqFt,1,1,100%
4/30/2026,Southeast Indiana,Madison - 2157,SL,1BR; 4th Fl; C Vw; 513 SqFt,0.2,1,17%
4/30/2026,Southeast Indiana,Madison - 2157,SL,1BR; 4th Fl; C Vw; 523 SqFt,1,1,100%
4/30/2026,Southeast Indiana,Madison - 2157,SL,1BR; 4th Fl; C Vw; 532 SqFt,1,1,100%
4/30/2026,Southeast Indiana,Madison - 2157,SL,1BR; 4th Fl; C Vw; 567 SqFt,0.8,1,83%
4/30/2026,Southeast Indiana,Madison - 2157,SL,2BR; 1st Fl; A Vw; 980 SqFt,1,1,100%
4/30/2026,Southeast Indiana,Madison - 2157,SL,2BR; 4th Fl; A Vw; 729 SqFt,0,1,0%
4/30/2026,Southeast Indiana,Madison - 2157,SL,2BR; 4th Fl; A Vw; 734 SqFt,1,1,100%
4/30/2026,Southeast Indiana,Madison - 2157,SL,2BR; 4th Fl; A Vw; 756 SqFt,1,1,100%
4/30/2026,Southeast Indiana,Madison - 2157,SL,2BR; 4th Fl; A Vw; 924 SqFt,1,1,100%
4/30/2026,Southeast Indiana,Madison - 2157,SL,2BR; 4th Fl; B Vw; 929 SqFt,1,1,100%
4/30/2026,Southeast Indiana,Madison - 2157,SL,2BR; 4th Fl; C Vw; 737 SqFt,1,1,100%
4/30/2026,Southeast Indiana,Madison - 2157,SL,2BR; 4th Fl; C Vw; 791 SqFt,1,1,100%
4/30/2026,Southeast Indiana,Madison - 2157,SL,Studio; 1st Fl; B Vw; 403 SqFt,1,1,97%
4/30/2026,Southeast Indiana,Madison - 2157,SL,Studio; 1st Fl; C Vw; 454 SqFt,1,1,100%
4/30/2026,Southeast Indiana,Scottsburg - 121,AL,Companion,0,0,0%
4/30/2026,Southeast Indiana,Scottsburg - 121,AL,Studio - Private,16.5,18,92%
4/30/2026,Southeast Indiana,Scottsburg - 121,AL,Studio - Private Deluxe,3.7,4,93%
4/30/2026,Southeast Indiana,Scottsburg - 121,HC,Companion,42.1,44,96%
4/30/2026,Southeast Indiana,Scottsburg - 121,HC,Private,19.5,27,72%
4/30/2026,Southeast Indiana,Seymour - 109,AL,Companion,4,4,100%
4/30/2026,Southeast Indiana,Seymour - 109,AL,Studio - Private,17.6,18,98%
4/30/2026,Southeast Indiana,Seymour - 109,AL/MC,Legacy Lane - Private,3,3,100%
4/30/2026,Southeast Indiana,Seymour - 109,HC,Companion,34.9,44,79%
4/30/2026,Southeast Indiana,Seymour - 109,HC,Private,2,2,100%
4/30/2026,Southeast Indiana,Seymour - 109,HC,TCU - Private,10.3,12,86%
4/30/2026,Southeast Indiana,Seymour - 109,HC/MC,Legacy Lane - Companion,4,4,100%
4/30/2026,Southeast Indiana,Seymour - 109,HC/MC,Legacy Lane - Private,6,6,100%
4/30/2026,Southeast Indiana,Shelbyville - 118,AL,Companion,4.7,5,100%
4/30/2026,Southeast Indiana,Shelbyville - 118,AL,Studio - Private,17.3,17,100%
4/30/2026,Southeast Indiana,Shelbyville - 118,AL/MC,Legacy Lane - Companion,2,2,100%
4/30/2026,Southeast Indiana,Shelbyville - 118,AL/MC,Legacy Lane - Private,8,8,100%
4/30/2026,Southeast Indiana,Shelbyville - 118,AL/MC,Legacy Lane - Studio Dlx,1,1,100%
4/30/2026,Southeast Indiana,Shelbyville - 118,HC,Companion,51.6,55,94%
4/30/2026,Southeast Indiana,Shelbyville - 118,HC,Private,4.5,5,89%
4/30/2026,Southeast Indiana,Shelbyville - 118,VIL,Independent Living - Villa,16,19,84%
4/30/2026,Southeast Ohio,Delphos - 407,AL,Compan;A Vw;A Loc;B Sz,2,2,100%
4/30/2026,Southeast Ohio,Delphos - 407,AL,Compan;A Vw;C Loc;B Sz,2,2,100%
4/30/2026,Southeast Ohio,Delphos - 407,AL,Compan;B Vw;C Loc;B Sz,2,2,100%
4/30/2026,Southeast Ohio,Delphos - 407,AL,Compan;C Vw;A Loc;B Sz,1,1,100%
4/30/2026,Southeast Ohio,Delphos - 407,AL,Studio;A Vw;A Loc;B Sz,3,3,100%
4/30/2026,Southeast Ohio,Delphos - 407,AL,Studio;A Vw;C Loc;B Sz,8.6,9,96%
4/30/2026,Southeast Ohio,Delphos - 407,AL,Studio;A Vw;C Loc;C Sz,0.9,1,87%
4/30/2026,Southeast Ohio,Delphos - 407,AL,Studio;B Vw;A Loc;B Sz,4,4,100%
4/30/2026,Southeast Ohio,Delphos - 407,AL,Studio;B Vw;C Loc;B Sz,4.8,5,97%
4/30/2026,Southeast Ohio,Delphos - 407,AL,Studio;B Vw;C Loc;C Sz,1,1,100%
4/30/2026,Southeast Ohio,Delphos - 407,AL,Studio;C Vw;C Loc;B Sz,4,4,100%
4/30/2026,Southeast Ohio,Delphos - 407,HC,Compan;A Vw;C Loc;B Sz,3,4,74%
4/30/2026,Southeast Ohio,Delphos - 407,HC,Compan;C Vw;A Loc;B Sz,3.6,4,90%
4/30/2026,Southeast Ohio,Delphos - 407,HC,Compan;C Vw;C Loc;B Sz,7.3,8,91%
4/30/2026,Southeast Ohio,Delphos - 407,HC,Companion,0,0,0%
4/30/2026,Southeast Ohio,Delphos - 407,HC,Private,0,0,0%
4/30/2026,Southeast Ohio,Delphos - 407,HC,Stu Dlx;A Vw;A Loc;B Sz,1,1,100%
4/30/2026,Southeast Ohio,Delphos - 407,HC,Stu Dlx;A Vw;C Loc;B Sz,0.1,1,7%
4/30/2026,Southeast Ohio,Delphos - 407,HC,Stu Dlx;C Vw;A Loc;B Sz,0.4,1,40%
4/30/2026,Southeast Ohio,Delphos - 407,HC,Stu Dlx;C Vw;C Loc;B Sz,1,1,100%
4/30/2026,Southeast Ohio,Delphos - 407,HC,Studio;A Vw;A Loc;B Sz,3,3,100%
4/30/2026,Southeast Ohio,Delphos - 407,HC,Studio;A Vw;C Loc;B Sz,5.4,6,89%
4/30/2026,Southeast Ohio,Delphos - 407,HC,Studio;C Vw;A Loc;B Sz,2.9,3,98%
4/30/2026,Southeast Ohio,Delphos - 407,HC,Studio;C Vw;C Loc;B Sz,18,22,82%
4/30/2026,Southeast Ohio,Gahanna - 436,AL,Compan;A Vw;C Loc;A Sz,2,2,100%
4/30/2026,Southeast Ohio,Gahanna - 436,AL,Compan;B Vw;C Loc;B Sz,2,2,100%
4/30/2026,Southeast Ohio,Gahanna - 436,AL,Studio;A Vw;A Loc;B Sz,2.8,3,92%
4/30/2026,Southeast Ohio,Gahanna - 436,AL,Studio;A Vw;B Loc;B Sz,2,2,100%
4/30/2026,Southeast Ohio,Gahanna - 436,AL,Studio;A Vw;C Loc;B Sz,3.9,4,97%
4/30/2026,Southeast Ohio,Gahanna - 436,AL,Studio;B Vw;C Loc;B Sz,2.6,4,64%
4/30/2026,Southeast Ohio,Gahanna - 436,AL,Studio;C Vw;B Loc;B Sz,1.5,2,73%
4/30/2026,Southeast Ohio,Gahanna - 436,AL/MC,MC-Compan;A Vw;B Loc;B Sz,1,1,100%
4/30/2026,Southeast Ohio,Gahanna - 436,AL/MC,MC-Compan;A Vw;C Loc;B Sz,1,1,100%
4/30/2026,Southeast Ohio,Gahanna - 436,AL/MC,MC-Compan;C Vw;C Loc;B Sz,1,1,100%
4/30/2026,Southeast Ohio,Gahanna - 436,AL/MC,MC-Studio;A Vw;A Loc;B Sz,1,2,50%
4/30/2026,Southeast Ohio,Gahanna - 436,AL/MC,MC-Studio;A Vw;C Loc;B Sz,4,5,80%
4/30/2026,Southeast Ohio,Gahanna - 436,AL/MC,MC-Studio;B Vw;C Loc;B Sz,0,1,0%
4/30/2026,Southeast Ohio,Gahanna - 436,AL/MC,MC-Studio;C Vw;C Loc;B Sz,2.1,4,53%
4/30/2026,Southeast Ohio,Gahanna - 436,HC,Compan;A Vw;B Loc;B Sz,2,2,100%
4/30/2026,Southeast Ohio,Gahanna - 436,HC,Compan;A Vw;C Loc;B Sz,4.9,6,81%
4/30/2026,Southeast Ohio,Gahanna - 436,HC,Compan;C Vw;B Loc;B Sz,5.8,6,96%
4/30/2026,Southeast Ohio,Gahanna - 436,HC,Compan;C Vw;C Loc;B Sz,7.9,10,79%
4/30/2026,Southeast Ohio,Gahanna - 436,HC,Studio;A Vw;A Loc;B Sz,2.7,3,91%
4/30/2026,Southeast Ohio,Gahanna - 436,HC,Studio;A Vw;B Loc;B Sz,1,1,100%
4/30/2026,Southeast Ohio,Gahanna - 436,HC,Studio;A Vw;C Loc;B Sz,4.6,5,92%
4/30/2026,Southeast Ohio,Gahanna - 436,HC,Studio;C Vw;A Loc;B Sz,2.9,3,98%
4/30/2026,Southeast Ohio,Gahanna - 436,HC,Studio;C Vw;B Loc;B Sz,2.6,3,87%
4/30/2026,Southeast Ohio,Gahanna - 436,HC,Studio;C Vw;C Loc;B Sz,17.5,19,92%
4/30/2026,Southeast Ohio,Gahanna - 436,SL,1BR;A Vw;B Loc;A Sz,0,1,0%
4/30/2026,Southeast Ohio,Gahanna - 436,SL,1BR;A Vw;B Loc;B Sz,0,1,0%
4/30/2026,Southeast Ohio,Gahanna - 436,SL,1BR;A Vw;C Loc;B Sz,1.1,3,38%
4/30/2026,Southeast Ohio,Gahanna - 436,SL,1BR;B Vw;A Loc;A Sz,2,2,100%
4/30/2026,Southeast Ohio,Gahanna - 436,SL,1BR;B Vw;A Loc;B Sz,1,1,100%
4/30/2026,Southeast Ohio,Gahanna - 436,SL,1BR;B Vw;B Loc;A Sz,1,2,50%
4/30/2026,Southeast Ohio,Gahanna - 436,SL,1BR;B Vw;C Loc;B Sz,4,7,57%
4/30/2026,Southeast Ohio,Gahanna - 436,SL,1BR;C Vw;B Loc;C Sz,1,1,100%
4/30/2026,Southeast Ohio,Gahanna - 436,SL,Studio;A Vw;C Loc;A Sz,1.7,2,83%
4/30/2026,Southeast Ohio,Gahanna - 436,SL,Studio;B Vw;C Loc;B Sz,1,2,50%
4/30/2026,Southeast Ohio,Hilliard - 437,AL,Compan;A Vw;C Loc;A Sz,2,2,100%
4/30/2026,Southeast Ohio,Hilliard - 437,AL,Compan;B Vw;C Loc;B Sz,0.3,1,27%
4/30/2026,Southeast Ohio,Hilliard - 437,AL,Compan;C Vw;C Loc;B Sz,1,1,100%
4/30/2026,Southeast Ohio,Hilliard - 437,AL,Studio;A Vw;A Loc;B Sz,3,3,100%
4/30/2026,Southeast Ohio,Hilliard - 437,AL,Studio;A Vw;B Loc;B Sz,1,1,100%
4/30/2026,Southeast Ohio,Hilliard - 437,AL,Studio;A Vw;C Loc;B Sz,9,9,100%
4/30/2026,Southeast Ohio,Hilliard - 437,AL,Studio;C Vw;B Loc;B Sz,1,1,100%
4/30/2026,Southeast Ohio,Hilliard - 437,AL,Studio;C Vw;C Loc;B Sz,1,1,100%
4/30/2026,Southeast Ohio,Hilliard - 437,AL/MC,MC-Compan;A Vw;A Loc;B Sz,1,1,100%
4/30/2026,Southeast Ohio,Hilliard - 437,AL/MC,MC-Compan;A Vw;B Loc;B Sz,1,1,100%
4/30/2026,Southeast Ohio,Hilliard - 437,AL/MC,MC-Compan;C Vw;B Loc;A Sz,0,1,3%
4/30/2026,Southeast Ohio,Hilliard - 437,AL/MC,MC-Studio;A Vw;A Loc;B Sz,2,2,100%
4/30/2026,Southeast Ohio,Hilliard - 437,AL/MC,MC-Studio;A Vw;C Loc;B Sz,4.9,5,98%
4/30/2026,Southeast Ohio,Hilliard - 437,AL/MC,MC-Studio;B Vw;C Loc;B Sz,2,2,100%
4/30/2026,Southeast Ohio,Hilliard - 437,AL/MC,MC-Studio;C Vw;C Loc;B Sz,2.7,3,91%
4/30/2026,Southeast Ohio,Hilliard - 437,HC,Compan;C Vw;A Loc;B Sz,7.1,8,88%
4/30/2026,Southeast Ohio,Hilliard - 437,HC,Compan;C Vw;B Loc;B Sz,4,4,100%
4/30/2026,Southeast Ohio,Hilliard - 437,HC,Compan;C Vw;C Loc;B Sz,7,8,87%
4/30/2026,Southeast Ohio,Hilliard - 437,HC,Studio Dlx;A Vw;A Loc;C Sz,1,1,100%
4/30/2026,Southeast Ohio,Hilliard - 437,HC,Studio;A Vw;B Loc;B Sz,3,3,99%
4/30/2026,Southeast Ohio,Hilliard - 437,HC,Studio;A Vw;C Loc;B Sz,9.5,10,95%
4/30/2026,Southeast Ohio,Hilliard - 437,HC,Studio;B Vw;C Loc;B Sz,2,2,98%
4/30/2026,Southeast Ohio,Hilliard - 437,HC,Studio;C Vw;A Loc;B Sz,2.9,3,98%
4/30/2026,Southeast Ohio,Hilliard - 437,HC,Studio;C Vw;B Loc;B Sz,0.9,1,90%
4/30/2026,Southeast Ohio,Hilliard - 437,HC,Studio;C Vw;C Loc;B Sz,13.5,14,97%
4/30/2026,Southeast Ohio,Hilliard - 437,SL,1BR;A Vw;B Loc;A Sz,1,1,100%
4/30/2026,Southeast Ohio,Hilliard - 437,SL,1BR;A Vw;B Loc;B Sz,1,1,100%
4/30/2026,Southeast Ohio,Hilliard - 437,SL,1BR;A Vw;C Loc;A Sz,1,1,100%
4/30/2026,Southeast Ohio,Hilliard - 437,SL,1BR;A Vw;C Loc;B Sz,5.1,8,64%
4/30/2026,Southeast Ohio,Hilliard - 437,SL,1BR;B Vw;C Loc;B Sz,1,1,97%
4/30/2026,Southeast Ohio,Hilliard - 437,SL,1BR;C Vw;A Loc;B Sz,3,3,100%
4/30/2026,Southeast Ohio,Hilliard - 437,SL,1BR;C Vw;B Loc;A Sz,1,1,100%
4/30/2026,Southeast Ohio,Hilliard - 437,SL,1BR;C Vw;C Loc;A Sz,0.3,1,27%
4/30/2026,Southeast Ohio,Hilliard - 437,SL,1BR;C Vw;C Loc;B Sz,0,2,0%
4/30/2026,Southeast Ohio,Hilliard - 437,SL,1BR;C Vw;C Loc;C Sz,1,1,100%
4/30/2026,Southeast Ohio,Hilliard - 437,SL,Studio;A Vw;C Loc;A Sz,1.5,2,73%
4/30/2026,Southeast Ohio,Hilliard - 437,SL,Studio;B Vw;C Loc;B Sz,1,1,100%
4/30/2026,Southeast Ohio,Hilliard - 437,SL,Studio;C Vw;C Loc;B Sz,0,1,0%
4/30/2026,Southeast Ohio,Lancaster - 445,AL,2 FL 1BR;C Vw;B Loc;B Sz,1,1,100%
4/30/2026,Southeast Ohio,Lancaster - 445,AL,2 FL Studio;B Vw;B Loc;B Sz,1,1,100%
4/30/2026,Southeast Ohio,Lancaster - 445,AL,Compan;B Vw;B Loc;B Sz,4,4,100%
4/30/2026,Southeast Ohio,Lancaster - 445,AL,Studio Double;B Vw;A Loc;B Sz,5.3,7,76%
4/30/2026,Southeast Ohio,Lancaster - 445,AL,Studio Double;B Vw;B Loc;B Sz,6.3,8,79%
4/30/2026,Southeast Ohio,Lancaster - 445,AL/MC,MC-Compan;B Vw;B Loc;B Sz,2,3,67%
4/30/2026,Southeast Ohio,Lancaster - 445,AL/MC,MC-Studio Double;B Vw;B Loc;B Sz,12,12,100%
4/30/2026,Southeast Ohio,Lancaster - 445,HC,Compan;B Vw;B Loc;B Sz,13.6,20,68%
4/30/2026,Southeast Ohio,Lancaster - 445,HC,Studio Dlx;B Vw;A Loc;A Sz,1,1,100%
4/30/2026,Southeast Ohio,Lancaster - 445,HC,Studio;B Vw;A Loc;B Sz,6.4,7,91%
4/30/2026,Southeast Ohio,Lancaster - 445,HC,Studio;B Vw;B Loc;B Sz,21.6,24,90%
4/30/2026,Southeast Ohio,Lancaster - 445,SL,2 FL 1BR;B Vw;B Loc;A Sz,3,3,100%
4/30/2026,Southeast Ohio,Lancaster - 445,SL,2 FL 1BR;B Vw;B Loc;B Sz,13,13,100%
4/30/2026,Southeast Ohio,Lancaster - 445,SL,2 FL 1BR;C Vw;B Loc;B Sz,1,1,100%
4/30/2026,Southeast Ohio,Lancaster - 445,SL,2 FL 1BR;C Vw;B Loc;C Sz,0,1,0%
4/30/2026,Southeast Ohio,Lancaster - 445,SL,2 FL 2BR;B Vw;B Loc;B Sz,1,1,100%
4/30/2026,Southeast Ohio,Lancaster - 445,SL,2 FL Studio;B Vw;B Loc;B Sz,4,4,100%
4/30/2026,Southeast Ohio,Lima - 410,HC,Companion,26.8,28,96%
4/30/2026,Southeast Ohio,Lima - 410,HC,Private,8.9,10,89%
4/30/2026,Southeast Ohio,Lima - 410,HC,TCU - Companion,0,0,0%
4/30/2026,Southeast Ohio,Lima - 410,HC,TCU - Private,7.3,10,73%
4/30/2026,Southeast Ohio,Lima - 410,HC/MC,MC - Companion,14,14,100%
4/30/2026,Southeast Ohio,Lima SL - 433,AL,Compan;A Vw;C Loc;B Sz,2,2,100%
4/30/2026,Southeast Ohio,Lima SL - 433,AL,Compan;B Vw;C Loc;B Sz,2,2,100%
4/30/2026,Southeast Ohio,Lima SL - 433,AL,Studio;A Vw;A Loc;B Sz,3,3,99%
4/30/2026,Southeast Ohio,Lima SL - 433,AL,Studio;A Vw;B Loc;B Sz,1,1,100%
4/30/2026,Southeast Ohio,Lima SL - 433,AL,Studio;A Vw;C Loc;B Sz,5,5,100%
4/30/2026,Southeast Ohio,Lima SL - 433,AL,Studio;B Vw;B Loc;B Sz,1,1,100%
4/30/2026,Southeast Ohio,Lima SL - 433,AL,Studio;B Vw;C Loc;B Sz,5,5,100%
4/30/2026,Southeast Ohio,Lima SL - 433,AL/MC,Legacy-Compan;B Vw;B Loc;B Sz,1.9,2,95%
4/30/2026,Southeast Ohio,Lima SL - 433,AL/MC,Legacy-Compan;C Vw;B Loc;B Sz,1,1,100%
4/30/2026,Southeast Ohio,Lima SL - 433,AL/MC,Legacy-Studio;B Vw;A Loc;B Sz,2,2,100%
4/30/2026,Southeast Ohio,Lima SL - 433,AL/MC,Legacy-Studio;B Vw;C Loc;B Sz,9.7,10,97%
4/30/2026,Southeast Ohio,Lima SL - 433,HC,Compan;A Vw;C Loc;B Sz,3.9,4,97%
4/30/2026,Southeast Ohio,Lima SL - 433,HC,Compan;C Vw;B Loc;B Sz,6,6,100%
4/30/2026,Southeast Ohio,Lima SL - 433,HC,Compan;C Vw;C Loc;B Sz,9.8,10,98%
4/30/2026,Southeast Ohio,Lima SL - 433,HC,Studio Dlx;A Vw;B Loc;B Sz,1,1,100%
4/30/2026,Southeast Ohio,Lima SL - 433,HC,Studio Dlx;A Vw;C Loc;B Sz,1,1,97%
4/30/2026,Southeast Ohio,Lima SL - 433,HC,Studio;A Vw;A Loc;B Sz,2.9,3,96%
4/30/2026,Southeast Ohio,Lima SL - 433,HC,Studio;A Vw;B Loc;B Sz,1,1,100%
4/30/2026,Southeast Ohio,Lima SL - 433,HC,Studio;A Vw;C Loc;B Sz,4.9,5,98%
4/30/2026,Southeast Ohio,Lima SL - 433,HC,Studio;B Vw;C Loc;B Sz,2.6,3,88%
4/30/2026,Southeast Ohio,Lima SL - 433,HC,Studio;C Vw;A Loc;B Sz,3,3,100%
4/30/2026,Southeast Ohio,Lima SL - 433,HC,Studio;C Vw;B Loc;B Sz,2.9,3,98%
4/30/2026,Southeast Ohio,Lima SL - 433,HC,Studio;C Vw;C Loc;B Sz,15.8,16,99%
4/30/2026,Southeast Ohio,New Albany SM - 438,AL,2 FL 1BR;B Vw;A Loc;A Sz,2,2,100%
4/30/2026,Southeast Ohio,New Albany SM - 438,AL,2 FL 1BR;B Vw;B Loc;A Sz,1,1,100%
4/30/2026,Southeast Ohio,New Albany SM - 438,AL,2 FL 1BR;B Vw;B Loc;B Sz,4,4,100%
4/30/2026,Southeast Ohio,New Albany SM - 438,AL,Compan;A Vw;C Loc;A Sz,2,2,100%
4/30/2026,Southeast Ohio,New Albany SM - 438,AL,Compan;B Vw;C Loc;B Sz,2,2,100%
4/30/2026,Southeast Ohio,New Albany SM - 438,AL,Studio;A Vw;A Loc;B Sz,2.9,3,97%
4/30/2026,Southeast Ohio,New Albany SM - 438,AL,Studio;A Vw;B Loc;B Sz,2,2,100%
4/30/2026,Southeast Ohio,New Albany SM - 438,AL,Studio;A Vw;C Loc;B Sz,4,4,100%
4/30/2026,Southeast Ohio,New Albany SM - 438,AL,Studio;B Vw;C Loc;B Sz,4,4,100%
4/30/2026,Southeast Ohio,New Albany SM - 438,AL,Studio;C Vw;B Loc;B Sz,1.9,2,95%
4/30/2026,Southeast Ohio,New Albany SM - 438,AL/MC,Legacy-Compan;A Vw;B Loc;B Sz,0,1,0%
4/30/2026,Southeast Ohio,New Albany SM - 438,AL/MC,Legacy-Compan;A Vw;C Loc;B Sz,1,1,100%
4/30/2026,Southeast Ohio,New Albany SM - 438,AL/MC,Legacy-Compan;C Vw;C Loc;B Sz,1,1,100%
4/30/2026,Southeast Ohio,New Albany SM - 438,AL/MC,Legacy-Studio;A Vw;A Loc;B Sz,2,2,100%
4/30/2026,Southeast Ohio,New Albany SM - 438,AL/MC,Legacy-Studio;A Vw;C Loc;B Sz,4.4,5,87%
4/30/2026,Southeast Ohio,New Albany SM - 438,AL/MC,Legacy-Studio;B Vw;C Loc;B Sz,1,1,100%
4/30/2026,Southeast Ohio,New Albany SM - 438,AL/MC,Legacy-Studio;C Vw;C Loc;B Sz,4,4,100%
4/30/2026,Southeast Ohio,New Albany SM - 438,HC,Compan;C Vw;B Loc;B Sz,3.8,4,96%
4/30/2026,Southeast Ohio,New Albany SM - 438,HC,Compan;C Vw;C Loc;B Sz,17.1,20,86%
4/30/2026,Southeast Ohio,New Albany SM - 438,HC,Studio Dlx;C Vw;C Loc;B Sz,3.5,4,88%
4/30/2026,Southeast Ohio,New Albany SM - 438,HC,Studio;A Vw;A Loc;B Sz,2.6,3,86%
4/30/2026,Southeast Ohio,New Albany SM - 438,HC,Studio;A Vw;B Loc;B Sz,1,1,97%
4/30/2026,Southeast Ohio,New Albany SM - 438,HC,Studio;A Vw;C Loc;B Sz,4.4,5,88%
4/30/2026,Southeast Ohio,New Albany SM - 438,HC,Studio;C Vw;A Loc;B Sz,3,3,99%
4/30/2026,Southeast Ohio,New Albany SM - 438,HC,Studio;C Vw;B Loc;B Sz,3,3,100%
4/30/2026,Southeast Ohio,New Albany SM - 438,HC,Studio;C Vw;C Loc;B Sz,14.5,15,96%
4/30/2026,Southeast Ohio,New Albany SM - 438,SL,1BR;A Vw;B Loc;A Sz,1,1,100%
4/30/2026,Southeast Ohio,New Albany SM - 438,SL,1BR;A Vw;B Loc;B Sz,1,1,100%
4/30/2026,Southeast Ohio,New Albany SM - 438,SL,1BR;A Vw;C Loc;B Sz,3,3,100%
4/30/2026,Southeast Ohio,New Albany SM - 438,SL,1BR;B Vw;A Loc;A Sz,0,0,0%
4/30/2026,Southeast Ohio,New Albany SM - 438,SL,1BR;B Vw;A Loc;B Sz,1,1,100%
4/30/2026,Southeast Ohio,New Albany SM - 438,SL,1BR;B Vw;B Loc;A Sz,0,0,0%
4/30/2026,Southeast Ohio,New Albany SM - 438,SL,1BR;B Vw;C Loc;B Sz,3,3,100%
4/30/2026,Southeast Ohio,New Albany SM - 438,SL,1BR;C Vw;B Loc;C Sz,1,1,100%
4/30/2026,Southeast Ohio,New Albany SM - 438,SL,2 FL 1BR;B Vw;A Loc;A Sz,0,0,0%
4/30/2026,Southeast Ohio,New Albany SM - 438,SL,2 FL 1BR;B Vw;B Loc;A Sz,1,1,100%
4/30/2026,Southeast Ohio,New Albany SM - 438,SL,2 FL 1BR;B Vw;B Loc;B Sz,0,0,0%
4/30/2026,Southeast Ohio,New Albany SM - 438,SL,Studio;A Vw;C Loc;A Sz,2,2,100%
4/30/2026,Southeast Ohio,New Albany SM - 438,SL,Studio;B Vw;C Loc;B Sz,2,2,100%
4/30/2026,Southeast Ohio,Pickerington - 421,AL,Compan;B Vw;C Loc;B Sz,3.1,4,78%
4/30/2026,Southeast Ohio,Pickerington - 421,AL,Studio;B Vw;A Loc;B Sz,4,4,100%
4/30/2026,Southeast Ohio,Pickerington - 421,AL,Studio;B Vw;B Loc;B Sz,1,1,100%
4/30/2026,Southeast Ohio,Pickerington - 421,AL,Studio;B Vw;C Loc;B Sz,7.2,8,90%
4/30/2026,Southeast Ohio,Pickerington - 421,AL,Studio;C Vw;A Loc;B Sz,1,1,100%
4/30/2026,Southeast Ohio,Pickerington - 421,AL,Studio;C Vw;B Loc;B Sz,0.1,1,10%
4/30/2026,Southeast Ohio,Pickerington - 421,AL/MC,Legacy-Compan;B Vw;B Loc;B Sz,0,0,0%
4/30/2026,Southeast Ohio,Pickerington - 421,AL/MC,Legacy-Compan;B Vw;C Loc;B Sz,2,2,100%
4/30/2026,Southeast Ohio,Pickerington - 421,AL/MC,Legacy-Compan;C Vw;C Loc;B Sz,1,1,100%
4/30/2026,Southeast Ohio,Pickerington - 421,AL/MC,Legacy-Studio;B Vw;A Loc;B Sz,2,2,98%
4/30/2026,Southeast Ohio,Pickerington - 421,AL/MC,Legacy-Studio;B Vw;C Loc;B Sz,4.9,7,70%
4/30/2026,Southeast Ohio,Pickerington - 421,AL/MC,Legacy-Studio;C Vw;C Loc;B Sz,2.5,3,83%
4/30/2026,Southeast Ohio,Pickerington - 421,HC,Compan;C Vw;A Loc;B Sz,3.4,4,84%
4/30/2026,Southeast Ohio,Pickerington - 421,HC,Compan;C Vw;B Loc;B Sz,4,4,100%
4/30/2026,Southeast Ohio,Pickerington - 421,HC,Companion,14,16,87%
4/30/2026,Southeast Ohio,Pickerington - 421,HC,Studio;A Vw;A Loc;B Sz,2.9,3,98%
4/30/2026,Southeast Ohio,Pickerington - 421,HC,Studio;A Vw;B Loc;B Sz,1,1,97%
4/30/2026,Southeast Ohio,Pickerington - 421,HC,Studio;A Vw;C Loc;B Sz,4.5,5,90%
4/30/2026,Southeast Ohio,Pickerington - 421,HC,Studio;B Vw;C Loc;B Sz,0.9,1,90%
4/30/2026,Southeast Ohio,Pickerington - 421,HC,Studio;C Vw;A Loc;B Sz,3,3,100%
4/30/2026,Southeast Ohio,Pickerington - 421,HC,Studio;C Vw;B Loc;B Sz,2.8,3,93%
4/30/2026,Southeast Ohio,Pickerington - 421,HC,Studio;C Vw;C Loc;B Sz,17.2,18,95%
4/30/2026,Southeast Ohio,Pickerington - 421,SL,1BR Dlx;A Vw;A Loc;B Sz,0,1,0%
4/30/2026,Southeast Ohio,Pickerington - 421,SL,1BR Dlx;A Vw;B Loc;B Sz,1,1,100%
4/30/2026,Southeast Ohio,Pickerington - 421,SL,1BR Dlx;B Vw;A Loc;A Sz,1,1,100%
4/30/2026,Southeast Ohio,Pickerington - 421,SL,1BR Dlx;B Vw;B Loc;A Sz,0,1,0%
4/30/2026,Southeast Ohio,Pickerington - 421,SL,1BR;A Vw;C Loc;B Sz,1,2,50%
4/30/2026,Southeast Ohio,Pickerington - 421,SL,1BR;B Vw;A Loc;A Sz,1,1,100%
4/30/2026,Southeast Ohio,Pickerington - 421,SL,1BR;B Vw;A Loc;B Sz,2,2,100%
4/30/2026,Southeast Ohio,Pickerington - 421,SL,1BR;B Vw;B Loc;B Sz,2,2,100%
4/30/2026,Southeast Ohio,Pickerington - 421,SL,1BR;B Vw;C Loc;B Sz,5,6,83%
4/30/2026,Southeast Ohio,Pickerington - 421,SL,1BR;C Vw;B Loc;C Sz,1,1,100%
4/30/2026,Southeast Ohio,Pickerington - 421,SL,Studio;B Vw;C Loc;A Sz,1,2,50%
4/30/2026,Southeast Ohio,Pickerington - 421,SL,Studio;B Vw;C Loc;B Sz,2,2,100%
4/30/2026,Southeast Ohio,Zanesville OB - 2425,AL,Companion,2.9,3,96%
4/30/2026,Southeast Ohio,Zanesville OB - 2425,AL,Studio - Private,14,14,100%
4/30/2026,Southeast Ohio,Zanesville OB - 2425,HC,Companion,19.5,20,98%
4/30/2026,Southeast Ohio,Zanesville OB - 2425,HC,Private,32.8,35,94%
4/30/2026,Southwest Indiana,Boonville - 110,AL,Companion,3,4,75%
4/30/2026,Southwest Indiana,Boonville - 110,AL,Studio - Double,10,10,100%
4/30/2026,Southwest Indiana,Boonville - 110,AL,Studio - Private,6.7,8,84%
4/30/2026,Southwest Indiana,Boonville - 110,AL/MC,Legacy Lane - Companion,0.7,2,35%
4/30/2026,Southwest Indiana,Boonville - 110,AL/MC,Legacy Lane - Private,4.3,9,48%
4/30/2026,Southwest Indiana,Boonville - 110,HC,Companion,50.3,56,90%
4/30/2026,Southwest Indiana,Boonville - 110,HC,Private,3.8,4,95%
4/30/2026,Southwest Indiana,Evansville NR - 2186,AL,Companion,4,4,100%
4/30/2026,Southwest Indiana,Evansville NR - 2186,AL,Studio - Private,15,15,100%
4/30/2026,Southwest Indiana,Evansville NR - 2186,AL/MC,Legacy Lane - Companion,3,3,100%
4/30/2026,Southwest Indiana,Evansville NR - 2186,AL/MC,Legacy Lane - Private,8,8,100%
4/30/2026,Southwest Indiana,Evansville NR - 2186,HC,Companion,18.8,24,78%
4/30/2026,Southwest Indiana,Evansville NR - 2186,HC,Private,31.7,34,93%
4/30/2026,Southwest Indiana,Evansville NR - 2186,VIL,Independent Living - Villa 1,20,20,100%
4/30/2026,Southwest Indiana,Evansville NR - 2186,VIL,Independent Living - Villa 2,10,10,100%
4/30/2026,Southwest Indiana,Evansville RP - 111,AL,1BR;A Vw;B Loc;B Sz,4,4,100%
4/30/2026,Southwest Indiana,Evansville RP - 111,AL,Studio - Double;A Vw;B Loc;B Sz,4,4,100%
4/30/2026,Southwest Indiana,Evansville RP - 111,AL,Studio - Double;B Vw;B Loc;B Sz,1,1,100%
4/30/2026,Southwest Indiana,Evansville RP - 111,AL,Studio - Double;C Vw;B Loc;B Sz,5,5,100%
4/30/2026,Southwest Indiana,Evansville RP - 111,AL,Studio;A Vw;B Loc;A Sz,2,2,100%
4/30/2026,Southwest Indiana,Evansville RP - 111,AL,Studio;A Vw;B Loc;B Sz,4,4,99%
4/30/2026,Southwest Indiana,Evansville RP - 111,AL,Studio;A Vw;B Loc;C Sz,9,9,100%
4/30/2026,Southwest Indiana,Evansville RP - 111,AL,Studio;B Vw;B Loc;B Sz,1.6,2,82%
4/30/2026,Southwest Indiana,Evansville RP - 111,AL,Studio;B Vw;B Loc;C Sz,2,2,100%
4/30/2026,Southwest Indiana,Evansville RP - 111,AL,Studio;C Vw;B Loc;A Sz,2,2,100%
4/30/2026,Southwest Indiana,Evansville RP - 111,AL,Studio;C Vw;B Loc;C Sz,7,7,100%
4/30/2026,Southwest Indiana,Evansville RP - 111,HC,Companion,24.4,26,94%
4/30/2026,Southwest Indiana,Evansville RP - 111,HC,Private,34,36,94%
4/30/2026,Southwest Indiana,Evansville RP - 111,HC,TCU - Private Deluxe 460 SQ FT,2.9,3,96%
4/30/2026,Southwest Indiana,Evansville WR - 142,AL,Companion,5,5,99%
4/30/2026,Southwest Indiana,Evansville WR - 142,AL,Studio - Double,0,0,0%
4/30/2026,Southwest Indiana,Evansville WR - 142,AL,Studio - Private,28.1,29,97%
4/30/2026,Southwest Indiana,Evansville WR - 142,AL/MC,Legacy Bldng - Companion,2,2,100%
4/30/2026,Southwest Indiana,Evansville WR - 142,AL/MC,Legacy Bldng - Private,24,27,89%
4/30/2026,Southwest Indiana,Evansville WR - 142,HC,Companion,14.7,17,86%
4/30/2026,Southwest Indiana,Evansville WR - 142,HC,Private,25.1,28,90%
4/30/2026,Southwest Indiana,Evansville WR - 142,HC/MC,MC - Companion,7,10,70%
4/30/2026,Southwest Indiana,Evansville WR - 142,HC/MC,MC - Studio,3.7,4,92%
4/30/2026,Southwest Indiana,Ferdinand - 303,AL,Compan;A Vw;B Loc;A Sz,0.7,1,67%
4/30/2026,Southwest Indiana,Ferdinand - 303,AL,Compan;A Vw;C Loc;A Sz,1,1,100%
4/30/2026,Southwest Indiana,Ferdinand - 303,AL,Compan;A Vw;C Loc;B Sz,1,1,100%
4/30/2026,Southwest Indiana,Ferdinand - 303,AL,Compan;B Vw;B Loc;B Sz,1,1,100%
4/30/2026,Southwest Indiana,Ferdinand - 303,AL,Studio;A Vw;A Loc;B Sz,0.6,1,57%
4/30/2026,Southwest Indiana,Ferdinand - 303,AL,Studio;A Vw;C Loc;B Sz,6,6,100%
4/30/2026,Southwest Indiana,Ferdinand - 303,AL,Studio;B Vw;A Loc;B Sz,4,4,100%
4/30/2026,Southwest Indiana,Ferdinand - 303,AL,Studio;C Vw;A Loc;B Sz,4,4,100%
4/30/2026,Southwest Indiana,Ferdinand - 303,AL/MC,Legacy Compan;A Vw;A Loc;B Sz,2,2,100%
4/30/2026,Southwest Indiana,Ferdinand - 303,AL/MC,Legacy Studio;A Vw;A Loc;B Sz,4,4,100%
4/30/2026,Southwest Indiana,Ferdinand - 303,AL/MC,Legacy Studio;A Vw;B Loc;B Sz,2,2,100%
4/30/2026,Southwest Indiana,Ferdinand - 303,AL/MC,Legacy Studio;B Vw;A Loc;B Sz,1,1,100%
4/30/2026,Southwest Indiana,Ferdinand - 303,AL/MC,Legacy Studio;B Vw;C Loc;B Sz,6.8,7,97%
4/30/2026,Southwest Indiana,Ferdinand - 303,HC,Compan;A Vw;C Loc;B Sz,3.3,4,83%
4/30/2026,Southwest Indiana,Ferdinand - 303,HC,Compan;C Vw;A Loc;B Sz,8,8,100%
4/30/2026,Southwest Indiana,Ferdinand - 303,HC,Compan;C Vw;C Loc;B Sz,11.5,12,96%
4/30/2026,Southwest Indiana,Ferdinand - 303,HC,Companion,0,0,0%
4/30/2026,Southwest Indiana,Ferdinand - 303,HC,Private,0,0,0%
4/30/2026,Southwest Indiana,Ferdinand - 303,HC,Studio;A Vw;A Loc;B Sz,4,4,99%
4/30/2026,Southwest Indiana,Ferdinand - 303,HC,Studio;A Vw;C Loc;B Sz,6,6,100%
4/30/2026,Southwest Indiana,Ferdinand - 303,HC,Studio;C Vw;A Loc;B Sz,9.9,10,99%
4/30/2026,Southwest Indiana,Ferdinand - 303,HC,Studio;C Vw;C Loc;B Sz,25.6,26,99%
4/30/2026,Southwest Indiana,Ferdinand - 303,HC/MC,Legacy Lane - Companion,0,0,0%
4/30/2026,Southwest Indiana,Ferdinand - 303,HC/MC,Legacy-Compan;A Vw;A Loc;B Sz,2,2,98%
4/30/2026,Southwest Indiana,Ferdinand - 303,HC/MC,Legacy-Compan;A Vw;C Loc;B Sz,6,6,100%
4/30/2026,Southwest Indiana,Ferdinand - 303,HC/MC,Legacy-Compan;C Vw;C Loc;B Sz,0,0,0%
4/30/2026,Southwest Indiana,Ferdinand - 303,HC/MC,Legacy-Studio;A Vw;A Loc;B Sz,2,2,100%
4/30/2026,Southwest Indiana,Ferdinand - 303,HC/MC,Legacy-Studio;A Vw;C Loc;B Sz,5,5,100%
4/30/2026,Southwest Indiana,Ferdinand - 303,HC/MC,Legacy-Studio;B Vw;C Loc;B Sz,3,3,100%
4/30/2026,Southwest Indiana,Greencastle - 119,AL,Companion,4,4,100%
4/30/2026,Southwest Indiana,Greencastle - 119,AL,Studio - Double,10,10,100%
4/30/2026,Southwest Indiana,Greencastle - 119,AL,Studio - Private,7.7,8,97%
4/30/2026,Southwest Indiana,Greencastle - 119,AL/MC,Legacy Lane - Companion,2,2,100%
4/30/2026,Southwest Indiana,Greencastle - 119,AL/MC,Legacy Lane - Private,8.9,9,99%
4/30/2026,Southwest Indiana,Greencastle - 119,HC,Companion,51.7,57,91%
4/30/2026,Southwest Indiana,Greencastle - 119,HC,Private,3.7,4,92%
4/30/2026,Southwest Indiana,Greencastle - 119,HC,Private Deluxe,1,1,100%
4/30/2026,Southwest Indiana,Jasper - 108,AL,Companion,6,6,100%
4/30/2026,Southwest Indiana,Jasper - 108,AL,One Bedroom,1,1,100%
4/30/2026,Southwest Indiana,Jasper - 108,AL,Studio - Private,25.6,27,95%
4/30/2026,Southwest Indiana,Jasper - 108,HC,Companion,49.1,54,91%
4/30/2026,Southwest Indiana,Jasper - 108,HC,Private,3.8,4,96%
4/30/2026,Southwest Indiana,Jasper - 108,VIL,Independent Living - Villa 1,22.1,25,89%
4/30/2026,Southwest Indiana,Petersburg - 304,AL,Companion,2.3,3,76%
4/30/2026,Southwest Indiana,Petersburg - 304,AL,Studio - Private,11.8,13,91%
4/30/2026,Southwest Indiana,Petersburg - 304,HC,Companion,41.5,46,90%
4/30/2026,Southwest Indiana,Petersburg - 304,HC,Private,3.2,9,36%
4/30/2026,Southwest Indiana,Petersburg - 304,HC,TCU - Private,6.5,9,72%
4/30/2026,Southwest Indiana,Princeton - 117,AL,1 Bedroom,1,1,100%
4/30/2026,Southwest Indiana,Princeton - 117,AL,Companion,3.9,6,65%
4/30/2026,Southwest Indiana,Princeton - 117,AL,Studio - Private,27.1,28,97%
4/30/2026,Southwest Indiana,Princeton - 117,HC,Companion,30,34,88%
4/30/2026,Southwest Indiana,Princeton - 117,HC,Private,3.8,4,96%
4/30/2026,Southwest Indiana,Princeton - 117,HC,Private Deluxe,13.1,15,87%
4/30/2026,Southwest Indiana,Princeton - 117,HC,TCU - Companion,4.2,8,52%
4/30/2026,Southwest Indiana,Princeton - 117,HC,TCU - Private,5,7,71%
4/30/2026,Southwest Indiana,Spencer - 101,HC,Companion,0,0,0%
4/30/2026,Southwest Indiana,Spencer - 101,HC,Private,0,0,0%
4/30/2026,Southwest Indiana,Spencer - 101,HC,TCU - Companion,0,0,0%
4/30/2026,Southwest Indiana,Spencer - 101,HC,TCU - Private,0,0,0%
4/30/2026,Southwest Indiana,Spencer - 101,HC/MC,Legacy Lane - Companion,0,0,0%
4/30/2026,Southwest Indiana,Spencer - 101,HC/MC,Legacy Lane - Private,0,0,0%
4/30/2026,Southwest Indiana,Tell City - 103,AL,Companion,4,4,100%
4/30/2026,Southwest Indiana,Tell City - 103,AL,Studio - Private,14,18,78%
4/30/2026,Southwest Indiana,Tell City - 103,HC,Companion,52,56,93%
4/30/2026,Southwest Indiana,Tell City - 103,HC,Private,4,4,100%
4/30/2026,Southwest Indiana,Tell City - 103,HC,TCU - Companion,3.2,4,81%
4/30/2026,Southwest Indiana,Tell City - 103,HC,TCU - Private,11.9,14,85%
4/30/2026,Southwest Indiana,Tell City - 103,HC/MC,Legacy Lane - Companion,4,4,99%
4/30/2026,Southwest Indiana,Tell City - 103,HC/MC,Legacy Lane - Private,8.2,9,91%
4/30/2026,Southwest Indiana,Tell City - 103,VIL,Independent Living - Villa 1,17,18,94%
4/30/2026,Southwest Indiana,Terre Haute CC - 129,AL,Companion,4,4,100%
4/30/2026,Southwest Indiana,Terre Haute CC - 129,AL,Studio - Private,16.9,18,94%
4/30/2026,Southwest Indiana,Terre Haute CC - 129,AL/MC,Legacy Lane - Companion,1,2,50%
4/30/2026,Southwest Indiana,Terre Haute CC - 129,AL/MC,Legacy Lane - Private,8.6,9,96%
4/30/2026,Southwest Indiana,Terre Haute CC - 129,HC,Companion,33.1,44,75%
4/30/2026,Southwest Indiana,Terre Haute CC - 129,HC,Private,14.2,16,89%
4/30/2026,Southwest Indiana,Terre Haute CC - 129,VIL,Patio Home 2BR,22.7,24,95%
4/30/2026,Southwest Indiana,Terre Haute HC - 5163,AL,One BR Apt-Double,4,4,100%
4/30/2026,Southwest Indiana,Terre Haute HC - 5163,AL,Studio - Double,3.6,4,90%
4/30/2026,Southwest Indiana,Terre Haute HC - 5163,AL,Studio - Private,18.9,20,95%
4/30/2026,Southwest Indiana,Terre Haute HC - 5163,AL,Studio Deluxe - Double,1,2,50%
4/30/2026,Southwest Indiana,Terre Haute HC - 5163,AL/MC,LL - Compan;A Vw;C Loc;B Sz,1,1,100%
4/30/2026,Southwest Indiana,Terre Haute HC - 5163,AL/MC,LL - Studio;A Vw;A Loc;B Sz,1,1,100%
4/30/2026,Southwest Indiana,Terre Haute HC - 5163,AL/MC,LL - Studio;A Vw;B Loc;B Sz,0.7,1,73%
4/30/2026,Southwest Indiana,Terre Haute HC - 5163,AL/MC,LL - Studio;A Vw;C Loc;B Sz,4,4,100%
4/30/2026,Southwest Indiana,Terre Haute HC - 5163,AL/MC,LL - Studio;B Vw;A Loc;B Sz,0,1,0%
4/30/2026,Southwest Indiana,Terre Haute HC - 5163,AL/MC,LL - Studio;B Vw;B Loc;B Sz,0,1,0%
4/30/2026,Southwest Indiana,Terre Haute HC - 5163,AL/MC,LL - Studio;B Vw;C Loc;B Sz,1,1,100%
4/30/2026,Southwest Indiana,Terre Haute HC - 5163,HC,Companion,13.9,14,99%
4/30/2026,Southwest Indiana,Terre Haute HC - 5163,HC,Private,42.1,46,91%
4/30/2026,Southwest Indiana,Vincennes - 131,AL,Companion,3.9,4,98%
4/30/2026,Southwest Indiana,Vincennes - 131,AL,Studio - Private,17,18,94%
4/30/2026,Southwest Indiana,Vincennes - 131,HC,Companion,31,38,82%
4/30/2026,Southwest Indiana,Vincennes - 131,HC,Private,4,4,100%
4/30/2026,Southwest Indiana,Vincennes - 131,HC,Private Deluxe,9,9,100%
4/30/2026,Southwest Indiana,Vincennes - 131,HC,TCU - Companion,9.2,13,71%
4/30/2026,Southwest Indiana,Vincennes - 131,HC,TCU - Private,14.9,16,93%
4/30/2026,Southwest Indiana,Washington - 305,AL,Companion,3.8,4,94%
4/30/2026,Southwest Indiana,Washington - 305,AL,Studio - Private,16,16,100%
4/30/2026,Southwest Indiana,Washington - 305,AL/MC,Legacy Lane - Companion,2.4,3,79%
4/30/2026,Southwest Indiana,Washington - 305,AL/MC,Legacy Lane - Private,7.6,8,95%
4/30/2026,Southwest Indiana,Washington - 305,HC,Companion,18.5,19,97%
4/30/2026,Southwest Indiana,Washington - 305,HC,Private,22.4,23,98%
4/30/2026,Southwest Indiana,Washington - 305,HC/MC,Legacy Lane - Companion,4.7,6,78%
4/30/2026,Southwest Indiana,Washington - 305,HC/MC,Legacy Lane - Private,4.9,7,70%
4/30/2026,Southwest Indiana,Washington - 305,VIL,Independent Living - Villa 1,18,18,100%
4/30/2026,Southwest Indiana,Washington - 305,VIL,Villa 1 BR,3,4,75%
4/30/2026,Southwest Indiana,Washington - 305,VIL,Villa 2 BR,6,6,100%
4/30/2026,Southwest Ohio,Colerain - 412,AL,Companion,3,3,100%
4/30/2026,Southwest Ohio,Colerain - 412,AL,Studio - Companion,7,7,100%
4/30/2026,Southwest Ohio,Colerain - 412,AL,Studio - Private,5,5,100%
4/30/2026,Southwest Ohio,Colerain - 412,AL/MC,Legacy-Compan;A Vw;C Loc;B Sz,3,3,100%
4/30/2026,Southwest Ohio,Colerain - 412,AL/MC,Legacy-Studio;A Vw;C Loc;B Sz,4,4,100%
4/30/2026,Southwest Ohio,Colerain - 412,AL/MC,Legacy-Studio;C Vw;A Loc;B Sz,4,4,100%
4/30/2026,Southwest Ohio,Colerain - 412,HC,Companion,25.8,30,86%
4/30/2026,Southwest Ohio,Colerain - 412,HC,Private,23.6,26,91%
4/30/2026,Southwest Ohio,Colerain - 412,VIL,Independent Living - Villa,0,0,0%
4/30/2026,Southwest Ohio,Colerain - 412,VIL,Patio Home 1BR,19.5,20,98%
4/30/2026,Southwest Ohio,Colerain - 412,VIL,Patio Home 2BR,7.7,8,97%
4/30/2026,Southwest Ohio,Englewood - 416,AL,Companion,3,3,100%
4/30/2026,Southwest Ohio,Englewood - 416,AL,Companion - 400 Hall,2,2,100%
4/30/2026,Southwest Ohio,Englewood - 416,AL,Studio - Private,16.2,18,90%
4/30/2026,Southwest Ohio,Englewood - 416,AL,Studio - Private - 400 Hall,9.9,10,99%
4/30/2026,Southwest Ohio,Englewood - 416,AL,Studio - Private A,1,1,100%
4/30/2026,Southwest Ohio,Englewood - 416,AL/MC,Legacy Bldng - Companion,1,1,100%
4/30/2026,Southwest Ohio,Englewood - 416,AL/MC,Legacy Bldng - Private,15.3,17,90%
4/30/2026,Southwest Ohio,Englewood - 416,AL/MC,Legacy Bldng - Private Deluxe,1.8,2,88%
4/30/2026,Southwest Ohio,Englewood - 416,HC,Companion,7.7,8,97%
4/30/2026,Southwest Ohio,Englewood - 416,HC,Private,49.7,51,97%
4/30/2026,Southwest Ohio,Englewood - 416,HC/MC,Legacy Lane - Companion,5.6,6,94%
4/30/2026,Southwest Ohio,Englewood - 416,HC/MC,Legacy Lane - Private,4.7,5,94%
4/30/2026,Southwest Ohio,Englewood - 416,VIL,1BR;A Location,6,6,100%
4/30/2026,Southwest Ohio,Englewood - 416,VIL,1BR;A Location;With Patio,2,2,100%
4/30/2026,Southwest Ohio,Englewood - 416,VIL,1BR;B Location,1,1,100%
4/30/2026,Southwest Ohio,Englewood - 416,VIL,1BR;B Location;With Patio,1,1,100%
4/30/2026,Southwest Ohio,Englewood - 416,VIL,2BR;A Location,11,11,100%
4/30/2026,Southwest Ohio,Englewood - 416,VIL,2BR;A Location;With Patio,3,3,100%
4/30/2026,Southwest Ohio,Englewood - 416,VIL,2BR;B Location,2,2,100%
4/30/2026,Southwest Ohio,Englewood - 416,VIL,2BR;C Location,3,3,100%
4/30/2026,Southwest Ohio,Englewood - 416,VIL,2BR;C Location;With Patio,1,1,100%
4/30/2026,Southwest Ohio,Hamilton - 439,AL,Compan;A Vw;C Loc;A Sz,1.8,2,92%
4/30/2026,Southwest Ohio,Hamilton - 439,AL,Compan;A Vw;C Loc;B Sz,2,2,100%
4/30/2026,Southwest Ohio,Hamilton - 439,AL,Studio;A Vw;A Loc;B Sz,3,3,100%
4/30/2026,Southwest Ohio,Hamilton - 439,AL,Studio;A Vw;B Loc;B Sz,2,2,100%
4/30/2026,Southwest Ohio,Hamilton - 439,AL,Studio;A Vw;C Loc;B Sz,7.9,8,98%
4/30/2026,Southwest Ohio,Hamilton - 439,AL,Studio;B Vw;B Loc;B Sz,1,1,100%
4/30/2026,Southwest Ohio,Hamilton - 439,AL,Studio;C Vw;B Loc;B Sz,0.7,1,67%
4/30/2026,Southwest Ohio,Hamilton - 439,AL/MC,MC-Compan;A Vw;B Loc;B Sz,2,2,100%
4/30/2026,Southwest Ohio,Hamilton - 439,AL/MC,MC-Compan;C Vw;B Loc;B Sz,1,1,100%
4/30/2026,Southwest Ohio,Hamilton - 439,AL/MC,MC-Studio;A Vw;A Loc;B Sz,2,2,100%
4/30/2026,Southwest Ohio,Hamilton - 439,AL/MC,MC-Studio;A Vw;C Loc;B Sz,4.9,5,98%
4/30/2026,Southwest Ohio,Hamilton - 439,AL/MC,MC-Studio;B Vw;C Loc;B Sz,1,1,100%
4/30/2026,Southwest Ohio,Hamilton - 439,AL/MC,MC-Studio;C Vw;C Loc;B Sz,4,4,100%
4/30/2026,Southwest Ohio,Hamilton - 439,HC,Compan;A Vw;A Loc;B Sz,0.8,2,42%
4/30/2026,Southwest Ohio,Hamilton - 439,HC,Compan;A Vw;B Loc;B Sz,2,2,100%
4/30/2026,Southwest Ohio,Hamilton - 439,HC,Compan;A Vw;C Loc;B Sz,2,2,100%
4/30/2026,Southwest Ohio,Hamilton - 439,HC,Compan;C Vw;A Loc;B Sz,5.8,6,97%
4/30/2026,Southwest Ohio,Hamilton - 439,HC,Compan;C Vw;B Loc;B Sz,4,4,100%
4/30/2026,Southwest Ohio,Hamilton - 439,HC,Compan;C Vw;C Loc;B Sz,2,2,100%
4/30/2026,Southwest Ohio,Hamilton - 439,HC,Studio Dlx;A Vw;B Loc;B Sz,1,1,100%
4/30/2026,Southwest Ohio,Hamilton - 439,HC,Studio Dlx;C Vw;A Loc;B Sz,1.8,2,92%
4/30/2026,Southwest Ohio,Hamilton - 439,HC,Studio;A Vw;A Loc;B Sz,2,2,98%
4/30/2026,Southwest Ohio,Hamilton - 439,HC,Studio;A Vw;B Loc;B Sz,0.9,1,93%
4/30/2026,Southwest Ohio,Hamilton - 439,HC,Studio;A Vw;C Loc;B Sz,9.4,10,94%
4/30/2026,Southwest Ohio,Hamilton - 439,HC,Studio;C Vw;A Loc;B Sz,2.8,3,94%
4/30/2026,Southwest Ohio,Hamilton - 439,HC,Studio;C Vw;B Loc;B Sz,0.9,1,93%
4/30/2026,Southwest Ohio,Hamilton - 439,HC,Studio;C Vw;C Loc;B Sz,14.4,15,96%
4/30/2026,Southwest Ohio,Harrison - 442,AL,Compan;A Vw;C Loc;A Sz,2,2,100%
4/30/2026,Southwest Ohio,Harrison - 442,AL,Compan;B Vw;C Loc;B Sz,1,1,100%
4/30/2026,Southwest Ohio,Harrison - 442,AL,Compan;C Vw;C Loc;B Sz,1,1,100%
4/30/2026,Southwest Ohio,Harrison - 442,AL,Studio - Double,0,0,0%
4/30/2026,Southwest Ohio,Harrison - 442,AL,Studio;A Vw;A Loc;B Sz,3,3,100%
4/30/2026,Southwest Ohio,Harrison - 442,AL,Studio;A Vw;B Loc;B Sz,1,1,100%
4/30/2026,Southwest Ohio,Harrison - 442,AL,Studio;A Vw;C Loc;B Sz,8.6,9,96%
4/30/2026,Southwest Ohio,Harrison - 442,AL,Studio;C Vw;B Loc;B Sz,1,1,100%
4/30/2026,Southwest Ohio,Harrison - 442,AL,Studio;C Vw;C Loc;B Sz,1,1,100%
4/30/2026,Southwest Ohio,Harrison - 442,AL/MC,MC-Compan;A Vw;A Loc;B Sz,1,1,100%
4/30/2026,Southwest Ohio,Harrison - 442,AL/MC,MC-Compan;A Vw;B Loc;B Sz,1,1,100%
4/30/2026,Southwest Ohio,Harrison - 442,AL/MC,MC-Compan;C Vw;B Loc;A Sz,1,1,100%
4/30/2026,Southwest Ohio,Harrison - 442,AL/MC,MC-Studio;A Vw;A Loc;B Sz,1.6,2,78%
4/30/2026,Southwest Ohio,Harrison - 442,AL/MC,MC-Studio;A Vw;C Loc;B Sz,5,5,100%
4/30/2026,Southwest Ohio,Harrison - 442,AL/MC,MC-Studio;B Vw;C Loc;B Sz,1.3,2,65%
4/30/2026,Southwest Ohio,Harrison - 442,AL/MC,MC-Studio;C Vw;C Loc;B Sz,3,3,100%
4/30/2026,Southwest Ohio,Harrison - 442,HC,Compan;A Vw;C Loc;B Sz,4,4,100%
4/30/2026,Southwest Ohio,Harrison - 442,HC,Compan;B Vw;C Loc;B Sz,1.5,2,77%
4/30/2026,Southwest Ohio,Harrison - 442,HC,Compan;C Vw;A Loc;B Sz,1.9,2,93%
4/30/2026,Southwest Ohio,Harrison - 442,HC,Compan;C Vw;B Loc;B Sz,2,2,100%
4/30/2026,Southwest Ohio,Harrison - 442,HC,Compan;C Vw;C Loc;B Sz,5.9,6,98%
4/30/2026,Southwest Ohio,Harrison - 442,HC,Studio Dlx;A Vw;A Loc;C Sz,1,1,100%
4/30/2026,Southwest Ohio,Harrison - 442,HC,Studio Dlx;C Vw;B Loc;B Sz,4,4,100%
4/30/2026,Southwest Ohio,Harrison - 442,HC,Studio;A Vw;B Loc;B Sz,2.5,3,82%
4/30/2026,Southwest Ohio,Harrison - 442,HC,Studio;A Vw;C Loc;B Sz,6.8,7,97%
4/30/2026,Southwest Ohio,Harrison - 442,HC,Studio;B Vw;C Loc;B Sz,6.4,7,91%
4/30/2026,Southwest Ohio,Harrison - 442,HC,Studio;C Vw;A Loc;B Sz,3.9,4,98%
4/30/2026,Southwest Ohio,Harrison - 442,HC,Studio;C Vw;C Loc;B Sz,11.5,12,96%
4/30/2026,Southwest Ohio,Harrison - 442,SL,1BR;A Vw;B Loc;A Sz,1,1,100%
4/30/2026,Southwest Ohio,Harrison - 442,SL,1BR;A Vw;B Loc;B Sz,1,1,100%
4/30/2026,Southwest Ohio,Harrison - 442,SL,1BR;A Vw;C Loc;A Sz,1,1,100%
4/30/2026,Southwest Ohio,Harrison - 442,SL,1BR;A Vw;C Loc;B Sz,9,9,100%
4/30/2026,Southwest Ohio,Harrison - 442,SL,1BR;C Vw;A Loc;B Sz,3,3,100%
4/30/2026,Southwest Ohio,Harrison - 442,SL,1BR;C Vw;B Loc;A Sz,1,1,100%
4/30/2026,Southwest Ohio,Harrison - 442,SL,1BR;C Vw;C Loc;A Sz,1,1,100%
4/30/2026,Southwest Ohio,Harrison - 442,SL,1BR;C Vw;C Loc;B Sz,2,2,100%
4/30/2026,Southwest Ohio,Harrison - 442,SL,1BR;C Vw;C Loc;C Sz,1,1,100%
4/30/2026,Southwest Ohio,Harrison - 442,SL,Studio;A Vw;C Loc;A Sz,2,2,100%
4/30/2026,Southwest Ohio,Harrison - 442,SL,Studio;B Vw;C Loc;B Sz,1,1,100%
4/30/2026,Southwest Ohio,Harrison - 442,SL,Studio;C Vw;C Loc;B Sz,1,1,100%
4/30/2026,Southwest Ohio,Liberty Township - 441,AL,Compan;A Vw;C Loc;A Sz,1.4,2,68%
4/30/2026,Southwest Ohio,Liberty Township - 441,AL,Compan;C Vw;C Loc;B Sz,2,2,100%
4/30/2026,Southwest Ohio,Liberty Township - 441,AL,Studio;A Vw;A Loc;B Sz,5,5,100%
4/30/2026,Southwest Ohio,Liberty Township - 441,AL,Studio;A Vw;B Loc;B Sz,7.6,8,95%
4/30/2026,Southwest Ohio,Liberty Township - 441,AL,Studio;C Vw;A Loc;B Sz,1.4,2,70%
4/30/2026,Southwest Ohio,Liberty Township - 441,AL/MC,MC-Compan;A Vw;C Loc;B Sz,2,2,100%
4/30/2026,Southwest Ohio,Liberty Township - 441,AL/MC,MC-Compan;C Vw;C Loc;B Sz,1,1,100%
4/30/2026,Southwest Ohio,Liberty Township - 441,AL/MC,MC-Studio;A Vw;A Loc;B Sz,2,2,100%
4/30/2026,Southwest Ohio,Liberty Township - 441,AL/MC,MC-Studio;A Vw;C Loc;B Sz,5,5,100%
4/30/2026,Southwest Ohio,Liberty Township - 441,AL/MC,MC-Studio;C Vw;C Loc;B Sz,5,5,100%
4/30/2026,Southwest Ohio,Liberty Township - 441,HC,Compan;A Vw;C Loc;B Sz,3.1,4,78%
4/30/2026,Southwest Ohio,Liberty Township - 441,HC,Compan;C Vw;C Loc;B Sz,4.3,8,53%
4/30/2026,Southwest Ohio,Liberty Township - 441,HC,Studio Dlx;A Vw;A Loc;C Sz,1,1,100%
4/30/2026,Southwest Ohio,Liberty Township - 441,HC,Studio;A Vw;B Loc;B Sz,3.3,4,83%
4/30/2026,Southwest Ohio,Liberty Township - 441,HC,Studio;A Vw;C Loc;B Sz,5.6,9,63%
4/30/2026,Southwest Ohio,Liberty Township - 441,HC,Studio;C Vw;B Loc;B Sz,5.8,7,83%
4/30/2026,Southwest Ohio,Liberty Township - 441,HC,Studio;C Vw;C Loc;B Sz,11.5,21,55%
4/30/2026,Southwest Ohio,Liberty Township - 441,SL,2 FL 1BR;A Vw;C Loc;B Sz,11,11,100%
4/30/2026,Southwest Ohio,Liberty Township - 441,SL,2 FL 1BR;C Vw;A Loc;B Sz,3,3,100%
4/30/2026,Southwest Ohio,Liberty Township - 441,SL,2 FL 1BR;C Vw;C Loc;B Sz,4.4,5,89%
4/30/2026,Southwest Ohio,Liberty Township - 441,SL,2 FL 1BR;C Vw;C Loc;C Sz,1,1,100%
4/30/2026,Southwest Ohio,Liberty Township - 441,SL,2 FL Studio;A Vw;C Loc;B Sz,3,3,100%
4/30/2026,Southwest Ohio,Liberty Township - 441,SL,2 FL Studio;C Vw;C Loc;B Sz,2,2,100%
4/30/2026,Southwest Ohio,Miami Township - 440,AL,Compan;A Vw;C Loc;A Sz,2,2,100%
4/30/2026,Southwest Ohio,Miami Township - 440,AL,Compan;B Vw;C Loc;B Sz,2,2,100%
4/30/2026,Southwest Ohio,Miami Township - 440,AL,Studio ABB - Double,1,1,100%
4/30/2026,Southwest Ohio,Miami Township - 440,AL,Studio;A Vw;A Loc;B Sz,3,3,100%
4/30/2026,Southwest Ohio,Miami Township - 440,AL,Studio;A Vw;C Loc;B Sz,9,9,100%
4/30/2026,Southwest Ohio,Miami Township - 440,AL,Studio;C Vw;B Loc;B Sz,1,1,100%
4/30/2026,Southwest Ohio,Miami Township - 440,AL,Studio;C Vw;C Loc;B Sz,1,1,100%
4/30/2026,Southwest Ohio,Miami Township - 440,AL/MC,MC-Compan;A Vw;A Loc;B Sz,1,1,100%
4/30/2026,Southwest Ohio,Miami Township - 440,AL/MC,MC-Compan;A Vw;B Loc;B Sz,1,1,100%
4/30/2026,Southwest Ohio,Miami Township - 440,AL/MC,MC-Compan;C Vw;B Loc;A Sz,1,1,100%
4/30/2026,Southwest Ohio,Miami Township - 440,AL/MC,MC-Studio;A Vw;A Loc;B Sz,2,2,100%
4/30/2026,Southwest Ohio,Miami Township - 440,AL/MC,MC-Studio;A Vw;C Loc;B Sz,5,5,99%
4/30/2026,Southwest Ohio,Miami Township - 440,AL/MC,MC-Studio;B Vw;C Loc;B Sz,2,2,100%
4/30/2026,Southwest Ohio,Miami Township - 440,AL/MC,MC-Studio;C Vw;C Loc;B Sz,3,3,100%
4/30/2026,Southwest Ohio,Miami Township - 440,HC,Compan;A Vw;C Loc;B Sz,4,4,100%
4/30/2026,Southwest Ohio,Miami Township - 440,HC,Compan;B Vw;C Loc;B Sz,1.9,2,95%
4/30/2026,Southwest Ohio,Miami Township - 440,HC,Compan;C Vw;A Loc;B Sz,2,2,100%
4/30/2026,Southwest Ohio,Miami Township - 440,HC,Compan;C Vw;B Loc;B Sz,5.2,6,86%
4/30/2026,Southwest Ohio,Miami Township - 440,HC,Compan;C Vw;C Loc;B Sz,5.8,6,96%
4/30/2026,Southwest Ohio,Miami Township - 440,HC,Studio Dlx;A Vw;A Loc;C Sz,0.9,1,90%
4/30/2026,Southwest Ohio,Miami Township - 440,HC,Studio;A Vw;B Loc;B Sz,2.8,3,94%
4/30/2026,Southwest Ohio,Miami Township - 440,HC,Studio;A Vw;C Loc;B Sz,7,7,100%
4/30/2026,Southwest Ohio,Miami Township - 440,HC,Studio;B Vw;C Loc;B Sz,6.9,7,99%
4/30/2026,Southwest Ohio,Miami Township - 440,HC,Studio;C Vw;A Loc;B Sz,3.9,4,98%
4/30/2026,Southwest Ohio,Miami Township - 440,HC,Studio;C Vw;C Loc;B Sz,11.1,12,93%
4/30/2026,Southwest Ohio,Miami Township - 440,SL,1BR;A Vw;C Loc;A Sz,2,2,100%
4/30/2026,Southwest Ohio,Miami Township - 440,SL,1BR;A Vw;C Loc;B Sz,9.4,10,94%
4/30/2026,Southwest Ohio,Miami Township - 440,SL,1BR;C Vw;A Loc;B Sz,3,3,100%
4/30/2026,Southwest Ohio,Miami Township - 440,SL,1BR;C Vw;C Loc;A Sz,1,2,50%
4/30/2026,Southwest Ohio,Miami Township - 440,SL,1BR;C Vw;C Loc;B Sz,2,2,100%
4/30/2026,Southwest Ohio,Miami Township - 440,SL,1BR;C Vw;C Loc;C Sz,1,1,100%
4/30/2026,Southwest Ohio,Miami Township - 440,SL,Studio;A Vw;C Loc;A Sz,2,2,100%
4/30/2026,Southwest Ohio,Miami Township - 440,SL,Studio;B Vw;C Loc;B Sz,2,2,100%
4/30/2026,Southwest Ohio,Richmond FP - 123,AL,Companion,3.9,4,97%
4/30/2026,Southwest Ohio,Richmond FP - 123,AL,Studio - Companion,3,3,100%
4/30/2026,Southwest Ohio,Richmond FP - 123,AL,Studio - Private,13,15,87%
4/30/2026,Southwest Ohio,Richmond FP - 123,AL/MC,MC Companion,2,2,100%
4/30/2026,Southwest Ohio,Richmond FP - 123,AL/MC,MC Studio,8,9,89%
4/30/2026,Southwest Ohio,Richmond FP - 123,HC,Companion,46.8,50,94%
4/30/2026,Southwest Ohio,Richmond FP - 123,HC,Private,4.7,8,59%
4/30/2026,Southwest Ohio,Richmond SR - 5173,AL,Studio - Private,14.9,15,99%
4/30/2026,Southwest Ohio,Richmond SR - 5173,HC,Private,46.2,56,82%
4/30/2026,Southwest Ohio,Springfield WG - 2429,AL,"Compan-Cbl,Frnt V,PbArea,SqFt",1,1,100%
4/30/2026,Southwest Ohio,Springfield WG - 2429,AL,"Companion - Cbl,Crt V",1,1,100%
4/30/2026,Southwest Ohio,Springfield WG - 2429,AL,"Companion - Cbl,Frnt V",3,3,100%
4/30/2026,Southwest Ohio,Springfield WG - 2429,AL,"Companion - Cbl,Frnt V,Sq Ft",0,0,0%
4/30/2026,Southwest Ohio,Springfield WG - 2429,AL,"Companion - Cbl,Glf V,Sq Ft",2,2,100%
4/30/2026,Southwest Ohio,Springfield WG - 2429,AL,"Companion - Cbl,PbArea,Crt V",1,1,100%
4/30/2026,Southwest Ohio,Springfield WG - 2429,AL,"Studio - Cbl,Crt V",1.9,2,97%
4/30/2026,Southwest Ohio,Springfield WG - 2429,AL,"Studio - Cbl,Crt V,Sq Ft",1,1,100%
4/30/2026,Southwest Ohio,Springfield WG - 2429,AL,"Studio - Cbl,Frnt V",6,6,100%
4/30/2026,Southwest Ohio,Springfield WG - 2429,AL,"Studio - Cbl,Frnt V,Pb Area",3,3,100%
4/30/2026,Southwest Ohio,Springfield WG - 2429,AL,"Studio - Cbl,Frnt V,Sq Ft",1,1,100%
4/30/2026,Southwest Ohio,Springfield WG - 2429,AL,"Studio - Cbl,Glf V",4,4,100%
4/30/2026,Southwest Ohio,Springfield WG - 2429,AL,"Studio - Cbl,Glf V,Pb Area",4,4,100%
4/30/2026,Southwest Ohio,Springfield WG - 2429,AL,"Studio - Cbl,Glf V,Sq Ft",1,1,100%
4/30/2026,Southwest Ohio,Springfield WG - 2429,AL,Studio DLX,1,1,100%
4/30/2026,Southwest Ohio,Springfield WG - 2429,HC,Companion - Cbl;Crt V,8,8,100%
4/30/2026,Southwest Ohio,Springfield WG - 2429,HC,Companion - Cbl;Frnt V,4,4,100%
4/30/2026,Southwest Ohio,Springfield WG - 2429,HC,Companion - Cbl;Pb Area;Crt V,3.7,4,93%
4/30/2026,Southwest Ohio,Springfield WG - 2429,HC,Deluxe - Cbl;Crt V,1,1,100%
4/30/2026,Southwest Ohio,Springfield WG - 2429,HC,Deluxe - Cbl;Frnt V,1.9,2,93%
4/30/2026,Southwest Ohio,Springfield WG - 2429,HC,Private - Cbl;Crt V,21.4,22,97%
4/30/2026,Southwest Ohio,Springfield WG - 2429,HC,Private - Cbl;Frnt V,6.9,7,99%
4/30/2026,Southwest Ohio,Springfield WG - 2429,HC,Private - Cbl;Frnt V;Pb Area,3,3,99%
4/30/2026,Southwest Ohio,Springfield WG - 2429,HC,Private - Cbl;Pb Area;Crt V,2.9,3,97%
4/30/2026,Southwest Ohio,Springfield WG - 2429,SL,One Bedroom  701,1,1,100%
4/30/2026,Southwest Ohio,Springfield WG - 2429,SL,One Bedroom  702,1,1,100%
4/30/2026,Southwest Ohio,Springfield WG - 2429,SL,One Bedroom  703,1,1,100%
4/30/2026,Southwest Ohio,Springfield WG - 2429,SL,One Bedroom  704,1,1,100%
4/30/2026,Southwest Ohio,Springfield WG - 2429,SL,One Bedroom  705,0.3,1,33%
4/30/2026,Southwest Ohio,Springfield WG - 2429,SL,One Bedroom  706,1,1,100%
4/30/2026,Southwest Ohio,Springfield WG - 2429,SL,One Bedroom 711,1,1,100%
4/30/2026,Southwest Ohio,Springfield WG - 2429,SL,One Bedroom 712,1,1,100%
4/30/2026,Southwest Ohio,Springfield WG - 2429,SL,One Bedroom 713,1,1,100%
4/30/2026,Southwest Ohio,Springfield WG - 2429,SL,One Bedroom 714,1,1,100%
4/30/2026,Southwest Ohio,Springfield WG - 2429,SL,One Bedroom 801,1,1,100%
4/30/2026,Southwest Ohio,Springfield WG - 2429,SL,One Bedroom 802,1,1,100%
4/30/2026,Southwest Ohio,Springfield WG - 2429,SL,One Bedroom 803,0.9,1,90%
4/30/2026,Southwest Ohio,Springfield WG - 2429,SL,One Bedroom 804,1,1,100%
4/30/2026,Southwest Ohio,Springfield WG - 2429,SL,One Bedroom 805,1,1,100%
4/30/2026,Southwest Ohio,Springfield WG - 2429,SL,One Bedroom 806,1,1,100%
4/30/2026,Southwest Ohio,Springfield WG - 2429,SL,Studio 707,1,1,100%
4/30/2026,Southwest Ohio,Springfield WG - 2429,SL,Studio 708,1,1,100%
4/30/2026,Southwest Ohio,Springfield WG - 2429,SL,Studio 709,0.4,1,37%
4/30/2026,Southwest Ohio,Springfield WG - 2429,SL,Studio 710,1,1,100%
4/30/2026,Southwest Ohio,Union Township - 434,AL,Compan;A Vw;C Loc;C Sz,1.5,2,77%
4/30/2026,Southwest Ohio,Union Township - 434,AL,Compan;B Vw;C Loc;B Sz,2,2,100%
4/30/2026,Southwest Ohio,Union Township - 434,AL,Studio;A Vw;B Loc;B Sz,0.5,1,53%
4/30/2026,Southwest Ohio,Union Township - 434,AL,Studio;A Vw;C Loc;B Sz,4,4,100%
4/30/2026,Southwest Ohio,Union Township - 434,AL,Studio;A Vw;C Loc;C Sz,1,1,100%
4/30/2026,Southwest Ohio,Union Township - 434,AL,Studio;B Vw;A Loc;B Sz,3,3,100%
4/30/2026,Southwest Ohio,Union Township - 434,AL,Studio;B Vw;B Loc;B Sz,1,1,100%
4/30/2026,Southwest Ohio,Union Township - 434,AL,Studio;B Vw;C Loc;B Sz,4,4,100%
4/30/2026,Southwest Ohio,Union Township - 434,AL,Studio;B Vw;C Loc;C Sz,1,1,100%
4/30/2026,Southwest Ohio,Union Township - 434,AL/MC,Legacy Compan;A Vw;B Loc;B Sz,2,2,100%
4/30/2026,Southwest Ohio,Union Township - 434,AL/MC,Legacy Compan;C Vw;B Loc;C Sz,1,1,100%
4/30/2026,Southwest Ohio,Union Township - 434,AL/MC,Legacy Studio;A Vw;A Loc;B Sz,0.4,2,20%
4/30/2026,Southwest Ohio,Union Township - 434,AL/MC,Legacy Studio;A Vw;C Loc;A Sz,1,1,100%
4/30/2026,Southwest Ohio,Union Township - 434,AL/MC,Legacy Studio;A Vw;C Loc;B Sz,1,1,100%
4/30/2026,Southwest Ohio,Union Township - 434,AL/MC,Legacy Studio;C Vw;C Loc;A Sz,2,2,100%
4/30/2026,Southwest Ohio,Union Township - 434,AL/MC,Legacy Studio;C Vw;C Loc;B Sz,0.2,2,8%
4/30/2026,Southwest Ohio,Union Township - 434,HC,Compan;C Vw;A Loc;B Sz,4,4,100%
4/30/2026,Southwest Ohio,Union Township - 434,HC,Compan;C Vw;B Loc;B Sz,2,2,100%
4/30/2026,Southwest Ohio,Union Township - 434,HC,Compan;C Vw;C Loc;B Sz,9.8,10,98%
4/30/2026,Southwest Ohio,Union Township - 434,HC,Studio Dlx;C Vw;B Loc;B Sz,1,1,100%
4/30/2026,Southwest Ohio,Union Township - 434,HC,Studio;B Vw;A Loc;B Sz,1.9,2,93%
4/30/2026,Southwest Ohio,Union Township - 434,HC,Studio;B Vw;C Loc;B Sz,1.8,2,92%
4/30/2026,Southwest Ohio,Union Township - 434,HC,Studio;C Vw;A Loc;B Sz,1.7,2,85%
4/30/2026,Southwest Ohio,Union Township - 434,HC,Studio;C Vw;B Loc;B Sz,1.9,2,97%
4/30/2026,Southwest Ohio,Union Township - 434,HC,Studio;C Vw;C Loc;B Sz,15.9,17,94%
4/30/2026,Southwest Ohio,Union Township - 434,HC/MC,MC-Compan;B Vw;C Loc;B Sz,4,4,100%
4/30/2026,Southwest Ohio,Union Township - 434,HC/MC,MC-Compan;C Vw;C Loc;B Sz,2,2,100%
4/30/2026,Southwest Ohio,Union Township - 434,HC/MC,MC-Studio;B Vw;A Loc;B Sz,0.5,1,50%
4/30/2026,Southwest Ohio,Union Township - 434,HC/MC,MC-Studio;B Vw;B Loc;B Sz,1,1,100%
4/30/2026,Southwest Ohio,Union Township - 434,HC/MC,MC-Studio;B Vw;C Loc;B Sz,1,1,100%
4/30/2026,Southwest Ohio,Union Township - 434,HC/MC,MC-Studio;C Vw;A Loc;B Sz,1,1,100%
4/30/2026,Southwest Ohio,Union Township - 434,HC/MC,MC-Studio;C Vw;B Loc;B Sz,0,0,0%
4/30/2026,Southwest Ohio,Union Township - 434,HC/MC,MC-Studio;C Vw;C Loc;B Sz,2,2,100%
4/30/2026,Southwest Ohio,Union Township - 434,SL,1BR;A Vw;A Loc;B Sz,1,1,100%
4/30/2026,Southwest Ohio,Union Township - 434,SL,1BR;A Vw;B Loc;A Sz,2,2,100%
4/30/2026,Southwest Ohio,Union Township - 434,SL,1BR;A Vw;C Loc;A Sz,0,1,0%
4/30/2026,Southwest Ohio,Union Township - 434,SL,1BR;A Vw;C Loc;B Sz,1.5,2,73%
4/30/2026,Southwest Ohio,Union Township - 434,SL,1BR;A Vw;C Loc;C Sz,1,1,100%
4/30/2026,Southwest Ohio,Union Township - 434,SL,1BR;B Vw;A Loc;B Sz,1,1,100%
4/30/2026,Southwest Ohio,Union Township - 434,SL,1BR;B Vw;B Loc;B Sz,2,2,100%
4/30/2026,Southwest Ohio,Union Township - 434,SL,1BR;B Vw;C Loc;B Sz,1,1,100%
4/30/2026,Southwest Ohio,Union Township - 434,SL,1BR;B Vw;C Loc;C Sz,1,1,100%
4/30/2026,Southwest Ohio,Union Township - 434,SL,1BR;C Vw;B Loc;B Sz,2,2,100%
4/30/2026,Southwest Ohio,Union Township - 434,SL,1BR;C Vw;C Loc;A Sz,1,1,100%
4/30/2026,Southwest Ohio,Union Township - 434,SL,1BR;C Vw;C Loc;B Sz,1,1,100%
4/30/2026,Southwest Ohio,Union Township - 434,SL,Studio;A Vw;C Loc;C Sz,2,2,100%
4/30/2026,Southwest Ohio,Union Township - 434,SL,Studio;B Vw;C Loc;B Sz,2,2,100%
5/31/2026,Central Ohio,Greenville - 423,AL,Companion,0,0,0%
5/31/2026,Central Ohio,Greenville - 423,AL/MC,MC - Compan;A Vw;B Loc;B Sz,0,0,0%
5/31/2026,Central Ohio,Greenville - 423,AL/MC,MC - Compan;B Vw;B Loc;B Sz,0,0,0%
5/31/2026,Central Ohio,Greenville - 423,HC,Companion,0,0,0%
5/31/2026,Central Ohio,Greenville - 423,HC,Private,0,0,0%
5/31/2026,Central Ohio,Greenville - 423,HC/MC,Legacy Lane - Companion,0,0,0%
5/31/2026,Central Ohio,Greenville - 423,HC/MC,Legacy Lane - Private,0,0,0%
5/31/2026,Central Ohio,Springfield FG - 401,AL,Companion,0,0,0%
5/31/2026,Central Ohio,Springfield FG - 401,AL,Companion - Single,0,0,0%
5/31/2026,Central Ohio,Springfield FG - 401,AL,One Bedroom,0,0,0%
5/31/2026,Central Ohio,Springfield FG - 401,AL,Studio - Double,0,0,0%
5/31/2026,Central Ohio,Springfield FG - 401,AL/MC,Legacy Bldng - Companion,0,0,0%
5/31/2026,Central Ohio,Springfield FG - 401,AL/MC,Legacy Bldng - Private,0,1,0%
5/31/2026,Central Ohio,Springfield FG - 401,HC,Companion,0,0,0%
5/31/2026,Central Ohio,Springfield FG - 401,HC,Private,0,0,0%
5/31/2026,Central Ohio,Springfield FG - 401,VIL,Independent Living - Villa 1,0,0,0%
5/31/2026,Central South Indiana,Avon - 5166,AL,Companion,1,1,100%
5/31/2026,Central South Indiana,Avon - 5166,AL,One BR Apt-Double,4,5,80%
5/31/2026,Central South Indiana,Avon - 5166,AL,One BR Apt-Single,2,2,100%
5/31/2026,Central South Indiana,Avon - 5166,AL,Studio - Private,14.3,18,80%
5/31/2026,Central South Indiana,Avon - 5166,AL,Studio Deluxe - Double,4,4,100%
5/31/2026,Central South Indiana,Avon - 5166,AL/MC,Legacy Lane - Companion,1,1,100%
5/31/2026,Central South Indiana,Avon - 5166,AL/MC,Legacy Lane - Private,10.5,12,88%
5/31/2026,Central South Indiana,Avon - 5166,HC,Companion,2,2,100%
5/31/2026,Central South Indiana,Avon - 5166,HC,Companion Rehab,15,20,75%
5/31/2026,Central South Indiana,Avon - 5166,HC,Private,15.3,16,96%
5/31/2026,Central South Indiana,Avon - 5166,HC,Private Rehab,12.5,16,78%
5/31/2026,Central South Indiana,Carmel - 5165,AL,1BR Deluxe,3.8,4,96%
5/31/2026,Central South Indiana,Carmel - 5165,AL,1BR;B Vw;B Loc;A Sz,5,5,100%
5/31/2026,Central South Indiana,Carmel - 5165,AL,1BR;B Vw;B Loc;C Sz,5,5,100%
5/31/2026,Central South Indiana,Carmel - 5165,AL,Companion,0,0,0%
5/31/2026,Central South Indiana,Carmel - 5165,AL,One BR Apt-Double,0,0,0%
5/31/2026,Central South Indiana,Carmel - 5165,AL,Studio; B Vw:B Loc; C Sz,4,5,80%
5/31/2026,Central South Indiana,Carmel - 5165,AL,Studio;B Vw;B Loc;A Sz,1,1,100%
5/31/2026,Central South Indiana,Carmel - 5165,AL/MC,Legacy Lane - Companion,2,2,100%
5/31/2026,Central South Indiana,Carmel - 5165,AL/MC,Legacy Lane - Private,11,11,100%
5/31/2026,Central South Indiana,Carmel - 5165,HC,Companion,21.7,25,87%
5/31/2026,Central South Indiana,Carmel - 5165,HC,Private,29.3,32,92%
5/31/2026,Central South Indiana,Carmel - 5165,HC,Studio Deluxe,3.7,4,92%
5/31/2026,Central South Indiana,Greenfield - 125,AL,Companion,7,7,100%
5/31/2026,Central South Indiana,Greenfield - 125,AL,One Bedroom,1,1,100%
5/31/2026,Central South Indiana,Greenfield - 125,AL,Studio - Double,9,9,100%
5/31/2026,Central South Indiana,Greenfield - 125,AL,Studio - Private,17,17,100%
5/31/2026,Central South Indiana,Greenfield - 125,AL/MC,Legacy Bldng - Companion,5,6,83%
5/31/2026,Central South Indiana,Greenfield - 125,AL/MC,Legacy Bldng - Private,15,19,79%
5/31/2026,Central South Indiana,Greenfield - 125,AL/MC,Legacy Bldng - Private Inter View,2,4,50%
5/31/2026,Central South Indiana,Greenfield - 125,HC,Companion,43.3,45,96%
5/31/2026,Central South Indiana,Greenfield - 125,HC,Private,20.8,21,99%
5/31/2026,Central South Indiana,Greenfield - 125,HC,Private Deluxe,0,0,0%
5/31/2026,Central South Indiana,Greenfield - 125,VIL,Independent Living - Villa 1,19,24,79%
5/31/2026,Central South Indiana,Greenfield - 125,VIL,Patio Home 1BR,2,8,25%
5/31/2026,Central South Indiana,Greenfield - 125,VIL,Patio Home 2BR,4,8,50%
5/31/2026,Central South Indiana,Indianapolis AP - 5160,AL,Studio - Companion,7,10,70%
5/31/2026,Central South Indiana,Indianapolis AP - 5160,AL,Studio - Private,5,6,83%
5/31/2026,Central South Indiana,Indianapolis AP - 5160,HC,Companion,25.8,28,92%
5/31/2026,Central South Indiana,Indianapolis AP - 5160,HC,Private,50,56,89%
5/31/2026,Central South Indiana,Indianapolis CL - 5161,AL,One Bedroom,4,4,100%
5/31/2026,Central South Indiana,Indianapolis CL - 5161,AL,Studio - Companion,10,10,100%
5/31/2026,Central South Indiana,Indianapolis CL - 5161,AL,Studio - Companion Deluxe,1,1,100%
5/31/2026,Central South Indiana,Indianapolis CL - 5161,AL,Studio - End of Hall,4,4,100%
5/31/2026,Central South Indiana,Indianapolis CL - 5161,AL,Studio - Private,7.7,8,96%
5/31/2026,Central South Indiana,Indianapolis CL - 5161,AL,Studio - Private Deluxe,3,3,100%
5/31/2026,Central South Indiana,Indianapolis CL - 5161,AL/MC,Legacy Lane - Companion,2,2,100%
5/31/2026,Central South Indiana,Indianapolis CL - 5161,AL/MC,Legacy Lane - Private,8,9,89%
5/31/2026,Central South Indiana,Indianapolis CL - 5161,HC,Companion,12,14,86%
5/31/2026,Central South Indiana,Indianapolis CL - 5161,HC,Private,36.8,43,86%
5/31/2026,Central South Indiana,Mooresville - 5174,AL,1 Bedroom,0,0,0%
5/31/2026,Central South Indiana,Mooresville - 5174,AL,Studio - Double,0,0,0%
5/31/2026,Central South Indiana,Mooresville - 5174,AL,Studio - Private,15,15,100%
5/31/2026,Central South Indiana,Mooresville - 5174,HC,Companion,16,19,84%
5/31/2026,Central South Indiana,Mooresville - 5174,HC,Private,27.5,32,86%
5/31/2026,Central South Indiana,New Castle GO - 2153,AL,Companion,2,4,50%
5/31/2026,Central South Indiana,New Castle GO - 2153,AL,Studio - Private,17,18,94%
5/31/2026,Central South Indiana,New Castle GO - 2153,AL/MC,Legacy Lane - Companion,2,2,100%
5/31/2026,Central South Indiana,New Castle GO - 2153,AL/MC,Legacy Lane - Private,5,9,56%
5/31/2026,Central South Indiana,New Castle GO - 2153,HC,Companion,48.3,53,91%
5/31/2026,Central South Indiana,New Castle GO - 2153,HC,Private,5,5,100%
5/31/2026,Central South Indiana,New Castle SL - 2152,SL,One BR Apt Deluxe-Double,0,0,0%
5/31/2026,Central South Indiana,New Castle SL - 2152,SL,One BR Apt Deluxe-Single,2,2,100%
5/31/2026,Central South Indiana,New Castle SL - 2152,SL,One BR Apt-Double,0,0,0%
5/31/2026,Central South Indiana,New Castle SL - 2152,SL,One BR Apt-Single,35,37,95%
5/31/2026,Central South Indiana,New Castle SL - 2152,SL,Studio - Private,14,16,88%
5/31/2026,Central South Indiana,New Castle SL - 2152,SL,Two BR Apt-Double,0,0,0%
5/31/2026,Central South Indiana,New Castle SL - 2152,SL,Two BR Apt-Single,2.5,4,63%
5/31/2026,Central South Indiana,Westfield - 5171,AL,One BR Apt-Double,4,4,100%
5/31/2026,Central South Indiana,Westfield - 5171,AL,Studio - Private,24,24,100%
5/31/2026,Central South Indiana,Westfield - 5171,AL,Studio - Private Deluxe,2,2,100%
5/31/2026,Central South Indiana,Westfield - 5171,AL/MC,LL - Companion,2,2,100%
5/31/2026,Central South Indiana,Westfield - 5171,AL/MC,LL - Studio,9,9,100%
5/31/2026,Central South Indiana,Westfield - 5171,HC,Companion,8,8,100%
5/31/2026,Central South Indiana,Westfield - 5171,HC,Companion - 100 Hall,0,2,0%
5/31/2026,Central South Indiana,Westfield - 5171,HC,Private,27,27,100%
5/31/2026,Central South Indiana,Westfield - 5171,HC,Private - 100 Hall,17.7,18,98%
5/31/2026,Great Lakes,Battle Creek - 501,AL,Studio - Private,27.3,30,91%
5/31/2026,Great Lakes,Battle Creek - 501,AL/MC,Legacy Bldng - Companion,0,0,0%
5/31/2026,Great Lakes,Battle Creek - 501,AL/MC,Legacy Bldng - Private,0,0,0%
5/31/2026,Great Lakes,Battle Creek - 501,HC,Companion,46.5,47,99%
5/31/2026,Great Lakes,Battle Creek - 501,HC,Private,28,30,93%
5/31/2026,Great Lakes,Belmont - 519,AL,Compan;B Vw;C Loc;B Sz,1,1,100%
5/31/2026,Great Lakes,Belmont - 519,AL,Compan;C Vw;C Loc;A Sz,2,2,100%
5/31/2026,Great Lakes,Belmont - 519,AL,Compan;C Vw;C Loc;B Sz,1,1,100%
5/31/2026,Great Lakes,Belmont - 519,AL,Studio;A Vw;A Loc;B Sz,2,2,100%
5/31/2026,Great Lakes,Belmont - 519,AL,Studio;A Vw;C Loc;B Sz,1,1,100%
5/31/2026,Great Lakes,Belmont - 519,AL,Studio;B Vw;C Loc;B Sz,4,4,100%
5/31/2026,Great Lakes,Belmont - 519,AL,Studio;C Vw;A Loc;B Sz,1,1,100%
5/31/2026,Great Lakes,Belmont - 519,AL,Studio;C Vw;B Loc;B Sz,2,2,100%
5/31/2026,Great Lakes,Belmont - 519,AL,Studio;C Vw;C Loc;B Sz,5,5,100%
5/31/2026,Great Lakes,Belmont - 519,AL/MC,MC-Compan;A Vw;A Loc;A Sz,0,1,0%
5/31/2026,Great Lakes,Belmont - 519,AL/MC,MC-Compan;A Vw;B Loc;A Sz,1,1,100%
5/31/2026,Great Lakes,Belmont - 519,AL/MC,MC-Compan;C Vw;B Loc;A Sz,1,1,100%
5/31/2026,Great Lakes,Belmont - 519,AL/MC,MC-Studio;A Vw;A Loc;B Sz,1,2,50%
5/31/2026,Great Lakes,Belmont - 519,AL/MC,MC-Studio;A Vw;C Loc;B Sz,5,5,100%
5/31/2026,Great Lakes,Belmont - 519,AL/MC,MC-Studio;C Vw;C Loc;B Sz,5,5,100%
5/31/2026,Great Lakes,Belmont - 519,HC,Compan;A Vw;C Loc;B Sz,6,6,100%
5/31/2026,Great Lakes,Belmont - 519,HC,Compan;B Vw;C Loc;B Sz,1.7,2,83%
5/31/2026,Great Lakes,Belmont - 519,HC,Compan;C Vw;C Loc;B Sz,4,4,100%
5/31/2026,Great Lakes,Belmont - 519,HC,Studio;A Vw;B Loc;B Sz,2,2,100%
5/31/2026,Great Lakes,Belmont - 519,HC,Studio;A Vw;C Loc;B Sz,10.8,12,90%
5/31/2026,Great Lakes,Belmont - 519,HC,Studio;B Vw;A Loc;A Sz,1,1,100%
5/31/2026,Great Lakes,Belmont - 519,HC,Studio;B Vw;B Loc;B Sz,1,1,100%
5/31/2026,Great Lakes,Belmont - 519,HC,Studio;B Vw;C Loc;B Sz,7.2,9,80%
5/31/2026,Great Lakes,Belmont - 519,HC,Studio;C Vw;A Loc;B Sz,5,5,100%
5/31/2026,Great Lakes,Belmont - 519,HC,Studio;C Vw;B Loc;B Sz,5.2,6,86%
5/31/2026,Great Lakes,Belmont - 519,HC,Studio;C Vw;C Loc;B Sz,8.2,12,68%
5/31/2026,Great Lakes,Belmont - 519,SL,1BR;A Vw;B Loc;A Sz,1,1,100%
5/31/2026,Great Lakes,Belmont - 519,SL,1BR;A Vw;B Loc;B Sz,4,4,100%
5/31/2026,Great Lakes,Belmont - 519,SL,1BR;B Vw;B Loc;A Sz,2,2,100%
5/31/2026,Great Lakes,Belmont - 519,SL,1BR;B Vw;B Loc;B Sz,5,5,100%
5/31/2026,Great Lakes,Belmont - 519,SL,1BR;C Vw;B Loc;A Sz,4,4,100%
5/31/2026,Great Lakes,Belmont - 519,SL,1BR;C Vw;B Loc;B Sz,2,3,67%
5/31/2026,Great Lakes,Belmont - 519,SL,1BR;C Vw;B Loc;C Sz,1,1,100%
5/31/2026,Great Lakes,Belmont - 519,SL,Studio;A Vw;B Loc;B Sz,2,2,100%
5/31/2026,Great Lakes,Belmont - 519,SL,Studio;B Vw;B Loc;B Sz,1,1,100%
5/31/2026,Great Lakes,Belmont - 519,SL,Studio;C Vw;B Loc;B Sz,1,1,100%
5/31/2026,Great Lakes,Byron Center - 518,AL,Compan;A Vw;C Loc;A Sz,2,2,100%
5/31/2026,Great Lakes,Byron Center - 518,AL,Compan;B Vw;C Loc;B Sz,1,1,100%
5/31/2026,Great Lakes,Byron Center - 518,AL,Compan;C Vw;C Loc;B Sz,1,1,100%
5/31/2026,Great Lakes,Byron Center - 518,AL,Studio;A Vw;A Loc;B Sz,3,3,100%
5/31/2026,Great Lakes,Byron Center - 518,AL,Studio;A Vw;B Loc;B Sz,1,1,100%
5/31/2026,Great Lakes,Byron Center - 518,AL,Studio;A Vw;C Loc;B Sz,5,5,100%
5/31/2026,Great Lakes,Byron Center - 518,AL,Studio;B Vw;C Loc;B Sz,4,4,100%
5/31/2026,Great Lakes,Byron Center - 518,AL,Studio;C Vw;B Loc;B Sz,1,1,100%
5/31/2026,Great Lakes,Byron Center - 518,AL,Studio;C Vw;C Loc;B Sz,0,1,0%
5/31/2026,Great Lakes,Byron Center - 518,AL/MC,MC-Compan;A Vw;A Loc;A Sz,1,1,100%
5/31/2026,Great Lakes,Byron Center - 518,AL/MC,MC-Compan;A Vw;C Loc;A Sz,1,1,100%
5/31/2026,Great Lakes,Byron Center - 518,AL/MC,MC-Compan;A Vw;C Loc;B Sz,2,2,100%
5/31/2026,Great Lakes,Byron Center - 518,AL/MC,MC-Compan;C Vw;C Loc;B Sz,2,2,100%
5/31/2026,Great Lakes,Byron Center - 518,AL/MC,MC-Studio;A Vw;A Loc;B Sz,1,1,100%
5/31/2026,Great Lakes,Byron Center - 518,AL/MC,MC-Studio;A Vw;C Loc;B Sz,2,2,100%
5/31/2026,Great Lakes,Byron Center - 518,AL/MC,MC-Studio;C Vw;C Loc;B Sz,2,3,67%
5/31/2026,Great Lakes,Byron Center - 518,HC,Compan;C Vw;C Loc;B Sz,12,12,100%
5/31/2026,Great Lakes,Byron Center - 518,HC,Companion,0,0,0%
5/31/2026,Great Lakes,Byron Center - 518,HC,Private,0,0,0%
5/31/2026,Great Lakes,Byron Center - 518,HC,Studio DLX;C Vw;C Loc;B Sz,2,2,100%
5/31/2026,Great Lakes,Byron Center - 518,HC,Studio;A Vw;A Loc;B Sz,2,2,100%
5/31/2026,Great Lakes,Byron Center - 518,HC,Studio;A Vw;C Loc;B Sz,7.5,9,83%
5/31/2026,Great Lakes,Byron Center - 518,HC,Studio;C Vw;A Loc;B Sz,5.7,6,94%
5/31/2026,Great Lakes,Byron Center - 518,HC,Studio;C Vw;C Loc;B Sz,21.8,29,75%
5/31/2026,Great Lakes,Byron Center - 518,SL,1BR;A Vw;C Loc;A Sz,1,1,100%
5/31/2026,Great Lakes,Byron Center - 518,SL,1BR;A Vw;C Loc;B Sz,4,4,100%
5/31/2026,Great Lakes,Byron Center - 518,SL,1BR;B Vw;C Loc;B Sz,7,7,100%
5/31/2026,Great Lakes,Byron Center - 518,SL,1BR;C Vw;C Loc;B Sz,1,2,50%
5/31/2026,Great Lakes,Byron Center - 518,SL,1BR;C Vw;C Loc;C Sz,1,1,100%
5/31/2026,Great Lakes,Byron Center - 518,SL,Studio;A Vw;C Loc;A Sz,2,2,100%
5/31/2026,Great Lakes,Byron Center - 518,SL,Studio;B Vw;C Loc;B Sz,3,3,100%
5/31/2026,Great Lakes,Byron Center - 518,SL,Studio;B Vw;C Loc;C Sz,1,1,100%
5/31/2026,Great Lakes,Byron Center - 518,SL,Studio;C Vw;C Loc;B Sz,1,1,100%
5/31/2026,Great Lakes,Hudsonville - 524,AL,Compan;A Vw;C Loc;B Sz,2,2,100%
5/31/2026,Great Lakes,Hudsonville - 524,AL,Compan;C Vw;C Loc;B Sz,2,2,100%
5/31/2026,Great Lakes,Hudsonville - 524,AL,Studio;A Vw;A Loc;B Sz,3,3,100%
5/31/2026,Great Lakes,Hudsonville - 524,AL,Studio;A Vw;C Loc;B Sz,9.3,10,93%
5/31/2026,Great Lakes,Hudsonville - 524,AL,Studio;C Vw;C Loc;B Sz,2,2,100%
5/31/2026,Great Lakes,Hudsonville - 524,AL/MC,MC-Compan;A Vw;C Loc;B Sz,2,2,100%
5/31/2026,Great Lakes,Hudsonville - 524,AL/MC,MC-Compan;C Vw;C Loc;B Sz,1,1,100%
5/31/2026,Great Lakes,Hudsonville - 524,AL/MC,MC-Studio;A Vw;A Loc;B Sz,2,2,100%
5/31/2026,Great Lakes,Hudsonville - 524,AL/MC,MC-Studio;A Vw;C Loc;B Sz,4,5,80%
5/31/2026,Great Lakes,Hudsonville - 524,AL/MC,MC-Studio;C Vw;C Loc;B Sz,5,5,100%
5/31/2026,Great Lakes,Hudsonville - 524,HC,Compan;A Vw;C Loc;B Sz,4,4,100%
5/31/2026,Great Lakes,Hudsonville - 524,HC,Compan;C Vw;C Loc;B Sz,10,16,63%
5/31/2026,Great Lakes,Hudsonville - 524,HC,Studio Dlx;C Vw;C Loc;B Sz,1,1,100%
5/31/2026,Great Lakes,Hudsonville - 524,HC,Studio;A Vw;A Loc;B Sz,1,3,33%
5/31/2026,Great Lakes,Hudsonville - 524,HC,Studio;A Vw;C Loc;B Sz,8.3,10,83%
5/31/2026,Great Lakes,Hudsonville - 524,HC,Studio;C Vw;A Loc;B Sz,4,4,100%
5/31/2026,Great Lakes,Hudsonville - 524,HC,Studio;C Vw;C Loc;B Sz,15.8,20,79%
5/31/2026,Great Lakes,Hudsonville - 524,SL,1BR;A Vw;C Loc;A Sz,2,2,100%
5/31/2026,Great Lakes,Hudsonville - 524,SL,1BR;A Vw;C Loc;B Sz,7,7,100%
5/31/2026,Great Lakes,Hudsonville - 524,SL,1BR;C Vw;A Loc;B Sz,2,2,100%
5/31/2026,Great Lakes,Hudsonville - 524,SL,1BR;C Vw;C Loc;A Sz,1,1,100%
5/31/2026,Great Lakes,Hudsonville - 524,SL,1BR;C Vw;C Loc;B Sz,5,5,100%
5/31/2026,Great Lakes,Hudsonville - 524,SL,1BR;C Vw;C Loc;C Sz,2,2,100%
5/31/2026,Great Lakes,Hudsonville - 524,SL,2BR;C Vw;A Loc;B Sz,1,1,100%
5/31/2026,Great Lakes,Hudsonville - 524,SL,Studio;A Vw;C Loc;B Sz,2,2,100%
5/31/2026,Great Lakes,Hudsonville - 524,SL,Studio;C Vw;C Loc;B Sz,3,3,100%
5/31/2026,Great Lakes,Lowell - 156,AL,Companion,4,4,100%
5/31/2026,Great Lakes,Lowell - 156,AL,Studio - Double,10,10,100%
5/31/2026,Great Lakes,Lowell - 156,AL,Studio - Private,6,6,100%
5/31/2026,Great Lakes,Lowell - 156,AL/MC,Legacy Lane - Companion,3,3,100%
5/31/2026,Great Lakes,Lowell - 156,AL/MC,Legacy Lane - Private,8,8,100%
5/31/2026,Great Lakes,Lowell - 156,HC,Companion,22.7,24,94%
5/31/2026,Great Lakes,Lowell - 156,HC,Private,33.3,34,98%
5/31/2026,Great Lakes,Muskegon - 525,AL,Compan;A Vw;C Loc;B Sz,1,2,50%
5/31/2026,Great Lakes,Muskegon - 525,AL,Compan;C Vw;C Loc;B Sz,2,2,100%
5/31/2026,Great Lakes,Muskegon - 525,AL,Studio;A Vw;A Loc;B Sz,3,3,100%
5/31/2026,Great Lakes,Muskegon - 525,AL,Studio;A Vw;C Loc;B Sz,10,10,100%
5/31/2026,Great Lakes,Muskegon - 525,AL,Studio;C Vw;C Loc;B Sz,2,2,100%
5/31/2026,Great Lakes,Muskegon - 525,AL/MC,MC-Compan;A Vw;C Loc;B Sz,2,2,100%
5/31/2026,Great Lakes,Muskegon - 525,AL/MC,MC-Compan;C Vw;C Loc;B Sz,1,1,100%
5/31/2026,Great Lakes,Muskegon - 525,AL/MC,MC-Studio;A Vw;A Loc;B Sz,2,2,100%
5/31/2026,Great Lakes,Muskegon - 525,AL/MC,MC-Studio;A Vw;C Loc;B Sz,5,5,100%
5/31/2026,Great Lakes,Muskegon - 525,AL/MC,MC-Studio;C Vw;C Loc;B Sz,5,5,100%
5/31/2026,Great Lakes,Muskegon - 525,HC,Compan;A Vw;C Loc;B Sz,2,4,50%
5/31/2026,Great Lakes,Muskegon - 525,HC,Compan;C Vw;C Loc;B Sz,10.5,16,66%
5/31/2026,Great Lakes,Muskegon - 525,HC,Studio Dlx;C Vw;C Loc;B Sz,0,1,0%
5/31/2026,Great Lakes,Muskegon - 525,HC,Studio;A Vw;A Loc;B Sz,2.2,3,72%
5/31/2026,Great Lakes,Muskegon - 525,HC,Studio;A Vw;C Loc;B Sz,4.3,10,43%
5/31/2026,Great Lakes,Muskegon - 525,HC,Studio;C Vw;A Loc;B Sz,1,6,17%
5/31/2026,Great Lakes,Muskegon - 525,HC,Studio;C Vw;C Loc;B Sz,12.7,18,70%
5/31/2026,Great Lakes,Muskegon - 525,SL,1BR;A Vw;C Loc;A Sz,2,2,100%
5/31/2026,Great Lakes,Muskegon - 525,SL,1BR;A Vw;C Loc;B Sz,7,7,100%
5/31/2026,Great Lakes,Muskegon - 525,SL,1BR;C Vw;A Loc;B Sz,2,2,100%
5/31/2026,Great Lakes,Muskegon - 525,SL,1BR;C Vw;C Loc;A Sz,1,1,100%
5/31/2026,Great Lakes,Muskegon - 525,SL,1BR;C Vw;C Loc;B Sz,5,5,100%
5/31/2026,Great Lakes,Muskegon - 525,SL,1BR;C Vw;C Loc;C Sz,2,2,100%
5/31/2026,Great Lakes,Muskegon - 525,SL,2BR;C Vw;A Loc;B Sz,1,1,100%
5/31/2026,Great Lakes,Muskegon - 525,SL,Studio;A Vw;C Loc;B Sz,1,2,50%
5/31/2026,Great Lakes,Muskegon - 525,SL,Studio;C Vw;C Loc;B Sz,2,3,67%
5/31/2026,Great Lakes,Portage - 526,HC,Companion,0,0,0%
5/31/2026,Great Lakes,Portage - 526,HC,Private,0,0,0%
5/31/2026,Great Lakes,Portage - 526,HC,Private Deluxe,0,0,0%
5/31/2026,Great Lakes,Sun Prairie - 572,AL,1 Bedroom,4,4,100%
5/31/2026,Great Lakes,Sun Prairie - 572,AL,2 Bedroom,4,4,100%
5/31/2026,Great Lakes,Sun Prairie - 572,AL,Studio,4,6,67%
5/31/2026,Great Lakes,Sun Prairie - 572,HC,Companion,9,10,90%
5/31/2026,Great Lakes,Sun Prairie - 572,HC,Private,17.5,18,97%
5/31/2026,Great Lakes,Sun Prairie - 572,HC,Private - 100 Hall,8.5,10,85%
5/31/2026,Great Lakes,Valparaiso - 139,AL,Companion,4,5,80%
5/31/2026,Great Lakes,Valparaiso - 139,AL,Companion - End of Hall,1,1,100%
5/31/2026,Great Lakes,Valparaiso - 139,AL,Studio - Private,18.5,23,80%
5/31/2026,Great Lakes,Valparaiso - 139,AL,Studio - Private - End of Hall,4,4,100%
5/31/2026,Great Lakes,Valparaiso - 139,AL,Studio - Private Deluxe,0.2,1,17%
5/31/2026,Great Lakes,Valparaiso - 139,AL/MC,Legacy Bldng - Companion,3,3,100%
5/31/2026,Great Lakes,Valparaiso - 139,AL/MC,Legacy Bldng - Private,22.7,26,87%
5/31/2026,Great Lakes,Valparaiso - 139,HC,Companion,22.3,24,93%
5/31/2026,Great Lakes,Valparaiso - 139,HC,Private,34,36,94%
5/31/2026,Great Lakes,Valparaiso - 139,HC,TCU - Private Deluxe,1,1,100%
5/31/2026,Great Lakes,Waunakee - 571,AL,1 Bedroom,29,32,91%
5/31/2026,Great Lakes,Waunakee - 571,AL,2 Bedroom,6,6,100%
5/31/2026,Great Lakes,Waunakee - 571,AL,CBRF Studio,0,0,0%
5/31/2026,Great Lakes,Waunakee - 571,AL,Studio,30,32,94%
5/31/2026,Great Lakes,Waunakee - 571,AL/MC,MC - Companion,2,2,100%
5/31/2026,Great Lakes,Waunakee - 571,AL/MC,MC - Studio,2,2,100%
5/31/2026,Great Lakes,Waunakee - 571,AL/MC,MC - Studio Deluxe,12,14,86%
5/31/2026,Great Lakes,Waunakee - 571,HC,Companion,13,13,100%
5/31/2026,Great Lakes,Waunakee - 571,HC,Private,48.7,51,95%
5/31/2026,Great Lakes,Waunakee - 571,VIL,1 Bedroom,8,8,100%
5/31/2026,Kentuckiana,Corydon - 2180,AL,Companion,3,4,75%
5/31/2026,Kentuckiana,Corydon - 2180,AL,Studio - Private,13,15,87%
5/31/2026,Kentuckiana,Corydon - 2180,AL/MC,Legacy Bldng - Companion,0,3,0%
5/31/2026,Kentuckiana,Corydon - 2180,AL/MC,Legacy Bldng - Private,6,8,75%
5/31/2026,Kentuckiana,Corydon - 2180,HC,Companion,19.5,24,81%
5/31/2026,Kentuckiana,Corydon - 2180,HC,Private,27.3,34,80%
5/31/2026,Kentuckiana,Corydon - 2180,VIL,INDEPENDENT LIVING - 1 BR,8,8,100%
5/31/2026,Kentuckiana,Corydon - 2180,VIL,INDEPENDENT LIVING - 2 BR,14,14,100%
5/31/2026,Kentuckiana,Corydon - 2180,VIL,Independent Living - 2BR,19,20,95%
5/31/2026,Kentuckiana,Louisville ES - 210,AL/MC,MC - Studio;A Vw;B Loc;B Sz,17,18,94%
5/31/2026,Kentuckiana,Louisville ES - 210,AL/MC,MC - Studio;B Vw;B Loc;B Sz,19,21,90%
5/31/2026,Kentuckiana,Louisville ES - 210,AL/MC,MC - Studio;C Vw;B Loc;B Sz,20,21,95%
5/31/2026,Kentuckiana,Louisville FH - 2137,AL,One BR Apt,14,14,100%
5/31/2026,Kentuckiana,Louisville FH - 2137,AL,One BR Apt - B Location,6,6,100%
5/31/2026,Kentuckiana,Louisville FH - 2137,AL,One BR Apt-Double,4,4,100%
5/31/2026,Kentuckiana,Louisville FH - 2137,AL,Studio A-A2-A3-D3,7,7,100%
5/31/2026,Kentuckiana,Louisville FH - 2137,AL,Studio D-D5,9,9,98%
5/31/2026,Kentuckiana,Louisville FH - 2137,AL,Studio D2,1,1,100%
5/31/2026,Kentuckiana,Louisville FH - 2137,AL,Studio D4,4,4,100%
5/31/2026,Kentuckiana,Louisville FH - 2137,AL,Two BR Apt-Double,3,3,100%
5/31/2026,Kentuckiana,Louisville FH - 2137,AL,Two BR Apt-Single,3,3,100%
5/31/2026,Kentuckiana,Louisville FH - 2137,HC,Companion,10,16,63%
5/31/2026,Kentuckiana,Louisville FH - 2137,HC,Private,68,71,96%
5/31/2026,Kentuckiana,Louisville FS - 2154,AL,Companion,2,3,67%
5/31/2026,Kentuckiana,Louisville FS - 2154,AL,Studio,15,17,88%
5/31/2026,Kentuckiana,Louisville FS - 2154,AL/MC,MC - Companion,3,3,100%
5/31/2026,Kentuckiana,Louisville FS - 2154,AL/MC,MC - Studio,8,8,100%
5/31/2026,Kentuckiana,Louisville FS - 2154,HC,Companion,22.5,24,94%
5/31/2026,Kentuckiana,Louisville FS - 2154,HC,Private,32.5,34,96%
5/31/2026,Kentuckiana,Louisville FS - 2154,VIL,Independent Living - Villa 1,33,34,97%
5/31/2026,Kentuckiana,Louisville GR - 126,AL,Companion,3.3,4,83%
5/31/2026,Kentuckiana,Louisville GR - 126,AL,Studio,16,18,89%
5/31/2026,Kentuckiana,Louisville GR - 126,HC,Companion,18.5,20,93%
5/31/2026,Kentuckiana,Louisville GR - 126,HC,Private,28.5,31,92%
5/31/2026,Kentuckiana,Louisville GR - 126,HC,Private Deluxe,0,0,0%
5/31/2026,Kentuckiana,Louisville GR - 126,HC/MC,MC - COMPANION,4,4,100%
5/31/2026,Kentuckiana,Louisville GR - 126,HC/MC,MC - PRIVATE,10.5,11,95%
5/31/2026,Kentuckiana,Louisville PT - 127,HC,Private,33.8,39,87%
5/31/2026,Kentuckiana,Louisville PT - 127,HC,TCU - Private,16.8,21,80%
5/31/2026,Kentuckiana,Louisville PT - 127,HC/MC,Legacy Lane - Companion,20,22,91%
5/31/2026,Kentuckiana,Louisville PT - 127,HC/MC,Legacy Lane - Private,6,6,100%
5/31/2026,Kentuckiana,Louisville SB - 175,AL,1 BR;B Vw;A Loc;A Sz,1,1,100%
5/31/2026,Kentuckiana,Louisville SB - 175,AL,1 BR;B Vw;A Loc;B Sz,1,1,100%
5/31/2026,Kentuckiana,Louisville SB - 175,AL,1 BR;B Vw;B Loc;B Sz,2,2,100%
5/31/2026,Kentuckiana,Louisville SB - 175,AL,1 BR;B Vw;C Loc;B Sz,1,1,100%
5/31/2026,Kentuckiana,Louisville SB - 175,AL,1 BR;B Vw;C Loc;C Sz,2,2,100%
5/31/2026,Kentuckiana,Louisville SB - 175,AL,Compan;A Vw;C Loc;B Sz,2,2,100%
5/31/2026,Kentuckiana,Louisville SB - 175,AL,Compan;B Vw;B Loc;B Sz,0,0,0%
5/31/2026,Kentuckiana,Louisville SB - 175,AL,Compan;B Vw;C Loc;B Sz,2,2,100%
5/31/2026,Kentuckiana,Louisville SB - 175,AL,Compan;C Vw;B Loc;B Sz,0,1,0%
5/31/2026,Kentuckiana,Louisville SB - 175,AL,Studio;A Vw;A Loc;B Sz,2,2,100%
5/31/2026,Kentuckiana,Louisville SB - 175,AL,Studio;A Vw;B Loc;B Sz,1,2,50%
5/31/2026,Kentuckiana,Louisville SB - 175,AL,Studio;A Vw;C Loc;B Sz,5,5,100%
5/31/2026,Kentuckiana,Louisville SB - 175,AL,Studio;B Vw;A Loc;B Sz,0,0,0%
5/31/2026,Kentuckiana,Louisville SB - 175,AL,Studio;B Vw;B Loc;B Sz,1,1,100%
5/31/2026,Kentuckiana,Louisville SB - 175,AL,Studio;B Vw;C Loc;B Sz,6,6,100%
5/31/2026,Kentuckiana,Louisville SB - 175,AL,Studio;C Vw;C Loc;B Sz,0,0,0%
5/31/2026,Kentuckiana,Louisville SB - 175,HC,Compan;C Vw;B Loc;B Sz,7.8,8,98%
5/31/2026,Kentuckiana,Louisville SB - 175,HC,Compan;C Vw;C Loc;B Sz,8,8,100%
5/31/2026,Kentuckiana,Louisville SB - 175,HC,Studio;B Vw;A Loc;B Sz,2,2,100%
5/31/2026,Kentuckiana,Louisville SB - 175,HC,Studio;B Vw;B Loc;B Sz,1.2,2,58%
5/31/2026,Kentuckiana,Louisville SB - 175,HC,Studio;B Vw;C Loc;B Sz,1,2,50%
5/31/2026,Kentuckiana,Louisville SB - 175,HC,Studio;C Vw;A Loc;B Sz,4,4,100%
5/31/2026,Kentuckiana,Louisville SB - 175,HC,Studio;C Vw;B Loc;B Sz,1.7,2,83%
5/31/2026,Kentuckiana,Louisville SB - 175,HC,Studio;C Vw;C Loc;B Sz,13.7,14,98%
5/31/2026,Kentuckiana,Louisville SB - 175,HC/MC,Legacy-Compan;B Vw;C Loc;B Sz,4.5,5,90%
5/31/2026,Kentuckiana,Louisville SB - 175,HC/MC,Legacy-Compan;C Vw;C Loc;B Sz,1,1,100%
5/31/2026,Kentuckiana,Louisville SB - 175,HC/MC,Legacy-Stu Dlx;C Vw;A Loc;B Sz,1,1,100%
5/31/2026,Kentuckiana,Louisville SB - 175,HC/MC,Legacy-Studio;B Vw;A Loc;B Sz,1,1,100%
5/31/2026,Kentuckiana,Louisville SB - 175,HC/MC,Legacy-Studio;B Vw;B Loc;B Sz,1,1,100%
5/31/2026,Kentuckiana,Louisville SB - 175,HC/MC,Legacy-Studio;B Vw;C Loc;B Sz,2,2,100%
5/31/2026,Kentuckiana,Louisville SB - 175,HC/MC,Legacy-Studio;C Vw;C Loc;B Sz,13,13,100%
5/31/2026,Kentuckiana,Louisville SB - 175,SL,1BR;A Vw;A Loc;A Sz,1,1,100%
5/31/2026,Kentuckiana,Louisville SB - 175,SL,1BR;A Vw;B Loc;B Sz,1,1,100%
5/31/2026,Kentuckiana,Louisville SB - 175,SL,1BR;A Vw;C Loc;B Sz,3,3,100%
5/31/2026,Kentuckiana,Louisville SB - 175,SL,1BR;B Vw;A Loc;A Sz,2,2,100%
5/31/2026,Kentuckiana,Louisville SB - 175,SL,1BR;B Vw;A Loc;B Sz,1,1,100%
5/31/2026,Kentuckiana,Louisville SB - 175,SL,1BR;B Vw;B Loc;A Sz,2,2,100%
5/31/2026,Kentuckiana,Louisville SB - 175,SL,1BR;B Vw;B Loc;C Sz,1,1,100%
5/31/2026,Kentuckiana,Louisville SB - 175,SL,1BR;B Vw;C Loc;B Sz,7,7,100%
5/31/2026,Kentuckiana,Louisville SB - 175,SL,Studio;A Vw;C Loc;A Sz,2,2,100%
5/31/2026,Kentuckiana,Louisville SB - 175,SL,Studio;B Vw;C Loc;B Sz,1,2,50%
5/31/2026,Kentuckiana,Louisville WP - 145,AL,Companion,4,4,100%
5/31/2026,Kentuckiana,Louisville WP - 145,AL,Studio,16.8,18,94%
5/31/2026,Kentuckiana,Louisville WP - 145,HC,Companion,9,11,82%
5/31/2026,Kentuckiana,Louisville WP - 145,HC,Private,46.5,52,89%
5/31/2026,Kentuckiana,Louisville WS - 190,AL,1BR Compan;A Vw;A Loc;A Sz,2,2,100%
5/31/2026,Kentuckiana,Louisville WS - 190,AL,1BR DLX Compan;A Vw;A Loc;A Sz,3,3,100%
5/31/2026,Kentuckiana,Louisville WS - 190,AL,1BR DLX;A Vw;A Loc;A Sz,2,2,100%
5/31/2026,Kentuckiana,Louisville WS - 190,AL,1BR;A Vw;A Loc;A Sz,30.5,35,87%
5/31/2026,Kentuckiana,Louisville WS - 190,AL,1BR;A Vw;A Loc;B Sz,9,11,82%
5/31/2026,Kentuckiana,Louisville WS - 190,AL,2BR Compan;A Vw;A Loc;B Sz,5,5,100%
5/31/2026,Kentuckiana,Louisville WS - 190,AL,Studio;A Vw;A Loc;B Sz,3,4,75%
5/31/2026,Kentuckiana,Louisville WS - 190,AL/MC,MC-Studio;A Vw; A Loc; A Sz,9,11,82%
5/31/2026,Kentuckiana,Louisville WS - 190,AL/MC,MC-Studio;B Vw; A Loc; A Sz,5,5,100%
5/31/2026,Kentuckiana,Louisville WS - 190,HC,L;Stud;1 Bath;A Vw;B Loc;B Sz,11.7,15,78%
5/31/2026,Kentuckiana,Louisville WS - 190,HC,L;Stud;1 Bath;B Vw;B Loc;B Sz,8.2,9,91%
5/31/2026,Kentuckiana,Louisville WS - 190,HC,W;Stud;.5 Bath;A Vw;B Loc;B Sz,1,1,100%
5/31/2026,Kentuckiana,Louisville WS - 190,HC,W;Stud;.5 Bath;B Vw;B Loc;A Sz,0.5,1,50%
5/31/2026,Kentuckiana,Louisville WS - 190,HC,W;Stud;.5 Bath;B Vw;B Loc;B Sz,12,13,92%
5/31/2026,Kentuckiana,Louisville WS - 190,HC,W;Stud;1 Bath;A Vw;B Loc;B Sz,4,4,100%
5/31/2026,Kentuckiana,Louisville WS - 190,HC,W;Stud;1 Bath;B Vw;B Loc;B Sz,8.5,9,94%
5/31/2026,Kentuckiana,Louisville WS - 190,SL,1BR DLX;A Vw;B Loc;A Sz,0,1,0%
5/31/2026,Kentuckiana,Louisville WS - 190,SL,1BR DLX;A Vw;B Loc;B Sz,1,1,100%
5/31/2026,Kentuckiana,Louisville WS - 190,SL,1BR;A Vw;B Loc;A Sz,6,9,67%
5/31/2026,Kentuckiana,Louisville WS - 190,SL,1BR;A Vw;B Loc;B Sz,0,0,0%
5/31/2026,Kentuckiana,Louisville WS - 190,SL,2BR DLX;A Vw;B Loc;B Sz,3,3,100%
5/31/2026,Kentuckiana,Louisville WS - 190,SL,2BR;A Vw;B Loc;B Sz,3,3,100%
5/31/2026,Kentuckiana,Louisville WS - 190,VIL,Patio Home Deluxe,16,17,94%
5/31/2026,Kentuckiana,Louisville WS - 190,VIL,Patio Home Standard,7,7,100%
5/31/2026,Kentuckiana,Louisville WS - 190,VIL,Patio Home w/ Study,32,32,100%
5/31/2026,Kentuckiana,New Albany AW - 105,HC,Companion,24.3,34,72%
5/31/2026,Kentuckiana,New Albany AW - 105,HC,Private,21.8,27,81%
5/31/2026,Kentuckiana,New Albany AW - 105,HC/MC,Legacy Lane - Companion,11.2,16,70%
5/31/2026,Kentuckiana,New Albany AW - 105,HC/MC,Legacy Lane - Private,10.7,14,76%
5/31/2026,Kentuckiana,New Albany RC - 236,AL,1 Bedroom,1,3,33%
5/31/2026,Kentuckiana,New Albany RC - 236,AL,1BR;A Vw;B Loc;B Sz,6,6,100%
5/31/2026,Kentuckiana,New Albany RC - 236,AL,1BR;A Vw;C Loc;B Sz,2,2,100%
5/31/2026,Kentuckiana,New Albany RC - 236,AL,1BR;B Vw;B Loc;B Sz,6,8,75%
5/31/2026,Kentuckiana,New Albany RC - 236,AL,1BR;B Vw;C Loc;B Sz,1,2,50%
5/31/2026,Kentuckiana,New Albany RC - 236,AL,2BR,2,2,100%
5/31/2026,Kentuckiana,New Albany RC - 236,AL,Studio DLX;A Vw;B Loc;B Sz,3,6,50%
5/31/2026,Kentuckiana,New Albany RC - 236,AL,Studio DLX;B Vw;B Loc;B Sz,2,6,33%
5/31/2026,Kentuckiana,New Albany RC - 236,AL,Studio;A Vw;B Loc;B Sz,3,4,75%
5/31/2026,Kentuckiana,New Albany RC - 236,AL,Studio;A Vw;C Loc;B Sz,1,2,50%
5/31/2026,Kentuckiana,New Albany RC - 236,AL,Studio;B Vw;B Loc;B Sz,10,11,91%
5/31/2026,Kentuckiana,New Albany RC - 236,AL,Studio;B Vw;C Loc;B Sz,3,4,75%
5/31/2026,Kentuckiana,New Albany RC - 236,AL/MC,MC-Compan;B Vw;B Loc;B Sz,2,2,100%
5/31/2026,Kentuckiana,New Albany RC - 236,AL/MC,MC-Studio;B Vw;B Loc;B Sz,15.7,21,75%
5/31/2026,Kentuckiana,New Albany RC - 236,VIL,INDEPENDENT LIVING 2 BR,14,16,88%
5/31/2026,Kentuckiana,New Albany SC - 5151,AL,1 BR DLX - A View - 5th FLOOR - DOUBLE,2,2,100%
5/31/2026,Kentuckiana,New Albany SC - 5151,AL,1BR - 4TH FLOOR - SINGLE,3,6,50%
5/31/2026,Kentuckiana,New Albany SC - 5151,AL,1BR - 5TH FLOOR - DOUBLE,4,4,100%
5/31/2026,Kentuckiana,New Albany SC - 5151,AL,1BR Alcove - Single,1,2,50%
5/31/2026,Kentuckiana,New Albany SC - 5151,AL,1BR DLX - 4TH FLOOR - DOUBLE,2,2,100%
5/31/2026,Kentuckiana,New Albany SC - 5151,AL,1BR DLX - 4TH FLOOR - SINGLE,4.7,7,67%
5/31/2026,Kentuckiana,New Albany SC - 5151,AL,1BR DLX - 5TH FLOOR - DOUBLE,0,1,0%
5/31/2026,Kentuckiana,New Albany SC - 5151,AL,1BR DLX - 5TH FLOOR - SINGLE,2,3,67%
5/31/2026,Kentuckiana,New Albany SC - 5151,AL,Studio - Private,5.2,6,86%
5/31/2026,Kentuckiana,New Albany SC - 5151,AL,Studio - Private Deluxe,1,2,50%
5/31/2026,Kentuckiana,New Albany SC - 5151,AL,Two BR Apt-Double,4,4,100%
5/31/2026,Kentuckiana,New Albany SC - 5151,HC,Companion,19.8,24,83%
5/31/2026,Kentuckiana,New Albany SC - 5151,HC,Private,27,28,96%
5/31/2026,Kentuckiana,New Albany SC - 5151,HC,Private Deluxe,4,4,100%
5/31/2026,Kentuckiana,New Albany SC - 5151,VIL,1BR; 1st Fl; A Vw; 626 SqFt,0,0,0%
5/31/2026,Kentuckiana,New Albany SC - 5151,VIL,1BR; 1st Fl; B Vw; 764 SqFt,0,0,0%
5/31/2026,Kentuckiana,New Albany SC - 5151,VIL,1BR; 1st Fl; B Vw; 837 SqFt,0,0,0%
5/31/2026,Kentuckiana,New Albany SC - 5151,VIL,1BR; 1st Fl; C Vw; 738 SqFt,0,0,0%
5/31/2026,Kentuckiana,New Albany SC - 5151,VIL,1BR; 1st Fl; C Vw; 778 SqFt,0,0,0%
5/31/2026,Kentuckiana,New Albany SC - 5151,VIL,2BR; 1st Fl; A Vw; 980 SqFt,0,0,0%
5/31/2026,Kentuckiana,New Albany SC - 5151,VIL,Independent Living - 1 BR,0,0,0%
5/31/2026,Kentuckiana,New Albany SC - 5151,VIL,Independent Living - 1 BR DLX,0,0,0%
5/31/2026,Kentuckiana,New Albany SC - 5151,VIL,Independent Living - 2 BR,0,0,0%
5/31/2026,Kentuckiana,New Albany SC - 5151,VIL,Independent Living - Villa,32,36,89%
5/31/2026,Kentuckiana,New Albany SC - 5151,VIL,One BR - Cloister,1,1,100%
5/31/2026,Kentuckiana,New Albany SC - 5151,VIL,Studio; 1st Fl; B Vw; 403 SqFt,0,0,0%
5/31/2026,Kentuckiana,New Albany SC - 5151,VIL,Studio; 1st Fl; C Vw; 454 SqFt,0,0,0%
5/31/2026,Kentuckiana,New Albany SC - 5151,VIL,Two BR,1,1,100%
5/31/2026,Kentuckiana,New Albany SC - 5151,VIL,Two BR - Cloister,1,2,50%
5/31/2026,Kingston East,Hickory KRH-0563,SL,One BR - Large,6,6,100%
5/31/2026,Kingston East,Hickory KRH-0563,SL,One BR - Medium,10,11,91%
5/31/2026,Kingston East,Hickory KRH-0563,SL,One BR - Standard,64,80,80%
5/31/2026,Kingston East,Hickory KRH-0563,SL,Studio - Alcove,3,4,75%
5/31/2026,Kingston East,Hickory KRH-0563,SL,Studio - Efficiency,3,3,100%
5/31/2026,Kingston East,Hickory KRH-0563,SL,Studio - Hotel,6,10,60%
5/31/2026,Kingston East,Hickory KRH-0563,SL,Two Bedroom,5,6,83%
5/31/2026,Kingston West,Santa Fe KRS-0564,AL,One Bedroom,29,37,78%
5/31/2026,Kingston West,Santa Fe KRS-0564,AL,One BR - Alta Vista,4,4,100%
5/31/2026,Kingston West,Santa Fe KRS-0564,AL,One BR - Canyon Court,1,1,100%
5/31/2026,Kingston West,Santa Fe KRS-0564,AL,One BR - VDS,3,4,75%
5/31/2026,Kingston West,Santa Fe KRS-0564,AL,One BR Large - VDS,3,3,100%
5/31/2026,Kingston West,Santa Fe KRS-0564,AL,One BR Medium - VDS,1,1,100%
5/31/2026,Kingston West,Santa Fe KRS-0564,AL,Studio,15.3,17,90%
5/31/2026,Kingston West,Santa Fe KRS-0564,AL,Studio - Canyon Court,1,1,100%
5/31/2026,Kingston West,Santa Fe KRS-0564,AL,Studio - VDS,1,1,100%
5/31/2026,Kingston West,Santa Fe KRS-0564,AL,Studio Double - CC,1,1,100%
5/31/2026,Kingston West,Santa Fe KRS-0564,AL,Studio Double C size - CC,1,1,100%
5/31/2026,Kingston West,Santa Fe KRS-0564,AL,Two BR - One Bath,6,6,100%
5/31/2026,Kingston West,Santa Fe KRS-0564,AL,Two BR - Two Bath,14,15,93%
5/31/2026,Kingston West,Santa Fe KRS-0564,AL/MC,MC - Studio,21.5,39,55%
5/31/2026,Kingston West,Santa Fe KRS-0564,AL/MC,MC - Studio Deluxe,1,1,100%
5/31/2026,Michigan,Commerce - 503,AL,Companion,3,4,75%
5/31/2026,Michigan,Commerce - 503,AL,Studio - Private,16.8,18,94%
5/31/2026,Michigan,Commerce - 503,AL/MC,Legacy Bldng - Companion,3,3,100%
5/31/2026,Michigan,Commerce - 503,AL/MC,Legacy Bldng - Private,23.7,26,91%
5/31/2026,Michigan,Commerce - 503,HC,Companion,4.3,6,72%
5/31/2026,Michigan,Commerce - 503,HC,Private,48,50,96%
5/31/2026,Michigan,Commerce - 503,HC,Private Deluxe,4.7,5,93%
5/31/2026,Michigan,Commerce - 503,VIL,Independent Living - Villa 1,27,34,79%
5/31/2026,Michigan,East Lansing - 2507,AL,Companion,7,7,100%
5/31/2026,Michigan,East Lansing - 2507,AL,Studio - Private,21.5,22,98%
5/31/2026,Michigan,East Lansing - 2507,AL/MC,Legacy Bldng - Companion,2,6,33%
5/31/2026,Michigan,East Lansing - 2507,AL/MC,Legacy Bldng - Private,18.3,23,80%
5/31/2026,Michigan,East Lansing - 2507,HC,Companion,20,22,91%
5/31/2026,Michigan,East Lansing - 2507,HC,Private,37.3,43,87%
5/31/2026,Michigan,East Lansing - 2507,HC/MC,Legacy Lane - Companion,0,0,0%
5/31/2026,Michigan,East Lansing - 2507,HC/MC,Legacy Lane - Private,0,0,0%
5/31/2026,Michigan,Grand Blanc - 2505,AL,Companion,3.3,4,83%
5/31/2026,Michigan,Grand Blanc - 2505,AL,Studio - Private,16.7,18,93%
5/31/2026,Michigan,Grand Blanc - 2505,AL/MC,Legacy Lane - Companion,2,2,100%
5/31/2026,Michigan,Grand Blanc - 2505,AL/MC,Legacy Lane - Private,6,9,67%
5/31/2026,Michigan,Grand Blanc - 2505,HC,Companion,29.2,36,81%
5/31/2026,Michigan,Grand Blanc - 2505,HC,Private,24.8,28,89%
5/31/2026,Michigan,Howell - 2509,AL,Companion,5,5,100%
5/31/2026,Michigan,Howell - 2509,AL,Studio - Private,27,27,100%
5/31/2026,Michigan,Howell - 2509,AL,Studio - Private Deluxe,2,2,100%
5/31/2026,Michigan,Howell - 2509,AL/MC,MC-Compan;A Vw;B Loc;B Sz,3,3,100%
5/31/2026,Michigan,Howell - 2509,AL/MC,MC-Compan;A Vw;C Loc;B Sz,3,3,100%
5/31/2026,Michigan,Howell - 2509,AL/MC,MC-Studio;A Vw;A Loc;B Sz,3,3,100%
5/31/2026,Michigan,Howell - 2509,AL/MC,MC-Studio;A Vw;C Loc;B Sz,3,3,100%
5/31/2026,Michigan,Howell - 2509,AL/MC,MC-Studio;B Vw;A Loc;B Sz,4,4,100%
5/31/2026,Michigan,Howell - 2509,AL/MC,MC-Studio;B Vw;B Loc;B Sz,4,4,100%
5/31/2026,Michigan,Howell - 2509,AL/MC,MC-Studio;B Vw;C Loc;B Sz,8,9,89%
5/31/2026,Michigan,Howell - 2509,HC,Companion,16,16,100%
5/31/2026,Michigan,Howell - 2509,HC,Private,38.5,40,96%
5/31/2026,Michigan,Jackson - 502,AL,Companion,0,0,0%
5/31/2026,Michigan,Jackson - 502,AL/MC,Legacy Lane - Companion,0,0,0%
5/31/2026,Michigan,Lapeer - 2506,AL,Companion,4,4,100%
5/31/2026,Michigan,Lapeer - 2506,AL,Studio - Private,17,18,94%
5/31/2026,Michigan,Lapeer - 2506,AL/MC,Legacy Lane - Companion,2,2,100%
5/31/2026,Michigan,Lapeer - 2506,AL/MC,Legacy Lane - Private,8,9,89%
5/31/2026,Michigan,Lapeer - 2506,HC,Companion,33.5,34,99%
5/31/2026,Michigan,Lapeer - 2506,HC,Private,43.8,46,95%
5/31/2026,Michigan,Macomb - 2508,AL,Companion,6,6,100%
5/31/2026,Michigan,Macomb - 2508,AL,Studio - Private,25.2,28,90%
5/31/2026,Michigan,Macomb - 2508,AL/MC,Legacy Bldng - Companion,5,6,83%
5/31/2026,Michigan,Macomb - 2508,AL/MC,Legacy Bldng - Private,21,23,91%
5/31/2026,Michigan,Macomb - 2508,HC,Companion,23.3,24,97%
5/31/2026,Michigan,Macomb - 2508,HC,Private,32.8,33,99%
5/31/2026,Michigan,Novi - 2510,AL,Companion,7,7,100%
5/31/2026,Michigan,Novi - 2510,AL,Studio - Private,22,24,92%
5/31/2026,Michigan,Novi - 2510,HC,Companion,13.8,16,86%
5/31/2026,Michigan,Novi - 2510,HC,Private,34.7,37,94%
5/31/2026,Michigan,Novi - 2510,HC,Private Deluxe,1,1,100%
5/31/2026,Michigan,Okemos - 2504,AL,Companion,4,4,100%
5/31/2026,Michigan,Okemos - 2504,AL,Studio - Private,15,16,94%
5/31/2026,Michigan,Okemos - 2504,HC,Companion,23,24,96%
5/31/2026,Michigan,Okemos - 2504,HC,Private,25.7,32,80%
5/31/2026,Michigan,Okemos - 2504,HC,TCU - Companion,6,6,100%
5/31/2026,Michigan,Okemos - 2504,HC,TCU - Private,6,6,100%
5/31/2026,Michigan,Romeo - 2512,AL,Companion,6,7,86%
5/31/2026,Michigan,Romeo - 2512,AL,Studio - Private,19.5,23,85%
5/31/2026,Michigan,Romeo - 2512,AL,Studio - Private Deluxe,1,1,100%
5/31/2026,Michigan,Romeo - 2512,AL/MC,Legacy Lane - Companion,6,6,100%
5/31/2026,Michigan,Romeo - 2512,AL/MC,Legacy Lane - Private,22,23,96%
5/31/2026,Michigan,Romeo - 2512,HC,Companion,17.7,18,98%
5/31/2026,Michigan,Romeo - 2512,HC,Private,35.7,37,96%
5/31/2026,Michigan,Romeo SL - 527,SL,1BR;A Vw;B Loc;B Sz,9,11,82%
5/31/2026,Michigan,Romeo SL - 527,SL,1BR;B Vw;A Loc;B Sz,1,1,100%
5/31/2026,Michigan,Romeo SL - 527,SL,1BR;B Vw;B Loc;B Sz,2,2,100%
5/31/2026,Michigan,Romeo SL - 527,SL,1BR;B Vw;C Loc;B Sz,1,2,50%
5/31/2026,Michigan,Romeo SL - 527,SL,1BR;C Vw;A Loc;A Sz,2,2,100%
5/31/2026,Michigan,Romeo SL - 527,SL,1BR;C Vw;A Loc;B Sz,1,1,100%
5/31/2026,Michigan,Romeo SL - 527,SL,1BR;C Vw;B Loc;B Sz,15,15,100%
5/31/2026,Michigan,Romeo SL - 527,SL,1BR;C Vw;B Loc;C Sz,3,3,100%
5/31/2026,Michigan,Romeo SL - 527,SL,1BR;C Vw;C Loc;B Sz,16,16,100%
5/31/2026,Michigan,Romeo SL - 527,SL,1BR;C Vw;C Loc;C Sz,4,4,100%
5/31/2026,Michigan,Romeo SL - 527,SL,2BR;A Vw;B Loc;B Sz,1,1,100%
5/31/2026,Michigan,Romeo SL - 527,SL,2BR;B Vw;A Loc;B Sz,1,1,100%
5/31/2026,Michigan,Romeo SL - 527,SL,2BR;C Vw;A Loc;C Sz,1,1,100%
5/31/2026,Michigan,Romeo SL - 527,SL,Studio Dlx;C Vw;A Loc;B Sz,2,3,67%
5/31/2026,Michigan,Romeo SL - 527,SL,Studio Dlx;C Vw;C Loc;B Sz,4,4,100%
5/31/2026,Michigan,Romeo SL - 527,SL,Studio;B Vw;B Loc;A Sz,3,3,100%
5/31/2026,Michigan,Romeo SL - 527,SL,Studio;B Vw;B Loc;B Sz,1,1,100%
5/31/2026,Michigan,Romeo SL - 527,SL,Studio;B Vw;C Loc;A Sz,1,1,100%
5/31/2026,Michigan,Romeo SL - 527,SL,Studio;B Vw;C Loc;B Sz,3,3,100%
5/31/2026,Michigan,Romeo SL - 527,SL,Studio;C Vw;B Loc;A Sz,2,2,100%
5/31/2026,Michigan,Romeo SL - 527,SL,Studio;C Vw;C Loc;A Sz,2,2,100%
5/31/2026,North Central Indiana,Anderson - 112,AL,Companion,2,2,100%
5/31/2026,North Central Indiana,Anderson - 112,AL,Studio - Double 300 SQ FT,5,5,100%
5/31/2026,North Central Indiana,Anderson - 112,AL,Studio - Double 330 SQ FT,5.5,6,92%
5/31/2026,North Central Indiana,Anderson - 112,AL,Studio 300 SQ FT,13,14,93%
5/31/2026,North Central Indiana,Anderson - 112,AL,Studio 330 SQ FT,0,0,0%
5/31/2026,North Central Indiana,Anderson - 112,AL/MC,Legacy Bldng - Companion,0,4,0%
5/31/2026,North Central Indiana,Anderson - 112,AL/MC,Legacy Bldng - Private,11.7,17,69%
5/31/2026,North Central Indiana,Anderson - 112,HC,Companion,22,25,88%
5/31/2026,North Central Indiana,Anderson - 112,HC,Private,34.2,38,90%
5/31/2026,North Central Indiana,Anderson - 112,HC/MC,Legacy Lane - Companion,4,4,100%
5/31/2026,North Central Indiana,Anderson - 112,HC/MC,Legacy Lane - Private,6,6,100%
5/31/2026,North Central Indiana,Anderson - 112,VIL,Independent Living - Villa,20,26,77%
5/31/2026,North Central Indiana,Crawfordsville - 5167,AL,Companion,0,0,0%
5/31/2026,North Central Indiana,Crawfordsville - 5167,AL,One BR Apt-Double,3,4,75%
5/31/2026,North Central Indiana,Crawfordsville - 5167,AL,One BR Apt-Single,4,4,100%
5/31/2026,North Central Indiana,Crawfordsville - 5167,AL,Studio - Double,6,6,100%
5/31/2026,North Central Indiana,Crawfordsville - 5167,AL,Studio - Private,12,12,100%
5/31/2026,North Central Indiana,Crawfordsville - 5167,AL,Studio Deluxe - Double,4,4,100%
5/31/2026,North Central Indiana,Crawfordsville - 5167,AL/MC,MC - Companion,1,1,100%
5/31/2026,North Central Indiana,Crawfordsville - 5167,AL/MC,MC - Studio - Private,14,14,100%
5/31/2026,North Central Indiana,Crawfordsville - 5167,AL/MC,MC - Studio Double,1,1,100%
5/31/2026,North Central Indiana,Crawfordsville - 5167,HC,Companion,20.8,22,95%
5/31/2026,North Central Indiana,Crawfordsville - 5167,HC,Private,33.8,37,91%
5/31/2026,North Central Indiana,Delphi - 2134,AL,Compan;A Vw;B Loc;B Sz,1,1,100%
5/31/2026,North Central Indiana,Delphi - 2134,AL,Compan;A Vw;C Loc;B Sz,3,3,100%
5/31/2026,North Central Indiana,Delphi - 2134,AL,Compan;B Vw;C Loc;B Sz,2,2,100%
5/31/2026,North Central Indiana,Delphi - 2134,AL,Studio - Double:B Vw:C Loc;B Sz,1,1,100%
5/31/2026,North Central Indiana,Delphi - 2134,AL,Studio - Double;A Vw;A Loc;B Sz,4,4,100%
5/31/2026,North Central Indiana,Delphi - 2134,AL,Studio - Double;A Vw;B Loc;B Sz,1,1,100%
5/31/2026,North Central Indiana,Delphi - 2134,AL,Studio - Double;A Vw;C Loc;B Sz,2,2,100%
5/31/2026,North Central Indiana,Delphi - 2134,AL,Studio - Double;B Vw;A Loc;B Sz,1,1,100%
5/31/2026,North Central Indiana,Delphi - 2134,AL,Studio - Double;B Vw;B Loc;B Sz,1,1,100%
5/31/2026,North Central Indiana,Delphi - 2134,AL,Studio;A Vw;C Loc;B Sz,2,3,67%
5/31/2026,North Central Indiana,Delphi - 2134,AL,Studio;B Vw;A Loc;B Sz,1,1,100%
5/31/2026,North Central Indiana,Delphi - 2134,AL,Studio;B Vw;B Loc;B Sz,1,1,100%
5/31/2026,North Central Indiana,Delphi - 2134,AL,Studio;B Vw;C Loc;B Sz,5,5,100%
5/31/2026,North Central Indiana,Delphi - 2134,HC,Companion,37.5,39,96%
5/31/2026,North Central Indiana,Delphi - 2134,HC,Private,7.5,10,75%
5/31/2026,North Central Indiana,Delphi - 2134,HC,Private Dlx - Renovated,3.3,6,56%
5/31/2026,North Central Indiana,Delphi - 2134,HC,TCU - Private,5.5,7,79%
5/31/2026,North Central Indiana,Kokomo WK - 5168,AL,One BR Apt-Double,4,5,80%
5/31/2026,North Central Indiana,Kokomo WK - 5168,AL,One BR Apt-Single,3,3,100%
5/31/2026,North Central Indiana,Kokomo WK - 5168,AL,Studio - Double,1,1,100%
5/31/2026,North Central Indiana,Kokomo WK - 5168,AL,Studio - Private,16,17,94%
5/31/2026,North Central Indiana,Kokomo WK - 5168,AL,Studio - Private Deluxe,4,4,100%
5/31/2026,North Central Indiana,Kokomo WK - 5168,HC,Companion,8,8,100%
5/31/2026,North Central Indiana,Kokomo WK - 5168,HC,Private,47.7,62,77%
5/31/2026,North Central Indiana,Kokomo WP - 106,AL,Companion,2,2,100%
5/31/2026,North Central Indiana,Kokomo WP - 106,AL,Studio - Double,2,2,100%
5/31/2026,North Central Indiana,Kokomo WP - 106,AL,Studio - Private,18,18,100%
5/31/2026,North Central Indiana,Kokomo WP - 106,AL/MC,Legacy Bldng - Companion,3,3,100%
5/31/2026,North Central Indiana,Kokomo WP - 106,AL/MC,Legacy Bldng - Private,18,18,100%
5/31/2026,North Central Indiana,Kokomo WP - 106,HC,Companion,48,58,83%
5/31/2026,North Central Indiana,Kokomo WP - 106,HC,Private,15.3,17,90%
5/31/2026,North Central Indiana,Kokomo WP - 106,HC,Private Deluxe,2,2,100%
5/31/2026,North Central Indiana,Kokomo WP - 106,HC/MC,Legacy Lane - Companion,4,4,100%
5/31/2026,North Central Indiana,Kokomo WP - 106,HC/MC,Legacy Lane - Private,6,6,100%
5/31/2026,North Central Indiana,Kokomo WP - 106,VIL,Independent Living - Villa 1,19,22,86%
5/31/2026,North Central Indiana,Kokomo WP - 106,VIL,Villa 1 BR,10,10,100%
5/31/2026,North Central Indiana,Kokomo WP - 106,VIL,Villa 2 BR,12,12,100%
5/31/2026,North Central Indiana,Lafayette CS - 133,AL,Companion,6,6,100%
5/31/2026,North Central Indiana,Lafayette CS - 133,AL,Studio - Private,26,28,93%
5/31/2026,North Central Indiana,Lafayette CS - 133,AL/MC,Legacy Bldng - Companion,1,1,100%
5/31/2026,North Central Indiana,Lafayette CS - 133,AL/MC,Legacy Bldng - Private,17,19,89%
5/31/2026,North Central Indiana,Lafayette CS - 133,AL/MC,Legacy Bldng - Studio,1,1,100%
5/31/2026,North Central Indiana,Lafayette CS - 133,HC,Companion,24.7,26,95%
5/31/2026,North Central Indiana,Lafayette CS - 133,HC,Private,25.8,35,74%
5/31/2026,North Central Indiana,Lafayette CS - 133,HC/MC,Legacy Lane - Companion,1,4,25%
5/31/2026,North Central Indiana,Lafayette CS - 133,HC/MC,Legacy Lane - Private,5,6,83%
5/31/2026,North Central Indiana,Lafayette CS - 133,VIL,Independent Living - 2BR,24,24,100%
5/31/2026,North Central Indiana,Lafayette SL - 5162,AL,Companion,0,0,0%
5/31/2026,North Central Indiana,Lafayette SL - 5162,AL,One BR Apt-Double,8,8,100%
5/31/2026,North Central Indiana,Lafayette SL - 5162,AL,Studio - Double,0,1,0%
5/31/2026,North Central Indiana,Lafayette SL - 5162,AL,Studio - Private,12,13,92%
5/31/2026,North Central Indiana,Lafayette SL - 5162,AL,Studio - Private Deluxe,4,4,100%
5/31/2026,North Central Indiana,Lafayette SL - 5162,AL,Studio Executive Deluxe - Double,4,4,100%
5/31/2026,North Central Indiana,Lafayette SL - 5162,AL/MC,MC - Companion,1,1,100%
5/31/2026,North Central Indiana,Lafayette SL - 5162,AL/MC,MC - Studio - Private,12,12,100%
5/31/2026,North Central Indiana,Lafayette SL - 5162,HC,Companion,18,18,100%
5/31/2026,North Central Indiana,Lafayette SL - 5162,HC,Private,26.3,36,73%
5/31/2026,North Central Indiana,Lafayette SL - 5162,HC,Private Deluxe,3.8,6,64%
5/31/2026,North Central Indiana,Lafayette SM - 2136,HC,Companion,25.5,26,98%
5/31/2026,North Central Indiana,Lafayette SM - 2136,HC,Private,6.3,15,42%
5/31/2026,North Central Indiana,Lafayette SM - 2136,HC/MC,Legacy Lane - Companion,24.2,26,93%
5/31/2026,North Central Indiana,Lafayette SM - 2136,HC/MC,Legacy Lane - Private,3,3,100%
5/31/2026,North Central Indiana,Lebanon - 104,AL,Companion,3,3,100%
5/31/2026,North Central Indiana,Lebanon - 104,AL,Companion - Single,1,1,100%
5/31/2026,North Central Indiana,Lebanon - 104,AL,Studio - Companion,1,1,100%
5/31/2026,North Central Indiana,Lebanon - 104,AL,Studio - Private,3,3,100%
5/31/2026,North Central Indiana,Lebanon - 104,AL,Studio - Private - A Location,6,6,100%
5/31/2026,North Central Indiana,Lebanon - 104,AL,Studio - Private - End of Hall,8,8,100%
5/31/2026,North Central Indiana,Lebanon - 104,AL/MC,Legacy Lane - Companion,2,2,100%
5/31/2026,North Central Indiana,Lebanon - 104,AL/MC,Legacy Lane - Private,9,9,100%
5/31/2026,North Central Indiana,Lebanon - 104,HC,Companion,32.5,42,77%
5/31/2026,North Central Indiana,Lebanon - 104,HC,Private,15.8,26,61%
5/31/2026,North Central Indiana,Muncie - 128,AL,1BR;A Vw;B Loc;B Sz,2,2,100%
5/31/2026,North Central Indiana,Muncie - 128,AL,1BR;B Vw;B Loc;A Sz,1,1,100%
5/31/2026,North Central Indiana,Muncie - 128,AL,1BR;B Vw;B Loc;B Sz,1,1,100%
5/31/2026,North Central Indiana,Muncie - 128,AL,Compan;A Vw;B Loc;B Sz,3,3,100%
5/31/2026,North Central Indiana,Muncie - 128,AL,Companion,4,4,100%
5/31/2026,North Central Indiana,Muncie - 128,AL,Studio - Companion,1,1,100%
5/31/2026,North Central Indiana,Muncie - 128,AL,Studio - Private,14.2,17,83%
5/31/2026,North Central Indiana,Muncie - 128,AL,Studio;A Vw;B Loc;B Sz,1.5,2,75%
5/31/2026,North Central Indiana,Muncie - 128,AL,Studio;B Vw;B Loc;B Sz,2,2,100%
5/31/2026,North Central Indiana,Muncie - 128,AL/MC,Legacy Lane - Private,0,0,0%
5/31/2026,North Central Indiana,Muncie - 128,AL/MC,MC-Compan;A Vw;B Loc;B Sz,3,3,100%
5/31/2026,North Central Indiana,Muncie - 128,AL/MC,MC-Compan;A Vw;C Loc;B Sz,3,3,100%
5/31/2026,North Central Indiana,Muncie - 128,AL/MC,MC-Studio;A Vw;A Loc;B Sz,4,4,100%
5/31/2026,North Central Indiana,Muncie - 128,AL/MC,MC-Studio;A Vw;B Loc;B Sz,2,2,100%
5/31/2026,North Central Indiana,Muncie - 128,AL/MC,MC-Studio;A Vw;C Loc;B Sz,4,4,100%
5/31/2026,North Central Indiana,Muncie - 128,AL/MC,MC-Studio;B Vw;A Loc;B Sz,2,2,100%
5/31/2026,North Central Indiana,Muncie - 128,AL/MC,MC-Studio;B Vw;B Loc;B Sz,3,3,100%
5/31/2026,North Central Indiana,Muncie - 128,AL/MC,MC-Studio;B Vw;C Loc;B Sz,7,8,88%
5/31/2026,North Central Indiana,Muncie - 128,HC,Companion,26.8,32,84%
5/31/2026,North Central Indiana,Muncie - 128,HC,Private,10.2,11,92%
5/31/2026,North Central Indiana,Muncie - 128,HC,TCU - Companion,0,0,0%
5/31/2026,North Central Indiana,Muncie - 128,HC,TCU - Private,10.2,11,92%
5/31/2026,North Central Indiana,Muncie - 128,HC/MC,MC - Companion,4,4,100%
5/31/2026,North Central Indiana,Muncie - 128,HC/MC,MC- Private,8,8,100%
5/31/2026,North Central Indiana,Muncie - 128,VIL,IL - Villa - 2BR;A Loc,9,10,90%
5/31/2026,North Central Indiana,Muncie - 128,VIL,IL - Villa - 2BR;B Loc,7,8,88%
5/31/2026,North Central Indiana,Muncie - 128,VIL,IL - Villa - 2BR;C Loc,12,12,100%
5/31/2026,North Central Indiana,Noblesville - 141,AL,Companion,7,7,100%
5/31/2026,North Central Indiana,Noblesville - 141,AL,Studio - Private,26.5,27,98%
5/31/2026,North Central Indiana,Noblesville - 141,AL/MC,Legacy Bldng - Companion,2,3,67%
5/31/2026,North Central Indiana,Noblesville - 141,AL/MC,Legacy Bldng - Private,22,26,85%
5/31/2026,North Central Indiana,Noblesville - 141,HC,Companion,24,24,100%
5/31/2026,North Central Indiana,Noblesville - 141,HC,Private,20.8,21,99%
5/31/2026,North Central Indiana,Noblesville - 141,HC,TCU - Companion,2,2,100%
5/31/2026,North Central Indiana,Noblesville - 141,HC,TCU - Private,12.2,14,87%
5/31/2026,North Central Indiana,West Lafayette - 2135,AL,Companion,3,5,60%
5/31/2026,North Central Indiana,West Lafayette - 2135,AL,One BR Apt Deluxe-Double,7,6,117%
5/31/2026,North Central Indiana,West Lafayette - 2135,AL,One BR Apt Deluxe-Single,10,10,100%
5/31/2026,North Central Indiana,West Lafayette - 2135,AL,One BR Apt-Double,1,1,100%
5/31/2026,North Central Indiana,West Lafayette - 2135,AL,One BR Apt-Single,6,6,100%
5/31/2026,North Central Indiana,West Lafayette - 2135,AL,Studio 234 SQ FT,4,4,100%
5/31/2026,North Central Indiana,West Lafayette - 2135,AL,Studio 299 SQ FT,11,16,69%
5/31/2026,North Central Indiana,West Lafayette - 2135,AL,Studio 315 SQ FT,12.7,13,97%
5/31/2026,North Central Indiana,West Lafayette - 2135,AL,Studio 315 SQ FT - Double,1,2,50%
5/31/2026,North Central Indiana,West Lafayette - 2135,HC,Companion,40.2,58,69%
5/31/2026,North Central Indiana,West Lafayette - 2135,HC,Private,8,13,62%
5/31/2026,North IN & Kingston,Ashland KOA-0554,HC,Companion,43,46,93%
5/31/2026,North IN & Kingston,Ashland KOA-0554,HC,Companion Deluxe,6.5,16,41%
5/31/2026,North IN & Kingston,Ashland KOA-0554,HC,Private,16,18,89%
5/31/2026,North IN & Kingston,Ashland KOA-0554,HC,Private - Rehab,11,13,85%
5/31/2026,North IN & Kingston,Ashland KOA-0554,HC,Private Deluxe - Rehab,7.5,17,44%
5/31/2026,North IN & Kingston,Elkhart - 132,AL,One BR Apt-Double,9,10,90%
5/31/2026,North IN & Kingston,Elkhart - 132,AL,One BR Apt-Single,4,4,100%
5/31/2026,North IN & Kingston,Elkhart - 132,AL,Studio - Companion,0,0,0%
5/31/2026,North IN & Kingston,Elkhart - 132,AL,Studio - Private,17.5,20,88%
5/31/2026,North IN & Kingston,Elkhart - 132,AL,"Studio - Private - Small (B01,B05)",2,2,100%
5/31/2026,North IN & Kingston,Elkhart - 132,AL/MC,Legacy Lane - Companion,2,2,100%
5/31/2026,North IN & Kingston,Elkhart - 132,AL/MC,Legacy Lane - Private,12,12,100%
5/31/2026,North IN & Kingston,Elkhart - 132,HC,Companion,20,20,100%
5/31/2026,North IN & Kingston,Elkhart - 132,HC,Private,38.7,40,97%
5/31/2026,North IN & Kingston,Fort Wayne KHC-0551,HC,Companion,36,50,72%
5/31/2026,North IN & Kingston,Fort Wayne KHC-0551,HC,Companion Deluxe,13.2,32,41%
5/31/2026,North IN & Kingston,Fort Wayne KHC-0551,HC,Private,25,33,76%
5/31/2026,North IN & Kingston,Fort Wayne KHC-0551,HC/MC,MC - Companion,15,18,83%
5/31/2026,North IN & Kingston,Fort Wayne KHC-0551,HC/MC,MC - Private,2,4,50%
5/31/2026,North IN & Kingston,Fort Wayne KOD-0553,AL/MC,MC - Companion,9,11,82%
5/31/2026,North IN & Kingston,Fort Wayne KOD-0553,AL/MC,MC - Studio,22,23,96%
5/31/2026,North IN & Kingston,Fort Wayne KSL-0552,AL,One Bedroom,21,27,78%
5/31/2026,North IN & Kingston,Fort Wayne KSL-0552,AL,Studio,24,26,92%
5/31/2026,North IN & Kingston,Fort Wayne KSL-0552,AL,Studio Deluxe,8,9,89%
5/31/2026,North IN & Kingston,Goshen MW - 124,HC,Companion,37,39,95%
5/31/2026,North IN & Kingston,Goshen MW - 124,HC,Private,15,15,100%
5/31/2026,North IN & Kingston,Goshen MW - 124,HC,TCU - Companion,1,1,100%
5/31/2026,North IN & Kingston,Goshen MW - 124,HC,TCU - Private,14,15,93%
5/31/2026,North IN & Kingston,Goshen MW - 124,HC/MC,MC - Companion,7.2,8,90%
5/31/2026,North IN & Kingston,Goshen MW - 124,HC/MC,MC - Studio - Private,6,6,100%
5/31/2026,North IN & Kingston,Goshen SL - 2184,AL,One BR + Den-Double,2,2,100%
5/31/2026,North IN & Kingston,Goshen SL - 2184,AL,One BR + Den-Single,1,1,100%
5/31/2026,North IN & Kingston,Goshen SL - 2184,AL,One BR 571 SQ FT-Single,3,3,100%
5/31/2026,North IN & Kingston,Goshen SL - 2184,AL,One BR 591 SQ FT-Double,1,1,100%
5/31/2026,North IN & Kingston,Goshen SL - 2184,AL,One BR 605 SQ FT-Double,1,1,100%
5/31/2026,North IN & Kingston,Goshen SL - 2184,AL,One BR 605 SQ FT-Single,1,1,100%
5/31/2026,North IN & Kingston,Goshen SL - 2184,AL,One BR 608 SQ FT-Double,2,2,100%
5/31/2026,North IN & Kingston,Goshen SL - 2184,AL,One BR 608 SQ FT-Single,2,3,67%
5/31/2026,North IN & Kingston,Goshen SL - 2184,AL,One BR 621 SQ FT-Double,0,0,0%
5/31/2026,North IN & Kingston,Goshen SL - 2184,AL,One BR 621 SQ FT-Single,1,1,100%
5/31/2026,North IN & Kingston,Goshen SL - 2184,AL,One BR 624 SQ FT-Double,1,1,100%
5/31/2026,North IN & Kingston,Goshen SL - 2184,AL,One BR 624 SQ FT-Single,1,1,100%
5/31/2026,North IN & Kingston,Goshen SL - 2184,AL,One BR 639 SQ FT-Double,2,2,100%
5/31/2026,North IN & Kingston,Goshen SL - 2184,AL,One BR 639 SQ FT-Single,4,4,100%
5/31/2026,North IN & Kingston,Goshen SL - 2184,AL,One BR 652 SQ FT-Double,0,0,0%
5/31/2026,North IN & Kingston,Goshen SL - 2184,AL,One BR 652 SQ FT-Single,2,2,100%
5/31/2026,North IN & Kingston,Goshen SL - 2184,AL,One BR 686 SQ FT-Double,1,1,100%
5/31/2026,North IN & Kingston,Goshen SL - 2184,AL,One BR Balcony-Double,1,1,100%
5/31/2026,North IN & Kingston,Goshen SL - 2184,AL,One BR Balcony-Single,1,1,100%
5/31/2026,North IN & Kingston,Goshen SL - 2184,AL,One BR Deluxe 668 SQ FT-Double,3,3,100%
5/31/2026,North IN & Kingston,Goshen SL - 2184,AL,One BR Deluxe 668 SQ FT-Single,1,1,100%
5/31/2026,North IN & Kingston,Goshen SL - 2184,AL,One BR Deluxe 711 SQ FT-Double,0,0,0%
5/31/2026,North IN & Kingston,Goshen SL - 2184,AL,One BR Deluxe 711 SQ FT-Single,2,2,100%
5/31/2026,North IN & Kingston,Goshen SL - 2184,AL,One BR Patio-Double,0,0,0%
5/31/2026,North IN & Kingston,Goshen SL - 2184,AL,One BR Patio-Single,2,2,100%
5/31/2026,North IN & Kingston,Goshen SL - 2184,AL,One BR V 605 SQ FT-Double,2,2,100%
5/31/2026,North IN & Kingston,Goshen SL - 2184,AL,Studio 323 SQ FT,1,1,100%
5/31/2026,North IN & Kingston,Goshen SL - 2184,AL,Studio 372 SQ FT,4,4,100%
5/31/2026,North IN & Kingston,Goshen SL - 2184,AL,Studio 376 SQ FT,2,2,100%
5/31/2026,North IN & Kingston,Goshen SL - 2184,AL,Studio 391 SQ FT,8,8,100%
5/31/2026,North IN & Kingston,Goshen SL - 2184,AL,Studio 440 SQ FT,1,1,100%
5/31/2026,North IN & Kingston,Goshen SL - 2184,AL,Studio 449 SQ FT,0.8,1,83%
5/31/2026,North IN & Kingston,Goshen SL - 2184,AL,Studio 452 SQ FT,1,1,100%
5/31/2026,North IN & Kingston,Goshen SL - 2184,AL,Studio P 449 SQ FT,1.2,2,58%
5/31/2026,North IN & Kingston,Goshen SL - 2184,AL,Studio V 449 SQ FT,2,2,100%
5/31/2026,North IN & Kingston,Goshen SL - 2184,AL,Two BR 1036 SQ FT-Double,5,5,100%
5/31/2026,North IN & Kingston,Goshen SL - 2184,AL,Two BR 1036 SQ FT-Single,1,2,50%
5/31/2026,North IN & Kingston,Goshen SL - 2184,AL,Two BR 928 SQ FT-Double,1,1,100%
5/31/2026,North IN & Kingston,Goshen SL - 2184,AL,Two BR 928 SQ FT-Single,1,1,100%
5/31/2026,North IN & Kingston,Goshen SL - 2184,AL/MC,Legacy Lane - Studio 374 SQ FT,4,4,100%
5/31/2026,North IN & Kingston,Goshen SL - 2184,AL/MC,Legacy Lane - Studio 382 SQ FT,4,4,100%
5/31/2026,North IN & Kingston,Goshen SL - 2184,AL/MC,Legacy Lane - Studio 401 SQ FT,2,2,100%
5/31/2026,North IN & Kingston,Goshen SL - 2184,AL/MC,Legacy Lane - Studio 408 SQ FT,1,1,100%
5/31/2026,North IN & Kingston,Goshen SL - 2184,SL,One BR 608 SQ FT-Single,0,0,0%
5/31/2026,North IN & Kingston,Goshen SL - 2184,SL,One BR 621 SQ FT - Single,0,0,0%
5/31/2026,North IN & Kingston,Goshen SL - 2184,SL,One BR 624 SQ FT - Double,0,0,0%
5/31/2026,North IN & Kingston,Goshen SL - 2184,SL,One BR 686 SQ FT - Double,0,0,0%
5/31/2026,North IN & Kingston,Goshen SL - 2184,SL,One BR Deluxe 711 SQ FT - Single,0,0,0%
5/31/2026,North IN & Kingston,Goshen SL - 2184,SL,Studio 372 SQ FT,0,0,0%
5/31/2026,North IN & Kingston,Goshen SL - 2184,SL,Studio 376 SQ FT,0,0,0%
5/31/2026,North IN & Kingston,Goshen SL - 2184,SL,Studio 391 SQ FT,0,0,0%
5/31/2026,North IN & Kingston,Goshen SL - 2184,SL,Studio 440 SQ FT,0,0,0%
5/31/2026,North IN & Kingston,Goshen SL - 2184,SL,Studio 452 SQ FT,0,0,0%
5/31/2026,North IN & Kingston,Goshen SL - 2184,SL,Studio P 449 SQ FT,0,0,0%
5/31/2026,North IN & Kingston,Kendallville - 2185,AL,Companion,4,4,100%
5/31/2026,North IN & Kingston,Kendallville - 2185,AL,Studio - Private,15,15,100%
5/31/2026,North IN & Kingston,Kendallville - 2185,AL/MC,Legacy Lane - Companion,3,3,100%
5/31/2026,North IN & Kingston,Kendallville - 2185,AL/MC,Legacy Lane - Private,8,8,100%
5/31/2026,North IN & Kingston,Kendallville - 2185,HC,Companion,22.2,24,92%
5/31/2026,North IN & Kingston,Kendallville - 2185,HC,Private,26.8,34,79%
5/31/2026,North IN & Kingston,Marion KOM-0555,AL,Companion,10,11,91%
5/31/2026,North IN & Kingston,Marion KOM-0555,AL,One Bedroom,40.5,60,68%
5/31/2026,North IN & Kingston,Marion KOM-0555,AL,Two BR - One Bath,2,4,50%
5/31/2026,North IN & Kingston,Marion KOM-0555,AL,Two BR - Two Bath,5,6,83%
5/31/2026,North IN & Kingston,Marion KOM-0555,AL/MC,MC - Studio,25.3,32,79%
5/31/2026,North IN & Kingston,Miamisburg KOM-0556,HC,Companion,59.7,74,81%
5/31/2026,North IN & Kingston,Miamisburg KOM-0556,HC,Companion Deluxe,0,0,0%
5/31/2026,North IN & Kingston,Miamisburg KOM-0556,HC,Companion Rehab,1.5,4,38%
5/31/2026,North IN & Kingston,Miamisburg KOM-0556,HC,Private,7,7,100%
5/31/2026,North IN & Kingston,Miamisburg KOM-0556,HC,Private Deluxe,3.7,4,92%
5/31/2026,North IN & Kingston,Miamisburg KOM-0556,HC,Private Deluxe - E Hall,13,24,54%
5/31/2026,North IN & Kingston,Perrysburg KHC-0557,HC,Companion,3.5,4,88%
5/31/2026,North IN & Kingston,Perrysburg KHC-0557,HC,Private,51.2,52,98%
5/31/2026,North IN & Kingston,Perrysburg KHC-0557,HC,Private Deluxe,5.5,6,92%
5/31/2026,North IN & Kingston,Perrysburg KSL-0558,AL,2 FL One Bedroom,14,14,100%
5/31/2026,North IN & Kingston,Perrysburg KSL-0558,AL,2 FL Studio,24,24,100%
5/31/2026,North IN & Kingston,Perrysburg KSL-0558,AL,2 FL Two Bedroom,1,1,100%
5/31/2026,North IN & Kingston,Perrysburg KSL-0558,AL,One Bedroom,8,8,100%
5/31/2026,North IN & Kingston,Perrysburg KSL-0558,AL,Studio,2,2,100%
5/31/2026,North IN & Kingston,Perrysburg KSL-0558,AL,Two Bedroom,1,1,100%
5/31/2026,North IN & Kingston,Perrysburg KSL-0558,AL/MC,MC - Studio,25,25,100%
5/31/2026,North IN & Kingston,Perrysburg KSL-0558,AL/MC,MC - Studio Deluxe,9,9,100%
5/31/2026,North IN & Kingston,Perrysburg KSL-0558,SL,2 FL One Bedroom,0,2,0%
5/31/2026,North IN & Kingston,Perrysburg KSL-0558,SL,2 FL Studio,0,3,0%
5/31/2026,North IN & Kingston,Sylvania KHC-0559,HC,Companion,47.8,54,89%
5/31/2026,North IN & Kingston,Sylvania KHC-0559,HC,Companion Rehab,22,26,85%
5/31/2026,North IN & Kingston,Sylvania KHC-0559,HC,Private,25.7,26,99%
5/31/2026,North IN & Kingston,Sylvania KHC-0559,HC,Private Deluxe,1,1,100%
5/31/2026,North IN & Kingston,Sylvania KHC-0559,HC,Private Rehab,18.3,20,92%
5/31/2026,North IN & Kingston,Sylvania KSL-0560,AL,2 FL Studio,8,8,100%
5/31/2026,North IN & Kingston,Sylvania KSL-0560,AL,2 FL Studio Deluxe,2,2,100%
5/31/2026,North IN & Kingston,Sylvania KSL-0560,AL,2 FL Two BR - Large,2,2,100%
5/31/2026,North IN & Kingston,Sylvania KSL-0560,AL,2FL One BR - Large,2,3,67%
5/31/2026,North IN & Kingston,Sylvania KSL-0560,AL,2FL One BR - Medium,13,16,81%
5/31/2026,North IN & Kingston,Sylvania KSL-0560,AL,2FL One BR - Small,2,4,50%
5/31/2026,North IN & Kingston,Sylvania KSL-0560,AL,2FL Two BR - Medium,1,1,100%
5/31/2026,North IN & Kingston,Sylvania KSL-0560,AL,Companion - CL,2,2,100%
5/31/2026,North IN & Kingston,Sylvania KSL-0560,AL,One Bedroom - CL,1,2,50%
5/31/2026,North IN & Kingston,Sylvania KSL-0560,AL,One BR - Large,3,3,100%
5/31/2026,North IN & Kingston,Sylvania KSL-0560,AL,One BR - Medium,16,16,100%
5/31/2026,North IN & Kingston,Sylvania KSL-0560,AL,Studio,8,11,73%
5/31/2026,North IN & Kingston,Sylvania KSL-0560,AL,Studio - Alcove,2,2,100%
5/31/2026,North IN & Kingston,Sylvania KSL-0560,AL,Studio - CL,24,24,100%
5/31/2026,North IN & Kingston,Sylvania KSL-0560,AL,Studio Deluxe,2.7,4,67%
5/31/2026,North IN & Kingston,Sylvania KSL-0560,AL,Studio Deluxe - CL,2,2,100%
5/31/2026,North IN & Kingston,Sylvania KSL-0560,AL,Studio Double - CL,1,1,100%
5/31/2026,North IN & Kingston,Sylvania KSL-0560,AL,Two BR - Large,3,3,100%
5/31/2026,North IN & Kingston,Sylvania KSL-0560,AL/MC,MC - Companion,2,2,100%
5/31/2026,North IN & Kingston,Sylvania KSL-0560,AL/MC,MC - Studio,25,25,100%
5/31/2026,North IN & Kingston,Sylvania KSL-0560,AL/MC,MC - Studio Deluxe,1,2,50%
5/31/2026,North IN & Kingston,Sylvania KSL-0560,SL,2 FL Studio,0,4,0%
5/31/2026,North IN & Kingston,Sylvania KSL-0560,SL,2 FL Studio - Alcove,0,2,0%
5/31/2026,North IN & Kingston,Sylvania KSL-0560,SL,2 FL Studio Deluxe,0,3,0%
5/31/2026,North IN & Kingston,Sylvania KSL-0560,SL,2 FL Two BR - Large,0,0,0%
5/31/2026,North IN & Kingston,Vermilion KHC-0561,HC,Companion,35.3,50,71%
5/31/2026,North IN & Kingston,Vermilion KHC-0561,HC,Companion Deluxe,13,14,93%
5/31/2026,North IN & Kingston,Vermilion KHC-0561,HC,Companion Rehab,17.3,22,79%
5/31/2026,North IN & Kingston,Vermilion KHC-0561,HC,Private,14,16,88%
5/31/2026,North IN & Kingston,Vermilion KHC-0561,HC/MC,MC - Companion,15,16,94%
5/31/2026,North IN & Kingston,Vermilion KHC-0561,HC/MC,MC - Private,2,2,100%
5/31/2026,North IN & Kingston,Vermilion KSL-0562,AL,One Bedroom,4,4,100%
5/31/2026,North IN & Kingston,Vermilion KSL-0562,AL,Studio,6,10,60%
5/31/2026,North IN & Kingston,Vermilion KSL-0562,AL,Studio - Double,19,22,86%
5/31/2026,North IN & Kingston,Vermilion KSL-0562,AL,Two Bedroom,7,12,58%
5/31/2026,North Ohio,Bellevue - 414,AL,Companion,4,4,100%
5/31/2026,North Ohio,Bellevue - 414,AL,Studio - Private,16,18,89%
5/31/2026,North Ohio,Bellevue - 414,AL/MC,Legacy Lane - Companion,2,2,100%
5/31/2026,North Ohio,Bellevue - 414,AL/MC,Legacy Lane - Private,9,9,100%
5/31/2026,North Ohio,Bellevue - 414,HC,Companion,21,22,95%
5/31/2026,North Ohio,Bellevue - 414,HC,Private,37.5,38,99%
5/31/2026,North Ohio,Bellevue - 414,VIL,Independent Living - Villa,24,24,100%
5/31/2026,North Ohio,Bowling Green - 443,AL,2 FL 1BR;C Vw;C Loc;C Sz,1,1,100%
5/31/2026,North Ohio,Bowling Green - 443,AL,2 FL Studio;C Vw;B Loc;B Sz,1,1,100%
5/31/2026,North Ohio,Bowling Green - 443,AL,Compan;A Vw;C Loc;B Sz,2,2,100%
5/31/2026,North Ohio,Bowling Green - 443,AL,Compan;C Vw;C Loc;B Sz,2,2,100%
5/31/2026,North Ohio,Bowling Green - 443,AL,Studio;A Vw;A Loc;B Sz,3,3,100%
5/31/2026,North Ohio,Bowling Green - 443,AL,Studio;A Vw;C Loc;B Sz,10,10,100%
5/31/2026,North Ohio,Bowling Green - 443,AL,Studio;C Vw;C Loc;B Sz,2,2,100%
5/31/2026,North Ohio,Bowling Green - 443,AL/MC,MC-Compan;A Vw;C Loc;B Sz,2,2,100%
5/31/2026,North Ohio,Bowling Green - 443,AL/MC,MC-Compan;C Vw;C Loc;B Sz,1,1,100%
5/31/2026,North Ohio,Bowling Green - 443,AL/MC,MC-Studio;A Vw;A Loc;B Sz,1.5,2,75%
5/31/2026,North Ohio,Bowling Green - 443,AL/MC,MC-Studio;A Vw;C Loc;B Sz,5,5,100%
5/31/2026,North Ohio,Bowling Green - 443,AL/MC,MC-Studio;C Vw;C Loc;B Sz,4,5,80%
5/31/2026,North Ohio,Bowling Green - 443,HC,Companion,2,4,50%
5/31/2026,North Ohio,Bowling Green - 443,HC,Studio Dlx;A Vw;A Loc;C Sz,1,1,100%
5/31/2026,North Ohio,Bowling Green - 443,HC,Studio;A Vw;B Loc;B Sz,3.5,5,70%
5/31/2026,North Ohio,Bowling Green - 443,HC,Studio;A Vw;C Loc;B Sz,8.8,10,88%
5/31/2026,North Ohio,Bowling Green - 443,HC,Studio;C Vw;B Loc;B Sz,6.5,7,93%
5/31/2026,North Ohio,Bowling Green - 443,HC,Studio;C Vw;C Loc;B Sz,18.5,23,80%
5/31/2026,North Ohio,Bowling Green - 443,SL,2 FL 1BR;A Vw;C Loc;A Sz,2,2,100%
5/31/2026,North Ohio,Bowling Green - 443,SL,2 FL 1BR;A Vw;C Loc;B Sz,7,7,100%
5/31/2026,North Ohio,Bowling Green - 443,SL,2 FL 1BR;C Vw;A Loc;B Sz,3,3,100%
5/31/2026,North Ohio,Bowling Green - 443,SL,2 FL 1BR;C Vw;C Loc;A Sz,1,1,100%
5/31/2026,North Ohio,Bowling Green - 443,SL,2 FL 1BR;C Vw;C Loc;B Sz,5,5,100%
5/31/2026,North Ohio,Bowling Green - 443,SL,2 FL 1BR;C Vw;C Loc;C Sz,1,1,100%
5/31/2026,North Ohio,Bowling Green - 443,SL,2 FL Studio;A Vw;B Loc;B Sz,2,2,100%
5/31/2026,North Ohio,Bowling Green - 443,SL,2 FL Studio;C Vw;B Loc;B Sz,1,2,50%
5/31/2026,North Ohio,Findlay - 408,AL,One BR Apt Deluxe-Double,4,4,100%
5/31/2026,North Ohio,Findlay - 408,AL,One BR Apt Deluxe-Single,3,3,100%
5/31/2026,North Ohio,Findlay - 408,AL,One BR Apt-Double,27,27,100%
5/31/2026,North Ohio,Findlay - 408,AL,Two BR Apt Deluxe-Double,3,4,75%
5/31/2026,North Ohio,Findlay - 408,AL,Two BR Apt-Double,2,2,100%
5/31/2026,North Ohio,Findlay - 408,AL,Two BR Apt-Single,3,3,100%
5/31/2026,North Ohio,Findlay - 408,AL/MC,Legacy Bldng - Companion,0,1,0%
5/31/2026,North Ohio,Findlay - 408,AL/MC,Legacy Bldng - Private,19,23,83%
5/31/2026,North Ohio,Findlay - 408,AL/MC,Legacy Bldng - Private Deluxe,3.7,5,73%
5/31/2026,North Ohio,Findlay - 408,HC,Companion,16,20,80%
5/31/2026,North Ohio,Findlay - 408,HC,Private,55.3,61,91%
5/31/2026,North Ohio,Findlay - 408,HC,Private Deluxe,12.8,15,86%
5/31/2026,North Ohio,Findlay - 408,HC/MC,Legacy Lane - Companion,0,0,0%
5/31/2026,North Ohio,Findlay - 408,HC/MC,Legacy Lane - Private,0,0,0%
5/31/2026,North Ohio,Fremont - 403,AL,Companion,4,4,100%
5/31/2026,North Ohio,Fremont - 403,AL,Studio - Private,14,14,100%
5/31/2026,North Ohio,Fremont - 403,AL,Studio - Private C Sz,1,1,100%
5/31/2026,North Ohio,Fremont - 403,AL/MC,MC Companion,4,4,100%
5/31/2026,North Ohio,Fremont - 403,AL/MC,MC Companion Deluxe,1,1,100%
5/31/2026,North Ohio,Fremont - 403,AL/MC,MC Studio,5.2,6,86%
5/31/2026,North Ohio,Fremont - 403,HC,Companion,27.5,28,98%
5/31/2026,North Ohio,Fremont - 403,HC,Private,23,30,77%
5/31/2026,North Ohio,Fremont - 403,HC,Private Deluxe,2,2,100%
5/31/2026,North Ohio,Fremont - 403,HC,TCU - Private,0,0,0%
5/31/2026,North Ohio,Genoa - 411,AL,One BR Apt Deluxe-Double,3,3,100%
5/31/2026,North Ohio,Genoa - 411,AL,One BR Apt Deluxe-Single,4,4,100%
5/31/2026,North Ohio,Genoa - 411,AL,One BR Apt-Double,4,4,100%
5/31/2026,North Ohio,Genoa - 411,AL,One BR Apt-Single,15,15,100%
5/31/2026,North Ohio,Genoa - 411,AL,Studio - Private,16,16,100%
5/31/2026,North Ohio,Genoa - 411,AL,Two BR Apt-Double,2,2,100%
5/31/2026,North Ohio,Genoa - 411,AL,Two BR Apt-Single,0,0,0%
5/31/2026,North Ohio,Genoa - 411,AL/MC,MC-Compan;B Vw;A Loc;B Sz,1,2,50%
5/31/2026,North Ohio,Genoa - 411,AL/MC,MC-Compan;B Vw;B Loc;B Sz,1,1,100%
5/31/2026,North Ohio,Genoa - 411,AL/MC,MC-Studio Dlx;B Vw;B Loc;B Sz,4,4,100%
5/31/2026,North Ohio,Genoa - 411,AL/MC,MC-Studio;B Vw;B Loc;B Sz,2,3,67%
5/31/2026,North Ohio,Genoa - 411,HC,Companion,32,33,97%
5/31/2026,North Ohio,Genoa - 411,HC,Private,32.2,35,92%
5/31/2026,North Ohio,Kalida - 406,AL,1BR,0,1,0%
5/31/2026,North Ohio,Kalida - 406,AL,Companion,3,4,75%
5/31/2026,North Ohio,Kalida - 406,AL,Studio - Private,15,16,94%
5/31/2026,North Ohio,Kalida - 406,AL/MC,Legacy Lane - Companion,2,2,100%
5/31/2026,North Ohio,Kalida - 406,AL/MC,Legacy Lane - Private,6,8,75%
5/31/2026,North Ohio,Kalida - 406,AL/MC,Legacy Lane - Private Deluxe,1,1,100%
5/31/2026,North Ohio,Kalida - 406,HC,Companion,33,34,97%
5/31/2026,North Ohio,Kalida - 406,HC,Private,23.2,28,83%
5/31/2026,North Ohio,Leipsic - 409,AL,One BR Apt-Double,12.8,14,92%
5/31/2026,North Ohio,Leipsic - 409,AL,One BR Apt-Single,2,2,100%
5/31/2026,North Ohio,Leipsic - 409,AL,Studio - Private,8,9,89%
5/31/2026,North Ohio,Leipsic - 409,AL,Studio - Private Deluxe,7,9,78%
5/31/2026,North Ohio,Leipsic - 409,AL,Two BR Apt-Double,0,1,0%
5/31/2026,North Ohio,Leipsic - 409,HC,Companion,27,34,79%
5/31/2026,North Ohio,Leipsic - 409,HC,Private,12.8,18,71%
5/31/2026,North Ohio,Leipsic - 409,VIL,Independent Living - One BR,18,19,95%
5/31/2026,North Ohio,Leipsic - 409,VIL,Independent Living - Studio,8,9,89%
5/31/2026,North Ohio,Leipsic - 409,VIL,Independent Living - Two BR,16,17,94%
5/31/2026,North Ohio,Monclova - 2422,AL,Companion,7,7,100%
5/31/2026,North Ohio,Monclova - 2422,AL,Companion - B Location,2,2,100%
5/31/2026,North Ohio,Monclova - 2422,AL,Studio - Private,23,23,100%
5/31/2026,North Ohio,Monclova - 2422,AL,Studio - Private Deluxe,2,2,100%
5/31/2026,North Ohio,Monclova - 2422,AL/MC,Legacy Bldng - Companion,5,6,83%
5/31/2026,North Ohio,Monclova - 2422,AL/MC,Legacy Bldng - Private,21,23,91%
5/31/2026,North Ohio,Monclova - 2422,HC,AL-Studio Private,0,0,0%
5/31/2026,North Ohio,Monclova - 2422,HC,Companion,24,24,100%
5/31/2026,North Ohio,Monclova - 2422,HC,Private,28.3,32,89%
5/31/2026,North Ohio,Monclova - 2422,HC,Private Deluxe,4,4,100%
5/31/2026,North Ohio,Monclova - 2422,HC/MC,Legacy Lane - Companion,0,0,0%
5/31/2026,North Ohio,Monclova - 2422,HC/MC,Legacy Lane - Private,0,0,0%
5/31/2026,North Ohio,Monclova - 2422,VIL,1BR; A Location,12,12,100%
5/31/2026,North Ohio,Monclova - 2422,VIL,2BR; A Location,21,22,95%
5/31/2026,North Ohio,North Baltimore - 415,AL,AL Studio - Companion,1,1,100%
5/31/2026,North Ohio,North Baltimore - 415,AL,Companion,0,0,0%
5/31/2026,North Ohio,North Baltimore - 415,AL,One BR Apt-Double,1,3,33%
5/31/2026,North Ohio,North Baltimore - 415,AL,One BR Apt-Single,1,1,100%
5/31/2026,North Ohio,North Baltimore - 415,AL,Studio - Double,1,1,100%
5/31/2026,North Ohio,North Baltimore - 415,AL,Studio - Private,14,14,100%
5/31/2026,North Ohio,North Baltimore - 415,HC,Companion,19.3,24,81%
5/31/2026,North Ohio,North Baltimore - 415,HC,Private,12.7,15,84%
5/31/2026,North Ohio,North Baltimore - 415,HC/MC,Legacy Lane - Companion,10,11,91%
5/31/2026,North Ohio,North Baltimore - 415,HC/MC,Legacy Lane - Private,4,4,100%
5/31/2026,North Ohio,Ottawa MO - 430,AL,Companion,6,7,86%
5/31/2026,North Ohio,Ottawa MO - 430,AL,Studio - Private,17,18,94%
5/31/2026,North Ohio,Ottawa MO - 430,HC,Companion,25,28,89%
5/31/2026,North Ohio,Ottawa MO - 430,HC,Private,27.3,30,91%
5/31/2026,North Ohio,Ottawa MO - 430,HC,Private Deluxe,8,10,80%
5/31/2026,North Ohio,Ottawa MO - 430,HC/MC,Legacy Way - Companion,8,8,100%
5/31/2026,North Ohio,Ottawa MO - 430,HC/MC,Legacy Way - Private Deluxe,7,10,70%
5/31/2026,North Ohio,Ottawa MO - 430,VIL,Patio Home 1BR,7,14,50%
5/31/2026,North Ohio,Ottawa MO - 430,VIL,Patio Home 2BR,11,12,92%
5/31/2026,North Ohio,Ottawa MO - 430,VIL,Patio Home 2BR - C View,1,4,25%
5/31/2026,North Ohio,Sylvania - 2427,AL,Companion,6,7,86%
5/31/2026,North Ohio,Sylvania - 2427,AL,Studio - Private,21,24,88%
5/31/2026,North Ohio,Sylvania - 2427,AL,Studio - Private Deluxe,2,2,100%
5/31/2026,North Ohio,Sylvania - 2427,HC,Companion,22.3,24,93%
5/31/2026,North Ohio,Sylvania - 2427,HC,Private,37.2,38,98%
5/31/2026,North Ohio,Sylvania - 2427,VIL,Ind Liv - Vil - Wood Floors,5,9,56%
5/31/2026,North Ohio,Sylvania - 2427,VIL,Independent Living - 2BR,18,21,86%
5/31/2026,North Ohio,Sylvania - 2427,VIL,Patio Home 1BR,1,12,8%
5/31/2026,North Ohio,Sylvania - 2427,VIL,Patio Home 2BR,5,14,36%
5/31/2026,North Ohio,Tiffin - 435,AL,Compan;A Vw;C Loc;B Sz,4,4,100%
5/31/2026,North Ohio,Tiffin - 435,AL,Studio - Double;A Vw;A Loc;B Sz,8,8,100%
5/31/2026,North Ohio,Tiffin - 435,AL,Studio - Double;A Vw;C Loc;B Sz,2,2,100%
5/31/2026,North Ohio,Tiffin - 435,AL,Studio;A Vw;A Loc;B Sz,1,1,100%
5/31/2026,North Ohio,Tiffin - 435,AL,Studio;A Vw;C Loc;B Sz,4,4,100%
5/31/2026,North Ohio,Tiffin - 435,HC,AL-Studio DLX;A Vw;C Loc;B Sz,3,3,100%
5/31/2026,North Ohio,Tiffin - 435,HC,AL-Studio;A Vw;A Loc;B Sz,5,5,100%
5/31/2026,North Ohio,Tiffin - 435,HC,AL-Studio;A Vw;C Loc;B Sz,7,7,100%
5/31/2026,North Ohio,Tiffin - 435,HC,Compan;A Vw;B Loc;B Sz,2,2,100%
5/31/2026,North Ohio,Tiffin - 435,HC,Compan;B Vw;A Loc;B Sz,6,6,100%
5/31/2026,North Ohio,Tiffin - 435,HC,Compan;B Vw;B Loc;B Sz,4,4,100%
5/31/2026,North Ohio,Tiffin - 435,HC,Studio Dlx;A Vw;B Loc;B Sz,2,2,100%
5/31/2026,North Ohio,Tiffin - 435,HC,Studio Dlx;A Vw;C Loc;B Sz,1,1,100%
5/31/2026,North Ohio,Tiffin - 435,HC,Studio Dlx;B Vw;B Loc;B Sz,1,2,50%
5/31/2026,North Ohio,Tiffin - 435,HC,Studio Dlx;B Vw;C Loc;B Sz,1,1,100%
5/31/2026,North Ohio,Tiffin - 435,HC,Studio;A Vw;A Loc;B Sz,2,2,100%
5/31/2026,North Ohio,Tiffin - 435,HC,Studio;A Vw;B Loc;B Sz,1,1,100%
5/31/2026,North Ohio,Tiffin - 435,HC,Studio;A Vw;C Loc;B Sz,5,5,100%
5/31/2026,North Ohio,Tiffin - 435,HC,Studio;B Vw;A Loc;B Sz,4,4,100%
5/31/2026,North Ohio,Tiffin - 435,HC,Studio;B Vw;B Loc;B Sz,4.3,5,87%
5/31/2026,North Ohio,Tiffin - 435,HC,Studio;B Vw;C Loc;B Sz,13,17,76%
5/31/2026,North Ohio,Willard - 2424,AL,Companion,4,4,100%
5/31/2026,North Ohio,Willard - 2424,AL,Studio - Double,10,10,100%
5/31/2026,North Ohio,Willard - 2424,AL,Studio - Private,8,8,100%
5/31/2026,North Ohio,Willard - 2424,AL/MC,MC - Companion,2,2,100%
5/31/2026,North Ohio,Willard - 2424,AL/MC,MC - Studio,7,7,100%
5/31/2026,North Ohio,Willard - 2424,HC,Companion,35.5,38,93%
5/31/2026,North Ohio,Willard - 2424,HC,Private,29.8,31,96%
5/31/2026,North Ohio,Willard - 2424,VIL,1BR,6,6,100%
5/31/2026,North Ohio,Willard - 2424,VIL,2BR,20,20,100%
5/31/2026,Northwest Indiana,Logansport - 130,AL,Companion,4,4,100%
5/31/2026,Northwest Indiana,Logansport - 130,AL,Studio - Private,14,18,78%
5/31/2026,Northwest Indiana,Logansport - 130,HC,Companion,30,31,97%
5/31/2026,Northwest Indiana,Logansport - 130,HC,Private,22,24,92%
5/31/2026,Northwest Indiana,Logansport - 130,HC/MC,Legacy Lane - Private,12,12,100%
5/31/2026,Northwest Indiana,Merrillville - 122,AL,Companion,0,0,0%
5/31/2026,Northwest Indiana,Monticello - 140,AL,1 Bedroom,1,1,100%
5/31/2026,Northwest Indiana,Monticello - 140,AL,Companion,6,6,100%
5/31/2026,Northwest Indiana,Monticello - 140,AL,Studio - Private,23,26,88%
5/31/2026,Northwest Indiana,Monticello - 140,AL/MC,Legacy Lane - Companion,5,6,83%
5/31/2026,Northwest Indiana,Monticello - 140,AL/MC,Legacy Lane - Private,15,23,65%
5/31/2026,Northwest Indiana,Monticello - 140,HC,Companion,25,25,100%
5/31/2026,Northwest Indiana,Monticello - 140,HC,Private,30.5,35,87%
5/31/2026,Northwest Indiana,Peru - 2144,AL,L-One BR Apt Deluxe-Double,0,0,0%
5/31/2026,Northwest Indiana,Peru - 2144,AL,L-One BR Apt Deluxe-Single,1,2,50%
5/31/2026,Northwest Indiana,Peru - 2144,AL,L-One BR Apt-Double,1,1,100%
5/31/2026,Northwest Indiana,Peru - 2144,AL,L-One BR Apt-Single,12,13,92%
5/31/2026,Northwest Indiana,Peru - 2144,AL,L-Two BR Apt Deluxe-Double,1,2,50%
5/31/2026,Northwest Indiana,Peru - 2144,AL,L-Two BR Apt-Double,5,6,83%
5/31/2026,Northwest Indiana,Peru - 2144,AL,One BR Apt Deluxe-Single,2,2,100%
5/31/2026,Northwest Indiana,Peru - 2144,AL,One BR Apt-Double,0,0,0%
5/31/2026,Northwest Indiana,Peru - 2144,AL,One BR Apt-Single,14,14,100%
5/31/2026,Northwest Indiana,Peru - 2144,AL,Two BR Apt Deluxe-Double,2,2,100%
5/31/2026,Northwest Indiana,Peru - 2144,AL,Two BR Apt-Double,5,6,83%
5/31/2026,Northwest Indiana,Peru - 2144,HC,Companion,11,12,92%
5/31/2026,Northwest Indiana,Peru - 2144,HC,Private,22,27,81%
5/31/2026,Northwest Indiana,Peru - 2144,HC/MC,Legacy Lane - Companion,8,8,100%
5/31/2026,Northwest Indiana,Peru - 2144,HC/MC,Legacy Lane - Private,8,8,100%
5/31/2026,Northwest Indiana,Peru - 2144,SL,One BR Apt Deluxe-Single,0,0,0%
5/31/2026,Northwest Indiana,Peru - 2144,SL,One BR Apt-Double,0,0,0%
5/31/2026,Northwest Indiana,Peru - 2144,SL,One BR Apt-Single,0,0,0%
5/31/2026,Northwest Indiana,Peru - 2144,SL,Two BR Apt Deluxe-Double,0,0,0%
5/31/2026,Northwest Indiana,Peru - 2144,SL,Two BR Apt-Double,0,0,0%
5/31/2026,Northwest Indiana,Peru - 2144,SL,Two BR Apt-Single,0,0,0%
5/31/2026,Northwest Indiana,Peru - 2144,VIL,Independent Living - Villa 1,6,6,100%
5/31/2026,Northwest Indiana,Peru - 2144,VIL,One BR Apt Deluxe-Single,0,0,0%
5/31/2026,Northwest Indiana,Peru - 2144,VIL,One BR Apt-Double,0,0,0%
5/31/2026,Northwest Indiana,Peru - 2144,VIL,One BR Apt-Single,0,0,0%
5/31/2026,Northwest Indiana,Peru - 2144,VIL,Two BR Apt Deluxe-Double,0,0,0%
5/31/2026,Northwest Indiana,Peru - 2144,VIL,Two BR Apt-Double,0,0,0%
5/31/2026,Northwest Indiana,South Bend - 5169,AL,Companion,0,0,0%
5/31/2026,Northwest Indiana,South Bend - 5169,AL,One BR Apt-Double,1,2,50%
5/31/2026,Northwest Indiana,South Bend - 5169,AL,One BR Apt-Single,2,3,67%
5/31/2026,Northwest Indiana,South Bend - 5169,AL,Studio - Double,5.3,7,76%
5/31/2026,Northwest Indiana,South Bend - 5169,AL,Studio - Private,10,12,83%
5/31/2026,Northwest Indiana,South Bend - 5169,AL,Studio - Private Deluxe,1,2,50%
5/31/2026,Northwest Indiana,South Bend - 5169,AL,Studio Base - Double,2,2,100%
5/31/2026,Northwest Indiana,South Bend - 5169,AL,Studio Base - Private,2,2,100%
5/31/2026,Northwest Indiana,South Bend - 5169,AL/MC,Legacy Lane - Companion,2,2,100%
5/31/2026,Northwest Indiana,South Bend - 5169,AL/MC,Legacy Lane - Private,9,9,100%
5/31/2026,Northwest Indiana,South Bend - 5169,HC,Companion,8.7,10,87%
5/31/2026,Northwest Indiana,South Bend - 5169,HC,Private,37.7,45,84%
5/31/2026,Northwest Indiana,Wabash - 5170,AL,Companion,2,2,100%
5/31/2026,Northwest Indiana,Wabash - 5170,AL,One BR Apt-Double,8,8,100%
5/31/2026,Northwest Indiana,Wabash - 5170,AL,One BR Apt-Single,1,1,100%
5/31/2026,Northwest Indiana,Wabash - 5170,AL,Studio - Private,12,13,92%
5/31/2026,Northwest Indiana,Wabash - 5170,AL,Studio - Private - C View,3,3,100%
5/31/2026,Northwest Indiana,Wabash - 5170,AL,Studio - Private - End of Hall,3,3,100%
5/31/2026,Northwest Indiana,Wabash - 5170,AL/MC,MC-Companion,0,1,0%
5/31/2026,Northwest Indiana,Wabash - 5170,AL/MC,MC-Private,10,12,83%
5/31/2026,Northwest Indiana,Wabash - 5170,HC,Companion,22,26,85%
5/31/2026,Northwest Indiana,Wabash - 5170,HC,Private,29.2,32,91%
5/31/2026,Northwest Indiana,Warsaw - 302,AL,Compan;A Vw;C Loc;B Sz,5,5,100%
5/31/2026,Northwest Indiana,Warsaw - 302,AL,Studio;A Vw;A Loc;B Sz,3,3,100%
5/31/2026,Northwest Indiana,Warsaw - 302,AL,Studio;A Vw;B Loc;B Sz,2,2,100%
5/31/2026,Northwest Indiana,Warsaw - 302,AL,Studio;A Vw;C Loc;B Sz,7,7,100%
5/31/2026,Northwest Indiana,Warsaw - 302,AL,Studio;B Vw;B Loc;B Sz,2,2,100%
5/31/2026,Northwest Indiana,Warsaw - 302,AL/MC,MC - Compan;A Vw;B Loc;B Sz,1,1,100%
5/31/2026,Northwest Indiana,Warsaw - 302,AL/MC,MC - Compan;A Vw;C Loc;B Sz,1,1,100%
5/31/2026,Northwest Indiana,Warsaw - 302,AL/MC,MC - Compan;C Vw;C Loc;B Sz,1,1,100%
5/31/2026,Northwest Indiana,Warsaw - 302,AL/MC,MC - Studio;A Vw;A Loc;B Sz,2,2,100%
5/31/2026,Northwest Indiana,Warsaw - 302,AL/MC,MC - Studio;A Vw;C Loc;B Sz,6,6,100%
5/31/2026,Northwest Indiana,Warsaw - 302,AL/MC,MC - Studio;B Vw;C Loc;B Sz,1,1,100%
5/31/2026,Northwest Indiana,Warsaw - 302,AL/MC,MC - Studio;C Vw;C Loc;B Sz,3,3,100%
5/31/2026,Northwest Indiana,Warsaw - 302,HC,Compan;A Vw;B Loc;B Sz,4,4,100%
5/31/2026,Northwest Indiana,Warsaw - 302,HC,Compan;A Vw;C Loc;B Sz,4,4,100%
5/31/2026,Northwest Indiana,Warsaw - 302,HC,Compan;B Vw;C Loc;B Sz,1.7,2,83%
5/31/2026,Northwest Indiana,Warsaw - 302,HC,Compan;C Vw;B Loc;B Sz,9,10,90%
5/31/2026,Northwest Indiana,Warsaw - 302,HC,Compan;C Vw;C Loc;B Sz,8,8,100%
5/31/2026,Northwest Indiana,Warsaw - 302,HC,Companion,0,0,0%
5/31/2026,Northwest Indiana,Warsaw - 302,HC,Private,0,0,0%
5/31/2026,Northwest Indiana,Warsaw - 302,HC,Studio Dlx;C Vw;B Loc;B Sz,1,1,100%
5/31/2026,Northwest Indiana,Warsaw - 302,HC,Studio Dlx;C Vw;C Loc;B Sz,1,1,100%
5/31/2026,Northwest Indiana,Warsaw - 302,HC,Studio;A Vw;A Loc;B Sz,3,3,100%
5/31/2026,Northwest Indiana,Warsaw - 302,HC,Studio;A Vw;C Loc;B Sz,6,6,100%
5/31/2026,Northwest Indiana,Warsaw - 302,HC,Studio;B Vw;A Loc;B Sz,1,1,100%
5/31/2026,Northwest Indiana,Warsaw - 302,HC,Studio;B Vw;C Loc;B Sz,0.5,1,50%
5/31/2026,Northwest Indiana,Warsaw - 302,HC,Studio;C Vw;A Loc;B Sz,6,6,100%
5/31/2026,Northwest Indiana,Warsaw - 302,HC,Studio;C Vw;C Loc;B Sz,10.7,13,82%
5/31/2026,South Kentucky,Bardstown - 233,AL,1BR;A Vw;A Loc;B Sz,3,3,100%
5/31/2026,South Kentucky,Bardstown - 233,AL,1BR;A Vw;B Loc;B Sz,1,1,100%
5/31/2026,South Kentucky,Bardstown - 233,AL,1BR;A Vw;C Loc;B Sz,1,1,100%
5/31/2026,South Kentucky,Bardstown - 233,AL,1BR;B Vw;A Loc;B Sz,4,4,100%
5/31/2026,South Kentucky,Bardstown - 233,AL,1BR;B Vw;B Loc;B Sz,2,2,100%
5/31/2026,South Kentucky,Bardstown - 233,AL,1BR;B Vw;C Loc;B Sz,2,2,100%
5/31/2026,South Kentucky,Bardstown - 233,AL,2BR;B Vw;B Loc;B Sz,0,1,0%
5/31/2026,South Kentucky,Bardstown - 233,AL,2BR;B Vw;C Loc;B Sz,0,1,0%
5/31/2026,South Kentucky,Bardstown - 233,AL,Studio - Special,2,2,100%
5/31/2026,South Kentucky,Bardstown - 233,AL,Studio Dlx;A Vw;A Loc;B Sz,2,2,100%
5/31/2026,South Kentucky,Bardstown - 233,AL,Studio Dlx;A Vw;B Loc;B Sz,2,2,100%
5/31/2026,South Kentucky,Bardstown - 233,AL,Studio Dlx;A Vw;C Loc;B Sz,2,2,100%
5/31/2026,South Kentucky,Bardstown - 233,AL,Studio Dlx;B Vw;A Loc;B Sz,2,2,100%
5/31/2026,South Kentucky,Bardstown - 233,AL,Studio Dlx;B Vw;B Loc;B Sz,2,2,100%
5/31/2026,South Kentucky,Bardstown - 233,AL,Studio Dlx;B Vw;C Loc;B Sz,2,2,100%
5/31/2026,South Kentucky,Bardstown - 233,AL,Studio;A Vw;A Loc;B Sz,3,3,100%
5/31/2026,South Kentucky,Bardstown - 233,AL,Studio;A Vw;B Loc;B Sz,3,3,100%
5/31/2026,South Kentucky,Bardstown - 233,AL,Studio;A Vw;C Loc;B Sz,3,3,100%
5/31/2026,South Kentucky,Bardstown - 233,AL,Studio;B Vw;A Loc;B Sz,7,7,100%
5/31/2026,South Kentucky,Bardstown - 233,AL,Studio;B Vw;B Loc;B Sz,6,6,100%
5/31/2026,South Kentucky,Bardstown - 233,AL,Studio;B Vw;C Loc;B Sz,5,5,100%
5/31/2026,South Kentucky,Bardstown - 233,AL/MC,MC-2BR;A Vw;C Loc;B Sz,1,2,50%
5/31/2026,South Kentucky,Bardstown - 233,AL/MC,MC-Studio Special,2,2,100%
5/31/2026,South Kentucky,Bardstown - 233,AL/MC,MC-Studio;A Vw;A Loc;B Sz,1,1,100%
5/31/2026,South Kentucky,Bardstown - 233,AL/MC,MC-Studio;A Vw;B Loc;B Sz,1,1,100%
5/31/2026,South Kentucky,Bardstown - 233,AL/MC,MC-Studio;A Vw;C Loc;B Sz,4,4,100%
5/31/2026,South Kentucky,Bardstown - 233,AL/MC,MC-Studio;B Vw;A Loc;B Sz,2,2,100%
5/31/2026,South Kentucky,Bardstown - 233,AL/MC,MC-Studio;B Vw;B Loc;B Sz,2,2,100%
5/31/2026,South Kentucky,Bardstown - 233,AL/MC,MC-Studio;B Vw;C Loc;B Sz,3,3,100%
5/31/2026,South Kentucky,Bardstown - 233,AL/MC,MC-Studio;C Vw;A Loc;B Sz,2,2,100%
5/31/2026,South Kentucky,Bardstown - 233,AL/MC,MC-Studio;C Vw;B Loc;B Sz,2,3,67%
5/31/2026,South Kentucky,Bardstown - 233,AL/MC,MC-Studio;C Vw;C Loc;B Sz,1,1,100%
5/31/2026,South Kentucky,Cynthiana - 114,AL,Companion,6,6,100%
5/31/2026,South Kentucky,Cynthiana - 114,AL,Studio,26.8,27,99%
5/31/2026,South Kentucky,Cynthiana - 114,AL,Studio - Private - End of Hall,0,0,0%
5/31/2026,South Kentucky,Cynthiana - 114,HC,Companion,18,20,90%
5/31/2026,South Kentucky,Cynthiana - 114,HC,Private,21.7,22,98%
5/31/2026,South Kentucky,Cynthiana - 114,HC/MC,Legacy Lane - Companion,0,0,0%
5/31/2026,South Kentucky,Cynthiana - 114,HC/MC,Legacy Lane - Private,13,13,100%
5/31/2026,South Kentucky,Cynthiana - 114,SL,Studio - Private,0,0,0%
5/31/2026,South Kentucky,Cynthiana - 114,SL,Studio - Private - End of Hall,2,2,100%
5/31/2026,South Kentucky,Danville - 231,AL,1BR,11,13,85%
5/31/2026,South Kentucky,Danville - 231,AL,2BR,2,2,100%
5/31/2026,South Kentucky,Danville - 231,AL,Studio,23,29,79%
5/31/2026,South Kentucky,Danville - 231,AL,Studio Dlx,10,12,83%
5/31/2026,South Kentucky,Danville - 231,AL/MC,MC - 2BR,1,2,50%
5/31/2026,South Kentucky,Danville - 231,AL/MC,MC - Studio,17,21,81%
5/31/2026,South Kentucky,Harrodsburg - 2187,AL,Compan;A Vw;C Loc;B Sz,1,1,100%
5/31/2026,South Kentucky,Harrodsburg - 2187,AL,Compan;B Vw;B Loc;B Sz,0,0,0%
5/31/2026,South Kentucky,Harrodsburg - 2187,AL,Compan;C Vw;B Loc;B Sz,1,1,100%
5/31/2026,South Kentucky,Harrodsburg - 2187,AL,Compan;C Vw;C Loc;B Sz,1,1,100%
5/31/2026,South Kentucky,Harrodsburg - 2187,AL,Companion,5,5,100%
5/31/2026,South Kentucky,Harrodsburg - 2187,AL,Studio - Private,5,5,100%
5/31/2026,South Kentucky,Harrodsburg - 2187,AL,Studio - Private - Special,6,6,100%
5/31/2026,South Kentucky,Harrodsburg - 2187,AL,Studio;A Vw;A Loc;B Sz,2,2,100%
5/31/2026,South Kentucky,Harrodsburg - 2187,AL,Studio;A Vw;B Loc;B Sz,3,4,75%
5/31/2026,South Kentucky,Harrodsburg - 2187,AL,Studio;A Vw;C Loc;B Sz,0,0,0%
5/31/2026,South Kentucky,Harrodsburg - 2187,AL,Studio;B Vw;B Loc;B Sz,2,2,100%
5/31/2026,South Kentucky,Harrodsburg - 2187,AL,Studio;C Vw;A Loc;B Sz,1,1,100%
5/31/2026,South Kentucky,Harrodsburg - 2187,HC,Compan;A Vw;C Loc;B Sz,12,12,100%
5/31/2026,South Kentucky,Harrodsburg - 2187,HC,Compan;C Vw;C Loc;B Sz,8,8,100%
5/31/2026,South Kentucky,Harrodsburg - 2187,HC,Companion,0,0,0%
5/31/2026,South Kentucky,Harrodsburg - 2187,HC,Private,0,0,0%
5/31/2026,South Kentucky,Harrodsburg - 2187,HC,Studio;A Vw;C Loc;B Sz,5,5,100%
5/31/2026,South Kentucky,Harrodsburg - 2187,HC,Studio;B Vw;A Loc;B Sz,1,1,100%
5/31/2026,South Kentucky,Harrodsburg - 2187,HC,Studio;B Vw;C Loc;B Sz,5.8,7,83%
5/31/2026,South Kentucky,Harrodsburg - 2187,HC,Studio;C Vw;A Loc;B Sz,6.5,7,93%
5/31/2026,South Kentucky,Harrodsburg - 2187,HC,Studio;C Vw;C Loc;B Sz,4,5,80%
5/31/2026,South Kentucky,Harrodsburg - 2187,SL,Studio;A Vw;C Loc;B Sz,2,2,100%
5/31/2026,South Kentucky,Harrodsburg - 2187,VIL,Patio Home 1 BR,4,16,25%
5/31/2026,South Kentucky,Harrodsburg - 2187,VIL,Patio Home 2BR,9.5,16,59%
5/31/2026,South Kentucky,La Grange - 177,AL,Compan;A Vw;C Loc;A Sz,1.5,2,75%
5/31/2026,South Kentucky,La Grange - 177,AL,Compan;C Vw;C Loc;B Sz,2,2,100%
5/31/2026,South Kentucky,La Grange - 177,AL,Studio;A Vw;A Loc;B Sz,3,3,100%
5/31/2026,South Kentucky,La Grange - 177,AL,Studio;A Vw;C Loc;B Sz,10,10,100%
5/31/2026,South Kentucky,La Grange - 177,AL,Studio;C Vw;C Loc;B Sz,2,2,100%
5/31/2026,South Kentucky,La Grange - 177,AL/MC,MC-Compan;A Vw;C Loc;B Sz,2,2,100%
5/31/2026,South Kentucky,La Grange - 177,AL/MC,MC-Compan;C Vw;C Loc;B Sz,0,1,0%
5/31/2026,South Kentucky,La Grange - 177,AL/MC,MC-Studio;A Vw;A Loc;B Sz,2,2,100%
5/31/2026,South Kentucky,La Grange - 177,AL/MC,MC-Studio;A Vw;C Loc;B Sz,4,5,80%
5/31/2026,South Kentucky,La Grange - 177,AL/MC,MC-Studio;C Vw;C Loc;B Sz,5,5,100%
5/31/2026,South Kentucky,La Grange - 177,HC,Studio Dlx;A Vw;A Loc;C Sz,0.5,1,50%
5/31/2026,South Kentucky,La Grange - 177,HC,Studio;A Vw;B Loc;B Sz,3.5,4,88%
5/31/2026,South Kentucky,La Grange - 177,HC,Studio;A Vw;C Loc;B Sz,7.7,10,77%
5/31/2026,South Kentucky,La Grange - 177,HC,Studio;C Vw;B Loc;B Sz,7,7,100%
5/31/2026,South Kentucky,La Grange - 177,HC,Studio;C Vw;C Loc;B Sz,13.8,16,86%
5/31/2026,South Kentucky,La Grange - 177,HC/MC,MC-Compan;A Vw;C Loc;B Sz,4,4,100%
5/31/2026,South Kentucky,La Grange - 177,HC/MC,MC-Studio;A Vw;C Loc;B Sz,1,2,50%
5/31/2026,South Kentucky,La Grange - 177,HC/MC,MC-Studio;C Vw;C Loc;B Sz,5,6,83%
5/31/2026,South Kentucky,La Grange - 177,SL,1BR;A Vw;B Loc;B Sz,2,2,100%
5/31/2026,South Kentucky,La Grange - 177,SL,1BR;A Vw;C Loc;A Sz,2,2,100%
5/31/2026,South Kentucky,La Grange - 177,SL,1BR;A Vw;C Loc;B Sz,8,8,100%
5/31/2026,South Kentucky,La Grange - 177,SL,1BR;C Vw;A Loc;B Sz,3,3,100%
5/31/2026,South Kentucky,La Grange - 177,SL,1BR;C Vw;C Loc;A Sz,1,1,100%
5/31/2026,South Kentucky,La Grange - 177,SL,1BR;C Vw;C Loc;B Sz,3,3,100%
5/31/2026,South Kentucky,La Grange - 177,SL,1BR;C Vw;C Loc;C Sz,1,1,100%
5/31/2026,South Kentucky,La Grange - 177,SL,Studio;A Vw;C Loc;B Sz,2,2,100%
5/31/2026,South Kentucky,La Grange - 177,SL,Studio;C Vw;C Loc;B Sz,3,3,100%
5/31/2026,South Kentucky,Lexington WC - 2148,AL,Companion,3,3,100%
5/31/2026,South Kentucky,Lexington WC - 2148,AL,Studio,15,16,94%
5/31/2026,South Kentucky,Lexington WC - 2148,AL/MC,Legacy Lane - Companion,3,3,100%
5/31/2026,South Kentucky,Lexington WC - 2148,AL/MC,Legacy Lane - Studio,6,6,100%
5/31/2026,South Kentucky,Lexington WC - 2148,HC,Companion,16.2,18,90%
5/31/2026,South Kentucky,Lexington WC - 2148,HC,Private,33.8,35,97%
5/31/2026,South Kentucky,Lexington WC - 2148,HC,Private Deluxe,1,1,100%
5/31/2026,South Kentucky,Lexington WC - 2148,HC,TCU - Companion,0,0,0%
5/31/2026,South Kentucky,Lexington WC - 2148,HC,TCU - Private,0,0,0%
5/31/2026,South Kentucky,Lexington WC - 2148,SL,Studio - Private,1,1,100%
5/31/2026,South Kentucky,Lexington WF - 2147,AL,Companion,8,8,100%
5/31/2026,South Kentucky,Lexington WF - 2147,AL,Independent Living,0,0,0%
5/31/2026,South Kentucky,Lexington WF - 2147,AL,Studio,13,13,100%
5/31/2026,South Kentucky,Lexington WF - 2147,AL,Studio - Deluxe,2,2,100%
5/31/2026,South Kentucky,Lexington WF - 2147,HC,Companion,13.2,16,82%
5/31/2026,South Kentucky,Lexington WF - 2147,HC,Private,32.3,34,95%
5/31/2026,South Kentucky,Lexington WF - 2147,HC,Private Deluxe,4,4,100%
5/31/2026,South Kentucky,Lexington WF - 2147,SL,Independent Living,0,0,0%
5/31/2026,South Kentucky,Lexington WH - 2146,AL,Companion,5,7,71%
5/31/2026,South Kentucky,Lexington WH - 2146,AL,Studio - Private,22.2,23,96%
5/31/2026,South Kentucky,Lexington WH - 2146,AL,Two BR Apt - Double,2,2,100%
5/31/2026,South Kentucky,Lexington WH - 2146,AL/MC,Legacy Bldg - Studio,17,17,100%
5/31/2026,South Kentucky,Lexington WH - 2146,AL/MC,Legacy Bldng - Companion,4,4,100%
5/31/2026,South Kentucky,Lexington WH - 2146,HC,Companion,12.2,14,87%
5/31/2026,South Kentucky,Lexington WH - 2146,HC,Private,25.3,28,90%
5/31/2026,South Kentucky,Lexington WH - 2146,HC,Private Deluxe,9.2,11,83%
5/31/2026,South Kentucky,Lexington WH - 2146,HC/MC,Legacy Lane - Companion,6,6,100%
5/31/2026,South Kentucky,Lexington WH - 2146,HC/MC,Legacy Lane - Private,5,5,100%
5/31/2026,South Kentucky,Lexington WH - 2146,SL,Studio - Private,0,2,0%
5/31/2026,South Kentucky,Mount Washington - 176,AL,Compan;A Vw;C Loc;A Sz,2,2,100%
5/31/2026,South Kentucky,Mount Washington - 176,AL,Compan;B Vw;C Loc;B Sz,2,2,100%
5/31/2026,South Kentucky,Mount Washington - 176,AL,Studio;A Vw;A Loc;B Sz,3,3,100%
5/31/2026,South Kentucky,Mount Washington - 176,AL,Studio;A Vw;B Loc;B Sz,1,2,50%
5/31/2026,South Kentucky,Mount Washington - 176,AL,Studio;A Vw;C Loc;B Sz,3,4,75%
5/31/2026,South Kentucky,Mount Washington - 176,AL,Studio;B Vw;C Loc;B Sz,4,4,100%
5/31/2026,South Kentucky,Mount Washington - 176,AL,Studio;C Vw;B Loc;B Sz,2,2,100%
5/31/2026,South Kentucky,Mount Washington - 176,AL/MC,MC-Compan;A Vw;B Loc;B Sz,0,1,0%
5/31/2026,South Kentucky,Mount Washington - 176,AL/MC,MC-Compan;A Vw;C Loc;B Sz,1,1,100%
5/31/2026,South Kentucky,Mount Washington - 176,AL/MC,MC-Compan;C Vw;C Loc;B Sz,1,1,100%
5/31/2026,South Kentucky,Mount Washington - 176,AL/MC,MC-Studio;A Vw;A Loc;B Sz,1,2,50%
5/31/2026,South Kentucky,Mount Washington - 176,AL/MC,MC-Studio;A Vw;C Loc;B Sz,5,5,100%
5/31/2026,South Kentucky,Mount Washington - 176,AL/MC,MC-Studio;B Vw;C Loc;B Sz,1,1,100%
5/31/2026,South Kentucky,Mount Washington - 176,AL/MC,MC-Studio;C Vw;C Loc;B Sz,4,4,100%
5/31/2026,South Kentucky,Mount Washington - 176,HC,Compan;A Vw;B Loc;B Sz,1,2,50%
5/31/2026,South Kentucky,Mount Washington - 176,HC,Compan;A Vw;C Loc;B Sz,2,2,100%
5/31/2026,South Kentucky,Mount Washington - 176,HC,Compan;C Vw;B Loc;B Sz,5.5,6,92%
5/31/2026,South Kentucky,Mount Washington - 176,HC,Compan;C Vw;C Loc;B Sz,4.5,6,75%
5/31/2026,South Kentucky,Mount Washington - 176,HC,Studio;A Vw;A Loc;B Sz,2,2,100%
5/31/2026,South Kentucky,Mount Washington - 176,HC,Studio;A Vw;C Loc;B Sz,3,3,100%
5/31/2026,South Kentucky,Mount Washington - 176,HC,Studio;C Vw;A Loc;B Sz,3,3,100%
5/31/2026,South Kentucky,Mount Washington - 176,HC,Studio;C Vw;B Loc;B Sz,1,1,100%
5/31/2026,South Kentucky,Mount Washington - 176,HC,Studio;C Vw;C Loc;B Sz,14.7,17,86%
5/31/2026,South Kentucky,Mount Washington - 176,HC/MC,MC-Compan;A Vw;C Loc;B Sz,4,4,100%
5/31/2026,South Kentucky,Mount Washington - 176,HC/MC,MC-Compan;C Vw;A Loc;B Sz,0,0,0%
5/31/2026,South Kentucky,Mount Washington - 176,HC/MC,MC-Compan;C Vw;C Loc;B Sz,1.5,2,75%
5/31/2026,South Kentucky,Mount Washington - 176,HC/MC,MC-Studio;A Vw;A Loc;B Sz,1,1,100%
5/31/2026,South Kentucky,Mount Washington - 176,HC/MC,MC-Studio;A Vw;B Loc;B Sz,2,2,100%
5/31/2026,South Kentucky,Mount Washington - 176,HC/MC,MC-Studio;A Vw;C Loc;B Sz,2,2,100%
5/31/2026,South Kentucky,Mount Washington - 176,HC/MC,MC-Studio;C Vw;C Loc;B Sz,2,2,100%
5/31/2026,South Kentucky,Shelbyville SF - 234,AL,1BR;C Vw;C Loc;B Sz,13,13,100%
5/31/2026,South Kentucky,Shelbyville SF - 234,AL,2BR;A Vw;C Loc;B Sz,2,2,100%
5/31/2026,South Kentucky,Shelbyville SF - 234,AL,Studio Dlx;A Vw;A Loc;B Sz,2,2,100%
5/31/2026,South Kentucky,Shelbyville SF - 234,AL,Studio Dlx;A Vw;C Loc;B Sz,4,4,100%
5/31/2026,South Kentucky,Shelbyville SF - 234,AL,Studio Dlx;C Vw;A Loc;B Sz,2,2,100%
5/31/2026,South Kentucky,Shelbyville SF - 234,AL,Studio Dlx;C Vw;C Loc;B Sz,4,4,100%
5/31/2026,South Kentucky,Shelbyville SF - 234,AL,Studio;A Vw;A Loc;B Sz,3.7,4,92%
5/31/2026,South Kentucky,Shelbyville SF - 234,AL,Studio;A Vw;B Loc;B Sz,3,3,100%
5/31/2026,South Kentucky,Shelbyville SF - 234,AL,Studio;A Vw;C Loc;B Sz,3,3,100%
5/31/2026,South Kentucky,Shelbyville SF - 234,AL,Studio;C Vw;A Loc;B Sz,8,8,100%
5/31/2026,South Kentucky,Shelbyville SF - 234,AL,Studio;C Vw;B Loc;B Sz,6,6,100%
5/31/2026,South Kentucky,Shelbyville SF - 234,AL,Studio;C Vw;C Loc;B Sz,5,5,100%
5/31/2026,South Kentucky,Shelbyville SF - 234,AL/MC,MC-2BR;A Vw;C Loc;B Sz,2,2,100%
5/31/2026,South Kentucky,Shelbyville SF - 234,AL/MC,MC-Studio;A Vw;A Loc;B Sz,3,3,100%
5/31/2026,South Kentucky,Shelbyville SF - 234,AL/MC,MC-Studio;A Vw;B Loc;B Sz,1,1,100%
5/31/2026,South Kentucky,Shelbyville SF - 234,AL/MC,MC-Studio;C Vw;A Loc;B Sz,4,4,100%
5/31/2026,South Kentucky,Shelbyville SF - 234,AL/MC,MC-Studio;C Vw;B Loc;B Sz,5,5,100%
5/31/2026,South Kentucky,Shelbyville SF - 234,AL/MC,MC-Studio;C Vw;C Loc;B Sz,7,8,88%
5/31/2026,South Kentucky,Winchester - 232,AL,1BR;B Vw;A Loc;B Sz,7,8,88%
5/31/2026,South Kentucky,Winchester - 232,AL,1BR;B Vw;C Loc;B Sz,4,5,80%
5/31/2026,South Kentucky,Winchester - 232,AL,2BR;B Vw;A Loc;B Sz,1,1,100%
5/31/2026,South Kentucky,Winchester - 232,AL,2BR;B Vw;C Loc;B Sz,1,1,100%
5/31/2026,South Kentucky,Winchester - 232,AL,Studio Dlx;B Vw;A Loc;B Sz,4,4,100%
5/31/2026,South Kentucky,Winchester - 232,AL,Studio Dlx;B Vw;C Loc;B Sz,8,8,100%
5/31/2026,South Kentucky,Winchester - 232,AL,Studio;B Vw;A Loc;B Sz,14,15,93%
5/31/2026,South Kentucky,Winchester - 232,AL,Studio;B Vw;C Loc;B Sz,14,14,100%
5/31/2026,South Kentucky,Winchester - 232,AL/MC,MC-2BR,2,2,100%
5/31/2026,South Kentucky,Winchester - 232,AL/MC,MC-Studio,21,21,100%
5/31/2026,Southeast Indiana,Batesville - 120,AL,Companion,3,3,100%
5/31/2026,Southeast Indiana,Batesville - 120,AL,Studio - Double,10,10,100%
5/31/2026,Southeast Indiana,Batesville - 120,AL,Studio - Private,8,8,100%
5/31/2026,Southeast Indiana,Batesville - 120,AL,Studio - Private Deluxe,1,1,100%
5/31/2026,Southeast Indiana,Batesville - 120,AL/MC,Legacy Lane - Companion,2,2,100%
5/31/2026,Southeast Indiana,Batesville - 120,AL/MC,Legacy Lane - Private,7,7,100%
5/31/2026,Southeast Indiana,Batesville - 120,AL/MC,Legacy Lane - Studio Double,2,2,100%
5/31/2026,Southeast Indiana,Batesville - 120,HC,Companion,48.8,50,98%
5/31/2026,Southeast Indiana,Batesville - 120,HC,Private,10.3,11,94%
5/31/2026,Southeast Indiana,Bedford - 115,AL,Companion,4,4,100%
5/31/2026,Southeast Indiana,Bedford - 115,AL,Studio - Companion,10,10,100%
5/31/2026,Southeast Indiana,Bedford - 115,AL,Studio - Private,8,8,100%
5/31/2026,Southeast Indiana,Bedford - 115,AL/MC,Legacy Lane - Companion,3,3,100%
5/31/2026,Southeast Indiana,Bedford - 115,AL/MC,Legacy Lane - Private,8,8,100%
5/31/2026,Southeast Indiana,Bedford - 115,HC,Companion,41,42,98%
5/31/2026,Southeast Indiana,Bedford - 115,HC,HC Private Deluxe New,3.7,4,92%
5/31/2026,Southeast Indiana,Bedford - 115,HC,HC Private New,2,7,29%
5/31/2026,Southeast Indiana,Bedford - 115,HC,Private,9.5,15,63%
5/31/2026,Southeast Indiana,Bloomington HS - 5149,AL,Companion,7,7,100%
5/31/2026,Southeast Indiana,Bloomington HS - 5149,AL,Studio - Private,20,22,91%
5/31/2026,Southeast Indiana,Bloomington HS - 5149,AL,Studio - Private A Loc,2,3,67%
5/31/2026,Southeast Indiana,Bloomington HS - 5149,AL,Studio - Private Deluxe,2,2,100%
5/31/2026,Southeast Indiana,Bloomington HS - 5149,AL/MC,Legacy Bldng - Companion,5,5,100%
5/31/2026,Southeast Indiana,Bloomington HS - 5149,AL/MC,Legacy Bldng - Private,19.3,20,97%
5/31/2026,Southeast Indiana,Bloomington HS - 5149,AL/MC,Legacy Bldng - Private Deluxe,4,4,100%
5/31/2026,Southeast Indiana,Bloomington HS - 5149,HC,Companion,26.2,30,87%
5/31/2026,Southeast Indiana,Bloomington HS - 5149,HC,Companion Deluxe,2.2,4,54%
5/31/2026,Southeast Indiana,Bloomington HS - 5149,HC,Private,27.7,30,92%
5/31/2026,Southeast Indiana,Bloomington HS - 5149,HC,TCU - Companion,0,0,0%
5/31/2026,Southeast Indiana,Bloomington HS - 5149,HC,TCU - Private,0,0,0%
5/31/2026,Southeast Indiana,Bloomington SC - 5164,AL,One BR Apt Deluxe-Double,3,3,100%
5/31/2026,Southeast Indiana,Bloomington SC - 5164,AL,One BR Apt Deluxe-Single,4,4,100%
5/31/2026,Southeast Indiana,Bloomington SC - 5164,AL,One BR Apt-Double,7,7,100%
5/31/2026,Southeast Indiana,Bloomington SC - 5164,AL,One BR Apt-Single,1,1,100%
5/31/2026,Southeast Indiana,Bloomington SC - 5164,AL,Studio - Private,4,4,100%
5/31/2026,Southeast Indiana,Bloomington SC - 5164,AL,Studio - Private Deluxe-Double,4,4,100%
5/31/2026,Southeast Indiana,Bloomington SC - 5164,AL/MC,LL - Compan;A Vw;A Loc;B Sz,1,1,100%
5/31/2026,Southeast Indiana,Bloomington SC - 5164,AL/MC,LL - Studio;A Vw;A Loc;A Sz,3,4,75%
5/31/2026,Southeast Indiana,Bloomington SC - 5164,AL/MC,LL - Studio;A Vw;A Loc;B Sz,2,2,100%
5/31/2026,Southeast Indiana,Bloomington SC - 5164,AL/MC,LL - Studio;A Vw;B Loc;B Sz,2,2,100%
5/31/2026,Southeast Indiana,Bloomington SC - 5164,AL/MC,LL - Studio;B Vw;A Loc;B Sz,2,2,100%
5/31/2026,Southeast Indiana,Bloomington SC - 5164,AL/MC,LL - Studio;B Vw;B Loc;B Sz,1,1,100%
5/31/2026,Southeast Indiana,Bloomington SC - 5164,AL/MC,LL - Studio;C Vw;A Loc;B Sz,1,1,100%
5/31/2026,Southeast Indiana,Bloomington SC - 5164,HC,Companion,5,5,100%
5/31/2026,Southeast Indiana,Bloomington SC - 5164,HC,Private,43.8,46,95%
5/31/2026,Southeast Indiana,Bloomington SC - 5164,HC,TCU - Companion,2,2,100%
5/31/2026,Southeast Indiana,Bloomington SC - 5164,HC,TCU - Private,1,1,100%
5/31/2026,Southeast Indiana,Columbus - 107,AL,Companion,3,4,75%
5/31/2026,Southeast Indiana,Columbus - 107,AL,Studio - Companion,8,10,80%
5/31/2026,Southeast Indiana,Columbus - 107,AL,Studio - Private,5,8,63%
5/31/2026,Southeast Indiana,Columbus - 107,AL/MC,Legacy Lane - Companion,1,1,100%
5/31/2026,Southeast Indiana,Columbus - 107,AL/MC,Legacy Lane - Private,8.5,10,85%
5/31/2026,Southeast Indiana,Columbus - 107,HC,Companion,31.8,36,88%
5/31/2026,Southeast Indiana,Columbus - 107,HC,Private,30.5,32,95%
5/31/2026,Southeast Indiana,Greensburg - 150,AL,Companion,4,4,100%
5/31/2026,Southeast Indiana,Greensburg - 150,AL,Studio - Double,10,10,100%
5/31/2026,Southeast Indiana,Greensburg - 150,AL,Studio - Private,7,8,88%
5/31/2026,Southeast Indiana,Greensburg - 150,AL/MC,Legacy Lane - Companion,2,2,100%
5/31/2026,Southeast Indiana,Greensburg - 150,AL/MC,Legacy Lane - Private,5,9,56%
5/31/2026,Southeast Indiana,Greensburg - 150,HC,Companion,32.7,34,96%
5/31/2026,Southeast Indiana,Greensburg - 150,HC,Private,16.8,30,56%
5/31/2026,Southeast Indiana,Hanover - 116,AL,Companion,0,0,0%
5/31/2026,Southeast Indiana,Hanover - 116,AL,One BR Apt-Double,4,4,100%
5/31/2026,Southeast Indiana,Hanover - 116,AL,Studio - Private,0,0,0%
5/31/2026,Southeast Indiana,Hanover - 116,AL,Studio;B Vw;B Loc;A Sz,6,6,100%
5/31/2026,Southeast Indiana,Hanover - 116,AL,Studio;B Vw;B Loc;B Sz,3,3,100%
5/31/2026,Southeast Indiana,Hanover - 116,AL,Studio;B Vw;B Loc;C Sz,8,8,100%
5/31/2026,Southeast Indiana,Hanover - 116,AL,Studio;End of Hall,3,3,100%
5/31/2026,Southeast Indiana,Hanover - 116,HC,Companion,30.3,32,95%
5/31/2026,Southeast Indiana,Hanover - 116,HC,Private,4,4,100%
5/31/2026,Southeast Indiana,Hanover - 116,HC/MC,Legacy Lane - Companion,18,18,100%
5/31/2026,Southeast Indiana,Hanover - 116,HC/MC,Legacy Lane - Private,1,1,100%
5/31/2026,Southeast Indiana,Lawrenceburg - 143,AL,Companion,4,4,100%
5/31/2026,Southeast Indiana,Lawrenceburg - 143,AL,Companion - Single,1,1,100%
5/31/2026,Southeast Indiana,Lawrenceburg - 143,AL,Studio - Double,1,1,100%
5/31/2026,Southeast Indiana,Lawrenceburg - 143,AL,Studio - Private,28,28,100%
5/31/2026,Southeast Indiana,Lawrenceburg - 143,AL/MC,Legacy Bldng - Companion,1,1,100%
5/31/2026,Southeast Indiana,Lawrenceburg - 143,AL/MC,Legacy Bldng - Private,19.5,20,98%
5/31/2026,Southeast Indiana,Lawrenceburg - 143,HC,Companion,22,24,92%
5/31/2026,Southeast Indiana,Lawrenceburg - 143,HC,Private,34,37,92%
5/31/2026,Southeast Indiana,Lawrenceburg - 143,HC/MC,Legacy Lane - Companion,4,4,100%
5/31/2026,Southeast Indiana,Lawrenceburg - 143,HC/MC,Legacy Lane - Private,6,6,100%
5/31/2026,Southeast Indiana,Madison - 2157,AL,Companion,4,4,100%
5/31/2026,Southeast Indiana,Madison - 2157,AL,Studio - Private,23.2,24,97%
5/31/2026,Southeast Indiana,Madison - 2157,HC,Companion,15,18,83%
5/31/2026,Southeast Indiana,Madison - 2157,HC,Private,13.8,21,66%
5/31/2026,Southeast Indiana,Madison - 2157,HC,TCU - Private,10.8,11,98%
5/31/2026,Southeast Indiana,Madison - 2157,SL,1BR; 1st Fl; A Vw; 626 SqFt,1,1,100%
5/31/2026,Southeast Indiana,Madison - 2157,SL,1BR; 1st Fl; B Vw; 764 SqFt,1,1,100%
5/31/2026,Southeast Indiana,Madison - 2157,SL,1BR; 1st Fl; B Vw; 837 SqFt,1,1,100%
5/31/2026,Southeast Indiana,Madison - 2157,SL,1BR; 1st Fl; C Vw; 738 SqFt,0,1,0%
5/31/2026,Southeast Indiana,Madison - 2157,SL,1BR; 1st Fl; C Vw; 778 SqFt,1,1,100%
5/31/2026,Southeast Indiana,Madison - 2157,SL,1BR; 4th Fl; A Vw; 467 SqFt,1,1,100%
5/31/2026,Southeast Indiana,Madison - 2157,SL,1BR; 4th Fl; B Vw; 486 SqFt,1,1,100%
5/31/2026,Southeast Indiana,Madison - 2157,SL,1BR; 4th Fl; B Vw; 494 SqFt,1,1,100%
5/31/2026,Southeast Indiana,Madison - 2157,SL,1BR; 4th Fl; B Vw; 497 SqFt,1,1,100%
5/31/2026,Southeast Indiana,Madison - 2157,SL,1BR; 4th Fl; C Vw; 512 SqFt,1,1,100%
5/31/2026,Southeast Indiana,Madison - 2157,SL,1BR; 4th Fl; C Vw; 513 SqFt,1,1,100%
5/31/2026,Southeast Indiana,Madison - 2157,SL,1BR; 4th Fl; C Vw; 523 SqFt,1,1,100%
5/31/2026,Southeast Indiana,Madison - 2157,SL,1BR; 4th Fl; C Vw; 532 SqFt,1,1,100%
5/31/2026,Southeast Indiana,Madison - 2157,SL,1BR; 4th Fl; C Vw; 567 SqFt,0,1,0%
5/31/2026,Southeast Indiana,Madison - 2157,SL,2BR; 1st Fl; A Vw; 980 SqFt,1,1,100%
5/31/2026,Southeast Indiana,Madison - 2157,SL,2BR; 4th Fl; A Vw; 729 SqFt,0,1,0%
5/31/2026,Southeast Indiana,Madison - 2157,SL,2BR; 4th Fl; A Vw; 734 SqFt,1,1,100%
5/31/2026,Southeast Indiana,Madison - 2157,SL,2BR; 4th Fl; A Vw; 756 SqFt,1,1,100%
5/31/2026,Southeast Indiana,Madison - 2157,SL,2BR; 4th Fl; A Vw; 924 SqFt,1,1,100%
5/31/2026,Southeast Indiana,Madison - 2157,SL,2BR; 4th Fl; B Vw; 929 SqFt,1,1,100%
5/31/2026,Southeast Indiana,Madison - 2157,SL,2BR; 4th Fl; C Vw; 737 SqFt,1,1,100%
5/31/2026,Southeast Indiana,Madison - 2157,SL,2BR; 4th Fl; C Vw; 791 SqFt,1,1,100%
5/31/2026,Southeast Indiana,Madison - 2157,SL,Studio; 1st Fl; B Vw; 403 SqFt,1,1,100%
5/31/2026,Southeast Indiana,Madison - 2157,SL,Studio; 1st Fl; C Vw; 454 SqFt,1,1,100%
5/31/2026,Southeast Indiana,Scottsburg - 121,AL,Companion,0,0,0%
5/31/2026,Southeast Indiana,Scottsburg - 121,AL,Studio - Private,16.3,18,91%
5/31/2026,Southeast Indiana,Scottsburg - 121,AL,Studio - Private Deluxe,3,4,75%
5/31/2026,Southeast Indiana,Scottsburg - 121,HC,Companion,41.8,44,95%
5/31/2026,Southeast Indiana,Scottsburg - 121,HC,Private,18.5,27,69%
5/31/2026,Southeast Indiana,Seymour - 109,AL,Companion,4,4,100%
5/31/2026,Southeast Indiana,Seymour - 109,AL,Studio - Private,18,18,100%
5/31/2026,Southeast Indiana,Seymour - 109,AL/MC,Legacy Lane - Private,3,3,100%
5/31/2026,Southeast Indiana,Seymour - 109,HC,Companion,34.7,44,79%
5/31/2026,Southeast Indiana,Seymour - 109,HC,Private,2,2,100%
5/31/2026,Southeast Indiana,Seymour - 109,HC,TCU - Private,10.2,12,85%
5/31/2026,Southeast Indiana,Seymour - 109,HC/MC,Legacy Lane - Companion,4,4,100%
5/31/2026,Southeast Indiana,Seymour - 109,HC/MC,Legacy Lane - Private,6,6,100%
5/31/2026,Southeast Indiana,Shelbyville - 118,AL,Companion,4,4,100%
5/31/2026,Southeast Indiana,Shelbyville - 118,AL,Studio - Private,18,18,100%
5/31/2026,Southeast Indiana,Shelbyville - 118,AL/MC,Legacy Lane - Companion,2,2,100%
5/31/2026,Southeast Indiana,Shelbyville - 118,AL/MC,Legacy Lane - Private,8,8,100%
5/31/2026,Southeast Indiana,Shelbyville - 118,AL/MC,Legacy Lane - Studio Dlx,1,1,100%
5/31/2026,Southeast Indiana,Shelbyville - 118,HC,Companion,51.2,55,93%
5/31/2026,Southeast Indiana,Shelbyville - 118,HC,Private,5,5,100%
5/31/2026,Southeast Indiana,Shelbyville - 118,VIL,Independent Living - Villa,16,19,84%
5/31/2026,Southeast Ohio,Delphos - 407,AL,Compan;A Vw;A Loc;B Sz,2,2,100%
5/31/2026,Southeast Ohio,Delphos - 407,AL,Compan;A Vw;C Loc;B Sz,2,2,100%
5/31/2026,Southeast Ohio,Delphos - 407,AL,Compan;B Vw;C Loc;B Sz,1.5,2,75%
5/31/2026,Southeast Ohio,Delphos - 407,AL,Compan;C Vw;A Loc;B Sz,1,1,100%
5/31/2026,Southeast Ohio,Delphos - 407,AL,Studio;A Vw;A Loc;B Sz,3,3,100%
5/31/2026,Southeast Ohio,Delphos - 407,AL,Studio;A Vw;C Loc;B Sz,8,9,89%
5/31/2026,Southeast Ohio,Delphos - 407,AL,Studio;A Vw;C Loc;C Sz,0,1,0%
5/31/2026,Southeast Ohio,Delphos - 407,AL,Studio;B Vw;A Loc;B Sz,4,4,100%
5/31/2026,Southeast Ohio,Delphos - 407,AL,Studio;B Vw;C Loc;B Sz,5,5,100%
5/31/2026,Southeast Ohio,Delphos - 407,AL,Studio;B Vw;C Loc;C Sz,1,1,100%
5/31/2026,Southeast Ohio,Delphos - 407,AL,Studio;C Vw;C Loc;B Sz,4,4,100%
5/31/2026,Southeast Ohio,Delphos - 407,HC,Compan;A Vw;C Loc;B Sz,4,4,100%
5/31/2026,Southeast Ohio,Delphos - 407,HC,Compan;C Vw;A Loc;B Sz,3.8,4,96%
5/31/2026,Southeast Ohio,Delphos - 407,HC,Compan;C Vw;C Loc;B Sz,8,8,100%
5/31/2026,Southeast Ohio,Delphos - 407,HC,Companion,0,0,0%
5/31/2026,Southeast Ohio,Delphos - 407,HC,Private,0,0,0%
5/31/2026,Southeast Ohio,Delphos - 407,HC,Stu Dlx;A Vw;A Loc;B Sz,1,1,100%
5/31/2026,Southeast Ohio,Delphos - 407,HC,Stu Dlx;A Vw;C Loc;B Sz,0.5,1,50%
5/31/2026,Southeast Ohio,Delphos - 407,HC,Stu Dlx;C Vw;A Loc;B Sz,0.7,1,67%
5/31/2026,Southeast Ohio,Delphos - 407,HC,Stu Dlx;C Vw;C Loc;B Sz,1,1,100%
5/31/2026,Southeast Ohio,Delphos - 407,HC,Studio;A Vw;A Loc;B Sz,3,3,100%
5/31/2026,Southeast Ohio,Delphos - 407,HC,Studio;A Vw;C Loc;B Sz,6,6,100%
5/31/2026,Southeast Ohio,Delphos - 407,HC,Studio;C Vw;A Loc;B Sz,3,3,100%
5/31/2026,Southeast Ohio,Delphos - 407,HC,Studio;C Vw;C Loc;B Sz,22,22,100%
5/31/2026,Southeast Ohio,Gahanna - 436,AL,Compan;A Vw;C Loc;A Sz,2,2,100%
5/31/2026,Southeast Ohio,Gahanna - 436,AL,Compan;B Vw;C Loc;B Sz,2,2,100%
5/31/2026,Southeast Ohio,Gahanna - 436,AL,Studio;A Vw;A Loc;B Sz,2,3,67%
5/31/2026,Southeast Ohio,Gahanna - 436,AL,Studio;A Vw;B Loc;B Sz,2,2,100%
5/31/2026,Southeast Ohio,Gahanna - 436,AL,Studio;A Vw;C Loc;B Sz,3,4,75%
5/31/2026,Southeast Ohio,Gahanna - 436,AL,Studio;B Vw;C Loc;B Sz,3.3,4,83%
5/31/2026,Southeast Ohio,Gahanna - 436,AL,Studio;C Vw;B Loc;B Sz,2,2,100%
5/31/2026,Southeast Ohio,Gahanna - 436,AL/MC,MC-Compan;A Vw;B Loc;B Sz,1,1,100%
5/31/2026,Southeast Ohio,Gahanna - 436,AL/MC,MC-Compan;A Vw;C Loc;B Sz,1,1,100%
5/31/2026,Southeast Ohio,Gahanna - 436,AL/MC,MC-Compan;C Vw;C Loc;B Sz,1,1,100%
5/31/2026,Southeast Ohio,Gahanna - 436,AL/MC,MC-Studio;A Vw;A Loc;B Sz,1,2,50%
5/31/2026,Southeast Ohio,Gahanna - 436,AL/MC,MC-Studio;A Vw;C Loc;B Sz,4,5,80%
5/31/2026,Southeast Ohio,Gahanna - 436,AL/MC,MC-Studio;B Vw;C Loc;B Sz,0,1,0%
5/31/2026,Southeast Ohio,Gahanna - 436,AL/MC,MC-Studio;C Vw;C Loc;B Sz,2,4,50%
5/31/2026,Southeast Ohio,Gahanna - 436,HC,Compan;A Vw;B Loc;B Sz,2,2,100%
5/31/2026,Southeast Ohio,Gahanna - 436,HC,Compan;A Vw;C Loc;B Sz,5.3,6,89%
5/31/2026,Southeast Ohio,Gahanna - 436,HC,Compan;C Vw;B Loc;B Sz,6,6,100%
5/31/2026,Southeast Ohio,Gahanna - 436,HC,Compan;C Vw;C Loc;B Sz,8.5,10,85%
5/31/2026,Southeast Ohio,Gahanna - 436,HC,Studio;A Vw;A Loc;B Sz,3,3,100%
5/31/2026,Southeast Ohio,Gahanna - 436,HC,Studio;A Vw;B Loc;B Sz,1,1,100%
5/31/2026,Southeast Ohio,Gahanna - 436,HC,Studio;A Vw;C Loc;B Sz,4.8,5,97%
5/31/2026,Southeast Ohio,Gahanna - 436,HC,Studio;C Vw;A Loc;B Sz,2.7,3,89%
5/31/2026,Southeast Ohio,Gahanna - 436,HC,Studio;C Vw;B Loc;B Sz,3,3,100%
5/31/2026,Southeast Ohio,Gahanna - 436,HC,Studio;C Vw;C Loc;B Sz,18.5,19,97%
5/31/2026,Southeast Ohio,Gahanna - 436,SL,1BR;A Vw;B Loc;A Sz,0,1,0%
5/31/2026,Southeast Ohio,Gahanna - 436,SL,1BR;A Vw;B Loc;B Sz,0,1,0%
5/31/2026,Southeast Ohio,Gahanna - 436,SL,1BR;A Vw;C Loc;B Sz,2,3,67%
5/31/2026,Southeast Ohio,Gahanna - 436,SL,1BR;B Vw;A Loc;A Sz,2,2,100%
5/31/2026,Southeast Ohio,Gahanna - 436,SL,1BR;B Vw;A Loc;B Sz,1,1,100%
5/31/2026,Southeast Ohio,Gahanna - 436,SL,1BR;B Vw;B Loc;A Sz,1,2,50%
5/31/2026,Southeast Ohio,Gahanna - 436,SL,1BR;B Vw;C Loc;B Sz,4,7,57%
5/31/2026,Southeast Ohio,Gahanna - 436,SL,1BR;C Vw;B Loc;C Sz,1,1,100%
5/31/2026,Southeast Ohio,Gahanna - 436,SL,Studio;A Vw;C Loc;A Sz,2,2,100%
5/31/2026,Southeast Ohio,Gahanna - 436,SL,Studio;B Vw;C Loc;B Sz,1,2,50%
5/31/2026,Southeast Ohio,Hilliard - 437,AL,Compan;A Vw;C Loc;A Sz,2,2,100%
5/31/2026,Southeast Ohio,Hilliard - 437,AL,Compan;B Vw;C Loc;B Sz,0,1,0%
5/31/2026,Southeast Ohio,Hilliard - 437,AL,Compan;C Vw;C Loc;B Sz,1,1,100%
5/31/2026,Southeast Ohio,Hilliard - 437,AL,Studio;A Vw;A Loc;B Sz,3,3,100%
5/31/2026,Southeast Ohio,Hilliard - 437,AL,Studio;A Vw;B Loc;B Sz,1,1,100%
5/31/2026,Southeast Ohio,Hilliard - 437,AL,Studio;A Vw;C Loc;B Sz,8,9,89%
5/31/2026,Southeast Ohio,Hilliard - 437,AL,Studio;C Vw;B Loc;B Sz,1,1,100%
5/31/2026,Southeast Ohio,Hilliard - 437,AL,Studio;C Vw;C Loc;B Sz,1,1,100%
5/31/2026,Southeast Ohio,Hilliard - 437,AL/MC,MC-Compan;A Vw;A Loc;B Sz,1,1,100%
5/31/2026,Southeast Ohio,Hilliard - 437,AL/MC,MC-Compan;A Vw;B Loc;B Sz,1,1,100%
5/31/2026,Southeast Ohio,Hilliard - 437,AL/MC,MC-Compan;C Vw;B Loc;A Sz,1,1,100%
5/31/2026,Southeast Ohio,Hilliard - 437,AL/MC,MC-Studio;A Vw;A Loc;B Sz,2,2,100%
5/31/2026,Southeast Ohio,Hilliard - 437,AL/MC,MC-Studio;A Vw;C Loc;B Sz,5,5,100%
5/31/2026,Southeast Ohio,Hilliard - 437,AL/MC,MC-Studio;B Vw;C Loc;B Sz,2,2,100%
5/31/2026,Southeast Ohio,Hilliard - 437,AL/MC,MC-Studio;C Vw;C Loc;B Sz,3,3,100%
5/31/2026,Southeast Ohio,Hilliard - 437,HC,Compan;C Vw;A Loc;B Sz,6.5,8,81%
5/31/2026,Southeast Ohio,Hilliard - 437,HC,Compan;C Vw;B Loc;B Sz,4,4,100%
5/31/2026,Southeast Ohio,Hilliard - 437,HC,Compan;C Vw;C Loc;B Sz,7,8,88%
5/31/2026,Southeast Ohio,Hilliard - 437,HC,Studio Dlx;A Vw;A Loc;C Sz,1,1,100%
5/31/2026,Southeast Ohio,Hilliard - 437,HC,Studio;A Vw;B Loc;B Sz,2.7,3,89%
5/31/2026,Southeast Ohio,Hilliard - 437,HC,Studio;A Vw;C Loc;B Sz,9,10,90%
5/31/2026,Southeast Ohio,Hilliard - 437,HC,Studio;B Vw;C Loc;B Sz,2,2,100%
5/31/2026,Southeast Ohio,Hilliard - 437,HC,Studio;C Vw;A Loc;B Sz,3,3,100%
5/31/2026,Southeast Ohio,Hilliard - 437,HC,Studio;C Vw;B Loc;B Sz,1,1,100%
5/31/2026,Southeast Ohio,Hilliard - 437,HC,Studio;C Vw;C Loc;B Sz,13.7,14,98%
5/31/2026,Southeast Ohio,Hilliard - 437,SL,1BR;A Vw;B Loc;A Sz,1,1,100%
5/31/2026,Southeast Ohio,Hilliard - 437,SL,1BR;A Vw;B Loc;B Sz,1,1,100%
5/31/2026,Southeast Ohio,Hilliard - 437,SL,1BR;A Vw;C Loc;A Sz,1,1,100%
5/31/2026,Southeast Ohio,Hilliard - 437,SL,1BR;A Vw;C Loc;B Sz,4,8,50%
5/31/2026,Southeast Ohio,Hilliard - 437,SL,1BR;B Vw;C Loc;B Sz,0,1,0%
5/31/2026,Southeast Ohio,Hilliard - 437,SL,1BR;C Vw;A Loc;B Sz,3,3,100%
5/31/2026,Southeast Ohio,Hilliard - 437,SL,1BR;C Vw;B Loc;A Sz,1,1,100%
5/31/2026,Southeast Ohio,Hilliard - 437,SL,1BR;C Vw;C Loc;A Sz,1,1,100%
5/31/2026,Southeast Ohio,Hilliard - 437,SL,1BR;C Vw;C Loc;B Sz,0,2,0%
5/31/2026,Southeast Ohio,Hilliard - 437,SL,1BR;C Vw;C Loc;C Sz,1,1,100%
5/31/2026,Southeast Ohio,Hilliard - 437,SL,Studio;A Vw;C Loc;A Sz,1,2,50%
5/31/2026,Southeast Ohio,Hilliard - 437,SL,Studio;B Vw;C Loc;B Sz,1,1,100%
5/31/2026,Southeast Ohio,Hilliard - 437,SL,Studio;C Vw;C Loc;B Sz,0,1,0%
5/31/2026,Southeast Ohio,Lancaster - 445,AL,2 FL 1BR;C Vw;B Loc;B Sz,1,1,100%
5/31/2026,Southeast Ohio,Lancaster - 445,AL,2 FL Studio;B Vw;B Loc;B Sz,1,1,100%
5/31/2026,Southeast Ohio,Lancaster - 445,AL,Compan;B Vw;B Loc;B Sz,4,4,100%
5/31/2026,Southeast Ohio,Lancaster - 445,AL,Studio Double;B Vw;A Loc;B Sz,5.5,7,79%
5/31/2026,Southeast Ohio,Lancaster - 445,AL,Studio Double;B Vw;B Loc;B Sz,7,8,88%
5/31/2026,Southeast Ohio,Lancaster - 445,AL/MC,MC-Compan;B Vw;B Loc;B Sz,2,3,67%
5/31/2026,Southeast Ohio,Lancaster - 445,AL/MC,MC-Studio Double;B Vw;B Loc;B Sz,12,12,100%
5/31/2026,Southeast Ohio,Lancaster - 445,HC,Compan;B Vw;B Loc;B Sz,14.5,20,73%
5/31/2026,Southeast Ohio,Lancaster - 445,HC,Studio Dlx;B Vw;A Loc;A Sz,1,1,100%
5/31/2026,Southeast Ohio,Lancaster - 445,HC,Studio;B Vw;A Loc;B Sz,6.8,7,98%
5/31/2026,Southeast Ohio,Lancaster - 445,HC,Studio;B Vw;B Loc;B Sz,22.2,24,92%
5/31/2026,Southeast Ohio,Lancaster - 445,SL,2 FL 1BR;B Vw;B Loc;A Sz,3,3,100%
5/31/2026,Southeast Ohio,Lancaster - 445,SL,2 FL 1BR;B Vw;B Loc;B Sz,13,13,100%
5/31/2026,Southeast Ohio,Lancaster - 445,SL,2 FL 1BR;C Vw;B Loc;B Sz,1,1,100%
5/31/2026,Southeast Ohio,Lancaster - 445,SL,2 FL 1BR;C Vw;B Loc;C Sz,0,1,0%
5/31/2026,Southeast Ohio,Lancaster - 445,SL,2 FL 2BR;B Vw;B Loc;B Sz,1,1,100%
5/31/2026,Southeast Ohio,Lancaster - 445,SL,2 FL Studio;B Vw;B Loc;B Sz,4,4,100%
5/31/2026,Southeast Ohio,Lima - 410,HC,Companion,25,28,89%
5/31/2026,Southeast Ohio,Lima - 410,HC,Private,10,10,100%
5/31/2026,Southeast Ohio,Lima - 410,HC,TCU - Companion,0,0,0%
5/31/2026,Southeast Ohio,Lima - 410,HC,TCU - Private,8.5,10,85%
5/31/2026,Southeast Ohio,Lima - 410,HC/MC,MC - Companion,14,14,100%
5/31/2026,Southeast Ohio,Lima SL - 433,AL,Compan;A Vw;C Loc;B Sz,2,2,100%
5/31/2026,Southeast Ohio,Lima SL - 433,AL,Compan;B Vw;C Loc;B Sz,2,2,100%
5/31/2026,Southeast Ohio,Lima SL - 433,AL,Studio;A Vw;A Loc;B Sz,2.5,3,83%
5/31/2026,Southeast Ohio,Lima SL - 433,AL,Studio;A Vw;B Loc;B Sz,1,1,100%
5/31/2026,Southeast Ohio,Lima SL - 433,AL,Studio;A Vw;C Loc;B Sz,5,5,100%
5/31/2026,Southeast Ohio,Lima SL - 433,AL,Studio;B Vw;B Loc;B Sz,1,1,100%
5/31/2026,Southeast Ohio,Lima SL - 433,AL,Studio;B Vw;C Loc;B Sz,5,5,100%
5/31/2026,Southeast Ohio,Lima SL - 433,AL/MC,Legacy-Compan;B Vw;B Loc;B Sz,2,2,100%
5/31/2026,Southeast Ohio,Lima SL - 433,AL/MC,Legacy-Compan;C Vw;B Loc;B Sz,1,1,100%
5/31/2026,Southeast Ohio,Lima SL - 433,AL/MC,Legacy-Studio;B Vw;A Loc;B Sz,2,2,100%
5/31/2026,Southeast Ohio,Lima SL - 433,AL/MC,Legacy-Studio;B Vw;C Loc;B Sz,9.5,10,95%
5/31/2026,Southeast Ohio,Lima SL - 433,HC,Compan;A Vw;C Loc;B Sz,4,4,100%
5/31/2026,Southeast Ohio,Lima SL - 433,HC,Compan;C Vw;B Loc;B Sz,6,6,100%
5/31/2026,Southeast Ohio,Lima SL - 433,HC,Compan;C Vw;C Loc;B Sz,10,10,100%
5/31/2026,Southeast Ohio,Lima SL - 433,HC,Studio Dlx;A Vw;B Loc;B Sz,1,1,100%
5/31/2026,Southeast Ohio,Lima SL - 433,HC,Studio Dlx;A Vw;C Loc;B Sz,1,1,100%
5/31/2026,Southeast Ohio,Lima SL - 433,HC,Studio;A Vw;A Loc;B Sz,3,3,100%
5/31/2026,Southeast Ohio,Lima SL - 433,HC,Studio;A Vw;B Loc;B Sz,1,1,100%
5/31/2026,Southeast Ohio,Lima SL - 433,HC,Studio;A Vw;C Loc;B Sz,5,5,100%
5/31/2026,Southeast Ohio,Lima SL - 433,HC,Studio;B Vw;C Loc;B Sz,3,3,100%
5/31/2026,Southeast Ohio,Lima SL - 433,HC,Studio;C Vw;A Loc;B Sz,2.7,3,89%
5/31/2026,Southeast Ohio,Lima SL - 433,HC,Studio;C Vw;B Loc;B Sz,3,3,100%
5/31/2026,Southeast Ohio,Lima SL - 433,HC,Studio;C Vw;C Loc;B Sz,15.7,16,98%
5/31/2026,Southeast Ohio,New Albany SM - 438,AL,2 FL 1BR;B Vw;A Loc;A Sz,2,2,100%
5/31/2026,Southeast Ohio,New Albany SM - 438,AL,2 FL 1BR;B Vw;B Loc;A Sz,1,1,100%
5/31/2026,Southeast Ohio,New Albany SM - 438,AL,2 FL 1BR;B Vw;B Loc;B Sz,4,4,100%
5/31/2026,Southeast Ohio,New Albany SM - 438,AL,Compan;A Vw;C Loc;A Sz,2,2,100%
5/31/2026,Southeast Ohio,New Albany SM - 438,AL,Compan;B Vw;C Loc;B Sz,2,2,100%
5/31/2026,Southeast Ohio,New Albany SM - 438,AL,Studio;A Vw;A Loc;B Sz,3,3,100%
5/31/2026,Southeast Ohio,New Albany SM - 438,AL,Studio;A Vw;B Loc;B Sz,2,2,100%
5/31/2026,Southeast Ohio,New Albany SM - 438,AL,Studio;A Vw;C Loc;B Sz,4,4,100%
5/31/2026,Southeast Ohio,New Albany SM - 438,AL,Studio;B Vw;C Loc;B Sz,4,4,100%
5/31/2026,Southeast Ohio,New Albany SM - 438,AL,Studio;C Vw;B Loc;B Sz,2,2,100%
5/31/2026,Southeast Ohio,New Albany SM - 438,AL/MC,Legacy-Compan;A Vw;B Loc;B Sz,0,1,0%
5/31/2026,Southeast Ohio,New Albany SM - 438,AL/MC,Legacy-Compan;A Vw;C Loc;B Sz,1,1,100%
5/31/2026,Southeast Ohio,New Albany SM - 438,AL/MC,Legacy-Compan;C Vw;C Loc;B Sz,1,1,100%
5/31/2026,Southeast Ohio,New Albany SM - 438,AL/MC,Legacy-Studio;A Vw;A Loc;B Sz,2,2,100%
5/31/2026,Southeast Ohio,New Albany SM - 438,AL/MC,Legacy-Studio;A Vw;C Loc;B Sz,5,5,100%
5/31/2026,Southeast Ohio,New Albany SM - 438,AL/MC,Legacy-Studio;B Vw;C Loc;B Sz,1,1,100%
5/31/2026,Southeast Ohio,New Albany SM - 438,AL/MC,Legacy-Studio;C Vw;C Loc;B Sz,4,4,100%
5/31/2026,Southeast Ohio,New Albany SM - 438,HC,Compan;C Vw;B Loc;B Sz,3,4,75%
5/31/2026,Southeast Ohio,New Albany SM - 438,HC,Compan;C Vw;C Loc;B Sz,17,20,85%
5/31/2026,Southeast Ohio,New Albany SM - 438,HC,Studio Dlx;C Vw;C Loc;B Sz,3.7,4,92%
5/31/2026,Southeast Ohio,New Albany SM - 438,HC,Studio;A Vw;A Loc;B Sz,3,3,100%
5/31/2026,Southeast Ohio,New Albany SM - 438,HC,Studio;A Vw;B Loc;B Sz,1,1,100%
5/31/2026,Southeast Ohio,New Albany SM - 438,HC,Studio;A Vw;C Loc;B Sz,4.5,5,90%
5/31/2026,Southeast Ohio,New Albany SM - 438,HC,Studio;C Vw;A Loc;B Sz,3,3,100%
5/31/2026,Southeast Ohio,New Albany SM - 438,HC,Studio;C Vw;B Loc;B Sz,3,3,100%
5/31/2026,Southeast Ohio,New Albany SM - 438,HC,Studio;C Vw;C Loc;B Sz,14,15,93%
5/31/2026,Southeast Ohio,New Albany SM - 438,SL,1BR;A Vw;B Loc;A Sz,1,1,100%
5/31/2026,Southeast Ohio,New Albany SM - 438,SL,1BR;A Vw;B Loc;B Sz,1,1,100%
5/31/2026,Southeast Ohio,New Albany SM - 438,SL,1BR;A Vw;C Loc;B Sz,3,3,100%
5/31/2026,Southeast Ohio,New Albany SM - 438,SL,1BR;B Vw;A Loc;A Sz,0,0,0%
5/31/2026,Southeast Ohio,New Albany SM - 438,SL,1BR;B Vw;A Loc;B Sz,1,1,100%
5/31/2026,Southeast Ohio,New Albany SM - 438,SL,1BR;B Vw;B Loc;A Sz,0,0,0%
5/31/2026,Southeast Ohio,New Albany SM - 438,SL,1BR;B Vw;C Loc;B Sz,3,3,100%
5/31/2026,Southeast Ohio,New Albany SM - 438,SL,1BR;C Vw;B Loc;C Sz,1,1,100%
5/31/2026,Southeast Ohio,New Albany SM - 438,SL,2 FL 1BR;B Vw;A Loc;A Sz,0,0,0%
5/31/2026,Southeast Ohio,New Albany SM - 438,SL,2 FL 1BR;B Vw;B Loc;A Sz,1,1,100%
5/31/2026,Southeast Ohio,New Albany SM - 438,SL,2 FL 1BR;B Vw;B Loc;B Sz,0,0,0%
5/31/2026,Southeast Ohio,New Albany SM - 438,SL,Studio;A Vw;C Loc;A Sz,2,2,100%
5/31/2026,Southeast Ohio,New Albany SM - 438,SL,Studio;B Vw;C Loc;B Sz,2,2,100%
5/31/2026,Southeast Ohio,Pickerington - 421,AL,Compan;B Vw;C Loc;B Sz,3,4,75%
5/31/2026,Southeast Ohio,Pickerington - 421,AL,Studio;B Vw;A Loc;B Sz,3.5,4,88%
5/31/2026,Southeast Ohio,Pickerington - 421,AL,Studio;B Vw;B Loc;B Sz,1,1,100%
5/31/2026,Southeast Ohio,Pickerington - 421,AL,Studio;B Vw;C Loc;B Sz,8,8,100%
5/31/2026,Southeast Ohio,Pickerington - 421,AL,Studio;C Vw;A Loc;B Sz,1,1,100%
5/31/2026,Southeast Ohio,Pickerington - 421,AL,Studio;C Vw;B Loc;B Sz,1,1,100%
5/31/2026,Southeast Ohio,Pickerington - 421,AL/MC,Legacy-Compan;B Vw;B Loc;B Sz,0,0,0%
5/31/2026,Southeast Ohio,Pickerington - 421,AL/MC,Legacy-Compan;B Vw;C Loc;B Sz,2,2,100%
5/31/2026,Southeast Ohio,Pickerington - 421,AL/MC,Legacy-Compan;C Vw;C Loc;B Sz,0.7,1,67%
5/31/2026,Southeast Ohio,Pickerington - 421,AL/MC,Legacy-Studio;B Vw;A Loc;B Sz,2,2,100%
5/31/2026,Southeast Ohio,Pickerington - 421,AL/MC,Legacy-Studio;B Vw;C Loc;B Sz,4,7,57%
5/31/2026,Southeast Ohio,Pickerington - 421,AL/MC,Legacy-Studio;C Vw;C Loc;B Sz,2,3,67%
5/31/2026,Southeast Ohio,Pickerington - 421,HC,Compan;C Vw;A Loc;B Sz,2.5,4,63%
5/31/2026,Southeast Ohio,Pickerington - 421,HC,Compan;C Vw;B Loc;B Sz,4,4,100%
5/31/2026,Southeast Ohio,Pickerington - 421,HC,Companion,11.3,16,71%
5/31/2026,Southeast Ohio,Pickerington - 421,HC,Studio;A Vw;A Loc;B Sz,3,3,100%
5/31/2026,Southeast Ohio,Pickerington - 421,HC,Studio;A Vw;B Loc;B Sz,1,1,100%
5/31/2026,Southeast Ohio,Pickerington - 421,HC,Studio;A Vw;C Loc;B Sz,5,5,100%
5/31/2026,Southeast Ohio,Pickerington - 421,HC,Studio;B Vw;C Loc;B Sz,1,1,100%
5/31/2026,Southeast Ohio,Pickerington - 421,HC,Studio;C Vw;A Loc;B Sz,3,3,100%
5/31/2026,Southeast Ohio,Pickerington - 421,HC,Studio;C Vw;B Loc;B Sz,2.2,3,72%
5/31/2026,Southeast Ohio,Pickerington - 421,HC,Studio;C Vw;C Loc;B Sz,11.5,18,64%
5/31/2026,Southeast Ohio,Pickerington - 421,SL,1BR Dlx;A Vw;A Loc;B Sz,0,1,0%
5/31/2026,Southeast Ohio,Pickerington - 421,SL,1BR Dlx;A Vw;B Loc;B Sz,1,1,100%
5/31/2026,Southeast Ohio,Pickerington - 421,SL,1BR Dlx;B Vw;A Loc;A Sz,1,1,100%
5/31/2026,Southeast Ohio,Pickerington - 421,SL,1BR Dlx;B Vw;B Loc;A Sz,0,1,0%
5/31/2026,Southeast Ohio,Pickerington - 421,SL,1BR;A Vw;C Loc;B Sz,1,2,50%
5/31/2026,Southeast Ohio,Pickerington - 421,SL,1BR;B Vw;A Loc;A Sz,1,1,100%
5/31/2026,Southeast Ohio,Pickerington - 421,SL,1BR;B Vw;A Loc;B Sz,2,2,100%
5/31/2026,Southeast Ohio,Pickerington - 421,SL,1BR;B Vw;B Loc;B Sz,2,2,100%
5/31/2026,Southeast Ohio,Pickerington - 421,SL,1BR;B Vw;C Loc;B Sz,5,6,83%
5/31/2026,Southeast Ohio,Pickerington - 421,SL,1BR;C Vw;B Loc;C Sz,1,1,100%
5/31/2026,Southeast Ohio,Pickerington - 421,SL,Studio;B Vw;C Loc;A Sz,1,2,50%
5/31/2026,Southeast Ohio,Pickerington - 421,SL,Studio;B Vw;C Loc;B Sz,2,2,100%
5/31/2026,Southeast Ohio,Zanesville OB - 2425,AL,Companion,3,3,100%
5/31/2026,Southeast Ohio,Zanesville OB - 2425,AL,Studio - Private,14,14,100%
5/31/2026,Southeast Ohio,Zanesville OB - 2425,HC,Companion,20,20,100%
5/31/2026,Southeast Ohio,Zanesville OB - 2425,HC,Private,32.7,35,93%
5/31/2026,Southwest Indiana,Boonville - 110,AL,Companion,3,4,75%
5/31/2026,Southwest Indiana,Boonville - 110,AL,Studio - Double,10,10,100%
5/31/2026,Southwest Indiana,Boonville - 110,AL,Studio - Private,6,8,75%
5/31/2026,Southwest Indiana,Boonville - 110,AL/MC,Legacy Lane - Companion,0,2,0%
5/31/2026,Southwest Indiana,Boonville - 110,AL/MC,Legacy Lane - Private,9,9,100%
5/31/2026,Southwest Indiana,Boonville - 110,HC,Companion,47.3,56,85%
5/31/2026,Southwest Indiana,Boonville - 110,HC,Private,4,4,100%
5/31/2026,Southwest Indiana,Evansville NR - 2186,AL,Companion,4,4,100%
5/31/2026,Southwest Indiana,Evansville NR - 2186,AL,Studio - Private,15,15,100%
5/31/2026,Southwest Indiana,Evansville NR - 2186,AL/MC,Legacy Lane - Companion,3,3,100%
5/31/2026,Southwest Indiana,Evansville NR - 2186,AL/MC,Legacy Lane - Private,8,8,100%
5/31/2026,Southwest Indiana,Evansville NR - 2186,HC,Companion,20,24,83%
5/31/2026,Southwest Indiana,Evansville NR - 2186,HC,Private,32.7,34,96%
5/31/2026,Southwest Indiana,Evansville NR - 2186,VIL,Independent Living - Villa 1,20,20,100%
5/31/2026,Southwest Indiana,Evansville NR - 2186,VIL,Independent Living - Villa 2,10,10,100%
5/31/2026,Southwest Indiana,Evansville RP - 111,AL,1BR;A Vw;B Loc;B Sz,3.8,4,96%
5/31/2026,Southwest Indiana,Evansville RP - 111,AL,Studio - Double;A Vw;B Loc;B Sz,4,4,100%
5/31/2026,Southwest Indiana,Evansville RP - 111,AL,Studio - Double;B Vw;B Loc;B Sz,1,1,100%
5/31/2026,Southwest Indiana,Evansville RP - 111,AL,Studio - Double;C Vw;B Loc;B Sz,5,5,100%
5/31/2026,Southwest Indiana,Evansville RP - 111,AL,Studio;A Vw;B Loc;A Sz,2,2,100%
5/31/2026,Southwest Indiana,Evansville RP - 111,AL,Studio;A Vw;B Loc;B Sz,3,4,75%
5/31/2026,Southwest Indiana,Evansville RP - 111,AL,Studio;A Vw;B Loc;C Sz,9,9,100%
5/31/2026,Southwest Indiana,Evansville RP - 111,AL,Studio;B Vw;B Loc;B Sz,2,2,100%
5/31/2026,Southwest Indiana,Evansville RP - 111,AL,Studio;B Vw;B Loc;C Sz,2,2,100%
5/31/2026,Southwest Indiana,Evansville RP - 111,AL,Studio;C Vw;B Loc;A Sz,2,2,100%
5/31/2026,Southwest Indiana,Evansville RP - 111,AL,Studio;C Vw;B Loc;C Sz,7,7,100%
5/31/2026,Southwest Indiana,Evansville RP - 111,HC,Companion,26,26,100%
5/31/2026,Southwest Indiana,Evansville RP - 111,HC,Private,35.7,36,99%
5/31/2026,Southwest Indiana,Evansville RP - 111,HC,TCU - Private Deluxe 460 SQ FT,3,3,100%
5/31/2026,Southwest Indiana,Evansville WR - 142,AL,Companion,5,5,100%
5/31/2026,Southwest Indiana,Evansville WR - 142,AL,Studio - Double,0,0,0%
5/31/2026,Southwest Indiana,Evansville WR - 142,AL,Studio - Private,29,29,100%
5/31/2026,Southwest Indiana,Evansville WR - 142,AL/MC,Legacy Bldng - Companion,2,2,100%
5/31/2026,Southwest Indiana,Evansville WR - 142,AL/MC,Legacy Bldng - Private,22.8,27,85%
5/31/2026,Southwest Indiana,Evansville WR - 142,HC,Companion,14.8,17,87%
5/31/2026,Southwest Indiana,Evansville WR - 142,HC,Private,25,28,89%
5/31/2026,Southwest Indiana,Evansville WR - 142,HC/MC,MC - Companion,7.7,10,77%
5/31/2026,Southwest Indiana,Evansville WR - 142,HC/MC,MC - Studio,2.3,4,58%
5/31/2026,Southwest Indiana,Ferdinand - 303,AL,Compan;A Vw;B Loc;A Sz,0,1,0%
5/31/2026,Southwest Indiana,Ferdinand - 303,AL,Compan;A Vw;C Loc;A Sz,1,1,100%
5/31/2026,Southwest Indiana,Ferdinand - 303,AL,Compan;A Vw;C Loc;B Sz,1,1,100%
5/31/2026,Southwest Indiana,Ferdinand - 303,AL,Compan;B Vw;B Loc;B Sz,1,1,100%
5/31/2026,Southwest Indiana,Ferdinand - 303,AL,Studio;A Vw;A Loc;B Sz,0,1,0%
5/31/2026,Southwest Indiana,Ferdinand - 303,AL,Studio;A Vw;C Loc;B Sz,6,6,100%
5/31/2026,Southwest Indiana,Ferdinand - 303,AL,Studio;B Vw;A Loc;B Sz,4,4,100%
5/31/2026,Southwest Indiana,Ferdinand - 303,AL,Studio;C Vw;A Loc;B Sz,4,4,100%
5/31/2026,Southwest Indiana,Ferdinand - 303,AL/MC,Legacy Compan;A Vw;A Loc;B Sz,2,2,100%
5/31/2026,Southwest Indiana,Ferdinand - 303,AL/MC,Legacy Studio;A Vw;A Loc;B Sz,4,4,100%
5/31/2026,Southwest Indiana,Ferdinand - 303,AL/MC,Legacy Studio;A Vw;B Loc;B Sz,2,2,100%
5/31/2026,Southwest Indiana,Ferdinand - 303,AL/MC,Legacy Studio;B Vw;A Loc;B Sz,1,1,100%
5/31/2026,Southwest Indiana,Ferdinand - 303,AL/MC,Legacy Studio;B Vw;C Loc;B Sz,6,7,86%
5/31/2026,Southwest Indiana,Ferdinand - 303,HC,Compan;A Vw;C Loc;B Sz,4,4,100%
5/31/2026,Southwest Indiana,Ferdinand - 303,HC,Compan;C Vw;A Loc;B Sz,8,8,100%
5/31/2026,Southwest Indiana,Ferdinand - 303,HC,Compan;C Vw;C Loc;B Sz,10.8,12,90%
5/31/2026,Southwest Indiana,Ferdinand - 303,HC,Companion,0,0,0%
5/31/2026,Southwest Indiana,Ferdinand - 303,HC,Private,0,0,0%
5/31/2026,Southwest Indiana,Ferdinand - 303,HC,Studio;A Vw;A Loc;B Sz,4,4,100%
5/31/2026,Southwest Indiana,Ferdinand - 303,HC,Studio;A Vw;C Loc;B Sz,6,6,100%
5/31/2026,Southwest Indiana,Ferdinand - 303,HC,Studio;C Vw;A Loc;B Sz,9.7,10,97%
5/31/2026,Southwest Indiana,Ferdinand - 303,HC,Studio;C Vw;C Loc;B Sz,24.7,26,95%
5/31/2026,Southwest Indiana,Ferdinand - 303,HC/MC,Legacy Lane - Companion,0,0,0%
5/31/2026,Southwest Indiana,Ferdinand - 303,HC/MC,Legacy-Compan;A Vw;A Loc;B Sz,2,2,100%
5/31/2026,Southwest Indiana,Ferdinand - 303,HC/MC,Legacy-Compan;A Vw;C Loc;B Sz,6,6,100%
5/31/2026,Southwest Indiana,Ferdinand - 303,HC/MC,Legacy-Compan;C Vw;C Loc;B Sz,0,0,0%
5/31/2026,Southwest Indiana,Ferdinand - 303,HC/MC,Legacy-Studio;A Vw;A Loc;B Sz,2,2,100%
5/31/2026,Southwest Indiana,Ferdinand - 303,HC/MC,Legacy-Studio;A Vw;C Loc;B Sz,5,5,100%
5/31/2026,Southwest Indiana,Ferdinand - 303,HC/MC,Legacy-Studio;B Vw;C Loc;B Sz,3,3,100%
5/31/2026,Southwest Indiana,Greencastle - 119,AL,Companion,4,4,100%
5/31/2026,Southwest Indiana,Greencastle - 119,AL,Studio - Double,10,10,100%
5/31/2026,Southwest Indiana,Greencastle - 119,AL,Studio - Private,7.2,8,90%
5/31/2026,Southwest Indiana,Greencastle - 119,AL/MC,Legacy Lane - Companion,2,2,100%
5/31/2026,Southwest Indiana,Greencastle - 119,AL/MC,Legacy Lane - Private,8.7,9,96%
5/31/2026,Southwest Indiana,Greencastle - 119,HC,Companion,48.2,57,85%
5/31/2026,Southwest Indiana,Greencastle - 119,HC,Private,4,4,100%
5/31/2026,Southwest Indiana,Greencastle - 119,HC,Private Deluxe,1,1,100%
5/31/2026,Southwest Indiana,Jasper - 108,AL,Companion,6,6,100%
5/31/2026,Southwest Indiana,Jasper - 108,AL,One Bedroom,1,1,100%
5/31/2026,Southwest Indiana,Jasper - 108,AL,Studio - Private,26,27,96%
5/31/2026,Southwest Indiana,Jasper - 108,HC,Companion,49.7,54,92%
5/31/2026,Southwest Indiana,Jasper - 108,HC,Private,4,4,100%
5/31/2026,Southwest Indiana,Jasper - 108,VIL,Independent Living - Villa 1,22,25,88%
5/31/2026,Southwest Indiana,Petersburg - 304,AL,Companion,3,3,100%
5/31/2026,Southwest Indiana,Petersburg - 304,AL,Studio - Private,12.3,13,95%
5/31/2026,Southwest Indiana,Petersburg - 304,HC,Companion,41.7,46,91%
5/31/2026,Southwest Indiana,Petersburg - 304,HC,Private,7,9,78%
5/31/2026,Southwest Indiana,Petersburg - 304,HC,TCU - Private,7.8,9,87%
5/31/2026,Southwest Indiana,Princeton - 117,AL,1 Bedroom,1,1,100%
5/31/2026,Southwest Indiana,Princeton - 117,AL,Companion,3,6,50%
5/31/2026,Southwest Indiana,Princeton - 117,AL,Studio - Private,27,28,96%
5/31/2026,Southwest Indiana,Princeton - 117,HC,Companion,29,34,85%
5/31/2026,Southwest Indiana,Princeton - 117,HC,Private,3.7,4,92%
5/31/2026,Southwest Indiana,Princeton - 117,HC,Private Deluxe,14.3,15,96%
5/31/2026,Southwest Indiana,Princeton - 117,HC,TCU - Companion,4,8,50%
5/31/2026,Southwest Indiana,Princeton - 117,HC,TCU - Private,3.8,7,55%
5/31/2026,Southwest Indiana,Spencer - 101,HC,Companion,0,0,0%
5/31/2026,Southwest Indiana,Spencer - 101,HC,Private,0,0,0%
5/31/2026,Southwest Indiana,Spencer - 101,HC,TCU - Companion,0,0,0%
5/31/2026,Southwest Indiana,Spencer - 101,HC,TCU - Private,0,0,0%
5/31/2026,Southwest Indiana,Spencer - 101,HC/MC,Legacy Lane - Companion,0,0,0%
5/31/2026,Southwest Indiana,Spencer - 101,HC/MC,Legacy Lane - Private,0,0,0%
5/31/2026,Southwest Indiana,Tell City - 103,AL,Companion,4,4,100%
5/31/2026,Southwest Indiana,Tell City - 103,AL,Studio - Private,15,18,83%
5/31/2026,Southwest Indiana,Tell City - 103,HC,Companion,48,56,86%
5/31/2026,Southwest Indiana,Tell City - 103,HC,Private,4,4,100%
5/31/2026,Southwest Indiana,Tell City - 103,HC,TCU - Companion,2.5,4,63%
5/31/2026,Southwest Indiana,Tell City - 103,HC,TCU - Private,10.2,14,73%
5/31/2026,Southwest Indiana,Tell City - 103,HC/MC,Legacy Lane - Companion,4,4,100%
5/31/2026,Southwest Indiana,Tell City - 103,HC/MC,Legacy Lane - Private,8,9,89%
5/31/2026,Southwest Indiana,Tell City - 103,VIL,Independent Living - Villa 1,17,19,89%
5/31/2026,Southwest Indiana,Terre Haute CC - 129,AL,Companion,4,4,100%
5/31/2026,Southwest Indiana,Terre Haute CC - 129,AL,Studio - Private,16,18,89%
5/31/2026,Southwest Indiana,Terre Haute CC - 129,AL/MC,Legacy Lane - Companion,1,2,50%
5/31/2026,Southwest Indiana,Terre Haute CC - 129,AL/MC,Legacy Lane - Private,9,9,100%
5/31/2026,Southwest Indiana,Terre Haute CC - 129,HC,Companion,33,44,75%
5/31/2026,Southwest Indiana,Terre Haute CC - 129,HC,Private,14,16,88%
5/31/2026,Southwest Indiana,Terre Haute CC - 129,VIL,Patio Home 2BR,22,24,92%
5/31/2026,Southwest Indiana,Terre Haute HC - 5163,AL,One BR Apt-Double,4,4,100%
5/31/2026,Southwest Indiana,Terre Haute HC - 5163,AL,Studio - Double,4,4,100%
5/31/2026,Southwest Indiana,Terre Haute HC - 5163,AL,Studio - Private,18,20,90%
5/31/2026,Southwest Indiana,Terre Haute HC - 5163,AL,Studio Deluxe - Double,1,2,50%
5/31/2026,Southwest Indiana,Terre Haute HC - 5163,AL/MC,LL - Compan;A Vw;C Loc;B Sz,1,1,100%
5/31/2026,Southwest Indiana,Terre Haute HC - 5163,AL/MC,LL - Studio;A Vw;A Loc;B Sz,1,1,100%
5/31/2026,Southwest Indiana,Terre Haute HC - 5163,AL/MC,LL - Studio;A Vw;B Loc;B Sz,0,1,0%
5/31/2026,Southwest Indiana,Terre Haute HC - 5163,AL/MC,LL - Studio;A Vw;C Loc;B Sz,4,4,100%
5/31/2026,Southwest Indiana,Terre Haute HC - 5163,AL/MC,LL - Studio;B Vw;A Loc;B Sz,0,1,0%
5/31/2026,Southwest Indiana,Terre Haute HC - 5163,AL/MC,LL - Studio;B Vw;B Loc;B Sz,1,1,100%
5/31/2026,Southwest Indiana,Terre Haute HC - 5163,AL/MC,LL - Studio;B Vw;C Loc;B Sz,1,1,100%
5/31/2026,Southwest Indiana,Terre Haute HC - 5163,HC,Companion,14,14,100%
5/31/2026,Southwest Indiana,Terre Haute HC - 5163,HC,Private,41.7,46,91%
5/31/2026,Southwest Indiana,Vincennes - 131,AL,Companion,3.2,4,79%
5/31/2026,Southwest Indiana,Vincennes - 131,AL,Studio - Private,15,18,83%
5/31/2026,Southwest Indiana,Vincennes - 131,HC,Companion,35.5,38,93%
5/31/2026,Southwest Indiana,Vincennes - 131,HC,Private,4,4,100%
5/31/2026,Southwest Indiana,Vincennes - 131,HC,Private Deluxe,9,9,100%
5/31/2026,Southwest Indiana,Vincennes - 131,HC,TCU - Companion,6,13,46%
5/31/2026,Southwest Indiana,Vincennes - 131,HC,TCU - Private,14.7,16,92%
5/31/2026,Southwest Indiana,Washington - 305,AL,Companion,3,4,75%
5/31/2026,Southwest Indiana,Washington - 305,AL,Studio - Private,16,16,100%
5/31/2026,Southwest Indiana,Washington - 305,AL/MC,Legacy Lane - Companion,3,3,100%
5/31/2026,Southwest Indiana,Washington - 305,AL/MC,Legacy Lane - Private,8,8,100%
5/31/2026,Southwest Indiana,Washington - 305,HC,Companion,18.7,19,98%
5/31/2026,Southwest Indiana,Washington - 305,HC,Private,22.7,23,99%
5/31/2026,Southwest Indiana,Washington - 305,HC/MC,Legacy Lane - Companion,4,6,67%
5/31/2026,Southwest Indiana,Washington - 305,HC/MC,Legacy Lane - Private,4,7,57%
5/31/2026,Southwest Indiana,Washington - 305,VIL,Independent Living - Villa 1,18,18,100%
5/31/2026,Southwest Indiana,Washington - 305,VIL,Villa 1 BR,3,4,75%
5/31/2026,Southwest Indiana,Washington - 305,VIL,Villa 2 BR,6,6,100%
5/31/2026,Southwest Ohio,Colerain - 412,AL,Companion,3,3,100%
5/31/2026,Southwest Ohio,Colerain - 412,AL,Studio - Companion,7,7,100%
5/31/2026,Southwest Ohio,Colerain - 412,AL,Studio - Private,5,5,100%
5/31/2026,Southwest Ohio,Colerain - 412,AL/MC,Legacy-Compan;A Vw;C Loc;B Sz,3,3,100%
5/31/2026,Southwest Ohio,Colerain - 412,AL/MC,Legacy-Studio;A Vw;C Loc;B Sz,4,4,100%
5/31/2026,Southwest Ohio,Colerain - 412,AL/MC,Legacy-Studio;C Vw;A Loc;B Sz,4,4,100%
5/31/2026,Southwest Ohio,Colerain - 412,HC,Companion,27.8,30,93%
5/31/2026,Southwest Ohio,Colerain - 412,HC,Private,23.7,26,91%
5/31/2026,Southwest Ohio,Colerain - 412,VIL,Independent Living - Villa,0,0,0%
5/31/2026,Southwest Ohio,Colerain - 412,VIL,Patio Home 1BR,20,20,100%
5/31/2026,Southwest Ohio,Colerain - 412,VIL,Patio Home 2BR,8,8,100%
5/31/2026,Southwest Ohio,Englewood - 416,AL,Companion,3,3,100%
5/31/2026,Southwest Ohio,Englewood - 416,AL,Companion - 400 Hall,2,2,100%
5/31/2026,Southwest Ohio,Englewood - 416,AL,Studio - Private,15.5,18,86%
5/31/2026,Southwest Ohio,Englewood - 416,AL,Studio - Private - 400 Hall,8,10,80%
5/31/2026,Southwest Ohio,Englewood - 416,AL,Studio - Private A,1,1,100%
5/31/2026,Southwest Ohio,Englewood - 416,AL/MC,Legacy Bldng - Companion,1,1,100%
5/31/2026,Southwest Ohio,Englewood - 416,AL/MC,Legacy Bldng - Private,16,17,94%
5/31/2026,Southwest Ohio,Englewood - 416,AL/MC,Legacy Bldng - Private Deluxe,2,2,100%
5/31/2026,Southwest Ohio,Englewood - 416,HC,Companion,7.8,8,98%
5/31/2026,Southwest Ohio,Englewood - 416,HC,Private,51,51,100%
5/31/2026,Southwest Ohio,Englewood - 416,HC/MC,Legacy Lane - Companion,5,6,83%
5/31/2026,Southwest Ohio,Englewood - 416,HC/MC,Legacy Lane - Private,5,5,100%
5/31/2026,Southwest Ohio,Englewood - 416,VIL,1BR;A Location,6,6,100%
5/31/2026,Southwest Ohio,Englewood - 416,VIL,1BR;A Location;With Patio,2,2,100%
5/31/2026,Southwest Ohio,Englewood - 416,VIL,1BR;B Location,1,1,100%
5/31/2026,Southwest Ohio,Englewood - 416,VIL,1BR;B Location;With Patio,1,1,100%
5/31/2026,Southwest Ohio,Englewood - 416,VIL,2BR;A Location,11,11,100%
5/31/2026,Southwest Ohio,Englewood - 416,VIL,2BR;A Location;With Patio,3,3,100%
5/31/2026,Southwest Ohio,Englewood - 416,VIL,2BR;B Location,2,2,100%
5/31/2026,Southwest Ohio,Englewood - 416,VIL,2BR;C Location,3,3,100%
5/31/2026,Southwest Ohio,Englewood - 416,VIL,2BR;C Location;With Patio,1,1,100%
5/31/2026,Southwest Ohio,Hamilton - 439,AL,Compan;A Vw;C Loc;A Sz,2,2,100%
5/31/2026,Southwest Ohio,Hamilton - 439,AL,Compan;A Vw;C Loc;B Sz,2,2,100%
5/31/2026,Southwest Ohio,Hamilton - 439,AL,Studio;A Vw;A Loc;B Sz,3,3,100%
5/31/2026,Southwest Ohio,Hamilton - 439,AL,Studio;A Vw;B Loc;B Sz,2,2,100%
5/31/2026,Southwest Ohio,Hamilton - 439,AL,Studio;A Vw;C Loc;B Sz,7,8,88%
5/31/2026,Southwest Ohio,Hamilton - 439,AL,Studio;B Vw;B Loc;B Sz,1,1,100%
5/31/2026,Southwest Ohio,Hamilton - 439,AL,Studio;C Vw;B Loc;B Sz,0,1,0%
5/31/2026,Southwest Ohio,Hamilton - 439,AL/MC,MC-Compan;A Vw;B Loc;B Sz,2,2,100%
5/31/2026,Southwest Ohio,Hamilton - 439,AL/MC,MC-Compan;C Vw;B Loc;B Sz,1,1,100%
5/31/2026,Southwest Ohio,Hamilton - 439,AL/MC,MC-Studio;A Vw;A Loc;B Sz,2,2,100%
5/31/2026,Southwest Ohio,Hamilton - 439,AL/MC,MC-Studio;A Vw;C Loc;B Sz,5,5,100%
5/31/2026,Southwest Ohio,Hamilton - 439,AL/MC,MC-Studio;B Vw;C Loc;B Sz,1,1,100%
5/31/2026,Southwest Ohio,Hamilton - 439,AL/MC,MC-Studio;C Vw;C Loc;B Sz,4,4,100%
5/31/2026,Southwest Ohio,Hamilton - 439,HC,Compan;A Vw;A Loc;B Sz,1,2,50%
5/31/2026,Southwest Ohio,Hamilton - 439,HC,Compan;A Vw;B Loc;B Sz,2,2,100%
5/31/2026,Southwest Ohio,Hamilton - 439,HC,Compan;A Vw;C Loc;B Sz,2,2,100%
5/31/2026,Southwest Ohio,Hamilton - 439,HC,Compan;C Vw;A Loc;B Sz,5,6,83%
5/31/2026,Southwest Ohio,Hamilton - 439,HC,Compan;C Vw;B Loc;B Sz,4,4,100%
5/31/2026,Southwest Ohio,Hamilton - 439,HC,Compan;C Vw;C Loc;B Sz,2,2,100%
5/31/2026,Southwest Ohio,Hamilton - 439,HC,Studio Dlx;A Vw;B Loc;B Sz,1,1,100%
5/31/2026,Southwest Ohio,Hamilton - 439,HC,Studio Dlx;C Vw;A Loc;B Sz,2,2,100%
5/31/2026,Southwest Ohio,Hamilton - 439,HC,Studio;A Vw;A Loc;B Sz,2,2,100%
5/31/2026,Southwest Ohio,Hamilton - 439,HC,Studio;A Vw;B Loc;B Sz,1,1,100%
5/31/2026,Southwest Ohio,Hamilton - 439,HC,Studio;A Vw;C Loc;B Sz,10,10,100%
5/31/2026,Southwest Ohio,Hamilton - 439,HC,Studio;C Vw;A Loc;B Sz,3,3,100%
5/31/2026,Southwest Ohio,Hamilton - 439,HC,Studio;C Vw;B Loc;B Sz,1,1,100%
5/31/2026,Southwest Ohio,Hamilton - 439,HC,Studio;C Vw;C Loc;B Sz,15,15,100%
5/31/2026,Southwest Ohio,Harrison - 442,AL,Compan;A Vw;C Loc;A Sz,2,2,100%
5/31/2026,Southwest Ohio,Harrison - 442,AL,Compan;B Vw;C Loc;B Sz,1,1,100%
5/31/2026,Southwest Ohio,Harrison - 442,AL,Compan;C Vw;C Loc;B Sz,1,1,100%
5/31/2026,Southwest Ohio,Harrison - 442,AL,Studio - Double,0,0,0%
5/31/2026,Southwest Ohio,Harrison - 442,AL,Studio;A Vw;A Loc;B Sz,3,3,100%
5/31/2026,Southwest Ohio,Harrison - 442,AL,Studio;A Vw;B Loc;B Sz,1,1,100%
5/31/2026,Southwest Ohio,Harrison - 442,AL,Studio;A Vw;C Loc;B Sz,9,9,100%
5/31/2026,Southwest Ohio,Harrison - 442,AL,Studio;C Vw;B Loc;B Sz,1,1,100%
5/31/2026,Southwest Ohio,Harrison - 442,AL,Studio;C Vw;C Loc;B Sz,1,1,100%
5/31/2026,Southwest Ohio,Harrison - 442,AL/MC,MC-Compan;A Vw;A Loc;B Sz,1,1,100%
5/31/2026,Southwest Ohio,Harrison - 442,AL/MC,MC-Compan;A Vw;B Loc;B Sz,1,1,100%
5/31/2026,Southwest Ohio,Harrison - 442,AL/MC,MC-Compan;C Vw;B Loc;A Sz,1,1,100%
5/31/2026,Southwest Ohio,Harrison - 442,AL/MC,MC-Studio;A Vw;A Loc;B Sz,2,2,100%
5/31/2026,Southwest Ohio,Harrison - 442,AL/MC,MC-Studio;A Vw;C Loc;B Sz,5,5,100%
5/31/2026,Southwest Ohio,Harrison - 442,AL/MC,MC-Studio;B Vw;C Loc;B Sz,1,2,50%
5/31/2026,Southwest Ohio,Harrison - 442,AL/MC,MC-Studio;C Vw;C Loc;B Sz,3,3,100%
5/31/2026,Southwest Ohio,Harrison - 442,HC,Compan;A Vw;C Loc;B Sz,4,4,100%
5/31/2026,Southwest Ohio,Harrison - 442,HC,Compan;B Vw;C Loc;B Sz,1,2,50%
5/31/2026,Southwest Ohio,Harrison - 442,HC,Compan;C Vw;A Loc;B Sz,2,2,100%
5/31/2026,Southwest Ohio,Harrison - 442,HC,Compan;C Vw;B Loc;B Sz,2,2,100%
5/31/2026,Southwest Ohio,Harrison - 442,HC,Compan;C Vw;C Loc;B Sz,6,6,100%
5/31/2026,Southwest Ohio,Harrison - 442,HC,Studio Dlx;A Vw;A Loc;C Sz,0.7,1,67%
5/31/2026,Southwest Ohio,Harrison - 442,HC,Studio Dlx;C Vw;B Loc;B Sz,4,4,100%
5/31/2026,Southwest Ohio,Harrison - 442,HC,Studio;A Vw;B Loc;B Sz,3,3,100%
5/31/2026,Southwest Ohio,Harrison - 442,HC,Studio;A Vw;C Loc;B Sz,6.3,7,90%
5/31/2026,Southwest Ohio,Harrison - 442,HC,Studio;B Vw;C Loc;B Sz,6.2,7,88%
5/31/2026,Southwest Ohio,Harrison - 442,HC,Studio;C Vw;A Loc;B Sz,4,4,100%
5/31/2026,Southwest Ohio,Harrison - 442,HC,Studio;C Vw;C Loc;B Sz,10.3,12,86%
5/31/2026,Southwest Ohio,Harrison - 442,SL,1BR;A Vw;B Loc;A Sz,1,1,100%
5/31/2026,Southwest Ohio,Harrison - 442,SL,1BR;A Vw;B Loc;B Sz,1,1,100%
5/31/2026,Southwest Ohio,Harrison - 442,SL,1BR;A Vw;C Loc;A Sz,1,1,100%
5/31/2026,Southwest Ohio,Harrison - 442,SL,1BR;A Vw;C Loc;B Sz,9,9,100%
5/31/2026,Southwest Ohio,Harrison - 442,SL,1BR;C Vw;A Loc;B Sz,3,3,100%
5/31/2026,Southwest Ohio,Harrison - 442,SL,1BR;C Vw;B Loc;A Sz,1,1,100%
5/31/2026,Southwest Ohio,Harrison - 442,SL,1BR;C Vw;C Loc;A Sz,1,1,100%
5/31/2026,Southwest Ohio,Harrison - 442,SL,1BR;C Vw;C Loc;B Sz,2,2,100%
5/31/2026,Southwest Ohio,Harrison - 442,SL,1BR;C Vw;C Loc;C Sz,1,1,100%
5/31/2026,Southwest Ohio,Harrison - 442,SL,Studio;A Vw;C Loc;A Sz,2,2,100%
5/31/2026,Southwest Ohio,Harrison - 442,SL,Studio;B Vw;C Loc;B Sz,1,1,100%
5/31/2026,Southwest Ohio,Harrison - 442,SL,Studio;C Vw;C Loc;B Sz,1,1,100%
5/31/2026,Southwest Ohio,Liberty Township - 441,AL,Compan;A Vw;C Loc;A Sz,2,2,100%
5/31/2026,Southwest Ohio,Liberty Township - 441,AL,Compan;C Vw;C Loc;B Sz,2,2,100%
5/31/2026,Southwest Ohio,Liberty Township - 441,AL,Studio;A Vw;A Loc;B Sz,5,5,100%
5/31/2026,Southwest Ohio,Liberty Township - 441,AL,Studio;A Vw;B Loc;B Sz,8,8,100%
5/31/2026,Southwest Ohio,Liberty Township - 441,AL,Studio;C Vw;A Loc;B Sz,2,2,100%
5/31/2026,Southwest Ohio,Liberty Township - 441,AL/MC,MC-Compan;A Vw;C Loc;B Sz,2,2,100%
5/31/2026,Southwest Ohio,Liberty Township - 441,AL/MC,MC-Compan;C Vw;C Loc;B Sz,1,1,100%
5/31/2026,Southwest Ohio,Liberty Township - 441,AL/MC,MC-Studio;A Vw;A Loc;B Sz,2,2,100%
5/31/2026,Southwest Ohio,Liberty Township - 441,AL/MC,MC-Studio;A Vw;C Loc;B Sz,5,5,100%
5/31/2026,Southwest Ohio,Liberty Township - 441,AL/MC,MC-Studio;C Vw;C Loc;B Sz,4.3,5,87%
5/31/2026,Southwest Ohio,Liberty Township - 441,HC,Compan;A Vw;C Loc;B Sz,3,4,75%
5/31/2026,Southwest Ohio,Liberty Township - 441,HC,Compan;C Vw;C Loc;B Sz,3,8,38%
5/31/2026,Southwest Ohio,Liberty Township - 441,HC,Studio Dlx;A Vw;A Loc;C Sz,0.7,1,67%
5/31/2026,Southwest Ohio,Liberty Township - 441,HC,Studio;A Vw;B Loc;B Sz,3.8,4,96%
5/31/2026,Southwest Ohio,Liberty Township - 441,HC,Studio;A Vw;C Loc;B Sz,4.3,9,48%
5/31/2026,Southwest Ohio,Liberty Township - 441,HC,Studio;C Vw;B Loc;B Sz,6.8,7,98%
5/31/2026,Southwest Ohio,Liberty Township - 441,HC,Studio;C Vw;C Loc;B Sz,13,21,62%
5/31/2026,Southwest Ohio,Liberty Township - 441,SL,2 FL 1BR;A Vw;C Loc;B Sz,11,11,100%
5/31/2026,Southwest Ohio,Liberty Township - 441,SL,2 FL 1BR;C Vw;A Loc;B Sz,3,3,100%
5/31/2026,Southwest Ohio,Liberty Township - 441,SL,2 FL 1BR;C Vw;C Loc;B Sz,5,5,100%
5/31/2026,Southwest Ohio,Liberty Township - 441,SL,2 FL 1BR;C Vw;C Loc;C Sz,1,1,100%
5/31/2026,Southwest Ohio,Liberty Township - 441,SL,2 FL Studio;A Vw;C Loc;B Sz,3,3,100%
5/31/2026,Southwest Ohio,Liberty Township - 441,SL,2 FL Studio;C Vw;C Loc;B Sz,2,2,100%
5/31/2026,Southwest Ohio,Miami Township - 440,AL,Compan;A Vw;C Loc;A Sz,2,2,100%
5/31/2026,Southwest Ohio,Miami Township - 440,AL,Compan;B Vw;C Loc;B Sz,2,2,100%
5/31/2026,Southwest Ohio,Miami Township - 440,AL,Studio ABB - Double,1,1,100%
5/31/2026,Southwest Ohio,Miami Township - 440,AL,Studio;A Vw;A Loc;B Sz,3,3,100%
5/31/2026,Southwest Ohio,Miami Township - 440,AL,Studio;A Vw;C Loc;B Sz,9,9,100%
5/31/2026,Southwest Ohio,Miami Township - 440,AL,Studio;C Vw;B Loc;B Sz,1,1,100%
5/31/2026,Southwest Ohio,Miami Township - 440,AL,Studio;C Vw;C Loc;B Sz,1,1,100%
5/31/2026,Southwest Ohio,Miami Township - 440,AL/MC,MC-Compan;A Vw;A Loc;B Sz,1,1,100%
5/31/2026,Southwest Ohio,Miami Township - 440,AL/MC,MC-Compan;A Vw;B Loc;B Sz,1,1,100%
5/31/2026,Southwest Ohio,Miami Township - 440,AL/MC,MC-Compan;C Vw;B Loc;A Sz,1,1,100%
5/31/2026,Southwest Ohio,Miami Township - 440,AL/MC,MC-Studio;A Vw;A Loc;B Sz,2,2,100%
5/31/2026,Southwest Ohio,Miami Township - 440,AL/MC,MC-Studio;A Vw;C Loc;B Sz,4,5,80%
5/31/2026,Southwest Ohio,Miami Township - 440,AL/MC,MC-Studio;B Vw;C Loc;B Sz,2,2,100%
5/31/2026,Southwest Ohio,Miami Township - 440,AL/MC,MC-Studio;C Vw;C Loc;B Sz,3,3,100%
5/31/2026,Southwest Ohio,Miami Township - 440,HC,Compan;A Vw;C Loc;B Sz,4,4,100%
5/31/2026,Southwest Ohio,Miami Township - 440,HC,Compan;B Vw;C Loc;B Sz,2,2,100%
5/31/2026,Southwest Ohio,Miami Township - 440,HC,Compan;C Vw;A Loc;B Sz,2,2,100%
5/31/2026,Southwest Ohio,Miami Township - 440,HC,Compan;C Vw;B Loc;B Sz,6,6,100%
5/31/2026,Southwest Ohio,Miami Township - 440,HC,Compan;C Vw;C Loc;B Sz,6,6,100%
5/31/2026,Southwest Ohio,Miami Township - 440,HC,Studio Dlx;A Vw;A Loc;C Sz,1,1,100%
5/31/2026,Southwest Ohio,Miami Township - 440,HC,Studio;A Vw;B Loc;B Sz,3,3,100%
5/31/2026,Southwest Ohio,Miami Township - 440,HC,Studio;A Vw;C Loc;B Sz,7,7,100%
5/31/2026,Southwest Ohio,Miami Township - 440,HC,Studio;B Vw;C Loc;B Sz,7,7,100%
5/31/2026,Southwest Ohio,Miami Township - 440,HC,Studio;C Vw;A Loc;B Sz,4,4,100%
5/31/2026,Southwest Ohio,Miami Township - 440,HC,Studio;C Vw;C Loc;B Sz,11.7,12,97%
5/31/2026,Southwest Ohio,Miami Township - 440,SL,1BR;A Vw;C Loc;A Sz,2,2,100%
5/31/2026,Southwest Ohio,Miami Township - 440,SL,1BR;A Vw;C Loc;B Sz,9,10,90%
5/31/2026,Southwest Ohio,Miami Township - 440,SL,1BR;C Vw;A Loc;B Sz,3,3,100%
5/31/2026,Southwest Ohio,Miami Township - 440,SL,1BR;C Vw;C Loc;A Sz,1.5,2,75%
5/31/2026,Southwest Ohio,Miami Township - 440,SL,1BR;C Vw;C Loc;B Sz,2,2,100%
5/31/2026,Southwest Ohio,Miami Township - 440,SL,1BR;C Vw;C Loc;C Sz,1,1,100%
5/31/2026,Southwest Ohio,Miami Township - 440,SL,Studio;A Vw;C Loc;A Sz,2,2,100%
5/31/2026,Southwest Ohio,Miami Township - 440,SL,Studio;B Vw;C Loc;B Sz,2,2,100%
5/31/2026,Southwest Ohio,Richmond FP - 123,AL,Companion,3,4,75%
5/31/2026,Southwest Ohio,Richmond FP - 123,AL,Studio - Companion,3,3,100%
5/31/2026,Southwest Ohio,Richmond FP - 123,AL,Studio - Private,13,15,87%
5/31/2026,Southwest Ohio,Richmond FP - 123,AL/MC,MC Companion,2,2,100%
5/31/2026,Southwest Ohio,Richmond FP - 123,AL/MC,MC Studio,8,9,89%
5/31/2026,Southwest Ohio,Richmond FP - 123,HC,Companion,44.5,50,89%
5/31/2026,Southwest Ohio,Richmond FP - 123,HC,Private,5.3,8,67%
5/31/2026,Southwest Ohio,Richmond SR - 5173,AL,Studio - Private,14.3,15,96%
5/31/2026,Southwest Ohio,Richmond SR - 5173,HC,Private,50.8,56,91%
5/31/2026,Southwest Ohio,Springfield WG - 2429,AL,"Compan-Cbl,Frnt V,PbArea,SqFt",1,1,100%
5/31/2026,Southwest Ohio,Springfield WG - 2429,AL,"Companion - Cbl,Crt V",1,1,100%
5/31/2026,Southwest Ohio,Springfield WG - 2429,AL,"Companion - Cbl,Frnt V",3,3,100%
5/31/2026,Southwest Ohio,Springfield WG - 2429,AL,"Companion - Cbl,Frnt V,Sq Ft",0,0,0%
5/31/2026,Southwest Ohio,Springfield WG - 2429,AL,"Companion - Cbl,Glf V,Sq Ft",2,2,100%
5/31/2026,Southwest Ohio,Springfield WG - 2429,AL,"Companion - Cbl,PbArea,Crt V",1,1,100%
5/31/2026,Southwest Ohio,Springfield WG - 2429,AL,"Studio - Cbl,Crt V",2,2,100%
5/31/2026,Southwest Ohio,Springfield WG - 2429,AL,"Studio - Cbl,Crt V,Sq Ft",1,1,100%
5/31/2026,Southwest Ohio,Springfield WG - 2429,AL,"Studio - Cbl,Frnt V",6,6,100%
5/31/2026,Southwest Ohio,Springfield WG - 2429,AL,"Studio - Cbl,Frnt V,Pb Area",3,3,100%
5/31/2026,Southwest Ohio,Springfield WG - 2429,AL,"Studio - Cbl,Frnt V,Sq Ft",1,1,100%
5/31/2026,Southwest Ohio,Springfield WG - 2429,AL,"Studio - Cbl,Glf V",4,4,100%
5/31/2026,Southwest Ohio,Springfield WG - 2429,AL,"Studio - Cbl,Glf V,Pb Area",4,4,100%
5/31/2026,Southwest Ohio,Springfield WG - 2429,AL,"Studio - Cbl,Glf V,Sq Ft",1,1,100%
5/31/2026,Southwest Ohio,Springfield WG - 2429,AL,Studio DLX,1,1,100%
5/31/2026,Southwest Ohio,Springfield WG - 2429,HC,Companion - Cbl;Crt V,8,8,100%
5/31/2026,Southwest Ohio,Springfield WG - 2429,HC,Companion - Cbl;Frnt V,4,4,100%
5/31/2026,Southwest Ohio,Springfield WG - 2429,HC,Companion - Cbl;Pb Area;Crt V,4,4,100%
5/31/2026,Southwest Ohio,Springfield WG - 2429,HC,Deluxe - Cbl;Crt V,1,1,100%
5/31/2026,Southwest Ohio,Springfield WG - 2429,HC,Deluxe - Cbl;Frnt V,2,2,100%
5/31/2026,Southwest Ohio,Springfield WG - 2429,HC,Private - Cbl;Crt V,21.8,22,99%
5/31/2026,Southwest Ohio,Springfield WG - 2429,HC,Private - Cbl;Frnt V,6.2,7,88%
5/31/2026,Southwest Ohio,Springfield WG - 2429,HC,Private - Cbl;Frnt V;Pb Area,2.7,3,89%
5/31/2026,Southwest Ohio,Springfield WG - 2429,HC,Private - Cbl;Pb Area;Crt V,3,3,100%
5/31/2026,Southwest Ohio,Springfield WG - 2429,SL,One Bedroom  701,1,1,100%
5/31/2026,Southwest Ohio,Springfield WG - 2429,SL,One Bedroom  702,1,1,100%
5/31/2026,Southwest Ohio,Springfield WG - 2429,SL,One Bedroom  703,1,1,100%
5/31/2026,Southwest Ohio,Springfield WG - 2429,SL,One Bedroom  704,1,1,100%
5/31/2026,Southwest Ohio,Springfield WG - 2429,SL,One Bedroom  705,1,1,100%
5/31/2026,Southwest Ohio,Springfield WG - 2429,SL,One Bedroom  706,1,1,100%
5/31/2026,Southwest Ohio,Springfield WG - 2429,SL,One Bedroom 711,1,1,100%
5/31/2026,Southwest Ohio,Springfield WG - 2429,SL,One Bedroom 712,1,1,100%
5/31/2026,Southwest Ohio,Springfield WG - 2429,SL,One Bedroom 713,1,1,100%
5/31/2026,Southwest Ohio,Springfield WG - 2429,SL,One Bedroom 714,1,1,100%
5/31/2026,Southwest Ohio,Springfield WG - 2429,SL,One Bedroom 801,1,1,100%
5/31/2026,Southwest Ohio,Springfield WG - 2429,SL,One Bedroom 802,1,1,100%
5/31/2026,Southwest Ohio,Springfield WG - 2429,SL,One Bedroom 803,0,1,0%
5/31/2026,Southwest Ohio,Springfield WG - 2429,SL,One Bedroom 804,1,1,100%
5/31/2026,Southwest Ohio,Springfield WG - 2429,SL,One Bedroom 805,1,1,100%
5/31/2026,Southwest Ohio,Springfield WG - 2429,SL,One Bedroom 806,1,1,100%
5/31/2026,Southwest Ohio,Springfield WG - 2429,SL,Studio 707,1,1,100%
5/31/2026,Southwest Ohio,Springfield WG - 2429,SL,Studio 708,1,1,100%
5/31/2026,Southwest Ohio,Springfield WG - 2429,SL,Studio 709,1,1,100%
5/31/2026,Southwest Ohio,Springfield WG - 2429,SL,Studio 710,1,1,100%
5/31/2026,Southwest Ohio,Union Township - 434,AL,Compan;A Vw;C Loc;C Sz,2,2,100%
5/31/2026,Southwest Ohio,Union Township - 434,AL,Compan;B Vw;C Loc;B Sz,2,2,100%
5/31/2026,Southwest Ohio,Union Township - 434,AL,Studio;A Vw;B Loc;B Sz,1,1,100%
5/31/2026,Southwest Ohio,Union Township - 434,AL,Studio;A Vw;C Loc;B Sz,4,4,100%
5/31/2026,Southwest Ohio,Union Township - 434,AL,Studio;A Vw;C Loc;C Sz,1,1,100%
5/31/2026,Southwest Ohio,Union Township - 434,AL,Studio;B Vw;A Loc;B Sz,3,3,100%
5/31/2026,Southwest Ohio,Union Township - 434,AL,Studio;B Vw;B Loc;B Sz,1,1,100%
5/31/2026,Southwest Ohio,Union Township - 434,AL,Studio;B Vw;C Loc;B Sz,4,4,100%
5/31/2026,Southwest Ohio,Union Township - 434,AL,Studio;B Vw;C Loc;C Sz,1,1,100%
5/31/2026,Southwest Ohio,Union Township - 434,AL/MC,Legacy Compan;A Vw;B Loc;B Sz,2,2,100%
5/31/2026,Southwest Ohio,Union Township - 434,AL/MC,Legacy Compan;C Vw;B Loc;C Sz,1,1,100%
5/31/2026,Southwest Ohio,Union Township - 434,AL/MC,Legacy Studio;A Vw;A Loc;B Sz,0,2,0%
5/31/2026,Southwest Ohio,Union Township - 434,AL/MC,Legacy Studio;A Vw;C Loc;A Sz,1,1,100%
5/31/2026,Southwest Ohio,Union Township - 434,AL/MC,Legacy Studio;A Vw;C Loc;B Sz,1,1,100%
5/31/2026,Southwest Ohio,Union Township - 434,AL/MC,Legacy Studio;C Vw;C Loc;A Sz,2,2,100%
5/31/2026,Southwest Ohio,Union Township - 434,AL/MC,Legacy Studio;C Vw;C Loc;B Sz,1,2,50%
5/31/2026,Southwest Ohio,Union Township - 434,HC,Compan;C Vw;A Loc;B Sz,4,4,100%
5/31/2026,Southwest Ohio,Union Township - 434,HC,Compan;C Vw;B Loc;B Sz,2,2,100%
5/31/2026,Southwest Ohio,Union Township - 434,HC,Compan;C Vw;C Loc;B Sz,10,10,100%
5/31/2026,Southwest Ohio,Union Township - 434,HC,Studio Dlx;C Vw;B Loc;B Sz,1,1,100%
5/31/2026,Southwest Ohio,Union Township - 434,HC,Studio;B Vw;A Loc;B Sz,2,2,100%
5/31/2026,Southwest Ohio,Union Township - 434,HC,Studio;B Vw;C Loc;B Sz,2,2,100%
5/31/2026,Southwest Ohio,Union Township - 434,HC,Studio;C Vw;A Loc;B Sz,2,2,100%
5/31/2026,Southwest Ohio,Union Township - 434,HC,Studio;C Vw;B Loc;B Sz,2,2,100%
5/31/2026,Southwest Ohio,Union Township - 434,HC,Studio;C Vw;C Loc;B Sz,16.3,17,96%
5/31/2026,Southwest Ohio,Union Township - 434,HC/MC,MC-Compan;B Vw;C Loc;B Sz,4,4,100%
5/31/2026,Southwest Ohio,Union Township - 434,HC/MC,MC-Compan;C Vw;C Loc;B Sz,2,2,100%
5/31/2026,Southwest Ohio,Union Township - 434,HC/MC,MC-Studio;B Vw;A Loc;B Sz,0.8,1,83%
5/31/2026,Southwest Ohio,Union Township - 434,HC/MC,MC-Studio;B Vw;B Loc;B Sz,1,1,100%
5/31/2026,Southwest Ohio,Union Township - 434,HC/MC,MC-Studio;B Vw;C Loc;B Sz,1,1,100%
5/31/2026,Southwest Ohio,Union Township - 434,HC/MC,MC-Studio;C Vw;A Loc;B Sz,1,1,100%
5/31/2026,Southwest Ohio,Union Township - 434,HC/MC,MC-Studio;C Vw;B Loc;B Sz,0,0,0%
5/31/2026,Southwest Ohio,Union Township - 434,HC/MC,MC-Studio;C Vw;C Loc;B Sz,2,2,100%
5/31/2026,Southwest Ohio,Union Township - 434,SL,1BR;A Vw;A Loc;B Sz,1,1,100%
5/31/2026,Southwest Ohio,Union Township - 434,SL,1BR;A Vw;B Loc;A Sz,2,2,100%
5/31/2026,Southwest Ohio,Union Township - 434,SL,1BR;A Vw;C Loc;A Sz,0,1,0%
5/31/2026,Southwest Ohio,Union Township - 434,SL,1BR;A Vw;C Loc;B Sz,1,2,50%
5/31/2026,Southwest Ohio,Union Township - 434,SL,1BR;A Vw;C Loc;C Sz,1,1,100%
5/31/2026,Southwest Ohio,Union Township - 434,SL,1BR;B Vw;A Loc;B Sz,1,1,100%
5/31/2026,Southwest Ohio,Union Township - 434,SL,1BR;B Vw;B Loc;B Sz,2,2,100%
5/31/2026,Southwest Ohio,Union Township - 434,SL,1BR;B Vw;C Loc;B Sz,1,1,100%
5/31/2026,Southwest Ohio,Union Township - 434,SL,1BR;B Vw;C Loc;C Sz,1,1,100%
5/31/2026,Southwest Ohio,Union Township - 434,SL,1BR;C Vw;B Loc;B Sz,2,2,100%
5/31/2026,Southwest Ohio,Union Township - 434,SL,1BR;C Vw;C Loc;A Sz,1,1,100%
5/31/2026,Southwest Ohio,Union Township - 434,SL,1BR;C Vw;C Loc;B Sz,1,1,100%
5/31/2026,Southwest Ohio,Union Township - 434,SL,Studio;A Vw;C Loc;C Sz,2,2,100%
5/31/2026,Southwest Ohio,Union Township - 434,SL,Studio;B Vw;C Loc;B Sz,2,2,100%
