PKDate1,DisplayDept,DisplayPayer,BudgetResidentCensus,ActualResidentCensus,Textbox5,AvailableBeds,AvailableUnits,Budgeted_Occupied_Units,Units_Beds_Occupied,Unit_Bed_Vacancy,ADC,PADC,MTD_MCAdmits,MTD_MCDisch,Prior_MCAdmits,Prior_MCDisch,Licenensed_Beds_Units12,Unlicenensed_Beds_Units8,BudgetResidentCensus1,ActualResidentCensus1,Textbox29,AvailableBeds1,AvailableUnits1,Budgeted_Occupied_Units1,Units_Beds_Occupied1,Unit_Bed_Vacancy1,Textbox98,Textbox101,ADC1,PADC1,MTD_MCAdmits1,MTD_MCDisch1,Prior_MCAdmits1,Prior_MCDisch1,Licenensed_Beds_Units13,Unlicenensed_Beds_Units18,Textbox106,ActualResidentCensus2,Textbox108,AvailableBeds2,AvailableUnits2,Budgeted_Occupied_Units2,Units_Beds_Occupied2,Unit_Bed_Vacancy2,Textbox105,Textbox115,ADC2,PADC2,MTD_MCAdmits2,MTD_MCDisch2,Prior_MCAdmits2,Prior_MCDisch2,Licenensed_Beds_Units14,Unlicenensed_Beds_Units19
07/31/2026,01-HC,PRIVATE PAY,"1,348","1,389",41,"7,709",0,"6,969","1,389",0,"1,371","1,372",87,217,163,463,"1,389",0,"6,969","6,936",(33),"7,709",0,"6,969","6,936",770,90.40%,89.97%,"6,935","6,918","1,912","1,882","4,020","3,947","7,706",0,"14,239","14,217",(22),"8,175","7,144","13,944","13,858","1,420",91.03%,90.46%,"14,225","14,171","2,180","2,123","4,578","4,457","14,582","1,114"
07/31/2026,01-HC,HOSPICE,370,340,(30),0,0,0,340,0,335,340,6,31,8,60,340,0,"6,969","6,936",(33),"7,709",0,"6,969","6,936",770,90.40%,89.97%,"6,935","6,918","1,912","1,882","4,020","3,947","7,706",0,"14,239","14,217",(22),"8,175","7,144","13,944","13,858","1,420",91.03%,90.46%,"14,225","14,171","2,180","2,123","4,578","4,457","14,582","1,114"
07/31/2026,01-HC,MANAGED CARE,27,61,34,0,0,0,61,0,58,59,66,64,153,128,61,0,"6,969","6,936",(33),"7,709",0,"6,969","6,936",770,90.40%,89.97%,"6,935","6,918","1,912","1,882","4,020","3,947","7,706",0,"14,239","14,217",(22),"8,175","7,144","13,944","13,858","1,420",91.03%,90.46%,"14,225","14,171","2,180","2,123","4,578","4,457","14,582","1,114"
07/31/2026,01-HC,MEDICARE,"1,502","1,335",(167),0,0,0,"1,335",0,"1,375","1,354",853,665,"1,608","1,455","1,335",0,"6,969","6,936",(33),"7,709",0,"6,969","6,936",770,90.40%,89.97%,"6,935","6,918","1,912","1,882","4,020","3,947","7,706",0,"14,239","14,217",(22),"8,175","7,144","13,944","13,858","1,420",91.03%,90.46%,"14,225","14,171","2,180","2,123","4,578","4,457","14,582","1,114"
07/31/2026,01-HC,MEDICARE ADVANTAGE,"1,022","1,138",116,0,0,0,"1,138",0,"1,094","1,094",818,803,"1,936","1,617","1,138",0,"6,969","6,936",(33),"7,709",0,"6,969","6,936",770,90.40%,89.97%,"6,935","6,918","1,912","1,882","4,020","3,947","7,706",0,"14,239","14,217",(22),"8,175","7,144","13,944","13,858","1,420",91.03%,90.46%,"14,225","14,171","2,180","2,123","4,578","4,457","14,582","1,114"
07/31/2026,01-HC,MEDICAID,"2,689","2,641",(48),0,0,0,"2,641",0,"2,652","2,654",73,80,137,177,"2,641",0,"6,969","6,936",(33),"7,709",0,"6,969","6,936",770,90.40%,89.97%,"6,935","6,918","1,912","1,882","4,020","3,947","7,706",0,"14,239","14,217",(22),"8,175","7,144","13,944","13,858","1,420",91.03%,90.46%,"14,225","14,171","2,180","2,123","4,578","4,457","14,582","1,114"
07/31/2026,01-HC,BEDHOLDS,0,24,24,0,0,0,24,0,42,36,6,20,12,42,24,0,"6,969","6,936",(33),"7,709",0,"6,969","6,936",770,90.40%,89.97%,"6,935","6,918","1,912","1,882","4,020","3,947","7,706",0,"14,239","14,217",(22),"8,175","7,144","13,944","13,858","1,420",91.03%,90.46%,"14,225","14,171","2,180","2,123","4,578","4,457","14,582","1,114"
07/31/2026,01-HC,CONVERSIONS,12,8,(4),0,0,0,8,0,8,9,3,2,3,5,8,0,"6,969","6,936",(33),"7,709",0,"6,969","6,936",770,90.40%,89.97%,"6,935","6,918","1,912","1,882","4,020","3,947","7,706",0,"14,239","14,217",(22),"8,175","7,144","13,944","13,858","1,420",91.03%,90.46%,"14,225","14,171","2,180","2,123","4,578","4,457","14,582","1,114"
07/31/2026,01-HC,UNOCCUPIED,0,0,0,0,0,0,0,770,0,0,0,0,0,0,770,0,"6,969","6,936",(33),"7,709",0,"6,969","6,936",770,90.40%,89.97%,"6,935","6,918","1,912","1,882","4,020","3,947","7,706",0,"14,239","14,217",(22),"8,175","7,144","13,944","13,858","1,420",91.03%,90.46%,"14,225","14,171","2,180","2,123","4,578","4,457","14,582","1,114"
07/31/2026,02-HC Legacy,PRIVATE PAY,118,129,11,466,0,425,129,0,128,126,5,5,12,15,129,0,424,444,20,466,0,425,444,22,91.21%,95.28%,442,441,31,35,69,69,466,0,"14,239","14,217",(22),"8,175","7,144","13,944","13,858","1,420",91.03%,90.46%,"14,225","14,171","2,180","2,123","4,578","4,457","14,582","1,114"
07/31/2026,02-HC Legacy,HOSPICE,58,50,(8),0,0,0,50,0,49,53,0,4,1,10,50,0,424,444,20,466,0,425,444,22,91.21%,95.28%,442,441,31,35,69,69,466,0,"14,239","14,217",(22),"8,175","7,144","13,944","13,858","1,420",91.03%,90.46%,"14,225","14,171","2,180","2,123","4,578","4,457","14,582","1,114"
07/31/2026,02-HC Legacy,MANAGED CARE,0,2,2,0,0,0,2,0,2,1,5,5,6,7,2,0,424,444,20,466,0,425,444,22,91.21%,95.28%,442,441,31,35,69,69,466,0,"14,239","14,217",(22),"8,175","7,144","13,944","13,858","1,420",91.03%,90.46%,"14,225","14,171","2,180","2,123","4,578","4,457","14,582","1,114"
07/31/2026,02-HC Legacy,MEDICARE,23,16,(7),0,0,0,16,0,17,15,8,7,25,12,16,0,424,444,20,466,0,425,444,22,91.21%,95.28%,442,441,31,35,69,69,466,0,"14,239","14,217",(22),"8,175","7,144","13,944","13,858","1,420",91.03%,90.46%,"14,225","14,171","2,180","2,123","4,578","4,457","14,582","1,114"
07/31/2026,02-HC Legacy,MEDICARE ADVANTAGE,13,10,(3),0,0,0,10,0,9,12,6,5,17,14,10,0,424,444,20,466,0,425,444,22,91.21%,95.28%,442,441,31,35,69,69,466,0,"14,239","14,217",(22),"8,175","7,144","13,944","13,858","1,420",91.03%,90.46%,"14,225","14,171","2,180","2,123","4,578","4,457","14,582","1,114"
07/31/2026,02-HC Legacy,MEDICAID,211,231,20,0,0,0,231,0,230,230,5,7,7,9,231,0,424,444,20,466,0,425,444,22,91.21%,95.28%,442,441,31,35,69,69,466,0,"14,239","14,217",(22),"8,175","7,144","13,944","13,858","1,420",91.03%,90.46%,"14,225","14,171","2,180","2,123","4,578","4,457","14,582","1,114"
07/31/2026,02-HC Legacy,LEGACY - BEDHOLDS,0,3,3,0,0,0,3,0,2,1,1,1,0,1,3,0,424,444,20,466,0,425,444,22,91.21%,95.28%,442,441,31,35,69,69,466,0,"14,239","14,217",(22),"8,175","7,144","13,944","13,858","1,420",91.03%,90.46%,"14,225","14,171","2,180","2,123","4,578","4,457","14,582","1,114"
07/31/2026,02-HC Legacy,CONVERSIONS,0,3,3,0,0,0,3,0,3,3,1,1,1,1,3,0,424,444,20,466,0,425,444,22,91.21%,95.28%,442,441,31,35,69,69,466,0,"14,239","14,217",(22),"8,175","7,144","13,944","13,858","1,420",91.03%,90.46%,"14,225","14,171","2,180","2,123","4,578","4,457","14,582","1,114"
07/31/2026,02-HC Legacy,UNOCCUPIED,0,0,0,0,0,0,0,22,0,0,0,0,0,0,22,0,424,444,20,466,0,425,444,22,91.21%,95.28%,442,441,31,35,69,69,466,0,"14,239","14,217",(22),"8,175","7,144","13,944","13,858","1,420",91.03%,90.46%,"14,225","14,171","2,180","2,123","4,578","4,457","14,582","1,114"
07/31/2026,03-AL,PRIVATE PAY,"3,538","3,370",(168),0,"3,915","3,604","3,370",0,"3,380","3,365",113,81,228,193,"3,227",143,"3,746","3,743",(3),0,"3,915","3,604","3,591",311,92.07%,91.72%,"3,752","3,732",146,116,297,277,"3,726",376,"14,239","14,217",(22),"8,175","7,144","13,944","13,858","1,420",91.03%,90.46%,"14,225","14,171","2,180","2,123","4,578","4,457","14,582","1,114"
07/31/2026,03-AL,MEDICAID,77,82,5,0,0,0,82,0,84,83,7,2,8,12,82,0,"3,746","3,743",(3),0,"3,915","3,604","3,591",311,92.07%,91.72%,"3,752","3,732",146,116,297,277,"3,726",376,"14,239","14,217",(22),"8,175","7,144","13,944","13,858","1,420",91.03%,90.46%,"14,225","14,171","2,180","2,123","4,578","4,457","14,582","1,114"
07/31/2026,03-AL,BEDHOLDS,0,139,139,0,0,0,134,0,137,137,16,29,49,68,126,13,"3,746","3,743",(3),0,"3,915","3,604","3,591",311,92.07%,91.72%,"3,752","3,732",146,116,297,277,"3,726",376,"14,239","14,217",(22),"8,175","7,144","13,944","13,858","1,420",91.03%,90.46%,"14,225","14,171","2,180","2,123","4,578","4,457","14,582","1,114"
07/31/2026,03-AL,2ND OCCUPANT,131,152,21,0,0,0,5,0,151,147,10,4,12,4,0,152,"3,746","3,743",(3),0,"3,915","3,604","3,591",311,92.07%,91.72%,"3,752","3,732",146,116,297,277,"3,726",376,"14,239","14,217",(22),"8,175","7,144","13,944","13,858","1,420",91.03%,90.46%,"14,225","14,171","2,180","2,123","4,578","4,457","14,582","1,114"
07/31/2026,03-AL,UNOCCUPIED,0,0,0,0,0,0,0,311,0,0,0,0,0,0,291,68,"3,746","3,743",(3),0,"3,915","3,604","3,591",311,92.07%,91.72%,"3,752","3,732",146,116,297,277,"3,726",376,"14,239","14,217",(22),"8,175","7,144","13,944","13,858","1,420",91.03%,90.46%,"14,225","14,171","2,180","2,123","4,578","4,457","14,582","1,114"
07/31/2026,03-AL Legacy,LEGACY - PVT PAY,"1,504","1,469",(35),0,"1,636","1,521","1,468",0,"1,468","1,455",47,47,104,84,"1,414",55,"1,546","1,555",9,0,"1,636","1,521","1,503",133,92.97%,91.87%,"1,554","1,548",56,65,125,112,"1,575",123,"14,239","14,217",(22),"8,175","7,144","13,944","13,858","1,420",91.03%,90.46%,"14,225","14,171","2,180","2,123","4,578","4,457","14,582","1,114"
07/31/2026,03-AL Legacy,LEGACY - MEDICAID,6,5,(1),0,0,0,5,0,5,5,1,0,0,0,5,0,"1,546","1,555",9,0,"1,636","1,521","1,503",133,92.97%,91.87%,"1,554","1,548",56,65,125,112,"1,575",123,"14,239","14,217",(22),"8,175","7,144","13,944","13,858","1,420",91.03%,90.46%,"14,225","14,171","2,180","2,123","4,578","4,457","14,582","1,114"
07/31/2026,03-AL Legacy,LEGACY - BEDHOLDS,0,30,30,0,0,0,29,0,34,39,6,14,16,28,26,4,"1,546","1,555",9,0,"1,636","1,521","1,503",133,92.97%,91.87%,"1,554","1,548",56,65,125,112,"1,575",123,"14,239","14,217",(22),"8,175","7,144","13,944","13,858","1,420",91.03%,90.46%,"14,225","14,171","2,180","2,123","4,578","4,457","14,582","1,114"
07/31/2026,03-AL Legacy,LEGACY - 2ND OCCUPANT,35,51,16,0,0,0,1,0,46,50,2,4,5,0,0,51,"1,546","1,555",9,0,"1,636","1,521","1,503",133,92.97%,91.87%,"1,554","1,548",56,65,125,112,"1,575",123,"14,239","14,217",(22),"8,175","7,144","13,944","13,858","1,420",91.03%,90.46%,"14,225","14,171","2,180","2,123","4,578","4,457","14,582","1,114"
07/31/2026,03-AL Legacy,LEGACY - UNOCCUPIED,0,0,0,0,0,0,0,133,0,0,0,0,0,0,130,13,"1,546","1,555",9,0,"1,636","1,521","1,503",133,92.97%,91.87%,"1,554","1,548",56,65,125,112,"1,575",123,"14,239","14,217",(22),"8,175","7,144","13,944","13,858","1,420",91.03%,90.46%,"14,225","14,171","2,180","2,123","4,578","4,457","14,582","1,114"
07/31/2026,05-IL,PRIVATE PAY,776,766,(10),0,847,776,766,0,773,761,14,4,30,22,586,180,850,886,36,0,847,776,771,76,91.62%,91.03%,894,879,21,6,42,27,643,320,"14,239","14,217",(22),"8,175","7,144","13,944","13,858","1,420",91.03%,90.46%,"14,225","14,171","2,180","2,123","4,578","4,457","14,582","1,114"
07/31/2026,05-IL,BEDHOLDS,0,5,5,0,0,0,5,0,5,5,2,0,2,1,4,1,850,886,36,0,847,776,771,76,91.62%,91.03%,894,879,21,6,42,27,643,320,"14,239","14,217",(22),"8,175","7,144","13,944","13,858","1,420",91.03%,90.46%,"14,225","14,171","2,180","2,123","4,578","4,457","14,582","1,114"
07/31/2026,05-IL,2ND OCCUPANT,74,115,41,0,0,0,0,0,117,112,5,2,10,4,0,115,850,886,36,0,847,776,771,76,91.62%,91.03%,894,879,21,6,42,27,643,320,"14,239","14,217",(22),"8,175","7,144","13,944","13,858","1,420",91.03%,90.46%,"14,225","14,171","2,180","2,123","4,578","4,457","14,582","1,114"
07/31/2026,05-IL,UNOCCUPIED,0,0,0,0,0,0,0,76,0,0,0,0,0,0,53,24,850,886,36,0,847,776,771,76,91.62%,91.03%,894,879,21,6,42,27,643,320,"14,239","14,217",(22),"8,175","7,144","13,944","13,858","1,420",91.03%,90.46%,"14,225","14,171","2,180","2,123","4,578","4,457","14,582","1,114"
07/31/2026,06-SL,PRIVATE PAY,649,599,(50),0,737,649,599,0,598,600,13,16,17,17,383,216,704,653,(51),0,746,649,613,108,87.01%,82.17%,647,652,14,19,25,25,466,295,"14,239","14,217",(22),"8,175","7,144","13,944","13,858","1,420",91.03%,90.46%,"14,225","14,171","2,180","2,123","4,578","4,457","14,582","1,114"
07/31/2026,06-SL,BEDHOLDS,0,14,14,0,0,0,14,0,9,12,0,1,5,1,11,3,704,653,(51),0,746,649,613,108,87.01%,82.17%,647,652,14,19,25,25,466,295,"14,239","14,217",(22),"8,175","7,144","13,944","13,858","1,420",91.03%,90.46%,"14,225","14,171","2,180","2,123","4,578","4,457","14,582","1,114"
07/31/2026,06-SL,2ND OCCUPANT,55,40,(15),0,0,0,0,0,40,40,1,2,3,7,0,40,704,653,(51),0,746,649,613,108,87.01%,82.17%,647,652,14,19,25,25,466,295,"14,239","14,217",(22),"8,175","7,144","13,944","13,858","1,420",91.03%,90.46%,"14,225","14,171","2,180","2,123","4,578","4,457","14,582","1,114"
07/31/2026,06-SL,UNOCCUPIED,0,0,0,0,9,0,0,108,0,0,0,0,0,0,72,36,704,653,(51),0,746,649,613,108,87.01%,82.17%,647,652,14,19,25,25,466,295,"14,239","14,217",(22),"8,175","7,144","13,944","13,858","1,420",91.03%,90.46%,"14,225","14,171","2,180","2,123","4,578","4,457","14,582","1,114"

PKDate7,DisplayDept3,DisplayPayer3,BudgetResidentCensus5,ActualResidentCensus7,Textbox249,AvailableBeds4,AvailableUnits7,Budgeted_Occupied_Units16,Units_Beds_Occupied6,Unit_Bed_Vacancy7,ADC16,PADC16,MTD_MCAdmits17,MTD_MCDisch16,Prior_MCAdmits14,Prior_MCDisch18,Licenensed_Beds_Units15,Unlicenensed_Beds_Units12,BudgetResidentCensus16,ActualResidentCensus23,Textbox252,AvailableBeds23,AvailableUnits23,Budgeted_Occupied_Units17,Units_Beds_Occupied7,Unit_Bed_Vacancy23,Textbox253,Textbox254,ADC17,PADC17,MTD_MCAdmits18,MTD_MCDisch17,Prior_MCAdmits15,Prior_MCDisch19,Licenensed_Beds_Units16,Unlicenensed_Beds_Units33,Textbox255,ActualResidentCensus24,Textbox256,AvailableBeds24,AvailableUnits24,Budgeted_Occupied_Units18,Units_Beds_Occupied23,Unit_Bed_Vacancy24,Textbox257,Textbox258,ADC18,PADC18,MTD_MCAdmits25,MTD_MCDisch18,Prior_MCAdmits16,Prior_MCDisch24,Licenensed_Beds_Units17,Unlicenensed_Beds_Units34
07/31/2026,01-HC,PRIVATE PAY,"1,268","1,322",54,"7,166",0,"6,464","1,322",0,"1,304","1,301",86,206,158,435,"1,322",0,"6,464","6,442",(22),"7,166",0,"6,464","6,442",738,90.20%,89.90%,"6,449","6,430","1,802","1,764","3,767","3,701","7,180",0,"13,017","13,028",11,"7,592","6,393","12,751","12,712","1,258",91.18%,90.90%,"13,042","12,997","2,049","1,990","4,280","4,177","13,315","1,006"
07/31/2026,01-HC,HOSPICE,355,324,(31),0,0,0,324,0,320,323,6,31,8,58,324,0,"6,464","6,442",(22),"7,166",0,"6,464","6,442",738,90.20%,89.90%,"6,449","6,430","1,802","1,764","3,767","3,701","7,180",0,"13,017","13,028",11,"7,592","6,393","12,751","12,712","1,258",91.18%,90.90%,"13,042","12,997","2,049","1,990","4,280","4,177","13,315","1,006"
07/31/2026,01-HC,MANAGED CARE,27,59,32,0,0,0,59,0,55,58,63,63,151,127,59,0,"6,464","6,442",(22),"7,166",0,"6,464","6,442",738,90.20%,89.90%,"6,449","6,430","1,802","1,764","3,767","3,701","7,180",0,"13,017","13,028",11,"7,592","6,393","12,751","12,712","1,258",91.18%,90.90%,"13,042","12,997","2,049","1,990","4,280","4,177","13,315","1,006"
07/31/2026,01-HC,MEDICARE,"1,401","1,254",(147),0,0,0,"1,254",0,"1,294","1,279",810,626,"1,524","1,377","1,254",0,"6,464","6,442",(22),"7,166",0,"6,464","6,442",738,90.20%,89.90%,"6,449","6,430","1,802","1,764","3,767","3,701","7,180",0,"13,017","13,028",11,"7,592","6,393","12,751","12,712","1,258",91.18%,90.90%,"13,042","12,997","2,049","1,990","4,280","4,177","13,315","1,006"
07/31/2026,01-HC,MEDICARE ADVANTAGE,916,"1,032",116,0,0,0,"1,032",0,996,996,757,742,"1,774","1,490","1,032",0,"6,464","6,442",(22),"7,166",0,"6,464","6,442",738,90.20%,89.90%,"6,449","6,430","1,802","1,764","3,767","3,701","7,180",0,"13,017","13,028",11,"7,592","6,393","12,751","12,712","1,258",91.18%,90.90%,"13,042","12,997","2,049","1,990","4,280","4,177","13,315","1,006"
07/31/2026,01-HC,MEDICAID,"2,483","2,420",(63),0,0,0,"2,420",0,"2,433","2,431",72,74,137,170,"2,420",0,"6,464","6,442",(22),"7,166",0,"6,464","6,442",738,90.20%,89.90%,"6,449","6,430","1,802","1,764","3,767","3,701","7,180",0,"13,017","13,028",11,"7,592","6,393","12,751","12,712","1,258",91.18%,90.90%,"13,042","12,997","2,049","1,990","4,280","4,177","13,315","1,006"
07/31/2026,01-HC,BEDHOLDS,0,23,23,0,0,0,23,0,39,33,6,20,12,39,23,0,"6,464","6,442",(22),"7,166",0,"6,464","6,442",738,90.20%,89.90%,"6,449","6,430","1,802","1,764","3,767","3,701","7,180",0,"13,017","13,028",11,"7,592","6,393","12,751","12,712","1,258",91.18%,90.90%,"13,042","12,997","2,049","1,990","4,280","4,177","13,315","1,006"
07/31/2026,01-HC,CONVERSIONS,12,8,(4),0,0,0,8,0,8,9,2,2,3,5,8,0,"6,464","6,442",(22),"7,166",0,"6,464","6,442",738,90.20%,89.90%,"6,449","6,430","1,802","1,764","3,767","3,701","7,180",0,"13,017","13,028",11,"7,592","6,393","12,751","12,712","1,258",91.18%,90.90%,"13,042","12,997","2,049","1,990","4,280","4,177","13,315","1,006"
07/31/2026,01-HC,UNOCCUPIED,0,0,0,0,0,0,0,738,0,0,0,0,0,0,738,0,"6,464","6,442",(22),"7,166",0,"6,464","6,442",738,90.20%,89.90%,"6,449","6,430","1,802","1,764","3,767","3,701","7,180",0,"13,017","13,028",11,"7,592","6,393","12,751","12,712","1,258",91.18%,90.90%,"13,042","12,997","2,049","1,990","4,280","4,177","13,315","1,006"
07/31/2026,02-HC Legacy,PRIVATE PAY,111,118,7,426,0,391,118,0,118,117,5,4,11,15,118,0,389,405,16,426,0,391,405,21,91.71%,95.07%,405,405,31,32,63,66,426,0,"13,017","13,028",11,"7,592","6,393","12,751","12,712","1,258",91.18%,90.90%,"13,042","12,997","2,049","1,990","4,280","4,177","13,315","1,006"
07/31/2026,02-HC Legacy,HOSPICE,56,49,(7),0,0,0,49,0,47,51,0,4,1,9,49,0,389,405,16,426,0,391,405,21,91.71%,95.07%,405,405,31,32,63,66,426,0,"13,017","13,028",11,"7,592","6,393","12,751","12,712","1,258",91.18%,90.90%,"13,042","12,997","2,049","1,990","4,280","4,177","13,315","1,006"
07/31/2026,02-HC Legacy,MANAGED CARE,0,2,2,0,0,0,2,0,2,1,5,5,6,7,2,0,389,405,16,426,0,391,405,21,91.71%,95.07%,405,405,31,32,63,66,426,0,"13,017","13,028",11,"7,592","6,393","12,751","12,712","1,258",91.18%,90.90%,"13,042","12,997","2,049","1,990","4,280","4,177","13,315","1,006"
07/31/2026,02-HC Legacy,MEDICARE,20,15,(5),0,0,0,15,0,16,14,8,7,23,11,15,0,389,405,16,426,0,391,405,21,91.71%,95.07%,405,405,31,32,63,66,426,0,"13,017","13,028",11,"7,592","6,393","12,751","12,712","1,258",91.18%,90.90%,"13,042","12,997","2,049","1,990","4,280","4,177","13,315","1,006"
07/31/2026,02-HC Legacy,MEDICARE ADVANTAGE,9,7,(2),0,0,0,7,0,8,11,6,3,14,14,7,0,389,405,16,426,0,391,405,21,91.71%,95.07%,405,405,31,32,63,66,426,0,"13,017","13,028",11,"7,592","6,393","12,751","12,712","1,258",91.18%,90.90%,"13,042","12,997","2,049","1,990","4,280","4,177","13,315","1,006"
07/31/2026,02-HC Legacy,MEDICAID,193,208,15,0,0,0,208,0,208,207,5,7,7,8,208,0,389,405,16,426,0,391,405,21,91.71%,95.07%,405,405,31,32,63,66,426,0,"13,017","13,028",11,"7,592","6,393","12,751","12,712","1,258",91.18%,90.90%,"13,042","12,997","2,049","1,990","4,280","4,177","13,315","1,006"
07/31/2026,02-HC Legacy,LEGACY - BEDHOLDS,0,3,3,0,0,0,3,0,2,1,1,1,0,1,3,0,389,405,16,426,0,391,405,21,91.71%,95.07%,405,405,31,32,63,66,426,0,"13,017","13,028",11,"7,592","6,393","12,751","12,712","1,258",91.18%,90.90%,"13,042","12,997","2,049","1,990","4,280","4,177","13,315","1,006"
07/31/2026,02-HC Legacy,CONVERSIONS,0,3,3,0,0,0,3,0,3,3,1,1,1,1,3,0,389,405,16,426,0,391,405,21,91.71%,95.07%,405,405,31,32,63,66,426,0,"13,017","13,028",11,"7,592","6,393","12,751","12,712","1,258",91.18%,90.90%,"13,042","12,997","2,049","1,990","4,280","4,177","13,315","1,006"
07/31/2026,02-HC Legacy,UNOCCUPIED,0,0,0,0,0,0,0,21,0,0,0,0,0,0,21,0,389,405,16,426,0,391,405,21,91.71%,95.07%,405,405,31,32,63,66,426,0,"13,017","13,028",11,"7,592","6,393","12,751","12,712","1,258",91.18%,90.90%,"13,042","12,997","2,049","1,990","4,280","4,177","13,315","1,006"
07/31/2026,03-AL,PRIVATE PAY,"3,174","3,040",(134),0,"3,462","3,213","3,040",0,"3,045","3,038",101,78,205,177,"2,929",111,"3,333","3,332",(1),0,"3,462","3,213","3,215",243,92.82%,92.87%,"3,336","3,327",130,113,267,256,"3,323",278,"13,017","13,028",11,"7,592","6,393","12,751","12,712","1,258",91.18%,90.90%,"13,042","12,997","2,049","1,990","4,280","4,177","13,315","1,006"
07/31/2026,03-AL,MEDICAID,50,52,2,0,0,0,52,0,52,53,3,2,6,9,52,0,"3,333","3,332",(1),0,"3,462","3,213","3,215",243,92.82%,92.87%,"3,336","3,327",130,113,267,256,"3,323",278,"13,017","13,028",11,"7,592","6,393","12,751","12,712","1,258",91.18%,90.90%,"13,042","12,997","2,049","1,990","4,280","4,177","13,315","1,006"
07/31/2026,03-AL,BEDHOLDS,0,126,126,0,0,0,121,0,125,125,16,29,47,66,115,11,"3,333","3,332",(1),0,"3,462","3,213","3,215",243,92.82%,92.87%,"3,336","3,327",130,113,267,256,"3,323",278,"13,017","13,028",11,"7,592","6,393","12,751","12,712","1,258",91.18%,90.90%,"13,042","12,997","2,049","1,990","4,280","4,177","13,315","1,006"
07/31/2026,03-AL,2ND OCCUPANT,109,114,5,0,0,0,2,0,115,112,10,4,9,4,0,114,"3,333","3,332",(1),0,"3,462","3,213","3,215",243,92.82%,92.87%,"3,336","3,327",130,113,267,256,"3,323",278,"13,017","13,028",11,"7,592","6,393","12,751","12,712","1,258",91.18%,90.90%,"13,042","12,997","2,049","1,990","4,280","4,177","13,315","1,006"
07/31/2026,03-AL,UNOCCUPIED,0,0,0,0,0,0,0,243,0,0,0,0,0,0,227,42,"3,333","3,332",(1),0,"3,462","3,213","3,215",243,92.82%,92.87%,"3,336","3,327",130,113,267,256,"3,323",278,"13,017","13,028",11,"7,592","6,393","12,751","12,712","1,258",91.18%,90.90%,"13,042","12,997","2,049","1,990","4,280","4,177","13,315","1,006"
07/31/2026,03-AL Legacy,LEGACY - PVT PAY,"1,347","1,327",(20),0,"1,467","1,364","1,326",0,"1,323","1,313",43,44,99,78,"1,272",55,"1,388","1,405",17,0,"1,467","1,364","1,358",109,92.99%,92.57%,"1,403","1,398",52,60,119,104,"1,406",116,"13,017","13,028",11,"7,592","6,393","12,751","12,712","1,258",91.18%,90.90%,"13,042","12,997","2,049","1,990","4,280","4,177","13,315","1,006"
07/31/2026,03-AL Legacy,LEGACY - MEDICAID,6,5,(1),0,0,0,5,0,5,5,1,0,0,0,5,0,"1,388","1,405",17,0,"1,467","1,364","1,358",109,92.99%,92.57%,"1,403","1,398",52,60,119,104,"1,406",116,"13,017","13,028",11,"7,592","6,393","12,751","12,712","1,258",91.18%,90.90%,"13,042","12,997","2,049","1,990","4,280","4,177","13,315","1,006"
07/31/2026,03-AL Legacy,LEGACY - BEDHOLDS,0,27,27,0,0,0,26,0,31,35,6,13,16,26,23,4,"1,388","1,405",17,0,"1,467","1,364","1,358",109,92.99%,92.57%,"1,403","1,398",52,60,119,104,"1,406",116,"13,017","13,028",11,"7,592","6,393","12,751","12,712","1,258",91.18%,90.90%,"13,042","12,997","2,049","1,990","4,280","4,177","13,315","1,006"
07/31/2026,03-AL Legacy,LEGACY - 2ND OCCUPANT,34,46,12,0,0,0,1,0,43,45,2,3,4,0,0,46,"1,388","1,405",17,0,"1,467","1,364","1,358",109,92.99%,92.57%,"1,403","1,398",52,60,119,104,"1,406",116,"13,017","13,028",11,"7,592","6,393","12,751","12,712","1,258",91.18%,90.90%,"13,042","12,997","2,049","1,990","4,280","4,177","13,315","1,006"
07/31/2026,03-AL Legacy,LEGACY - UNOCCUPIED,0,0,0,0,0,0,0,109,0,0,0,0,0,0,106,11,"1,388","1,405",17,0,"1,467","1,364","1,358",109,92.99%,92.57%,"1,403","1,398",52,60,119,104,"1,406",116,"13,017","13,028",11,"7,592","6,393","12,751","12,712","1,258",91.18%,90.90%,"13,042","12,997","2,049","1,990","4,280","4,177","13,315","1,006"
07/31/2026,05-IL,PRIVATE PAY,776,766,(10),0,847,776,766,0,773,761,14,4,30,22,586,180,850,886,36,0,847,776,771,76,91.62%,91.03%,894,879,21,6,42,27,643,320,"13,017","13,028",11,"7,592","6,393","12,751","12,712","1,258",91.18%,90.90%,"13,042","12,997","2,049","1,990","4,280","4,177","13,315","1,006"
07/31/2026,05-IL,BEDHOLDS,0,5,5,0,0,0,5,0,5,5,2,0,2,1,4,1,850,886,36,0,847,776,771,76,91.62%,91.03%,894,879,21,6,42,27,643,320,"13,017","13,028",11,"7,592","6,393","12,751","12,712","1,258",91.18%,90.90%,"13,042","12,997","2,049","1,990","4,280","4,177","13,315","1,006"
07/31/2026,05-IL,2ND OCCUPANT,74,115,41,0,0,0,0,0,117,112,5,2,10,4,0,115,850,886,36,0,847,776,771,76,91.62%,91.03%,894,879,21,6,42,27,643,320,"13,017","13,028",11,"7,592","6,393","12,751","12,712","1,258",91.18%,90.90%,"13,042","12,997","2,049","1,990","4,280","4,177","13,315","1,006"
07/31/2026,05-IL,UNOCCUPIED,0,0,0,0,0,0,0,76,0,0,0,0,0,0,53,24,850,886,36,0,847,776,771,76,91.62%,91.03%,894,879,21,6,42,27,643,320,"13,017","13,028",11,"7,592","6,393","12,751","12,712","1,258",91.18%,90.90%,"13,042","12,997","2,049","1,990","4,280","4,177","13,315","1,006"
07/31/2026,06-SL,PRIVATE PAY,543,512,(31),0,617,543,512,0,511,513,12,13,14,16,296,216,592,558,(34),0,617,543,521,71,88.02%,84.44%,555,558,13,15,22,23,337,292,"13,017","13,028",11,"7,592","6,393","12,751","12,712","1,258",91.18%,90.90%,"13,042","12,997","2,049","1,990","4,280","4,177","13,315","1,006"
07/31/2026,06-SL,BEDHOLDS,0,9,9,0,0,0,9,0,6,7,0,0,5,1,6,3,592,558,(34),0,617,543,521,71,88.02%,84.44%,555,558,13,15,22,23,337,292,"13,017","13,028",11,"7,592","6,393","12,751","12,712","1,258",91.18%,90.90%,"13,042","12,997","2,049","1,990","4,280","4,177","13,315","1,006"
07/31/2026,06-SL,2ND OCCUPANT,49,37,(12),0,0,0,0,0,37,37,1,2,3,6,0,37,592,558,(34),0,617,543,521,71,88.02%,84.44%,555,558,13,15,22,23,337,292,"13,017","13,028",11,"7,592","6,393","12,751","12,712","1,258",91.18%,90.90%,"13,042","12,997","2,049","1,990","4,280","4,177","13,315","1,006"
07/31/2026,06-SL,UNOCCUPIED,0,0,0,0,0,0,0,71,0,0,0,0,0,0,35,36,592,558,(34),0,617,543,521,71,88.02%,84.44%,555,558,13,15,22,23,337,292,"13,017","13,028",11,"7,592","6,393","12,751","12,712","1,258",91.18%,90.90%,"13,042","12,997","2,049","1,990","4,280","4,177","13,315","1,006"

PKDate11,DisplayDept12,DisplayPayer12,BudgetResidentCensus23,ActualResidentCensus34,Textbox389,AvailableBeds34,AvailableUnits34,Budgeted_Occupied_Units34,Units_Beds_Occupied33,Unit_Bed_Vacancy34,ADC34,PADC34,MTD_MCAdmits35,MTD_MCDisch34,Prior_MCAdmits33,Prior_MCDisch34,Licenensed_Beds_Units46,Unlicenensed_Beds_Units41,BudgetResidentCensus24,ActualResidentCensus35,Textbox392,AvailableBeds35,AvailableUnits35,Budgeted_Occupied_Units35,Units_Beds_Occupied34,Unit_Bed_Vacancy35,Textbox393,Textbox394,ADC35,PADC35,MTD_MCAdmits36,MTD_MCDisch35,Prior_MCAdmits34,Prior_MCDisch35,Licenensed_Beds_Units47,Unlicenensed_Beds_Units42,Textbox395,ActualResidentCensus36,Textbox396,AvailableBeds36,AvailableUnits36,Budgeted_Occupied_Units36,Units_Beds_Occupied35,Unit_Bed_Vacancy36,Textbox397,Textbox398,ADC36,PADC36,MTD_MCAdmits37,MTD_MCDisch36,Prior_MCAdmits35,Prior_MCDisch36,Licenensed_Beds_Units48,Unlicenensed_Beds_Units43
07/31/2026,01-HC,PRIVATE PAY,80,67,(13),543,0,505,67,0,67,71,1,11,5,28,67,0,505,494,(11),543,0,505,494,32,93.03%,90.98%,487,488,110,118,253,246,526,0,"1,222","1,189",(33),583,751,"1,193","1,146",162,89.46%,85.91%,"1,183","1,175",131,133,298,280,"1,267",108
07/31/2026,01-HC,HOSPICE,14,16,2,0,0,0,16,0,15,17,0,0,0,2,16,0,505,494,(11),543,0,505,494,32,93.03%,90.98%,487,488,110,118,253,246,526,0,"1,222","1,189",(33),583,751,"1,193","1,146",162,89.46%,85.91%,"1,183","1,175",131,133,298,280,"1,267",108
07/31/2026,01-HC,MANAGED CARE,0,2,2,0,0,0,2,0,3,1,3,1,2,1,2,0,505,494,(11),543,0,505,494,32,93.03%,90.98%,487,488,110,118,253,246,526,0,"1,222","1,189",(33),583,751,"1,193","1,146",162,89.46%,85.91%,"1,183","1,175",131,133,298,280,"1,267",108
07/31/2026,01-HC,MEDICARE,101,81,(20),0,0,0,81,0,82,75,43,39,84,78,81,0,505,494,(11),543,0,505,494,32,93.03%,90.98%,487,488,110,118,253,246,526,0,"1,222","1,189",(33),583,751,"1,193","1,146",162,89.46%,85.91%,"1,183","1,175",131,133,298,280,"1,267",108
07/31/2026,01-HC,MEDICARE ADVANTAGE,105,106,1,0,0,0,106,0,98,98,61,61,162,127,106,0,505,494,(11),543,0,505,494,32,93.03%,90.98%,487,488,110,118,253,246,526,0,"1,222","1,189",(33),583,751,"1,193","1,146",162,89.46%,85.91%,"1,183","1,175",131,133,298,280,"1,267",108
07/31/2026,01-HC,MEDICAID,206,221,15,0,0,0,221,0,219,223,1,6,0,7,221,0,505,494,(11),543,0,505,494,32,93.03%,90.98%,487,488,110,118,253,246,526,0,"1,222","1,189",(33),583,751,"1,193","1,146",162,89.46%,85.91%,"1,183","1,175",131,133,298,280,"1,267",108
07/31/2026,01-HC,BEDHOLDS,0,1,1,0,0,0,1,0,3,3,0,0,0,3,1,0,505,494,(11),543,0,505,494,32,93.03%,90.98%,487,488,110,118,253,246,526,0,"1,222","1,189",(33),583,751,"1,193","1,146",162,89.46%,85.91%,"1,183","1,175",131,133,298,280,"1,267",108
07/31/2026,01-HC,CONVERSIONS,0,0,0,0,0,0,0,0,0,0,1,0,0,0,0,0,505,494,(11),543,0,505,494,32,93.03%,90.98%,487,488,110,118,253,246,526,0,"1,222","1,189",(33),583,751,"1,193","1,146",162,89.46%,85.91%,"1,183","1,175",131,133,298,280,"1,267",108
07/31/2026,01-HC,UNOCCUPIED,0,0,0,0,0,0,0,32,0,0,0,0,0,0,32,0,505,494,(11),543,0,505,494,32,93.03%,90.98%,487,488,110,118,253,246,526,0,"1,222","1,189",(33),583,751,"1,193","1,146",162,89.46%,85.91%,"1,183","1,175",131,133,298,280,"1,267",108
07/31/2026,02-HC Legacy,PRIVATE PAY,7,11,4,40,0,34,11,0,10,10,0,1,1,0,11,0,34,39,5,40,0,34,39,1,85.85%,97.50%,37,37,0,3,6,3,40,0,"1,222","1,189",(33),583,751,"1,193","1,146",162,89.46%,85.91%,"1,183","1,175",131,133,298,280,"1,267",108
07/31/2026,02-HC Legacy,HOSPICE,2,1,(1),0,0,0,1,0,2,2,0,0,0,1,1,0,34,39,5,40,0,34,39,1,85.85%,97.50%,37,37,0,3,6,3,40,0,"1,222","1,189",(33),583,751,"1,193","1,146",162,89.46%,85.91%,"1,183","1,175",131,133,298,280,"1,267",108
07/31/2026,02-HC Legacy,MEDICARE,3,1,(2),0,0,0,1,0,1,1,0,0,2,1,1,0,34,39,5,40,0,34,39,1,85.85%,97.50%,37,37,0,3,6,3,40,0,"1,222","1,189",(33),583,751,"1,193","1,146",162,89.46%,85.91%,"1,183","1,175",131,133,298,280,"1,267",108
07/31/2026,02-HC Legacy,MEDICARE ADVANTAGE,4,3,(1),0,0,0,3,0,2,1,0,2,3,0,3,0,34,39,5,40,0,34,39,1,85.85%,97.50%,37,37,0,3,6,3,40,0,"1,222","1,189",(33),583,751,"1,193","1,146",162,89.46%,85.91%,"1,183","1,175",131,133,298,280,"1,267",108
07/31/2026,02-HC Legacy,MEDICAID,19,23,4,0,0,0,23,0,22,23,0,0,0,1,23,0,34,39,5,40,0,34,39,1,85.85%,97.50%,37,37,0,3,6,3,40,0,"1,222","1,189",(33),583,751,"1,193","1,146",162,89.46%,85.91%,"1,183","1,175",131,133,298,280,"1,267",108
07/31/2026,02-HC Legacy,UNOCCUPIED,0,0,0,0,0,0,0,1,0,0,0,0,0,0,1,0,34,39,5,40,0,34,39,1,85.85%,97.50%,37,37,0,3,6,3,40,0,"1,222","1,189",(33),583,751,"1,193","1,146",162,89.46%,85.91%,"1,183","1,175",131,133,298,280,"1,267",108
07/31/2026,03-AL,PRIVATE PAY,364,330,(34),0,453,391,330,0,335,327,12,3,23,16,298,32,413,411,(2),0,453,391,376,68,86.31%,83.00%,416,405,16,3,30,21,403,98,"1,222","1,189",(33),583,751,"1,193","1,146",162,89.46%,85.91%,"1,183","1,175",131,133,298,280,"1,267",108
07/31/2026,03-AL,MEDICAID,27,30,3,0,0,0,30,0,32,30,4,0,2,3,30,0,413,411,(2),0,453,391,376,68,86.31%,83.00%,416,405,16,3,30,21,403,98,"1,222","1,189",(33),583,751,"1,193","1,146",162,89.46%,85.91%,"1,183","1,175",131,133,298,280,"1,267",108
07/31/2026,03-AL,BEDHOLDS,0,13,13,0,0,0,13,0,12,12,0,0,2,2,11,2,413,411,(2),0,453,391,376,68,86.31%,83.00%,416,405,16,3,30,21,403,98,"1,222","1,189",(33),583,751,"1,193","1,146",162,89.46%,85.91%,"1,183","1,175",131,133,298,280,"1,267",108
07/31/2026,03-AL,2ND OCCUPANT,22,38,16,0,0,0,3,0,36,36,0,0,3,0,0,38,413,411,(2),0,453,391,376,68,86.31%,83.00%,416,405,16,3,30,21,403,98,"1,222","1,189",(33),583,751,"1,193","1,146",162,89.46%,85.91%,"1,183","1,175",131,133,298,280,"1,267",108
07/31/2026,03-AL,UNOCCUPIED,0,0,0,0,0,0,0,68,0,0,0,0,0,0,64,26,413,411,(2),0,453,391,376,68,86.31%,83.00%,416,405,16,3,30,21,403,98,"1,222","1,189",(33),583,751,"1,193","1,146",162,89.46%,85.91%,"1,183","1,175",131,133,298,280,"1,267",108
07/31/2026,03-AL Legacy,LEGACY - PVT PAY,157,142,(15),0,169,157,142,0,145,142,4,3,5,6,142,0,158,150,(8),0,169,157,145,24,92.81%,85.80%,151,150,4,5,6,8,169,7,"1,222","1,189",(33),583,751,"1,193","1,146",162,89.46%,85.91%,"1,183","1,175",131,133,298,280,"1,267",108
07/31/2026,03-AL Legacy,LEGACY - BEDHOLDS,0,3,3,0,0,0,3,0,3,4,0,1,0,2,3,0,158,150,(8),0,169,157,145,24,92.81%,85.80%,151,150,4,5,6,8,169,7,"1,222","1,189",(33),583,751,"1,193","1,146",162,89.46%,85.91%,"1,183","1,175",131,133,298,280,"1,267",108
07/31/2026,03-AL Legacy,LEGACY - 2ND OCCUPANT,1,5,4,0,0,0,0,0,3,5,0,1,1,0,0,5,158,150,(8),0,169,157,145,24,92.81%,85.80%,151,150,4,5,6,8,169,7,"1,222","1,189",(33),583,751,"1,193","1,146",162,89.46%,85.91%,"1,183","1,175",131,133,298,280,"1,267",108
07/31/2026,03-AL Legacy,LEGACY - UNOCCUPIED,0,0,0,0,0,0,0,24,0,0,0,0,0,0,24,2,158,150,(8),0,169,157,145,24,92.81%,85.80%,151,150,4,5,6,8,169,7,"1,222","1,189",(33),583,751,"1,193","1,146",162,89.46%,85.91%,"1,183","1,175",131,133,298,280,"1,267",108
07/31/2026,06-SL,PRIVATE PAY,106,87,(19),0,120,106,87,0,87,87,1,3,3,1,87,0,112,95,(17),0,129,106,92,37,82.17%,71.32%,92,95,1,4,3,2,129,3,"1,222","1,189",(33),583,751,"1,193","1,146",162,89.46%,85.91%,"1,183","1,175",131,133,298,280,"1,267",108
07/31/2026,06-SL,BEDHOLDS,0,5,5,0,0,0,5,0,2,4,0,1,0,0,5,0,112,95,(17),0,129,106,92,37,82.17%,71.32%,92,95,1,4,3,2,129,3,"1,222","1,189",(33),583,751,"1,193","1,146",162,89.46%,85.91%,"1,183","1,175",131,133,298,280,"1,267",108
07/31/2026,06-SL,2ND OCCUPANT,6,3,(3),0,0,0,0,0,3,4,0,0,0,1,0,3,112,95,(17),0,129,106,92,37,82.17%,71.32%,92,95,1,4,3,2,129,3,"1,222","1,189",(33),583,751,"1,193","1,146",162,89.46%,85.91%,"1,183","1,175",131,133,298,280,"1,267",108
07/31/2026,06-SL,UNOCCUPIED,0,0,0,0,9,0,0,37,0,0,0,0,0,0,37,0,112,95,(17),0,129,106,92,37,82.17%,71.32%,92,95,1,4,3,2,129,3,"1,222","1,189",(33),583,751,"1,193","1,146",162,89.46%,85.91%,"1,183","1,175",131,133,298,280,"1,267",108

PKDate2,DisplayDept2,DisplayPayer2,BudgetResidentCensus2,ActualResidentCensus3,Textbox20,AvailableBeds5,AvailableUnits3,Budgeted_Occupied_Units3,Units_Beds_Occupied3,Unit_Bed_Vacancy3,ADC3,PADC3,MTD_MCAdmits3,MTD_MCDisch3,Prior_MCAdmits3,Prior_MCDisch3,Licenensed_Beds_Units19,Unlicenensed_Beds_Units9,BudgetResidentCensus3,ActualResidentCensus4,Textbox34,AvailableBeds6,AvailableUnits4,Budgeted_Occupied_Units4,Units_Beds_Occupied4,Unit_Bed_Vacancy4,Textbox114,Textbox116,ADC4,PADC4,MTD_MCAdmits4,MTD_MCDisch4,Prior_MCAdmits4,Prior_MCDisch4,Licenensed_Beds_Units20,Unlicenensed_Beds_Units20,Textbox117,ActualResidentCensus5,Textbox118,AvailableBeds7,AvailableUnits5,Budgeted_Occupied_Units5,Units_Beds_Occupied5,Unit_Bed_Vacancy5,Textbox119,Textbox121,ADC5,PADC5,MTD_MCAdmits5,MTD_MCDisch5,Prior_MCAdmits5,Prior_MCDisch5,Licenensed_Beds_Units21,Unlicenensed_Beds_Units21
07/31/2026,01-HC,PRIVATE PAY,"1,326","1,368",42,"7,655",0,"6,919","1,368",0,"1,351","1,351",87,215,163,460,"1,368",0,"6,919","6,888",(31),"7,655",0,"6,919","6,888",764,90.38%,89.98%,"6,887","6,869","1,890","1,865","3,990","3,916","7,652",0,"14,077","14,056",(21),"8,121","7,020","13,787","13,703","1,397",91.05%,90.50%,"14,062","14,010","2,155","2,106","4,538","4,420","14,499","1,010"
07/31/2026,01-HC,HOSPICE,368,339,(29),0,0,0,339,0,334,339,6,31,8,60,339,0,"6,919","6,888",(31),"7,655",0,"6,919","6,888",764,90.38%,89.98%,"6,887","6,869","1,890","1,865","3,990","3,916","7,652",0,"14,077","14,056",(21),"8,121","7,020","13,787","13,703","1,397",91.05%,90.50%,"14,062","14,010","2,155","2,106","4,538","4,420","14,499","1,010"
07/31/2026,01-HC,MANAGED CARE,27,59,32,0,0,0,59,0,57,59,66,63,151,128,59,0,"6,919","6,888",(31),"7,655",0,"6,919","6,888",764,90.38%,89.98%,"6,887","6,869","1,890","1,865","3,990","3,916","7,652",0,"14,077","14,056",(21),"8,121","7,020","13,787","13,703","1,397",91.05%,90.50%,"14,062","14,010","2,155","2,106","4,538","4,420","14,499","1,010"
07/31/2026,01-HC,MEDICARE,"1,493","1,326",(167),0,0,0,"1,326",0,"1,367","1,346",846,657,"1,597","1,445","1,326",0,"6,919","6,888",(31),"7,655",0,"6,919","6,888",764,90.38%,89.98%,"6,887","6,869","1,890","1,865","3,990","3,916","7,652",0,"14,077","14,056",(21),"8,121","7,020","13,787","13,703","1,397",91.05%,90.50%,"14,062","14,010","2,155","2,106","4,538","4,420","14,499","1,010"
07/31/2026,01-HC,MEDICARE ADVANTAGE,"1,012","1,131",119,0,0,0,"1,131",0,"1,084","1,084",803,797,"1,919","1,600","1,131",0,"6,919","6,888",(31),"7,655",0,"6,919","6,888",764,90.38%,89.98%,"6,887","6,869","1,890","1,865","3,990","3,916","7,652",0,"14,077","14,056",(21),"8,121","7,020","13,787","13,703","1,397",91.05%,90.50%,"14,062","14,010","2,155","2,106","4,538","4,420","14,499","1,010"
07/31/2026,01-HC,MEDICAID,"2,681","2,633",(48),0,0,0,"2,633",0,"2,645","2,646",73,80,137,177,"2,633",0,"6,919","6,888",(31),"7,655",0,"6,919","6,888",764,90.38%,89.98%,"6,887","6,869","1,890","1,865","3,990","3,916","7,652",0,"14,077","14,056",(21),"8,121","7,020","13,787","13,703","1,397",91.05%,90.50%,"14,062","14,010","2,155","2,106","4,538","4,420","14,499","1,010"
07/31/2026,01-HC,BEDHOLDS,0,24,24,0,0,0,24,0,42,35,6,20,12,41,24,0,"6,919","6,888",(31),"7,655",0,"6,919","6,888",764,90.38%,89.98%,"6,887","6,869","1,890","1,865","3,990","3,916","7,652",0,"14,077","14,056",(21),"8,121","7,020","13,787","13,703","1,397",91.05%,90.50%,"14,062","14,010","2,155","2,106","4,538","4,420","14,499","1,010"
07/31/2026,01-HC,CONVERSIONS,12,8,(4),0,0,0,8,0,8,9,3,2,3,5,8,0,"6,919","6,888",(31),"7,655",0,"6,919","6,888",764,90.38%,89.98%,"6,887","6,869","1,890","1,865","3,990","3,916","7,652",0,"14,077","14,056",(21),"8,121","7,020","13,787","13,703","1,397",91.05%,90.50%,"14,062","14,010","2,155","2,106","4,538","4,420","14,499","1,010"
07/31/2026,01-HC,UNOCCUPIED,0,0,0,0,0,0,0,764,0,0,0,0,0,0,764,0,"6,919","6,888",(31),"7,655",0,"6,919","6,888",764,90.38%,89.98%,"6,887","6,869","1,890","1,865","3,990","3,916","7,652",0,"14,077","14,056",(21),"8,121","7,020","13,787","13,703","1,397",91.05%,90.50%,"14,062","14,010","2,155","2,106","4,538","4,420","14,499","1,010"
07/31/2026,02-HC Legacy,PRIVATE PAY,118,129,11,466,0,425,129,0,128,126,5,5,12,15,129,0,424,444,20,466,0,425,444,22,91.21%,95.28%,442,441,31,35,69,69,466,0,"14,077","14,056",(21),"8,121","7,020","13,787","13,703","1,397",91.05%,90.50%,"14,062","14,010","2,155","2,106","4,538","4,420","14,499","1,010"
07/31/2026,02-HC Legacy,HOSPICE,58,50,(8),0,0,0,50,0,49,53,0,4,1,10,50,0,424,444,20,466,0,425,444,22,91.21%,95.28%,442,441,31,35,69,69,466,0,"14,077","14,056",(21),"8,121","7,020","13,787","13,703","1,397",91.05%,90.50%,"14,062","14,010","2,155","2,106","4,538","4,420","14,499","1,010"
07/31/2026,02-HC Legacy,MANAGED CARE,0,2,2,0,0,0,2,0,2,1,5,5,6,7,2,0,424,444,20,466,0,425,444,22,91.21%,95.28%,442,441,31,35,69,69,466,0,"14,077","14,056",(21),"8,121","7,020","13,787","13,703","1,397",91.05%,90.50%,"14,062","14,010","2,155","2,106","4,538","4,420","14,499","1,010"
07/31/2026,02-HC Legacy,MEDICARE,23,16,(7),0,0,0,16,0,17,15,8,7,25,12,16,0,424,444,20,466,0,425,444,22,91.21%,95.28%,442,441,31,35,69,69,466,0,"14,077","14,056",(21),"8,121","7,020","13,787","13,703","1,397",91.05%,90.50%,"14,062","14,010","2,155","2,106","4,538","4,420","14,499","1,010"
07/31/2026,02-HC Legacy,MEDICARE ADVANTAGE,13,10,(3),0,0,0,10,0,9,12,6,5,17,14,10,0,424,444,20,466,0,425,444,22,91.21%,95.28%,442,441,31,35,69,69,466,0,"14,077","14,056",(21),"8,121","7,020","13,787","13,703","1,397",91.05%,90.50%,"14,062","14,010","2,155","2,106","4,538","4,420","14,499","1,010"
07/31/2026,02-HC Legacy,MEDICAID,211,231,20,0,0,0,231,0,230,230,5,7,7,9,231,0,424,444,20,466,0,425,444,22,91.21%,95.28%,442,441,31,35,69,69,466,0,"14,077","14,056",(21),"8,121","7,020","13,787","13,703","1,397",91.05%,90.50%,"14,062","14,010","2,155","2,106","4,538","4,420","14,499","1,010"
07/31/2026,02-HC Legacy,LEGACY - BEDHOLDS,0,3,3,0,0,0,3,0,2,1,1,1,0,1,3,0,424,444,20,466,0,425,444,22,91.21%,95.28%,442,441,31,35,69,69,466,0,"14,077","14,056",(21),"8,121","7,020","13,787","13,703","1,397",91.05%,90.50%,"14,062","14,010","2,155","2,106","4,538","4,420","14,499","1,010"
07/31/2026,02-HC Legacy,CONVERSIONS,0,3,3,0,0,0,3,0,3,3,1,1,1,1,3,0,424,444,20,466,0,425,444,22,91.21%,95.28%,442,441,31,35,69,69,466,0,"14,077","14,056",(21),"8,121","7,020","13,787","13,703","1,397",91.05%,90.50%,"14,062","14,010","2,155","2,106","4,538","4,420","14,499","1,010"
07/31/2026,02-HC Legacy,UNOCCUPIED,0,0,0,0,0,0,0,22,0,0,0,0,0,0,22,0,424,444,20,466,0,425,444,22,91.21%,95.28%,442,441,31,35,69,69,466,0,"14,077","14,056",(21),"8,121","7,020","13,787","13,703","1,397",91.05%,90.50%,"14,062","14,010","2,155","2,106","4,538","4,420","14,499","1,010"
07/31/2026,03-AL,PRIVATE PAY,"3,477","3,310",(167),0,"3,840","3,543","3,310",0,"3,320","3,307",112,81,225,191,"3,210",100,"3,685","3,681",(4),0,"3,840","3,543","3,530",297,92.27%,91.93%,"3,690","3,671",143,116,291,273,"3,707",317,"14,077","14,056",(21),"8,121","7,020","13,787","13,703","1,397",91.05%,90.50%,"14,062","14,010","2,155","2,106","4,538","4,420","14,499","1,010"
07/31/2026,03-AL,MEDICAID,77,82,5,0,0,0,82,0,84,83,7,2,8,12,82,0,"3,685","3,681",(4),0,"3,840","3,543","3,530",297,92.27%,91.93%,"3,690","3,671",143,116,291,273,"3,707",317,"14,077","14,056",(21),"8,121","7,020","13,787","13,703","1,397",91.05%,90.50%,"14,062","14,010","2,155","2,106","4,538","4,420","14,499","1,010"
07/31/2026,03-AL,BEDHOLDS,0,138,138,0,0,0,133,0,136,135,15,29,46,66,126,12,"3,685","3,681",(4),0,"3,840","3,543","3,530",297,92.27%,91.93%,"3,690","3,671",143,116,291,273,"3,707",317,"14,077","14,056",(21),"8,121","7,020","13,787","13,703","1,397",91.05%,90.50%,"14,062","14,010","2,155","2,106","4,538","4,420","14,499","1,010"
07/31/2026,03-AL,2ND OCCUPANT,131,151,20,0,0,0,5,0,150,146,9,4,12,4,0,151,"3,685","3,681",(4),0,"3,840","3,543","3,530",297,92.27%,91.93%,"3,690","3,671",143,116,291,273,"3,707",317,"14,077","14,056",(21),"8,121","7,020","13,787","13,703","1,397",91.05%,90.50%,"14,062","14,010","2,155","2,106","4,538","4,420","14,499","1,010"
07/31/2026,03-AL,UNOCCUPIED,0,0,0,0,0,0,0,297,0,0,0,0,0,0,289,54,"3,685","3,681",(4),0,"3,840","3,543","3,530",297,92.27%,91.93%,"3,690","3,671",143,116,291,273,"3,707",317,"14,077","14,056",(21),"8,121","7,020","13,787","13,703","1,397",91.05%,90.50%,"14,062","14,010","2,155","2,106","4,538","4,420","14,499","1,010"
07/31/2026,03-AL Legacy,LEGACY - PVT PAY,"1,474","1,441",(33),0,"1,604","1,491","1,440",0,"1,440","1,427",47,47,102,83,"1,405",36,"1,514","1,525",11,0,"1,604","1,491","1,474",130,92.93%,91.90%,"1,524","1,519",56,65,121,110,"1,566",98,"14,077","14,056",(21),"8,121","7,020","13,787","13,703","1,397",91.05%,90.50%,"14,062","14,010","2,155","2,106","4,538","4,420","14,499","1,010"
07/31/2026,03-AL Legacy,LEGACY - MEDICAID,6,5,(1),0,0,0,5,0,5,5,1,0,0,0,5,0,"1,514","1,525",11,0,"1,604","1,491","1,474",130,92.93%,91.90%,"1,524","1,519",56,65,121,110,"1,566",98,"14,077","14,056",(21),"8,121","7,020","13,787","13,703","1,397",91.05%,90.50%,"14,062","14,010","2,155","2,106","4,538","4,420","14,499","1,010"
07/31/2026,03-AL Legacy,LEGACY - BEDHOLDS,0,29,29,0,0,0,28,0,33,38,6,14,14,27,26,3,"1,514","1,525",11,0,"1,604","1,491","1,474",130,92.93%,91.90%,"1,524","1,519",56,65,121,110,"1,566",98,"14,077","14,056",(21),"8,121","7,020","13,787","13,703","1,397",91.05%,90.50%,"14,062","14,010","2,155","2,106","4,538","4,420","14,499","1,010"
07/31/2026,03-AL Legacy,LEGACY - 2ND OCCUPANT,34,50,16,0,0,0,1,0,45,49,2,4,5,0,0,50,"1,514","1,525",11,0,"1,604","1,491","1,474",130,92.93%,91.90%,"1,524","1,519",56,65,121,110,"1,566",98,"14,077","14,056",(21),"8,121","7,020","13,787","13,703","1,397",91.05%,90.50%,"14,062","14,010","2,155","2,106","4,538","4,420","14,499","1,010"
07/31/2026,03-AL Legacy,LEGACY - UNOCCUPIED,0,0,0,0,0,0,0,130,0,0,0,0,0,0,130,9,"1,514","1,525",11,0,"1,604","1,491","1,474",130,92.93%,91.90%,"1,524","1,519",56,65,121,110,"1,566",98,"14,077","14,056",(21),"8,121","7,020","13,787","13,703","1,397",91.05%,90.50%,"14,062","14,010","2,155","2,106","4,538","4,420","14,499","1,010"
07/31/2026,05-IL,PRIVATE PAY,761,750,(11),0,831,761,750,0,757,745,14,4,30,22,586,164,832,866,34,0,831,761,755,76,91.55%,90.85%,874,859,21,6,42,27,643,300,"14,077","14,056",(21),"8,121","7,020","13,787","13,703","1,397",91.05%,90.50%,"14,062","14,010","2,155","2,106","4,538","4,420","14,499","1,010"
07/31/2026,05-IL,BEDHOLDS,0,5,5,0,0,0,5,0,5,5,2,0,2,1,4,1,832,866,34,0,831,761,755,76,91.55%,90.85%,874,859,21,6,42,27,643,300,"14,077","14,056",(21),"8,121","7,020","13,787","13,703","1,397",91.05%,90.50%,"14,062","14,010","2,155","2,106","4,538","4,420","14,499","1,010"
07/31/2026,05-IL,2ND OCCUPANT,71,111,40,0,0,0,0,0,113,108,5,2,10,4,0,111,832,866,34,0,831,761,755,76,91.55%,90.85%,874,859,21,6,42,27,643,300,"14,077","14,056",(21),"8,121","7,020","13,787","13,703","1,397",91.05%,90.50%,"14,062","14,010","2,155","2,106","4,538","4,420","14,499","1,010"
07/31/2026,05-IL,UNOCCUPIED,0,0,0,0,0,0,0,76,0,0,0,0,0,0,53,24,832,866,34,0,831,761,755,76,91.55%,90.85%,874,859,21,6,42,27,643,300,"14,077","14,056",(21),"8,121","7,020","13,787","13,703","1,397",91.05%,90.50%,"14,062","14,010","2,155","2,106","4,538","4,420","14,499","1,010"
07/31/2026,06-SL,PRIVATE PAY,648,598,(50),0,736,648,598,0,597,599,13,16,17,17,382,216,704,652,(52),0,745,648,612,108,87.00%,82.15%,646,651,14,19,25,25,465,295,"14,077","14,056",(21),"8,121","7,020","13,787","13,703","1,397",91.05%,90.50%,"14,062","14,010","2,155","2,106","4,538","4,420","14,499","1,010"
07/31/2026,06-SL,BEDHOLDS,0,14,14,0,0,0,14,0,9,12,0,1,5,1,11,3,704,652,(52),0,745,648,612,108,87.00%,82.15%,646,651,14,19,25,25,465,295,"14,077","14,056",(21),"8,121","7,020","13,787","13,703","1,397",91.05%,90.50%,"14,062","14,010","2,155","2,106","4,538","4,420","14,499","1,010"
07/31/2026,06-SL,2ND OCCUPANT,55,40,(15),0,0,0,0,0,40,40,1,2,3,7,0,40,704,652,(52),0,745,648,612,108,87.00%,82.15%,646,651,14,19,25,25,465,295,"14,077","14,056",(21),"8,121","7,020","13,787","13,703","1,397",91.05%,90.50%,"14,062","14,010","2,155","2,106","4,538","4,420","14,499","1,010"
07/31/2026,06-SL,UNOCCUPIED,0,0,0,0,9,0,0,108,0,0,0,0,0,0,72,36,704,652,(52),0,745,648,612,108,87.00%,82.15%,646,651,14,19,25,25,465,295,"14,077","14,056",(21),"8,121","7,020","13,787","13,703","1,397",91.05%,90.50%,"14,062","14,010","2,155","2,106","4,538","4,420","14,499","1,010"

PKDate3,DisplayDept4,DisplayPayer4,BudgetResidentCensus6,ActualResidentCensus8,Textbox57,AvailableBeds8,AvailableUnits8,Budgeted_Occupied_Units6,Units_Beds_Occupied8,Unit_Bed_Vacancy8,ADC6,PADC6,MTD_MCAdmits6,MTD_MCDisch6,Prior_MCAdmits6,Prior_MCDisch6,Licenensed_Beds_Units22,Unlicenensed_Beds_Units10,BudgetResidentCensus7,ActualResidentCensus9,Textbox58,AvailableBeds9,AvailableUnits9,Budgeted_Occupied_Units7,Units_Beds_Occupied9,Unit_Bed_Vacancy9,Textbox128,Textbox129,ADC7,PADC7,MTD_MCAdmits7,MTD_MCDisch7,Prior_MCAdmits7,Prior_MCDisch7,Licenensed_Beds_Units23,Unlicenensed_Beds_Units22,Textbox130,ActualResidentCensus10,Textbox131,AvailableBeds10,AvailableUnits10,Budgeted_Occupied_Units8,Units_Beds_Occupied10,Unit_Bed_Vacancy10,Textbox132,Textbox133,ADC8,PADC8,MTD_MCAdmits8,MTD_MCDisch8,Prior_MCAdmits8,Prior_MCDisch8,Licenensed_Beds_Units24,Unlicenensed_Beds_Units23
07/31/2026,01-HC,PRIVATE PAY,"1,171","1,231",60,"6,786",0,"6,135","1,231",0,"1,207","1,209",76,186,151,404,"1,231",0,"6,135","6,124",(11),"6,786",0,"6,135","6,124",677,90.41%,90.24%,"6,122","6,115","1,692","1,675","3,537","3,471","6,801",0,"11,909","11,922",13,"7,212","5,564","11,686","11,655","1,122",91.47%,91.23%,"11,930","11,908","1,926","1,887","3,992","3,909","12,391",685
07/31/2026,01-HC,HOSPICE,339,315,(24),0,0,0,315,0,311,314,6,31,7,53,315,0,"6,135","6,124",(11),"6,786",0,"6,135","6,124",677,90.41%,90.24%,"6,122","6,115","1,692","1,675","3,537","3,471","6,801",0,"11,909","11,922",13,"7,212","5,564","11,686","11,655","1,122",91.47%,91.23%,"11,930","11,908","1,926","1,887","3,992","3,909","12,391",685
07/31/2026,01-HC,MANAGED CARE,25,52,27,0,0,0,52,0,49,54,53,53,130,113,52,0,"6,135","6,124",(11),"6,786",0,"6,135","6,124",677,90.41%,90.24%,"6,122","6,115","1,692","1,675","3,537","3,471","6,801",0,"11,909","11,922",13,"7,212","5,564","11,686","11,655","1,122",91.47%,91.23%,"11,930","11,908","1,926","1,887","3,992","3,909","12,391",685
07/31/2026,01-HC,MEDICARE,"1,323","1,189",(134),0,0,0,"1,189",0,"1,225","1,211",771,606,"1,446","1,300","1,189",0,"6,135","6,124",(11),"6,786",0,"6,135","6,124",677,90.41%,90.24%,"6,122","6,115","1,692","1,675","3,537","3,471","6,801",0,"11,909","11,922",13,"7,212","5,564","11,686","11,655","1,122",91.47%,91.23%,"11,930","11,908","1,926","1,887","3,992","3,909","12,391",685
07/31/2026,01-HC,MEDICARE ADVANTAGE,859,966,107,0,0,0,966,0,932,933,708,708,"1,660","1,398",966,0,"6,135","6,124",(11),"6,786",0,"6,135","6,124",677,90.41%,90.24%,"6,122","6,115","1,692","1,675","3,537","3,471","6,801",0,"11,909","11,922",13,"7,212","5,564","11,686","11,655","1,122",91.47%,91.23%,"11,930","11,908","1,926","1,887","3,992","3,909","12,391",685
07/31/2026,01-HC,MEDICAID,"2,406","2,341",(65),0,0,0,"2,341",0,"2,354","2,355",70,72,129,163,"2,341",0,"6,135","6,124",(11),"6,786",0,"6,135","6,124",677,90.41%,90.24%,"6,122","6,115","1,692","1,675","3,537","3,471","6,801",0,"11,909","11,922",13,"7,212","5,564","11,686","11,655","1,122",91.47%,91.23%,"11,930","11,908","1,926","1,887","3,992","3,909","12,391",685
07/31/2026,01-HC,BEDHOLDS,0,22,22,0,0,0,22,0,35,29,6,17,11,35,22,0,"6,135","6,124",(11),"6,786",0,"6,135","6,124",677,90.41%,90.24%,"6,122","6,115","1,692","1,675","3,537","3,471","6,801",0,"11,909","11,922",13,"7,212","5,564","11,686","11,655","1,122",91.47%,91.23%,"11,930","11,908","1,926","1,887","3,992","3,909","12,391",685
07/31/2026,01-HC,CONVERSIONS,12,8,(4),0,0,0,8,0,8,9,2,2,3,5,8,0,"6,135","6,124",(11),"6,786",0,"6,135","6,124",677,90.41%,90.24%,"6,122","6,115","1,692","1,675","3,537","3,471","6,801",0,"11,909","11,922",13,"7,212","5,564","11,686","11,655","1,122",91.47%,91.23%,"11,930","11,908","1,926","1,887","3,992","3,909","12,391",685
07/31/2026,01-HC,UNOCCUPIED,0,0,0,0,0,0,0,677,0,0,0,0,0,0,677,0,"6,135","6,124",(11),"6,786",0,"6,135","6,124",677,90.41%,90.24%,"6,122","6,115","1,692","1,675","3,537","3,471","6,801",0,"11,909","11,922",13,"7,212","5,564","11,686","11,655","1,122",91.47%,91.23%,"11,930","11,908","1,926","1,887","3,992","3,909","12,391",685
07/31/2026,02-HC Legacy,PRIVATE PAY,111,118,7,426,0,391,118,0,118,117,5,4,11,15,118,0,389,405,16,426,0,391,405,21,91.71%,95.07%,405,405,31,32,63,66,426,0,"11,909","11,922",13,"7,212","5,564","11,686","11,655","1,122",91.47%,91.23%,"11,930","11,908","1,926","1,887","3,992","3,909","12,391",685
07/31/2026,02-HC Legacy,HOSPICE,56,49,(7),0,0,0,49,0,47,51,0,4,1,9,49,0,389,405,16,426,0,391,405,21,91.71%,95.07%,405,405,31,32,63,66,426,0,"11,909","11,922",13,"7,212","5,564","11,686","11,655","1,122",91.47%,91.23%,"11,930","11,908","1,926","1,887","3,992","3,909","12,391",685
07/31/2026,02-HC Legacy,MANAGED CARE,0,2,2,0,0,0,2,0,2,1,5,5,6,7,2,0,389,405,16,426,0,391,405,21,91.71%,95.07%,405,405,31,32,63,66,426,0,"11,909","11,922",13,"7,212","5,564","11,686","11,655","1,122",91.47%,91.23%,"11,930","11,908","1,926","1,887","3,992","3,909","12,391",685
07/31/2026,02-HC Legacy,MEDICARE,20,15,(5),0,0,0,15,0,16,14,8,7,23,11,15,0,389,405,16,426,0,391,405,21,91.71%,95.07%,405,405,31,32,63,66,426,0,"11,909","11,922",13,"7,212","5,564","11,686","11,655","1,122",91.47%,91.23%,"11,930","11,908","1,926","1,887","3,992","3,909","12,391",685
07/31/2026,02-HC Legacy,MEDICARE ADVANTAGE,9,7,(2),0,0,0,7,0,8,11,6,3,14,14,7,0,389,405,16,426,0,391,405,21,91.71%,95.07%,405,405,31,32,63,66,426,0,"11,909","11,922",13,"7,212","5,564","11,686","11,655","1,122",91.47%,91.23%,"11,930","11,908","1,926","1,887","3,992","3,909","12,391",685
07/31/2026,02-HC Legacy,MEDICAID,193,208,15,0,0,0,208,0,208,207,5,7,7,8,208,0,389,405,16,426,0,391,405,21,91.71%,95.07%,405,405,31,32,63,66,426,0,"11,909","11,922",13,"7,212","5,564","11,686","11,655","1,122",91.47%,91.23%,"11,930","11,908","1,926","1,887","3,992","3,909","12,391",685
07/31/2026,02-HC Legacy,LEGACY - BEDHOLDS,0,3,3,0,0,0,3,0,2,1,1,1,0,1,3,0,389,405,16,426,0,391,405,21,91.71%,95.07%,405,405,31,32,63,66,426,0,"11,909","11,922",13,"7,212","5,564","11,686","11,655","1,122",91.47%,91.23%,"11,930","11,908","1,926","1,887","3,992","3,909","12,391",685
07/31/2026,02-HC Legacy,CONVERSIONS,0,3,3,0,0,0,3,0,3,3,1,1,1,1,3,0,389,405,16,426,0,391,405,21,91.71%,95.07%,405,405,31,32,63,66,426,0,"11,909","11,922",13,"7,212","5,564","11,686","11,655","1,122",91.47%,91.23%,"11,930","11,908","1,926","1,887","3,992","3,909","12,391",685
07/31/2026,02-HC Legacy,UNOCCUPIED,0,0,0,0,0,0,0,21,0,0,0,0,0,0,21,0,389,405,16,426,0,391,405,21,91.71%,95.07%,405,405,31,32,63,66,426,0,"11,909","11,922",13,"7,212","5,564","11,686","11,655","1,122",91.47%,91.23%,"11,930","11,908","1,926","1,887","3,992","3,909","12,391",685
07/31/2026,03-AL,PRIVATE PAY,"2,790","2,669",(121),0,"3,048","2,831","2,669",0,"2,677","2,676",97,74,188,168,"2,651",18,"2,934","2,925",(9),0,"3,048","2,831","2,829",211,92.89%,92.81%,"2,932","2,929",122,105,233,236,"3,017",143,"11,909","11,922",13,"7,212","5,564","11,686","11,655","1,122",91.47%,91.23%,"11,930","11,908","1,926","1,887","3,992","3,909","12,391",685
07/31/2026,03-AL,MEDICAID,50,52,2,0,0,0,52,0,52,53,3,2,6,9,52,0,"2,934","2,925",(9),0,"3,048","2,831","2,829",211,92.89%,92.81%,"2,932","2,929",122,105,233,236,"3,017",143,"11,909","11,922",13,"7,212","5,564","11,686","11,655","1,122",91.47%,91.23%,"11,930","11,908","1,926","1,887","3,992","3,909","12,391",685
07/31/2026,03-AL,BEDHOLDS,0,111,111,0,0,0,106,0,108,106,13,25,35,55,104,7,"2,934","2,925",(9),0,"3,048","2,831","2,829",211,92.89%,92.81%,"2,932","2,929",122,105,233,236,"3,017",143,"11,909","11,922",13,"7,212","5,564","11,686","11,655","1,122",91.47%,91.23%,"11,930","11,908","1,926","1,887","3,992","3,909","12,391",685
07/31/2026,03-AL,2ND OCCUPANT,94,93,(1),0,0,0,2,0,95,95,9,4,4,4,0,93,"2,934","2,925",(9),0,"3,048","2,831","2,829",211,92.89%,92.81%,"2,932","2,929",122,105,233,236,"3,017",143,"11,909","11,922",13,"7,212","5,564","11,686","11,655","1,122",91.47%,91.23%,"11,930","11,908","1,926","1,887","3,992","3,909","12,391",685
07/31/2026,03-AL,UNOCCUPIED,0,0,0,0,0,0,0,211,0,0,0,0,0,0,210,25,"2,934","2,925",(9),0,"3,048","2,831","2,829",211,92.89%,92.81%,"2,932","2,929",122,105,233,236,"3,017",143,"11,909","11,922",13,"7,212","5,564","11,686","11,655","1,122",91.47%,91.23%,"11,930","11,908","1,926","1,887","3,992","3,909","12,391",685
07/31/2026,03-AL Legacy,LEGACY - PVT PAY,"1,154","1,131",(23),0,"1,253","1,169","1,130",0,"1,129","1,122",42,41,94,71,"1,117",14,"1,189","1,192",3,0,"1,253","1,169","1,156",97,93.28%,92.26%,"1,192","1,189",50,55,106,94,"1,238",58,"11,909","11,922",13,"7,212","5,564","11,686","11,655","1,122",91.47%,91.23%,"11,930","11,908","1,926","1,887","3,992","3,909","12,391",685
07/31/2026,03-AL Legacy,LEGACY - MEDICAID,6,5,(1),0,0,0,5,0,5,5,1,0,0,0,5,0,"1,189","1,192",3,0,"1,253","1,169","1,156",97,93.28%,92.26%,"1,192","1,189",50,55,106,94,"1,238",58,"11,909","11,922",13,"7,212","5,564","11,686","11,655","1,122",91.47%,91.23%,"11,930","11,908","1,926","1,887","3,992","3,909","12,391",685
07/31/2026,03-AL Legacy,LEGACY - BEDHOLDS,0,21,21,0,0,0,20,0,25,28,5,12,9,23,19,2,"1,189","1,192",3,0,"1,253","1,169","1,156",97,93.28%,92.26%,"1,192","1,189",50,55,106,94,"1,238",58,"11,909","11,922",13,"7,212","5,564","11,686","11,655","1,122",91.47%,91.23%,"11,930","11,908","1,926","1,887","3,992","3,909","12,391",685
07/31/2026,03-AL Legacy,LEGACY - 2ND OCCUPANT,29,35,6,0,0,0,1,0,33,34,2,2,3,0,0,35,"1,189","1,192",3,0,"1,253","1,169","1,156",97,93.28%,92.26%,"1,192","1,189",50,55,106,94,"1,238",58,"11,909","11,922",13,"7,212","5,564","11,686","11,655","1,122",91.47%,91.23%,"11,930","11,908","1,926","1,887","3,992","3,909","12,391",685
07/31/2026,03-AL Legacy,LEGACY - UNOCCUPIED,0,0,0,0,0,0,0,97,0,0,0,0,0,0,97,7,"1,189","1,192",3,0,"1,253","1,169","1,156",97,93.28%,92.26%,"1,192","1,189",50,55,106,94,"1,238",58,"11,909","11,922",13,"7,212","5,564","11,686","11,655","1,122",91.47%,91.23%,"11,930","11,908","1,926","1,887","3,992","3,909","12,391",685
07/31/2026,05-IL,PRIVATE PAY,761,750,(11),0,831,761,750,0,757,745,14,4,30,22,586,164,832,866,34,0,831,761,755,76,91.55%,90.85%,874,859,21,6,42,27,643,300,"11,909","11,922",13,"7,212","5,564","11,686","11,655","1,122",91.47%,91.23%,"11,930","11,908","1,926","1,887","3,992","3,909","12,391",685
07/31/2026,05-IL,BEDHOLDS,0,5,5,0,0,0,5,0,5,5,2,0,2,1,4,1,832,866,34,0,831,761,755,76,91.55%,90.85%,874,859,21,6,42,27,643,300,"11,909","11,922",13,"7,212","5,564","11,686","11,655","1,122",91.47%,91.23%,"11,930","11,908","1,926","1,887","3,992","3,909","12,391",685
07/31/2026,05-IL,2ND OCCUPANT,71,111,40,0,0,0,0,0,113,108,5,2,10,4,0,111,832,866,34,0,831,761,755,76,91.55%,90.85%,874,859,21,6,42,27,643,300,"11,909","11,922",13,"7,212","5,564","11,686","11,655","1,122",91.47%,91.23%,"11,930","11,908","1,926","1,887","3,992","3,909","12,391",685
07/31/2026,05-IL,UNOCCUPIED,0,0,0,0,0,0,0,76,0,0,0,0,0,0,53,24,832,866,34,0,831,761,755,76,91.55%,90.85%,874,859,21,6,42,27,643,300,"11,909","11,922",13,"7,212","5,564","11,686","11,655","1,122",91.47%,91.23%,"11,930","11,908","1,926","1,887","3,992","3,909","12,391",685
07/31/2026,06-SL,PRIVATE PAY,399,381,(18),0,432,399,381,0,378,383,9,12,7,12,230,151,430,410,(20),0,432,399,386,40,92.36%,89.35%,405,412,10,14,11,15,266,184,"11,909","11,922",13,"7,212","5,564","11,686","11,655","1,122",91.47%,91.23%,"11,930","11,908","1,926","1,887","3,992","3,909","12,391",685
07/31/2026,06-SL,BEDHOLDS,0,5,5,0,0,0,5,0,4,5,0,0,2,1,3,2,430,410,(20),0,432,399,386,40,92.36%,89.35%,405,412,10,14,11,15,266,184,"11,909","11,922",13,"7,212","5,564","11,686","11,655","1,122",91.47%,91.23%,"11,930","11,908","1,926","1,887","3,992","3,909","12,391",685
07/31/2026,06-SL,2ND OCCUPANT,31,24,(7),0,0,0,0,0,23,24,1,2,2,2,0,24,430,410,(20),0,432,399,386,40,92.36%,89.35%,405,412,10,14,11,15,266,184,"11,909","11,922",13,"7,212","5,564","11,686","11,655","1,122",91.47%,91.23%,"11,930","11,908","1,926","1,887","3,992","3,909","12,391",685
07/31/2026,06-SL,UNOCCUPIED,0,0,0,0,0,0,0,40,0,0,0,0,0,0,33,7,430,410,(20),0,432,399,386,40,92.36%,89.35%,405,412,10,14,11,15,266,184,"11,909","11,922",13,"7,212","5,564","11,686","11,655","1,122",91.47%,91.23%,"11,930","11,908","1,926","1,887","3,992","3,909","12,391",685

PKDate9,DisplayDept10,DisplayPayer10,BudgetResidentCensus19,ActualResidentCensus28,Textbox313,AvailableBeds28,AvailableUnits28,Budgeted_Occupied_Units28,Units_Beds_Occupied27,Unit_Bed_Vacancy28,ADC28,PADC28,MTD_MCAdmits29,MTD_MCDisch28,Prior_MCAdmits27,Prior_MCDisch28,Licenensed_Beds_Units40,Unlicenensed_Beds_Units14,BudgetResidentCensus20,ActualResidentCensus29,Textbox316,AvailableBeds29,AvailableUnits29,Budgeted_Occupied_Units29,Units_Beds_Occupied28,Unit_Bed_Vacancy29,Textbox317,Textbox328,ADC29,PADC29,MTD_MCAdmits30,MTD_MCDisch29,Prior_MCAdmits28,Prior_MCDisch29,Licenensed_Beds_Units41,Unlicenensed_Beds_Units37,Textbox329,ActualResidentCensus30,Textbox330,AvailableBeds30,AvailableUnits30,Budgeted_Occupied_Units30,Units_Beds_Occupied29,Unit_Bed_Vacancy30,Textbox331,Textbox332,ADC30,PADC30,MTD_MCAdmits31,MTD_MCDisch30,Prior_MCAdmits29,Prior_MCDisch30,Licenensed_Beds_Units42,Unlicenensed_Beds_Units38
07/31/2026,01-HC,PRIVATE PAY,499,530,31,"3,103",0,"2,857",530,0,520,515,26,84,68,185,530,0,"2,857","2,865",8,"3,103",0,"2,857","2,865",253,92.06%,92.33%,"2,868","2,859",788,788,"1,642","1,624","3,118",0,"5,528","5,544",16,"3,215","2,652","5,425","5,415",452,92.46%,92.30%,"5,548","5,535",884,880,"1,835","1,793","5,674",336
07/31/2026,01-HC,HOSPICE,155,156,1,0,0,0,156,0,153,152,4,18,3,26,156,0,"2,857","2,865",8,"3,103",0,"2,857","2,865",253,92.06%,92.33%,"2,868","2,859",788,788,"1,642","1,624","3,118",0,"5,528","5,544",16,"3,215","2,652","5,425","5,415",452,92.46%,92.30%,"5,548","5,535",884,880,"1,835","1,793","5,674",336
07/31/2026,01-HC,MANAGED CARE,16,29,13,0,0,0,29,0,28,28,18,18,51,46,29,0,"2,857","2,865",8,"3,103",0,"2,857","2,865",253,92.06%,92.33%,"2,868","2,859",788,788,"1,642","1,624","3,118",0,"5,528","5,544",16,"3,215","2,652","5,425","5,415",452,92.46%,92.30%,"5,548","5,535",884,880,"1,835","1,793","5,674",336
07/31/2026,01-HC,MEDICARE,592,577,(15),0,0,0,577,0,582,581,347,292,677,617,577,0,"2,857","2,865",8,"3,103",0,"2,857","2,865",253,92.06%,92.33%,"2,868","2,859",788,788,"1,642","1,624","3,118",0,"5,528","5,544",16,"3,215","2,652","5,425","5,415",452,92.46%,92.30%,"5,548","5,535",884,880,"1,835","1,793","5,674",336
07/31/2026,01-HC,MEDICARE ADVANTAGE,477,478,1,0,0,0,478,0,480,469,365,334,790,664,478,0,"2,857","2,865",8,"3,103",0,"2,857","2,865",253,92.06%,92.33%,"2,868","2,859",788,788,"1,642","1,624","3,118",0,"5,528","5,544",16,"3,215","2,652","5,425","5,415",452,92.46%,92.30%,"5,548","5,535",884,880,"1,835","1,793","5,674",336
07/31/2026,01-HC,MEDICAID,"1,112","1,078",(34),0,0,0,"1,078",0,"1,082","1,090",24,30,46,57,"1,078",0,"2,857","2,865",8,"3,103",0,"2,857","2,865",253,92.06%,92.33%,"2,868","2,859",788,788,"1,642","1,624","3,118",0,"5,528","5,544",16,"3,215","2,652","5,425","5,415",452,92.46%,92.30%,"5,548","5,535",884,880,"1,835","1,793","5,674",336
07/31/2026,01-HC,BEDHOLDS,0,12,12,0,0,0,12,0,18,18,2,11,7,28,12,0,"2,857","2,865",8,"3,103",0,"2,857","2,865",253,92.06%,92.33%,"2,868","2,859",788,788,"1,642","1,624","3,118",0,"5,528","5,544",16,"3,215","2,652","5,425","5,415",452,92.46%,92.30%,"5,548","5,535",884,880,"1,835","1,793","5,674",336
07/31/2026,01-HC,CONVERSIONS,5,5,0,0,0,0,5,0,6,6,2,1,0,1,5,0,"2,857","2,865",8,"3,103",0,"2,857","2,865",253,92.06%,92.33%,"2,868","2,859",788,788,"1,642","1,624","3,118",0,"5,528","5,544",16,"3,215","2,652","5,425","5,415",452,92.46%,92.30%,"5,548","5,535",884,880,"1,835","1,793","5,674",336
07/31/2026,01-HC,UNOCCUPIED,0,0,0,0,0,0,0,253,0,0,0,0,0,0,253,0,"2,857","2,865",8,"3,103",0,"2,857","2,865",253,92.06%,92.33%,"2,868","2,859",788,788,"1,642","1,624","3,118",0,"5,528","5,544",16,"3,215","2,652","5,425","5,415",452,92.46%,92.30%,"5,548","5,535",884,880,"1,835","1,793","5,674",336
07/31/2026,02-HC Legacy,PRIVATE PAY,39,41,2,112,0,104,41,0,40,39,1,1,6,3,41,0,103,109,6,112,0,104,109,3,92.48%,97.32%,107,108,3,5,13,10,112,0,"5,528","5,544",16,"3,215","2,652","5,425","5,415",452,92.46%,92.30%,"5,548","5,535",884,880,"1,835","1,793","5,674",336
07/31/2026,02-HC Legacy,HOSPICE,12,11,(1),0,0,0,11,0,9,11,0,2,0,2,11,0,103,109,6,112,0,104,109,3,92.48%,97.32%,107,108,3,5,13,10,112,0,"5,528","5,544",16,"3,215","2,652","5,425","5,415",452,92.46%,92.30%,"5,548","5,535",884,880,"1,835","1,793","5,674",336
07/31/2026,02-HC Legacy,MEDICARE,2,2,0,0,0,0,2,0,3,2,1,0,3,1,2,0,103,109,6,112,0,104,109,3,92.48%,97.32%,107,108,3,5,13,10,112,0,"5,528","5,544",16,"3,215","2,652","5,425","5,415",452,92.46%,92.30%,"5,548","5,535",884,880,"1,835","1,793","5,674",336
07/31/2026,02-HC Legacy,MEDICARE ADVANTAGE,1,1,0,0,0,0,1,0,0,1,0,0,3,1,1,0,103,109,6,112,0,104,109,3,92.48%,97.32%,107,108,3,5,13,10,112,0,"5,528","5,544",16,"3,215","2,652","5,425","5,415",452,92.46%,92.30%,"5,548","5,535",884,880,"1,835","1,793","5,674",336
07/31/2026,02-HC Legacy,MEDICAID,49,52,3,0,0,0,52,0,52,51,0,1,0,1,52,0,103,109,6,112,0,104,109,3,92.48%,97.32%,107,108,3,5,13,10,112,0,"5,528","5,544",16,"3,215","2,652","5,425","5,415",452,92.46%,92.30%,"5,548","5,535",884,880,"1,835","1,793","5,674",336
07/31/2026,02-HC Legacy,LEGACY - BEDHOLDS,0,0,0,0,0,0,0,0,1,0,0,0,0,1,0,0,103,109,6,112,0,104,109,3,92.48%,97.32%,107,108,3,5,13,10,112,0,"5,528","5,544",16,"3,215","2,652","5,425","5,415",452,92.46%,92.30%,"5,548","5,535",884,880,"1,835","1,793","5,674",336
07/31/2026,02-HC Legacy,CONVERSIONS,0,2,2,0,0,0,2,0,2,2,1,1,1,1,2,0,103,109,6,112,0,104,109,3,92.48%,97.32%,107,108,3,5,13,10,112,0,"5,528","5,544",16,"3,215","2,652","5,425","5,415",452,92.46%,92.30%,"5,548","5,535",884,880,"1,835","1,793","5,674",336
07/31/2026,02-HC Legacy,UNOCCUPIED,0,0,0,0,0,0,0,3,0,0,0,0,0,0,3,0,103,109,6,112,0,104,109,3,92.48%,97.32%,107,108,3,5,13,10,112,0,"5,528","5,544",16,"3,215","2,652","5,425","5,415",452,92.46%,92.30%,"5,548","5,535",884,880,"1,835","1,793","5,674",336
07/31/2026,03-AL,PRIVATE PAY,"1,292","1,235",(57),0,"1,429","1,332","1,235",0,"1,234","1,240",39,31,76,73,"1,233",2,"1,388","1,382",(6),0,"1,429","1,332","1,329",91,93.22%,93.00%,"1,380","1,385",47,50,99,99,"1,417",66,"5,528","5,544",16,"3,215","2,652","5,425","5,415",452,92.46%,92.30%,"5,548","5,535",884,880,"1,835","1,793","5,674",336
07/31/2026,03-AL,MEDICAID,45,45,0,0,0,0,45,0,45,46,3,2,5,8,45,0,"1,388","1,382",(6),0,"1,429","1,332","1,329",91,93.22%,93.00%,"1,380","1,385",47,50,99,99,"1,417",66,"5,528","5,544",16,"3,215","2,652","5,425","5,415",452,92.46%,92.30%,"5,548","5,535",884,880,"1,835","1,793","5,674",336
07/31/2026,03-AL,BEDHOLDS,0,50,50,0,0,0,48,0,52,47,5,15,16,15,48,2,"1,388","1,382",(6),0,"1,429","1,332","1,329",91,93.22%,93.00%,"1,380","1,385",47,50,99,99,"1,417",66,"5,528","5,544",16,"3,215","2,652","5,425","5,415",452,92.46%,92.30%,"5,548","5,535",884,880,"1,835","1,793","5,674",336
07/31/2026,03-AL,2ND OCCUPANT,51,52,1,0,0,0,1,0,50,53,0,2,2,3,0,52,"1,388","1,382",(6),0,"1,429","1,332","1,329",91,93.22%,93.00%,"1,380","1,385",47,50,99,99,"1,417",66,"5,528","5,544",16,"3,215","2,652","5,425","5,415",452,92.46%,92.30%,"5,548","5,535",884,880,"1,835","1,793","5,674",336
07/31/2026,03-AL,UNOCCUPIED,0,0,0,0,0,0,0,91,0,0,0,0,0,0,91,10,"1,388","1,382",(6),0,"1,429","1,332","1,329",91,93.22%,93.00%,"1,380","1,385",47,50,99,99,"1,417",66,"5,528","5,544",16,"3,215","2,652","5,425","5,415",452,92.46%,92.30%,"5,548","5,535",884,880,"1,835","1,793","5,674",336
07/31/2026,03-AL Legacy,LEGACY - PVT PAY,567,553,(14),0,624,578,552,0,548,554,24,20,44,30,552,1,584,583,(1),0,624,578,564,60,92.59%,90.38%,584,591,30,29,49,47,624,22,"5,528","5,544",16,"3,215","2,652","5,425","5,415",452,92.46%,92.30%,"5,548","5,535",884,880,"1,835","1,793","5,674",336
07/31/2026,03-AL Legacy,LEGACY - MEDICAID,6,4,(2),0,0,0,4,0,4,4,1,0,0,0,4,0,584,583,(1),0,624,578,564,60,92.59%,90.38%,584,591,30,29,49,47,624,22,"5,528","5,544",16,"3,215","2,652","5,425","5,415",452,92.46%,92.30%,"5,548","5,535",884,880,"1,835","1,793","5,674",336
07/31/2026,03-AL Legacy,LEGACY - BEDHOLDS,0,9,9,0,0,0,8,0,15,16,4,8,4,17,8,1,584,583,(1),0,624,578,564,60,92.59%,90.38%,584,591,30,29,49,47,624,22,"5,528","5,544",16,"3,215","2,652","5,425","5,415",452,92.46%,92.30%,"5,548","5,535",884,880,"1,835","1,793","5,674",336
07/31/2026,03-AL Legacy,LEGACY - 2ND OCCUPANT,10,17,7,0,0,0,0,0,17,17,1,1,1,0,0,17,584,583,(1),0,624,578,564,60,92.59%,90.38%,584,591,30,29,49,47,624,22,"5,528","5,544",16,"3,215","2,652","5,425","5,415",452,92.46%,92.30%,"5,548","5,535",884,880,"1,835","1,793","5,674",336
07/31/2026,03-AL Legacy,LEGACY - UNOCCUPIED,0,0,0,0,0,0,0,60,0,0,0,0,0,0,60,3,584,583,(1),0,624,578,564,60,92.59%,90.38%,584,591,30,29,49,47,624,22,"5,528","5,544",16,"3,215","2,652","5,425","5,415",452,92.46%,92.30%,"5,548","5,535",884,880,"1,835","1,793","5,674",336
07/31/2026,05-IL,PRIVATE PAY,295,292,(3),0,320,295,292,0,295,284,6,1,16,5,231,61,318,334,16,0,320,295,294,26,92.20%,91.88%,338,322,9,2,22,5,257,104,"5,528","5,544",16,"3,215","2,652","5,425","5,415",452,92.46%,92.30%,"5,548","5,535",884,880,"1,835","1,793","5,674",336
07/31/2026,05-IL,BEDHOLDS,0,2,2,0,0,0,2,0,1,2,0,0,0,0,2,0,318,334,16,0,320,295,294,26,92.20%,91.88%,338,322,9,2,22,5,257,104,"5,528","5,544",16,"3,215","2,652","5,425","5,415",452,92.46%,92.30%,"5,548","5,535",884,880,"1,835","1,793","5,674",336
07/31/2026,05-IL,2ND OCCUPANT,23,40,17,0,0,0,0,0,41,36,3,1,6,0,0,40,318,334,16,0,320,295,294,26,92.20%,91.88%,338,322,9,2,22,5,257,104,"5,528","5,544",16,"3,215","2,652","5,425","5,415",452,92.46%,92.30%,"5,548","5,535",884,880,"1,835","1,793","5,674",336
07/31/2026,05-IL,UNOCCUPIED,0,0,0,0,0,0,0,26,0,0,0,0,0,0,24,3,318,334,16,0,320,295,294,26,92.20%,91.88%,338,322,9,2,22,5,257,104,"5,528","5,544",16,"3,215","2,652","5,425","5,415",452,92.46%,92.30%,"5,548","5,535",884,880,"1,835","1,793","5,674",336
07/31/2026,06-SL,PRIVATE PAY,259,250,(9),0,279,259,250,0,251,250,6,5,6,6,128,122,279,271,(8),0,279,259,254,19,92.96%,91.04%,271,270,7,6,10,8,146,144,"5,528","5,544",16,"3,215","2,652","5,425","5,415",452,92.46%,92.30%,"5,548","5,535",884,880,"1,835","1,793","5,674",336
07/31/2026,06-SL,BEDHOLDS,0,4,4,0,0,0,4,0,3,4,0,0,2,1,3,1,279,271,(8),0,279,259,254,19,92.96%,91.04%,271,270,7,6,10,8,146,144,"5,528","5,544",16,"3,215","2,652","5,425","5,415",452,92.46%,92.30%,"5,548","5,535",884,880,"1,835","1,793","5,674",336
07/31/2026,06-SL,2ND OCCUPANT,20,17,(3),0,0,0,0,0,17,16,1,1,2,1,0,17,279,271,(8),0,279,259,254,19,92.96%,91.04%,271,270,7,6,10,8,146,144,"5,528","5,544",16,"3,215","2,652","5,425","5,415",452,92.46%,92.30%,"5,548","5,535",884,880,"1,835","1,793","5,674",336
07/31/2026,06-SL,UNOCCUPIED,0,0,0,0,0,0,0,19,0,0,0,0,0,0,15,4,279,271,(8),0,279,259,254,19,92.96%,91.04%,271,270,7,6,10,8,146,144,"5,528","5,544",16,"3,215","2,652","5,425","5,415",452,92.46%,92.30%,"5,548","5,535",884,880,"1,835","1,793","5,674",336

PKDate10,DisplayDept11,DisplayPayer11,BudgetResidentCensus21,ActualResidentCensus31,Textbox356,AvailableBeds31,AvailableUnits31,Budgeted_Occupied_Units31,Units_Beds_Occupied30,Unit_Bed_Vacancy31,ADC31,PADC31,MTD_MCAdmits32,MTD_MCDisch31,Prior_MCAdmits30,Prior_MCDisch31,Licenensed_Beds_Units43,Unlicenensed_Beds_Units15,BudgetResidentCensus22,ActualResidentCensus32,Textbox359,AvailableBeds32,AvailableUnits32,Budgeted_Occupied_Units32,Units_Beds_Occupied31,Unit_Bed_Vacancy32,Textbox360,Textbox361,ADC32,PADC32,MTD_MCAdmits33,MTD_MCDisch32,Prior_MCAdmits31,Prior_MCDisch32,Licenensed_Beds_Units44,Unlicenensed_Beds_Units39,Textbox362,ActualResidentCensus33,Textbox363,AvailableBeds33,AvailableUnits33,Budgeted_Occupied_Units33,Units_Beds_Occupied32,Unit_Bed_Vacancy33,Textbox364,Textbox365,ADC33,PADC33,MTD_MCAdmits34,MTD_MCDisch33,Prior_MCAdmits32,Prior_MCDisch33,Licenensed_Beds_Units45,Unlicenensed_Beds_Units40
07/31/2026,01-HC,PRIVATE PAY,672,701,29,"3,683",0,"3,279",701,0,687,694,50,102,83,219,701,0,"3,279","3,259",(20),"3,683",0,"3,279","3,259",424,89.02%,88.49%,"3,254","3,256",904,887,"1,895","1,847","3,683",0,"6,381","6,378",(3),"3,997","2,912","6,261","6,240",670,90.62%,90.32%,"6,382","6,373","1,042","1,007","2,157","2,116","6,717",349
07/31/2026,01-HC,HOSPICE,184,159,(25),0,0,0,159,0,158,162,2,13,4,27,159,0,"3,279","3,259",(20),"3,683",0,"3,279","3,259",424,89.02%,88.49%,"3,254","3,256",904,887,"1,895","1,847","3,683",0,"6,381","6,378",(3),"3,997","2,912","6,261","6,240",670,90.62%,90.32%,"6,382","6,373","1,042","1,007","2,157","2,116","6,717",349
07/31/2026,01-HC,MANAGED CARE,9,23,14,0,0,0,23,0,22,26,35,35,79,67,23,0,"3,279","3,259",(20),"3,683",0,"3,279","3,259",424,89.02%,88.49%,"3,254","3,256",904,887,"1,895","1,847","3,683",0,"6,381","6,378",(3),"3,997","2,912","6,261","6,240",670,90.62%,90.32%,"6,382","6,373","1,042","1,007","2,157","2,116","6,717",349
07/31/2026,01-HC,MEDICARE,731,612,(119),0,0,0,612,0,643,630,424,314,769,683,612,0,"3,279","3,259",(20),"3,683",0,"3,279","3,259",424,89.02%,88.49%,"3,254","3,256",904,887,"1,895","1,847","3,683",0,"6,381","6,378",(3),"3,997","2,912","6,261","6,240",670,90.62%,90.32%,"6,382","6,373","1,042","1,007","2,157","2,116","6,717",349
07/31/2026,01-HC,MEDICARE ADVANTAGE,382,488,106,0,0,0,488,0,452,465,343,374,870,734,488,0,"3,279","3,259",(20),"3,683",0,"3,279","3,259",424,89.02%,88.49%,"3,254","3,256",904,887,"1,895","1,847","3,683",0,"6,381","6,378",(3),"3,997","2,912","6,261","6,240",670,90.62%,90.32%,"6,382","6,373","1,042","1,007","2,157","2,116","6,717",349
07/31/2026,01-HC,MEDICAID,"1,293","1,263",(30),0,0,0,"1,263",0,"1,272","1,265",46,42,83,106,"1,263",0,"3,279","3,259",(20),"3,683",0,"3,279","3,259",424,89.02%,88.49%,"3,254","3,256",904,887,"1,895","1,847","3,683",0,"6,381","6,378",(3),"3,997","2,912","6,261","6,240",670,90.62%,90.32%,"6,382","6,373","1,042","1,007","2,157","2,116","6,717",349
07/31/2026,01-HC,BEDHOLDS,0,10,10,0,0,0,10,0,17,11,4,6,4,7,10,0,"3,279","3,259",(20),"3,683",0,"3,279","3,259",424,89.02%,88.49%,"3,254","3,256",904,887,"1,895","1,847","3,683",0,"6,381","6,378",(3),"3,997","2,912","6,261","6,240",670,90.62%,90.32%,"6,382","6,373","1,042","1,007","2,157","2,116","6,717",349
07/31/2026,01-HC,CONVERSIONS,7,3,(4),0,0,0,3,0,2,3,0,1,3,4,3,0,"3,279","3,259",(20),"3,683",0,"3,279","3,259",424,89.02%,88.49%,"3,254","3,256",904,887,"1,895","1,847","3,683",0,"6,381","6,378",(3),"3,997","2,912","6,261","6,240",670,90.62%,90.32%,"6,382","6,373","1,042","1,007","2,157","2,116","6,717",349
07/31/2026,01-HC,UNOCCUPIED,0,0,0,0,0,0,0,424,0,0,0,0,0,0,424,0,"3,279","3,259",(20),"3,683",0,"3,279","3,259",424,89.02%,88.49%,"3,254","3,256",904,887,"1,895","1,847","3,683",0,"6,381","6,378",(3),"3,997","2,912","6,261","6,240",670,90.62%,90.32%,"6,382","6,373","1,042","1,007","2,157","2,116","6,717",349
07/31/2026,02-HC Legacy,PRIVATE PAY,72,77,5,314,0,287,77,0,78,78,4,3,5,12,77,0,286,296,10,314,0,287,296,18,91.44%,94.27%,298,297,28,27,50,56,314,0,"6,381","6,378",(3),"3,997","2,912","6,261","6,240",670,90.62%,90.32%,"6,382","6,373","1,042","1,007","2,157","2,116","6,717",349
07/31/2026,02-HC Legacy,HOSPICE,44,38,(6),0,0,0,38,0,38,40,0,2,1,7,38,0,286,296,10,314,0,287,296,18,91.44%,94.27%,298,297,28,27,50,56,314,0,"6,381","6,378",(3),"3,997","2,912","6,261","6,240",670,90.62%,90.32%,"6,382","6,373","1,042","1,007","2,157","2,116","6,717",349
07/31/2026,02-HC Legacy,MANAGED CARE,0,2,2,0,0,0,2,0,2,1,5,5,6,7,2,0,286,296,10,314,0,287,296,18,91.44%,94.27%,298,297,28,27,50,56,314,0,"6,381","6,378",(3),"3,997","2,912","6,261","6,240",670,90.62%,90.32%,"6,382","6,373","1,042","1,007","2,157","2,116","6,717",349
07/31/2026,02-HC Legacy,MEDICARE,18,13,(5),0,0,0,13,0,14,12,7,7,20,10,13,0,286,296,10,314,0,287,296,18,91.44%,94.27%,298,297,28,27,50,56,314,0,"6,381","6,378",(3),"3,997","2,912","6,261","6,240",670,90.62%,90.32%,"6,382","6,373","1,042","1,007","2,157","2,116","6,717",349
07/31/2026,02-HC Legacy,MEDICARE ADVANTAGE,8,6,(2),0,0,0,6,0,7,9,6,3,11,13,6,0,286,296,10,314,0,287,296,18,91.44%,94.27%,298,297,28,27,50,56,314,0,"6,381","6,378",(3),"3,997","2,912","6,261","6,240",670,90.62%,90.32%,"6,382","6,373","1,042","1,007","2,157","2,116","6,717",349
07/31/2026,02-HC Legacy,MEDICAID,143,156,13,0,0,0,156,0,156,155,5,6,7,7,156,0,286,296,10,314,0,287,296,18,91.44%,94.27%,298,297,28,27,50,56,314,0,"6,381","6,378",(3),"3,997","2,912","6,261","6,240",670,90.62%,90.32%,"6,382","6,373","1,042","1,007","2,157","2,116","6,717",349
07/31/2026,02-HC Legacy,LEGACY - BEDHOLDS,0,3,3,0,0,0,3,0,2,1,1,1,0,0,3,0,286,296,10,314,0,287,296,18,91.44%,94.27%,298,297,28,27,50,56,314,0,"6,381","6,378",(3),"3,997","2,912","6,261","6,240",670,90.62%,90.32%,"6,382","6,373","1,042","1,007","2,157","2,116","6,717",349
07/31/2026,02-HC Legacy,CONVERSIONS,0,1,1,0,0,0,1,0,1,1,0,0,0,0,1,0,286,296,10,314,0,287,296,18,91.44%,94.27%,298,297,28,27,50,56,314,0,"6,381","6,378",(3),"3,997","2,912","6,261","6,240",670,90.62%,90.32%,"6,382","6,373","1,042","1,007","2,157","2,116","6,717",349
07/31/2026,02-HC Legacy,UNOCCUPIED,0,0,0,0,0,0,0,18,0,0,0,0,0,0,18,0,286,296,10,314,0,287,296,18,91.44%,94.27%,298,297,28,27,50,56,314,0,"6,381","6,378",(3),"3,997","2,912","6,261","6,240",670,90.62%,90.32%,"6,382","6,373","1,042","1,007","2,157","2,116","6,717",349
07/31/2026,03-AL,PRIVATE PAY,"1,498","1,434",(64),0,"1,619","1,499","1,434",0,"1,443","1,435",58,43,112,95,"1,418",16,"1,546","1,543",(3),0,"1,619","1,499","1,500",120,92.59%,92.65%,"1,552","1,544",75,55,134,137,"1,600",77,"6,381","6,378",(3),"3,997","2,912","6,261","6,240",670,90.62%,90.32%,"6,382","6,373","1,042","1,007","2,157","2,116","6,717",349
07/31/2026,03-AL,MEDICAID,5,7,2,0,0,0,7,0,7,7,0,0,1,1,7,0,"1,546","1,543",(3),0,"1,619","1,499","1,500",120,92.59%,92.65%,"1,552","1,544",75,55,134,137,"1,600",77,"6,381","6,378",(3),"3,997","2,912","6,261","6,240",670,90.62%,90.32%,"6,382","6,373","1,042","1,007","2,157","2,116","6,717",349
07/31/2026,03-AL,BEDHOLDS,0,61,61,0,0,0,58,0,57,59,8,10,19,40,56,5,"1,546","1,543",(3),0,"1,619","1,499","1,500",120,92.59%,92.65%,"1,552","1,544",75,55,134,137,"1,600",77,"6,381","6,378",(3),"3,997","2,912","6,261","6,240",670,90.62%,90.32%,"6,382","6,373","1,042","1,007","2,157","2,116","6,717",349
07/31/2026,03-AL,2ND OCCUPANT,43,41,(2),0,0,0,1,0,45,42,9,2,2,1,0,41,"1,546","1,543",(3),0,"1,619","1,499","1,500",120,92.59%,92.65%,"1,552","1,544",75,55,134,137,"1,600",77,"6,381","6,378",(3),"3,997","2,912","6,261","6,240",670,90.62%,90.32%,"6,382","6,373","1,042","1,007","2,157","2,116","6,717",349
07/31/2026,03-AL,UNOCCUPIED,0,0,0,0,0,0,0,120,0,0,0,0,0,0,119,15,"1,546","1,543",(3),0,"1,619","1,499","1,500",120,92.59%,92.65%,"1,552","1,544",75,55,134,137,"1,600",77,"6,381","6,378",(3),"3,997","2,912","6,261","6,240",670,90.62%,90.32%,"6,382","6,373","1,042","1,007","2,157","2,116","6,717",349
07/31/2026,03-AL Legacy,LEGACY - PVT PAY,587,578,(9),0,629,591,578,0,581,568,18,21,50,41,565,13,605,609,4,0,629,591,592,37,93.96%,94.12%,608,598,20,26,57,47,614,36,"6,381","6,378",(3),"3,997","2,912","6,261","6,240",670,90.62%,90.32%,"6,382","6,373","1,042","1,007","2,157","2,116","6,717",349
07/31/2026,03-AL Legacy,LEGACY - MEDICAID,0,1,1,0,0,0,1,0,1,1,0,0,0,0,1,0,605,609,4,0,629,591,592,37,93.96%,94.12%,608,598,20,26,57,47,614,36,"6,381","6,378",(3),"3,997","2,912","6,261","6,240",670,90.62%,90.32%,"6,382","6,373","1,042","1,007","2,157","2,116","6,717",349
07/31/2026,03-AL Legacy,LEGACY - BEDHOLDS,0,12,12,0,0,0,12,0,9,11,1,4,5,6,11,1,605,609,4,0,629,591,592,37,93.96%,94.12%,608,598,20,26,57,47,614,36,"6,381","6,378",(3),"3,997","2,912","6,261","6,240",670,90.62%,90.32%,"6,382","6,373","1,042","1,007","2,157","2,116","6,717",349
07/31/2026,03-AL Legacy,LEGACY - 2ND OCCUPANT,18,18,0,0,0,0,1,0,16,18,1,1,2,0,0,18,605,609,4,0,629,591,592,37,93.96%,94.12%,608,598,20,26,57,47,614,36,"6,381","6,378",(3),"3,997","2,912","6,261","6,240",670,90.62%,90.32%,"6,382","6,373","1,042","1,007","2,157","2,116","6,717",349
07/31/2026,03-AL Legacy,LEGACY - UNOCCUPIED,0,0,0,0,0,0,0,37,0,0,0,0,0,0,37,4,605,609,4,0,629,591,592,37,93.96%,94.12%,608,598,20,26,57,47,614,36,"6,381","6,378",(3),"3,997","2,912","6,261","6,240",670,90.62%,90.32%,"6,382","6,373","1,042","1,007","2,157","2,116","6,717",349
07/31/2026,05-IL,PRIVATE PAY,466,458,(8),0,511,466,458,0,462,461,8,3,14,17,355,103,514,532,18,0,511,466,461,50,91.15%,90.22%,537,537,12,4,20,22,386,196,"6,381","6,378",(3),"3,997","2,912","6,261","6,240",670,90.62%,90.32%,"6,382","6,373","1,042","1,007","2,157","2,116","6,717",349
07/31/2026,05-IL,BEDHOLDS,0,3,3,0,0,0,3,0,3,3,2,0,2,1,2,1,514,532,18,0,511,466,461,50,91.15%,90.22%,537,537,12,4,20,22,386,196,"6,381","6,378",(3),"3,997","2,912","6,261","6,240",670,90.62%,90.32%,"6,382","6,373","1,042","1,007","2,157","2,116","6,717",349
07/31/2026,05-IL,2ND OCCUPANT,48,71,23,0,0,0,0,0,72,72,2,1,4,4,0,71,514,532,18,0,511,466,461,50,91.15%,90.22%,537,537,12,4,20,22,386,196,"6,381","6,378",(3),"3,997","2,912","6,261","6,240",670,90.62%,90.32%,"6,382","6,373","1,042","1,007","2,157","2,116","6,717",349
07/31/2026,05-IL,UNOCCUPIED,0,0,0,0,0,0,0,50,0,0,0,0,0,0,29,21,514,532,18,0,511,466,461,50,91.15%,90.22%,537,537,12,4,20,22,386,196,"6,381","6,378",(3),"3,997","2,912","6,261","6,240",670,90.62%,90.32%,"6,382","6,373","1,042","1,007","2,157","2,116","6,717",349
07/31/2026,06-SL,PRIVATE PAY,140,131,(9),0,153,140,131,0,127,133,3,7,1,6,102,29,150,139,(11),0,153,140,132,21,91.27%,86.27%,134,142,3,8,1,7,120,40,"6,381","6,378",(3),"3,997","2,912","6,261","6,240",670,90.62%,90.32%,"6,382","6,373","1,042","1,007","2,157","2,116","6,717",349
07/31/2026,06-SL,BEDHOLDS,0,1,1,0,0,0,1,0,1,1,0,0,0,0,0,1,150,139,(11),0,153,140,132,21,91.27%,86.27%,134,142,3,8,1,7,120,40,"6,381","6,378",(3),"3,997","2,912","6,261","6,240",670,90.62%,90.32%,"6,382","6,373","1,042","1,007","2,157","2,116","6,717",349
07/31/2026,06-SL,2ND OCCUPANT,11,7,(4),0,0,0,0,0,6,8,0,1,0,1,0,7,150,139,(11),0,153,140,132,21,91.27%,86.27%,134,142,3,8,1,7,120,40,"6,381","6,378",(3),"3,997","2,912","6,261","6,240",670,90.62%,90.32%,"6,382","6,373","1,042","1,007","2,157","2,116","6,717",349
07/31/2026,06-SL,UNOCCUPIED,0,0,0,0,0,0,0,21,0,0,0,0,0,0,18,3,150,139,(11),0,153,140,132,21,91.27%,86.27%,134,142,3,8,1,7,120,40,"6,381","6,378",(3),"3,997","2,912","6,261","6,240",670,90.62%,90.32%,"6,382","6,373","1,042","1,007","2,157","2,116","6,717",349

PKDate4,DisplayDept5,DisplayPayer5,BudgetResidentCensus8,ActualResidentCensus11,Textbox76,AvailableBeds11,AvailableUnits11,Budgeted_Occupied_Units9,Units_Beds_Occupied11,Unit_Bed_Vacancy11,ADC9,PADC9,MTD_MCAdmits9,MTD_MCDisch9,Prior_MCAdmits9,Prior_MCDisch9,Licenensed_Beds_Units25,Unlicenensed_Beds_Units11,BudgetResidentCensus9,ActualResidentCensus12,Textbox78,AvailableBeds12,AvailableUnits12,Budgeted_Occupied_Units10,Units_Beds_Occupied12,Unit_Bed_Vacancy12,Textbox139,Textbox140,ADC10,PADC10,MTD_MCAdmits10,MTD_MCDisch10,Prior_MCAdmits10,Prior_MCDisch10,Licenensed_Beds_Units26,Unlicenensed_Beds_Units24,Textbox141,ActualResidentCensus13,Textbox142,AvailableBeds13,AvailableUnits13,Budgeted_Occupied_Units11,Units_Beds_Occupied13,Unit_Bed_Vacancy13,Textbox143,Textbox144,ADC11,PADC11,MTD_MCAdmits11,MTD_MCDisch11,Prior_MCAdmits11,Prior_MCDisch11,Licenensed_Beds_Units27,Unlicenensed_Beds_Units25
07/31/2026,01-HC,PRIVATE PAY,82,75,(7),330,0,284,75,0,80,74,8,17,6,24,75,0,284,270,(14),330,0,284,270,60,86.06%,81.82%,278,268,102,82,204,208,330,0,692,674,(18),330,418,668,650,98,89.30%,86.90%,682,667,111,86,228,229,579,196
07/31/2026,01-HC,HOSPICE,16,8,(8),0,0,0,8,0,8,9,0,0,1,5,8,0,284,270,(14),330,0,284,270,60,86.06%,81.82%,278,268,102,82,204,208,330,0,692,674,(18),330,418,668,650,98,89.30%,86.90%,682,667,111,86,228,229,579,196
07/31/2026,01-HC,MANAGED CARE,2,6,4,0,0,0,6,0,5,3,9,9,20,14,6,0,284,270,(14),330,0,284,270,60,86.06%,81.82%,278,268,102,82,204,208,330,0,692,674,(18),330,418,668,650,98,89.30%,86.90%,682,667,111,86,228,229,579,196
07/31/2026,01-HC,MEDICARE,67,57,(10),0,0,0,57,0,60,59,35,19,66,68,57,0,284,270,(14),330,0,284,270,60,86.06%,81.82%,278,268,102,82,204,208,330,0,692,674,(18),330,418,668,650,98,89.30%,86.90%,682,667,111,86,228,229,579,196
07/31/2026,01-HC,MEDICARE ADVANTAGE,54,58,4,0,0,0,58,0,58,57,48,32,103,87,58,0,284,270,(14),330,0,284,270,60,86.06%,81.82%,278,268,102,82,204,208,330,0,692,674,(18),330,418,668,650,98,89.30%,86.90%,682,667,111,86,228,229,579,196
07/31/2026,01-HC,MEDICAID,64,66,2,0,0,0,66,0,66,64,2,2,7,7,66,0,284,270,(14),330,0,284,270,60,86.06%,81.82%,278,268,102,82,204,208,330,0,692,674,(18),330,418,668,650,98,89.30%,86.90%,682,667,111,86,228,229,579,196
07/31/2026,01-HC,BEDHOLDS,0,0,0,0,0,0,0,0,2,2,0,3,1,3,0,0,284,270,(14),330,0,284,270,60,86.06%,81.82%,278,268,102,82,204,208,330,0,692,674,(18),330,418,668,650,98,89.30%,86.90%,682,667,111,86,228,229,579,196
07/31/2026,01-HC,UNOCCUPIED,0,0,0,0,0,0,0,60,0,0,0,0,0,0,60,0,284,270,(14),330,0,284,270,60,86.06%,81.82%,278,268,102,82,204,208,330,0,692,674,(18),330,418,668,650,98,89.30%,86.90%,682,667,111,86,228,229,579,196
07/31/2026,03-AL,PRIVATE PAY,153,154,1,0,170,151,154,0,153,148,3,1,7,4,111,43,157,161,4,0,170,151,156,15,89.00%,91.76%,160,157,5,2,13,7,115,63,692,674,(18),330,418,668,650,98,89.30%,86.90%,682,667,111,86,228,229,579,196
07/31/2026,03-AL,BEDHOLDS,0,2,2,0,0,0,2,0,3,4,1,1,5,3,1,1,157,161,4,0,170,151,156,15,89.00%,91.76%,160,157,5,2,13,7,115,63,692,674,(18),330,418,668,650,98,89.30%,86.90%,682,667,111,86,228,229,579,196
07/31/2026,03-AL,2ND OCCUPANT,4,5,1,0,0,0,0,0,4,4,1,0,1,0,0,5,157,161,4,0,170,151,156,15,89.00%,91.76%,160,157,5,2,13,7,115,63,692,674,(18),330,418,668,650,98,89.30%,86.90%,682,667,111,86,228,229,579,196
07/31/2026,03-AL,UNOCCUPIED,0,0,0,0,0,0,0,15,0,0,0,0,0,0,3,14,157,161,4,0,170,151,156,15,89.00%,91.76%,160,157,5,2,13,7,115,63,692,674,(18),330,418,668,650,98,89.30%,86.90%,682,667,111,86,228,229,579,196
07/31/2026,03-AL Legacy,LEGACY - PVT PAY,98,95,(3),0,107,99,95,0,95,94,1,0,3,5,76,19,99,102,3,0,107,99,98,9,92.47%,91.59%,102,101,2,1,6,6,84,28,692,674,(18),330,418,668,650,98,89.30%,86.90%,682,667,111,86,228,229,579,196
07/31/2026,03-AL Legacy,LEGACY - BEDHOLDS,0,3,3,0,0,0,3,0,4,4,1,0,2,1,2,1,99,102,3,0,107,99,98,9,92.47%,91.59%,102,101,2,1,6,6,84,28,692,674,(18),330,418,668,650,98,89.30%,86.90%,682,667,111,86,228,229,579,196
07/31/2026,03-AL Legacy,LEGACY - 2ND OCCUPANT,2,4,2,0,0,0,0,0,3,4,0,1,1,0,0,4,99,102,3,0,107,99,98,9,92.47%,91.59%,102,101,2,1,6,6,84,28,692,674,(18),330,418,668,650,98,89.30%,86.90%,682,667,111,86,228,229,579,196
07/31/2026,03-AL Legacy,LEGACY - UNOCCUPIED,0,0,0,0,0,0,0,9,0,0,0,0,0,0,6,4,99,102,3,0,107,99,98,9,92.47%,91.59%,102,101,2,1,6,6,84,28,692,674,(18),330,418,668,650,98,89.30%,86.90%,682,667,111,86,228,229,579,196
07/31/2026,05-IL,PRIVATE PAY,15,16,1,0,16,15,16,0,16,16,0,0,0,0,0,16,18,20,2,0,16,15,16,0,95.00%,100.00%,20,20,0,0,0,0,0,20,692,674,(18),330,418,668,650,98,89.30%,86.90%,682,667,111,86,228,229,579,196
07/31/2026,05-IL,2ND OCCUPANT,3,4,1,0,0,0,0,0,4,4,0,0,0,0,0,4,18,20,2,0,16,15,16,0,95.00%,100.00%,20,20,0,0,0,0,0,20,692,674,(18),330,418,668,650,98,89.30%,86.90%,682,667,111,86,228,229,579,196
07/31/2026,06-SL,PRIVATE PAY,119,108,(11),0,125,118,108,0,108,108,2,1,4,4,46,62,133,121,(12),0,125,118,110,14,94.80%,88.00%,122,120,2,1,5,8,50,85,692,674,(18),330,418,668,650,98,89.30%,86.90%,682,667,111,86,228,229,579,196
07/31/2026,06-SL,BEDHOLDS,0,2,2,0,0,0,2,0,2,1,0,0,0,0,2,0,133,121,(12),0,125,118,110,14,94.80%,88.00%,122,120,2,1,5,8,50,85,692,674,(18),330,418,668,650,98,89.30%,86.90%,682,667,111,86,228,229,579,196
07/31/2026,06-SL,2ND OCCUPANT,15,11,(4),0,0,0,0,0,12,11,0,0,1,4,0,11,133,121,(12),0,125,118,110,14,94.80%,88.00%,122,120,2,1,5,8,50,85,692,674,(18),330,418,668,650,98,89.30%,86.90%,682,667,111,86,228,229,579,196
07/31/2026,06-SL,UNOCCUPIED,0,0,0,0,0,0,0,14,0,0,0,0,0,0,2,12,133,121,(12),0,125,118,110,14,94.80%,88.00%,122,120,2,1,5,8,50,85,692,674,(18),330,418,668,650,98,89.30%,86.90%,682,667,111,86,228,229,579,196

PKDate5,DisplayDept6,DisplayPayer6,BudgetResidentCensus10,ActualResidentCensus14,Textbox92,AvailableBeds14,AvailableUnits14,Budgeted_Occupied_Units12,Units_Beds_Occupied14,Unit_Bed_Vacancy14,ADC12,PADC12,MTD_MCAdmits12,MTD_MCDisch12,Prior_MCAdmits12,Prior_MCDisch12,Licenensed_Beds_Units28,Unlicenensed_Beds_Units16,BudgetResidentCensus11,ActualResidentCensus15,Textbox94,AvailableBeds15,AvailableUnits15,Budgeted_Occupied_Units13,Units_Beds_Occupied15,Unit_Bed_Vacancy15,Textbox150,Textbox151,ADC13,PADC13,MTD_MCAdmits13,MTD_MCDisch13,Prior_MCAdmits13,Prior_MCDisch13,Licenensed_Beds_Units29,Unlicenensed_Beds_Units26,Textbox153,ActualResidentCensus16,Textbox154,AvailableBeds16,AvailableUnits16,Budgeted_Occupied_Units14,Units_Beds_Occupied16,Unit_Bed_Vacancy16,Textbox155,Textbox156,ADC14,PADC14,MTD_MCAdmits14,MTD_MCDisch14,Prior_MCAdmits18,Prior_MCDisch14,Licenensed_Beds_Units30,Unlicenensed_Beds_Units27
07/31/2026,01-HC,PRIVATE PAY,15,16,1,50,0,44,16,0,17,18,2,3,1,7,16,0,44,48,4,50,0,44,48,1,89.00%,96.00%,48,47,8,7,26,22,49,0,107,115,8,50,95,102,111,18,70.42%,76.55%,116,109,9,7,35,23,108,25
07/31/2026,01-HC,HOSPICE,0,1,1,0,0,0,1,0,1,1,0,0,0,0,1,0,44,48,4,50,0,44,48,1,89.00%,96.00%,48,47,8,7,26,22,49,0,107,115,8,50,95,102,111,18,70.42%,76.55%,116,109,9,7,35,23,108,25
07/31/2026,01-HC,MANAGED CARE,0,1,1,0,0,0,1,0,1,0,1,1,1,0,1,0,44,48,4,50,0,44,48,1,89.00%,96.00%,48,47,8,7,26,22,49,0,107,115,8,50,95,102,111,18,70.42%,76.55%,116,109,9,7,35,23,108,25
07/31/2026,01-HC,MEDICARE,12,8,(4),0,0,0,8,0,9,9,4,1,12,9,8,0,44,48,4,50,0,44,48,1,89.00%,96.00%,48,47,8,7,26,22,49,0,107,115,8,50,95,102,111,18,70.42%,76.55%,116,109,9,7,35,23,108,25
07/31/2026,01-HC,MEDICARE ADVANTAGE,4,8,4,0,0,0,8,0,6,6,1,2,11,5,8,0,44,48,4,50,0,44,48,1,89.00%,96.00%,48,47,8,7,26,22,49,0,107,115,8,50,95,102,111,18,70.42%,76.55%,116,109,9,7,35,23,108,25
07/31/2026,01-HC,MEDICAID,14,13,(1),0,0,0,13,0,13,12,0,0,1,0,13,0,44,48,4,50,0,44,48,1,89.00%,96.00%,48,47,8,7,26,22,49,0,107,115,8,50,95,102,111,18,70.42%,76.55%,116,109,9,7,35,23,108,25
07/31/2026,01-HC,BEDHOLDS,0,1,1,0,0,0,1,0,2,1,0,0,0,1,1,0,44,48,4,50,0,44,48,1,89.00%,96.00%,48,47,8,7,26,22,49,0,107,115,8,50,95,102,111,18,70.42%,76.55%,116,109,9,7,35,23,108,25
07/31/2026,01-HC,UNOCCUPIED,0,0,0,0,0,0,0,1,0,0,0,0,0,0,1,0,44,48,4,50,0,44,48,1,89.00%,96.00%,48,47,8,7,26,22,49,0,107,115,8,50,95,102,111,18,70.42%,76.55%,116,109,9,7,35,23,108,25
07/31/2026,03-AL,PRIVATE PAY,19,21,2,0,20,19,21,0,22,19,0,0,2,1,21,0,20,25,5,0,20,19,23,0,95.02%,115.00%,25,22,0,0,3,1,23,2,107,115,8,50,95,102,111,18,70.42%,76.55%,116,109,9,7,35,23,108,25
07/31/2026,03-AL,BEDHOLDS,0,2,2,0,0,0,2,0,1,2,0,0,0,0,2,0,20,25,5,0,20,19,23,0,95.02%,115.00%,25,22,0,0,3,1,23,2,107,115,8,50,95,102,111,18,70.42%,76.55%,116,109,9,7,35,23,108,25
07/31/2026,03-AL,2ND OCCUPANT,1,2,1,0,0,0,0,0,2,1,0,0,1,0,0,2,20,25,5,0,20,19,23,0,95.02%,115.00%,25,22,0,0,3,1,23,2,107,115,8,50,95,102,111,18,70.42%,76.55%,116,109,9,7,35,23,108,25
07/31/2026,03-AL Legacy,LEGACY - PVT PAY,13,15,2,0,15,13,15,0,15,15,0,0,0,0,15,0,13,15,2,0,15,13,15,0,86.67%,100.00%,15,15,0,0,0,0,15,0,107,115,8,50,95,102,111,18,70.42%,76.55%,116,109,9,7,35,23,108,25
07/31/2026,06-SL,PRIVATE PAY,26,23,(3),0,60,26,23,0,25,22,1,0,3,0,20,3,30,27,(3),0,60,26,25,17,42.67%,41.67%,28,25,1,0,6,0,21,23,107,115,8,50,95,102,111,18,70.42%,76.55%,116,109,9,7,35,23,108,25
07/31/2026,06-SL,BEDHOLDS,0,2,2,0,0,0,2,0,1,1,0,0,3,0,1,1,30,27,(3),0,60,26,25,17,42.67%,41.67%,28,25,1,0,6,0,21,23,107,115,8,50,95,102,111,18,70.42%,76.55%,116,109,9,7,35,23,108,25
07/31/2026,06-SL,2ND OCCUPANT,4,2,(2),0,0,0,0,0,2,2,0,0,0,0,0,2,30,27,(3),0,60,26,25,17,42.67%,41.67%,28,25,1,0,6,0,21,23,107,115,8,50,95,102,111,18,70.42%,76.55%,116,109,9,7,35,23,108,25
07/31/2026,06-SL,UNOCCUPIED,0,0,0,0,0,0,0,17,0,0,0,0,0,0,0,17,30,27,(3),0,60,26,25,17,42.67%,41.67%,28,25,1,0,6,0,21,23,107,115,8,50,95,102,111,18,70.42%,76.55%,116,109,9,7,35,23,108,25

PKDate6,DisplayDept7,DisplayPayer7,BudgetResidentCensus12,ActualResidentCensus17,Textbox184,AvailableBeds17,AvailableUnits17,Budgeted_Occupied_Units19,Units_Beds_Occupied17,Unit_Bed_Vacancy17,ADC19,PADC19,MTD_MCAdmits19,MTD_MCDisch19,Prior_MCAdmits19,Prior_MCDisch15,Licenensed_Beds_Units31,Unlicenensed_Beds_Units17,BudgetResidentCensus13,ActualResidentCensus18,Textbox187,AvailableBeds18,AvailableUnits18,Budgeted_Occupied_Units20,Units_Beds_Occupied18,Unit_Bed_Vacancy18,Textbox188,Textbox189,ADC20,PADC20,MTD_MCAdmits20,MTD_MCDisch20,Prior_MCAdmits20,Prior_MCDisch20,Licenensed_Beds_Units32,Unlicenensed_Beds_Units28,Textbox192,ActualResidentCensus19,Textbox194,AvailableBeds19,AvailableUnits19,Budgeted_Occupied_Units21,Units_Beds_Occupied19,Unit_Bed_Vacancy19,Textbox200,Textbox201,ADC21,PADC21,MTD_MCAdmits21,MTD_MCDisch21,Prior_MCAdmits21,Prior_MCDisch21,Licenensed_Beds_Units33,Unlicenensed_Beds_Units29
07/31/2026,01-HC,PRIVATE PAY,229,262,33,"1,463",0,"1,268",262,0,255,251,19,44,37,91,262,0,"1,268","1,298",30,"1,463",0,"1,268","1,298",177,86.64%,88.72%,"1,287","1,278",279,298,677,631,"1,475",0,"2,479","2,541",62,"1,532","1,213","2,432","2,472",271,88.60%,90.05%,"2,529","2,510",318,336,764,702,"2,687",140
07/31/2026,01-HC,HOSPICE,75,64,(11),0,0,0,64,0,61,63,1,6,1,12,64,0,"1,268","1,298",30,"1,463",0,"1,268","1,298",177,86.64%,88.72%,"1,287","1,278",279,298,677,631,"1,475",0,"2,479","2,541",62,"1,532","1,213","2,432","2,472",271,88.60%,90.05%,"2,529","2,510",318,336,764,702,"2,687",140
07/31/2026,01-HC,MANAGED CARE,5,14,9,0,0,0,14,0,12,15,14,13,45,36,14,0,"1,268","1,298",30,"1,463",0,"1,268","1,298",177,86.64%,88.72%,"1,287","1,278",279,298,677,631,"1,475",0,"2,479","2,541",62,"1,532","1,213","2,432","2,472",271,88.60%,90.05%,"2,529","2,510",318,336,764,702,"2,687",140
07/31/2026,01-HC,MEDICARE,229,229,0,0,0,0,229,0,224,213,111,102,257,187,229,0,"1,268","1,298",30,"1,463",0,"1,268","1,298",177,86.64%,88.72%,"1,287","1,278",279,298,677,631,"1,475",0,"2,479","2,541",62,"1,532","1,213","2,432","2,472",271,88.60%,90.05%,"2,529","2,510",318,336,764,702,"2,687",140
07/31/2026,01-HC,MEDICARE ADVANTAGE,167,172,5,0,0,0,172,0,169,174,114,111,300,250,172,0,"1,268","1,298",30,"1,463",0,"1,268","1,298",177,86.64%,88.72%,"1,287","1,278",279,298,677,631,"1,475",0,"2,479","2,541",62,"1,532","1,213","2,432","2,472",271,88.60%,90.05%,"2,529","2,510",318,336,764,702,"2,687",140
07/31/2026,01-HC,MEDICAID,563,550,(13),0,0,0,550,0,556,551,20,17,33,44,550,0,"1,268","1,298",30,"1,463",0,"1,268","1,298",177,86.64%,88.72%,"1,287","1,278",279,298,677,631,"1,475",0,"2,479","2,541",62,"1,532","1,213","2,432","2,472",271,88.60%,90.05%,"2,529","2,510",318,336,764,702,"2,687",140
07/31/2026,01-HC,BEDHOLDS,0,7,7,0,0,0,7,0,10,11,0,5,3,10,7,0,"1,268","1,298",30,"1,463",0,"1,268","1,298",177,86.64%,88.72%,"1,287","1,278",279,298,677,631,"1,475",0,"2,479","2,541",62,"1,532","1,213","2,432","2,472",271,88.60%,90.05%,"2,529","2,510",318,336,764,702,"2,687",140
07/31/2026,01-HC,CONVERSIONS,0,0,0,0,0,0,0,0,0,1,0,0,1,1,0,0,"1,268","1,298",30,"1,463",0,"1,268","1,298",177,86.64%,88.72%,"1,287","1,278",279,298,677,631,"1,475",0,"2,479","2,541",62,"1,532","1,213","2,432","2,472",271,88.60%,90.05%,"2,529","2,510",318,336,764,702,"2,687",140
07/31/2026,01-HC,UNOCCUPIED,0,0,0,0,0,0,0,177,0,0,0,0,0,0,177,0,"1,268","1,298",30,"1,463",0,"1,268","1,298",177,86.64%,88.72%,"1,287","1,278",279,298,677,631,"1,475",0,"2,479","2,541",62,"1,532","1,213","2,432","2,472",271,88.60%,90.05%,"2,529","2,510",318,336,764,702,"2,687",140
07/31/2026,02-HC Legacy,PRIVATE PAY,17,19,2,69,0,64,19,0,19,20,1,0,3,3,19,0,64,67,3,69,0,64,67,2,92.90%,97.10%,65,64,3,5,7,6,69,0,"2,479","2,541",62,"1,532","1,213","2,432","2,472",271,88.60%,90.05%,"2,529","2,510",318,336,764,702,"2,687",140
07/31/2026,02-HC Legacy,HOSPICE,5,9,4,0,0,0,9,0,8,9,0,2,0,2,9,0,64,67,3,69,0,64,67,2,92.90%,97.10%,65,64,3,5,7,6,69,0,"2,479","2,541",62,"1,532","1,213","2,432","2,472",271,88.60%,90.05%,"2,529","2,510",318,336,764,702,"2,687",140
07/31/2026,02-HC Legacy,MANAGED CARE,0,1,1,0,0,0,1,0,0,0,1,2,1,0,1,0,64,67,3,69,0,64,67,2,92.90%,97.10%,65,64,3,5,7,6,69,0,"2,479","2,541",62,"1,532","1,213","2,432","2,472",271,88.60%,90.05%,"2,529","2,510",318,336,764,702,"2,687",140
07/31/2026,02-HC Legacy,MEDICARE,2,1,(1),0,0,0,1,0,1,1,0,0,2,0,1,0,64,67,3,69,0,64,67,2,92.90%,97.10%,65,64,3,5,7,6,69,0,"2,479","2,541",62,"1,532","1,213","2,432","2,472",271,88.60%,90.05%,"2,529","2,510",318,336,764,702,"2,687",140
07/31/2026,02-HC Legacy,MEDICARE ADVANTAGE,1,1,0,0,0,0,1,0,1,0,1,0,1,0,1,0,64,67,3,69,0,64,67,2,92.90%,97.10%,65,64,3,5,7,6,69,0,"2,479","2,541",62,"1,532","1,213","2,432","2,472",271,88.60%,90.05%,"2,529","2,510",318,336,764,702,"2,687",140
07/31/2026,02-HC Legacy,MEDICAID,38,36,(2),0,0,0,36,0,35,34,0,1,0,1,36,0,64,67,3,69,0,64,67,2,92.90%,97.10%,65,64,3,5,7,6,69,0,"2,479","2,541",62,"1,532","1,213","2,432","2,472",271,88.60%,90.05%,"2,529","2,510",318,336,764,702,"2,687",140
07/31/2026,02-HC Legacy,LEGACY - BEDHOLDS,0,0,0,0,0,0,0,0,0,0,0,0,0,0,0,0,64,67,3,69,0,64,67,2,92.90%,97.10%,65,64,3,5,7,6,69,0,"2,479","2,541",62,"1,532","1,213","2,432","2,472",271,88.60%,90.05%,"2,529","2,510",318,336,764,702,"2,687",140
07/31/2026,02-HC Legacy,UNOCCUPIED,0,0,0,0,0,0,0,2,0,0,0,0,0,0,2,0,64,67,3,69,0,64,67,2,92.90%,97.10%,65,64,3,5,7,6,69,0,"2,479","2,541",62,"1,532","1,213","2,432","2,472",271,88.60%,90.05%,"2,529","2,510",318,336,764,702,"2,687",140
07/31/2026,03-AL,PRIVATE PAY,615,579,(36),0,680,628,579,0,581,573,18,13,33,32,579,0,652,650,(2),0,680,628,621,54,92.37%,91.32%,649,651,21,18,43,48,674,44,"2,479","2,541",62,"1,532","1,213","2,432","2,472",271,88.60%,90.05%,"2,529","2,510",318,336,764,702,"2,687",140
07/31/2026,03-AL,MEDICAID,16,20,4,0,0,0,20,0,20,20,0,0,1,3,20,0,652,650,(2),0,680,628,621,54,92.37%,91.32%,649,651,21,18,43,48,674,44,"2,479","2,541",62,"1,532","1,213","2,432","2,472",271,88.60%,90.05%,"2,529","2,510",318,336,764,702,"2,687",140
07/31/2026,03-AL,BEDHOLDS,0,24,24,0,0,0,21,0,22,31,2,4,6,12,21,3,652,650,(2),0,680,628,621,54,92.37%,91.32%,649,651,21,18,43,48,674,44,"2,479","2,541",62,"1,532","1,213","2,432","2,472",271,88.60%,90.05%,"2,529","2,510",318,336,764,702,"2,687",140
07/31/2026,03-AL,2ND OCCUPANT,22,27,5,0,0,0,1,0,27,26,1,1,3,1,0,27,652,650,(2),0,680,628,621,54,92.37%,91.32%,649,651,21,18,43,48,674,44,"2,479","2,541",62,"1,532","1,213","2,432","2,472",271,88.60%,90.05%,"2,529","2,510",318,336,764,702,"2,687",140
07/31/2026,03-AL,UNOCCUPIED,0,0,0,0,0,0,0,54,0,0,0,0,0,0,54,14,652,650,(2),0,680,628,621,54,92.37%,91.32%,649,651,21,18,43,48,674,44,"2,479","2,541",62,"1,532","1,213","2,432","2,472",271,88.60%,90.05%,"2,529","2,510",318,336,764,702,"2,687",140
07/31/2026,03-AL Legacy,LEGACY - PVT PAY,203,209,6,0,234,206,209,0,212,208,9,8,14,11,209,0,207,221,14,0,234,206,214,20,87.90%,91.45%,223,219,11,10,17,12,234,7,"2,479","2,541",62,"1,532","1,213","2,432","2,472",271,88.60%,90.05%,"2,529","2,510",318,336,764,702,"2,687",140
07/31/2026,03-AL Legacy,LEGACY - BEDHOLDS,0,6,6,0,0,0,5,0,6,6,1,1,1,1,5,1,207,221,14,0,234,206,214,20,87.90%,91.45%,223,219,11,10,17,12,234,7,"2,479","2,541",62,"1,532","1,213","2,432","2,472",271,88.60%,90.05%,"2,529","2,510",318,336,764,702,"2,687",140
07/31/2026,03-AL Legacy,LEGACY - 2ND OCCUPANT,4,6,2,0,0,0,0,0,6,4,1,1,2,0,0,6,207,221,14,0,234,206,214,20,87.90%,91.45%,223,219,11,10,17,12,234,7,"2,479","2,541",62,"1,532","1,213","2,432","2,472",271,88.60%,90.05%,"2,529","2,510",318,336,764,702,"2,687",140
07/31/2026,03-AL Legacy,LEGACY - UNOCCUPIED,0,0,0,0,0,0,0,20,0,0,0,0,0,0,20,0,207,221,14,0,234,206,214,20,87.90%,91.45%,223,219,11,10,17,12,234,7,"2,479","2,541",62,"1,532","1,213","2,432","2,472",271,88.60%,90.05%,"2,529","2,510",318,336,764,702,"2,687",140
07/31/2026,05-IL,PRIVATE PAY,138,148,10,0,157,138,148,0,149,143,2,1,10,2,120,28,149,172,23,0,157,138,148,9,87.91%,94.27%,174,168,3,2,12,3,127,55,"2,479","2,541",62,"1,532","1,213","2,432","2,472",271,88.60%,90.05%,"2,529","2,510",318,336,764,702,"2,687",140
07/31/2026,05-IL,BEDHOLDS,0,0,0,0,0,0,0,0,0,1,0,0,0,0,0,0,149,172,23,0,157,138,148,9,87.91%,94.27%,174,168,3,2,12,3,127,55,"2,479","2,541",62,"1,532","1,213","2,432","2,472",271,88.60%,90.05%,"2,529","2,510",318,336,764,702,"2,687",140
07/31/2026,05-IL,2ND OCCUPANT,11,24,13,0,0,0,0,0,25,24,1,1,2,1,0,24,149,172,23,0,157,138,148,9,87.91%,94.27%,174,168,3,2,12,3,127,55,"2,479","2,541",62,"1,532","1,213","2,432","2,472",271,88.60%,90.05%,"2,529","2,510",318,336,764,702,"2,687",140
07/31/2026,05-IL,UNOCCUPIED,0,0,0,0,0,0,0,9,0,0,0,0,0,0,7,3,149,172,23,0,157,138,148,9,87.91%,94.27%,174,168,3,2,12,3,127,55,"2,479","2,541",62,"1,532","1,213","2,432","2,472",271,88.60%,90.05%,"2,529","2,510",318,336,764,702,"2,687",140
07/31/2026,06-SL,PRIVATE PAY,129,119,(10),0,142,128,119,0,117,120,1,3,5,2,94,25,139,133,(6),0,142,128,124,9,90.49%,87.32%,131,131,1,3,8,2,108,34,"2,479","2,541",62,"1,532","1,213","2,432","2,472",271,88.60%,90.05%,"2,529","2,510",318,336,764,702,"2,687",140
07/31/2026,06-SL,BEDHOLDS,0,5,5,0,0,0,5,0,5,3,0,0,2,0,5,0,139,133,(6),0,142,128,124,9,90.49%,87.32%,131,131,1,3,8,2,108,34,"2,479","2,541",62,"1,532","1,213","2,432","2,472",271,88.60%,90.05%,"2,529","2,510",318,336,764,702,"2,687",140
07/31/2026,06-SL,2ND OCCUPANT,10,9,(1),0,0,0,0,0,9,8,0,0,1,0,0,9,139,133,(6),0,142,128,124,9,90.49%,87.32%,131,131,1,3,8,2,108,34,"2,479","2,541",62,"1,532","1,213","2,432","2,472",271,88.60%,90.05%,"2,529","2,510",318,336,764,702,"2,687",140
07/31/2026,06-SL,UNOCCUPIED,0,0,0,0,0,0,0,9,0,0,0,0,0,0,9,0,139,133,(6),0,142,128,124,9,90.49%,87.32%,131,131,1,3,8,2,108,34,"2,479","2,541",62,"1,532","1,213","2,432","2,472",271,88.60%,90.05%,"2,529","2,510",318,336,764,702,"2,687",140

division,DisplayDept8,DisplayPayer8,BudgetResidentCensus14,ActualResidentCensus20,Textbox204,AvailableBeds20,AvailableUnits20,Budgeted_Occupied_Units22,Units_Beds_Occupied20,Unit_Bed_Vacancy20,ADC22,PADC22,MTD_MCAdmits22,MTD_MCDisch22,Prior_MCAdmits22,Prior_MCDisch16,Licenensed_Beds_Units34,Unlicenensed_Beds_Units30,BudgetResidentCensus15,ActualResidentCensus21,Textbox207,AvailableBeds21,AvailableUnits21,Budgeted_Occupied_Units23,Units_Beds_Occupied21,Unit_Bed_Vacancy21,Textbox209,Textbox210,ADC23,PADC23,MTD_MCAdmits23,MTD_MCDisch23,Prior_MCAdmits23,Prior_MCDisch22,Licenensed_Beds_Units35,Unlicenensed_Beds_Units31,Textbox262,Textbox263,Textbox264,Textbox265,Textbox266,Textbox267,Textbox268,Textbox269,Textbox270,Textbox271,Textbox272,Textbox273,Textbox274,Textbox275,Textbox276,Textbox277,Textbox278,Textbox279,Textbox211,ActualResidentCensus22,Textbox212,AvailableBeds22,AvailableUnits22,Budgeted_Occupied_Units24,Units_Beds_Occupied22,Unit_Bed_Vacancy22,Textbox213,Textbox216,ADC24,PADC24,MTD_MCAdmits24,MTD_MCDisch24,Prior_MCAdmits24,Prior_MCDisch23,Licenensed_Beds_Units36,Unlicenensed_Beds_Units32
Central South Indiana,01-HC,PRIVATE PAY,86,80,(6),487,0,432,80,0,78,77,7,12,14,31,80,0,432,439,7,487,0,432,439,49,88.70%,90.14%,440,428,127,124,300,273,488,0,789,791,2,487,380,781,777,91,90.09%,89.62%,794,780,148,138,328,298,852,42,"14,239","14,217",(22),"8,175","7,144","13,944","13,858","1,420",91.03%,90.46%,"14,225","14,171","2,180","2,123","4,578","4,457","14,582","1,114"
Central South Indiana,01-HC,HOSPICE,31,19,(12),0,0,0,19,0,19,18,1,1,0,1,19,0,432,439,7,487,0,432,439,49,88.70%,90.14%,440,428,127,124,300,273,488,0,789,791,2,487,380,781,777,91,90.09%,89.62%,794,780,148,138,328,298,852,42,"14,239","14,217",(22),"8,175","7,144","13,944","13,858","1,420",91.03%,90.46%,"14,225","14,171","2,180","2,123","4,578","4,457","14,582","1,114"
Central South Indiana,01-HC,MANAGED CARE,2,2,0,0,0,0,2,0,4,3,7,5,13,10,2,0,432,439,7,487,0,432,439,49,88.70%,90.14%,440,428,127,124,300,273,488,0,789,791,2,487,380,781,777,91,90.09%,89.62%,794,780,148,138,328,298,852,42,"14,239","14,217",(22),"8,175","7,144","13,944","13,858","1,420",91.03%,90.46%,"14,225","14,171","2,180","2,123","4,578","4,457","14,582","1,114"
Central South Indiana,01-HC,MEDICARE,89,83,(6),0,0,0,83,0,89,78,54,41,97,75,83,0,432,439,7,487,0,432,439,49,88.70%,90.14%,440,428,127,124,300,273,488,0,789,791,2,487,380,781,777,91,90.09%,89.62%,794,780,148,138,328,298,852,42,"14,239","14,217",(22),"8,175","7,144","13,944","13,858","1,420",91.03%,90.46%,"14,225","14,171","2,180","2,123","4,578","4,457","14,582","1,114"
Central South Indiana,01-HC,MEDICARE ADVANTAGE,62,82,20,0,0,0,82,0,74,81,49,57,160,139,82,0,432,439,7,487,0,432,439,49,88.70%,90.14%,440,428,127,124,300,273,488,0,789,791,2,487,380,781,777,91,90.09%,89.62%,794,780,148,138,328,298,852,42,"14,239","14,217",(22),"8,175","7,144","13,944","13,858","1,420",91.03%,90.46%,"14,225","14,171","2,180","2,123","4,578","4,457","14,582","1,114"
Central South Indiana,01-HC,MEDICAID,160,170,10,0,0,0,170,0,172,169,8,7,14,14,170,0,432,439,7,487,0,432,439,49,88.70%,90.14%,440,428,127,124,300,273,488,0,789,791,2,487,380,781,777,91,90.09%,89.62%,794,780,148,138,328,298,852,42,"14,239","14,217",(22),"8,175","7,144","13,944","13,858","1,420",91.03%,90.46%,"14,225","14,171","2,180","2,123","4,578","4,457","14,582","1,114"
Central South Indiana,01-HC,BEDHOLDS,0,2,2,0,0,0,2,0,4,2,1,0,1,1,2,0,432,439,7,487,0,432,439,49,88.70%,90.14%,440,428,127,124,300,273,488,0,789,791,2,487,380,781,777,91,90.09%,89.62%,794,780,148,138,328,298,852,42,"14,239","14,217",(22),"8,175","7,144","13,944","13,858","1,420",91.03%,90.46%,"14,225","14,171","2,180","2,123","4,578","4,457","14,582","1,114"
Central South Indiana,01-HC,CONVERSIONS,1,1,0,0,0,0,1,0,0,0,0,1,1,2,1,0,432,439,7,487,0,432,439,49,88.70%,90.14%,440,428,127,124,300,273,488,0,789,791,2,487,380,781,777,91,90.09%,89.62%,794,780,148,138,328,298,852,42,"14,239","14,217",(22),"8,175","7,144","13,944","13,858","1,420",91.03%,90.46%,"14,225","14,171","2,180","2,123","4,578","4,457","14,582","1,114"
Central South Indiana,01-HC,UNOCCUPIED,0,0,0,0,0,0,0,49,0,0,0,0,0,0,49,0,432,439,7,487,0,432,439,49,88.70%,90.14%,440,428,127,124,300,273,488,0,789,791,2,487,380,781,777,91,90.09%,89.62%,794,780,148,138,328,298,852,42,"14,239","14,217",(22),"8,175","7,144","13,944","13,858","1,420",91.03%,90.46%,"14,225","14,171","2,180","2,123","4,578","4,457","14,582","1,114"
Central South Indiana,03-AL,PRIVATE PAY,177,174,(3),0,197,178,174,0,178,171,13,4,20,13,174,0,183,189,6,0,197,178,183,14,90.43%,92.89%,193,187,14,6,22,16,197,18,789,791,2,487,380,781,777,91,90.09%,89.62%,794,780,148,138,328,298,852,42,"14,239","14,217",(22),"8,175","7,144","13,944","13,858","1,420",91.03%,90.46%,"14,225","14,171","2,180","2,123","4,578","4,457","14,582","1,114"
Central South Indiana,03-AL,MEDICAID,2,6,4,0,0,0,6,0,6,6,0,0,0,0,6,0,183,189,6,0,197,178,183,14,90.43%,92.89%,193,187,14,6,22,16,197,18,789,791,2,487,380,781,777,91,90.09%,89.62%,794,780,148,138,328,298,852,42,"14,239","14,217",(22),"8,175","7,144","13,944","13,858","1,420",91.03%,90.46%,"14,225","14,171","2,180","2,123","4,578","4,457","14,582","1,114"
Central South Indiana,03-AL,BEDHOLDS,0,3,3,0,0,0,3,0,4,3,1,1,2,3,3,0,183,189,6,0,197,178,183,14,90.43%,92.89%,193,187,14,6,22,16,197,18,789,791,2,487,380,781,777,91,90.09%,89.62%,794,780,148,138,328,298,852,42,"14,239","14,217",(22),"8,175","7,144","13,944","13,858","1,420",91.03%,90.46%,"14,225","14,171","2,180","2,123","4,578","4,457","14,582","1,114"
Central South Indiana,03-AL,2ND OCCUPANT,4,6,2,0,0,0,0,0,5,6,0,1,0,0,0,6,183,189,6,0,197,178,183,14,90.43%,92.89%,193,187,14,6,22,16,197,18,789,791,2,487,380,781,777,91,90.09%,89.62%,794,780,148,138,328,298,852,42,"14,239","14,217",(22),"8,175","7,144","13,944","13,858","1,420",91.03%,90.46%,"14,225","14,171","2,180","2,123","4,578","4,457","14,582","1,114"
Central South Indiana,03-AL,UNOCCUPIED,0,0,0,0,0,0,0,14,0,0,0,0,0,0,14,12,183,189,6,0,197,178,183,14,90.43%,92.89%,193,187,14,6,22,16,197,18,789,791,2,487,380,781,777,91,90.09%,89.62%,794,780,148,138,328,298,852,42,"14,239","14,217",(22),"8,175","7,144","13,944","13,858","1,420",91.03%,90.46%,"14,225","14,171","2,180","2,123","4,578","4,457","14,582","1,114"
Central South Indiana,03-AL Legacy,LEGACY - PVT PAY,82,75,(7),0,88,83,75,0,76,75,3,3,6,6,75,0,84,84,0,0,88,83,78,10,94.00%,88.64%,84,84,3,4,6,6,88,6,789,791,2,487,380,781,777,91,90.09%,89.62%,794,780,148,138,328,298,852,42,"14,239","14,217",(22),"8,175","7,144","13,944","13,858","1,420",91.03%,90.46%,"14,225","14,171","2,180","2,123","4,578","4,457","14,582","1,114"
Central South Indiana,03-AL Legacy,LEGACY - MEDICAID,0,1,1,0,0,0,1,0,1,1,0,0,0,0,1,0,84,84,0,0,88,83,78,10,94.00%,88.64%,84,84,3,4,6,6,88,6,789,791,2,487,380,781,777,91,90.09%,89.62%,794,780,148,138,328,298,852,42,"14,239","14,217",(22),"8,175","7,144","13,944","13,858","1,420",91.03%,90.46%,"14,225","14,171","2,180","2,123","4,578","4,457","14,582","1,114"
Central South Indiana,03-AL Legacy,LEGACY - BEDHOLDS,0,2,2,0,0,0,2,0,1,1,0,0,0,0,2,0,84,84,0,0,88,83,78,10,94.00%,88.64%,84,84,3,4,6,6,88,6,789,791,2,487,380,781,777,91,90.09%,89.62%,794,780,148,138,328,298,852,42,"14,239","14,217",(22),"8,175","7,144","13,944","13,858","1,420",91.03%,90.46%,"14,225","14,171","2,180","2,123","4,578","4,457","14,582","1,114"
Central South Indiana,03-AL Legacy,LEGACY - 2ND OCCUPANT,2,6,4,0,0,0,0,0,5,6,0,1,0,0,0,6,84,84,0,0,88,83,78,10,94.00%,88.64%,84,84,3,4,6,6,88,6,789,791,2,487,380,781,777,91,90.09%,89.62%,794,780,148,138,328,298,852,42,"14,239","14,217",(22),"8,175","7,144","13,944","13,858","1,420",91.03%,90.46%,"14,225","14,171","2,180","2,123","4,578","4,457","14,582","1,114"
Central South Indiana,03-AL Legacy,LEGACY - UNOCCUPIED,0,0,0,0,0,0,0,10,0,0,0,0,0,0,10,0,84,84,0,0,88,83,78,10,94.00%,88.64%,84,84,3,4,6,6,88,6,789,791,2,487,380,781,777,91,90.09%,89.62%,794,780,148,138,328,298,852,42,"14,239","14,217",(22),"8,175","7,144","13,944","13,858","1,420",91.03%,90.46%,"14,225","14,171","2,180","2,123","4,578","4,457","14,582","1,114"
Central South Indiana,05-IL,PRIVATE PAY,33,24,(9),0,36,33,24,0,26,25,3,0,0,1,17,7,33,24,(9),0,36,33,24,12,92.22%,66.67%,26,25,3,0,0,1,20,16,789,791,2,487,380,781,777,91,90.09%,89.62%,794,780,148,138,328,298,852,42,"14,239","14,217",(22),"8,175","7,144","13,944","13,858","1,420",91.03%,90.46%,"14,225","14,171","2,180","2,123","4,578","4,457","14,582","1,114"
Central South Indiana,05-IL,UNOCCUPIED,0,0,0,0,0,0,0,12,0,0,0,0,0,0,3,9,33,24,(9),0,36,33,24,12,92.22%,66.67%,26,25,3,0,0,1,20,16,789,791,2,487,380,781,777,91,90.09%,89.62%,794,780,148,138,328,298,852,42,"14,239","14,217",(22),"8,175","7,144","13,944","13,858","1,420",91.03%,90.46%,"14,225","14,171","2,180","2,123","4,578","4,457","14,582","1,114"
Central South Indiana,06-SL,PRIVATE PAY,55,53,(2),0,59,55,53,0,51,54,1,3,0,2,53,0,57,55,(2),0,59,55,53,6,93.22%,89.83%,52,56,1,4,0,2,59,2,789,791,2,487,380,781,777,91,90.09%,89.62%,794,780,148,138,328,298,852,42,"14,239","14,217",(22),"8,175","7,144","13,944","13,858","1,420",91.03%,90.46%,"14,225","14,171","2,180","2,123","4,578","4,457","14,582","1,114"
Central South Indiana,06-SL,2ND OCCUPANT,2,2,0,0,0,0,0,0,1,2,0,1,0,0,0,2,57,55,(2),0,59,55,53,6,93.22%,89.83%,52,56,1,4,0,2,59,2,789,791,2,487,380,781,777,91,90.09%,89.62%,794,780,148,138,328,298,852,42,"14,239","14,217",(22),"8,175","7,144","13,944","13,858","1,420",91.03%,90.46%,"14,225","14,171","2,180","2,123","4,578","4,457","14,582","1,114"
Central South Indiana,06-SL,UNOCCUPIED,0,0,0,0,0,0,0,6,0,0,0,0,0,0,6,0,57,55,(2),0,59,55,53,6,93.22%,89.83%,52,56,1,4,0,2,59,2,789,791,2,487,380,781,777,91,90.09%,89.62%,794,780,148,138,328,298,852,42,"14,239","14,217",(22),"8,175","7,144","13,944","13,858","1,420",91.03%,90.46%,"14,225","14,171","2,180","2,123","4,578","4,457","14,582","1,114"
Great Lakes,01-HC,PRIVATE PAY,84,92,8,533,0,476,92,0,89,85,5,14,15,30,92,0,476,454,(22),533,0,476,454,79,89.22%,85.18%,473,460,156,134,308,314,533,0,923,912,(11),533,463,906,887,109,90.96%,89.06%,934,916,169,143,343,346,937,86,"14,239","14,217",(22),"8,175","7,144","13,944","13,858","1,420",91.03%,90.46%,"14,225","14,171","2,180","2,123","4,578","4,457","14,582","1,114"
Great Lakes,01-HC,HOSPICE,40,48,8,0,0,0,48,0,48,49,1,4,2,9,48,0,476,454,(22),533,0,476,454,79,89.22%,85.18%,473,460,156,134,308,314,533,0,923,912,(11),533,463,906,887,109,90.96%,89.06%,934,916,169,143,343,346,937,86,"14,239","14,217",(22),"8,175","7,144","13,944","13,858","1,420",91.03%,90.46%,"14,225","14,171","2,180","2,123","4,578","4,457","14,582","1,114"
Great Lakes,01-HC,MANAGED CARE,3,3,0,0,0,0,3,0,3,3,7,8,15,11,3,0,476,454,(22),533,0,476,454,79,89.22%,85.18%,473,460,156,134,308,314,533,0,923,912,(11),533,463,906,887,109,90.96%,89.06%,934,916,169,143,343,346,937,86,"14,239","14,217",(22),"8,175","7,144","13,944","13,858","1,420",91.03%,90.46%,"14,225","14,171","2,180","2,123","4,578","4,457","14,582","1,114"
Great Lakes,01-HC,MEDICARE,91,75,(16),0,0,0,75,0,83,84,62,40,106,116,75,0,476,454,(22),533,0,476,454,79,89.22%,85.18%,473,460,156,134,308,314,533,0,923,912,(11),533,463,906,887,109,90.96%,89.06%,934,916,169,143,343,346,937,86,"14,239","14,217",(22),"8,175","7,144","13,944","13,858","1,420",91.03%,90.46%,"14,225","14,171","2,180","2,123","4,578","4,457","14,582","1,114"
Great Lakes,01-HC,MEDICARE ADVANTAGE,87,80,(7),0,0,0,80,0,89,80,73,55,155,131,80,0,476,454,(22),533,0,476,454,79,89.22%,85.18%,473,460,156,134,308,314,533,0,923,912,(11),533,463,906,887,109,90.96%,89.06%,934,916,169,143,343,346,937,86,"14,239","14,217",(22),"8,175","7,144","13,944","13,858","1,420",91.03%,90.46%,"14,225","14,171","2,180","2,123","4,578","4,457","14,582","1,114"
Great Lakes,01-HC,MEDICAID,170,156,(14),0,0,0,156,0,158,156,8,9,14,14,156,0,476,454,(22),533,0,476,454,79,89.22%,85.18%,473,460,156,134,308,314,533,0,923,912,(11),533,463,906,887,109,90.96%,89.06%,934,916,169,143,343,346,937,86,"14,239","14,217",(22),"8,175","7,144","13,944","13,858","1,420",91.03%,90.46%,"14,225","14,171","2,180","2,123","4,578","4,457","14,582","1,114"
Great Lakes,01-HC,BEDHOLDS,0,0,0,0,0,0,0,0,2,2,0,4,1,3,0,0,476,454,(22),533,0,476,454,79,89.22%,85.18%,473,460,156,134,308,314,533,0,923,912,(11),533,463,906,887,109,90.96%,89.06%,934,916,169,143,343,346,937,86,"14,239","14,217",(22),"8,175","7,144","13,944","13,858","1,420",91.03%,90.46%,"14,225","14,171","2,180","2,123","4,578","4,457","14,582","1,114"
Great Lakes,01-HC,UNOCCUPIED,0,0,0,0,0,0,0,79,0,0,0,0,0,0,79,0,476,454,(22),533,0,476,454,79,89.22%,85.18%,473,460,156,134,308,314,533,0,923,912,(11),533,463,906,887,109,90.96%,89.06%,934,916,169,143,343,346,937,86,"14,239","14,217",(22),"8,175","7,144","13,944","13,858","1,420",91.03%,90.46%,"14,225","14,171","2,180","2,123","4,578","4,457","14,582","1,114"
Great Lakes,03-AL,PRIVATE PAY,228,218,(10),0,244,227,218,0,221,220,10,5,18,18,218,0,235,232,(3),0,244,227,223,21,92.91%,91.39%,236,231,10,5,23,18,243,12,923,912,(11),533,463,906,887,109,90.96%,89.06%,934,916,169,143,343,346,937,86,"14,239","14,217",(22),"8,175","7,144","13,944","13,858","1,420",91.03%,90.46%,"14,225","14,171","2,180","2,123","4,578","4,457","14,582","1,114"
Great Lakes,03-AL,BEDHOLDS,0,5,5,0,0,0,5,0,6,3,0,0,4,0,5,0,235,232,(3),0,244,227,223,21,92.91%,91.39%,236,231,10,5,23,18,243,12,923,912,(11),533,463,906,887,109,90.96%,89.06%,934,916,169,143,343,346,937,86,"14,239","14,217",(22),"8,175","7,144","13,944","13,858","1,420",91.03%,90.46%,"14,225","14,171","2,180","2,123","4,578","4,457","14,582","1,114"
Great Lakes,03-AL,2ND OCCUPANT,6,9,3,0,0,0,0,0,9,8,0,0,1,0,0,9,235,232,(3),0,244,227,223,21,92.91%,91.39%,236,231,10,5,23,18,243,12,923,912,(11),533,463,906,887,109,90.96%,89.06%,934,916,169,143,343,346,937,86,"14,239","14,217",(22),"8,175","7,144","13,944","13,858","1,420",91.03%,90.46%,"14,225","14,171","2,180","2,123","4,578","4,457","14,582","1,114"
Great Lakes,03-AL,UNOCCUPIED,0,0,0,0,0,0,0,21,0,0,0,0,0,0,20,3,235,232,(3),0,244,227,223,21,92.91%,91.39%,236,231,10,5,23,18,243,12,923,912,(11),533,463,906,887,109,90.96%,89.06%,934,916,169,143,343,346,937,86,"14,239","14,217",(22),"8,175","7,144","13,944","13,858","1,420",91.03%,90.46%,"14,225","14,171","2,180","2,123","4,578","4,457","14,582","1,114"
Great Lakes,03-AL Legacy,LEGACY - PVT PAY,103,111,8,0,115,105,111,0,109,107,2,2,7,5,111,0,104,117,13,0,115,105,111,4,91.23%,96.52%,116,115,2,4,8,5,115,6,923,912,(11),533,463,906,887,109,90.96%,89.06%,934,916,169,143,343,346,937,86,"14,239","14,217",(22),"8,175","7,144","13,944","13,858","1,420",91.03%,90.46%,"14,225","14,171","2,180","2,123","4,578","4,457","14,582","1,114"
Great Lakes,03-AL Legacy,LEGACY - BEDHOLDS,0,0,0,0,0,0,0,0,2,1,0,1,0,0,0,0,104,117,13,0,115,105,111,4,91.23%,96.52%,116,115,2,4,8,5,115,6,923,912,(11),533,463,906,887,109,90.96%,89.06%,934,916,169,143,343,346,937,86,"14,239","14,217",(22),"8,175","7,144","13,944","13,858","1,420",91.03%,90.46%,"14,225","14,171","2,180","2,123","4,578","4,457","14,582","1,114"
Great Lakes,03-AL Legacy,LEGACY - 2ND OCCUPANT,1,6,5,0,0,0,0,0,5,7,0,1,1,0,0,6,104,117,13,0,115,105,111,4,91.23%,96.52%,116,115,2,4,8,5,115,6,923,912,(11),533,463,906,887,109,90.96%,89.06%,934,916,169,143,343,346,937,86,"14,239","14,217",(22),"8,175","7,144","13,944","13,858","1,420",91.03%,90.46%,"14,225","14,171","2,180","2,123","4,578","4,457","14,582","1,114"
Great Lakes,03-AL Legacy,LEGACY - UNOCCUPIED,0,0,0,0,0,0,0,4,0,0,0,0,0,0,4,0,104,117,13,0,115,105,111,4,91.23%,96.52%,116,115,2,4,8,5,115,6,923,912,(11),533,463,906,887,109,90.96%,89.06%,934,916,169,143,343,346,937,86,"14,239","14,217",(22),"8,175","7,144","13,944","13,858","1,420",91.03%,90.46%,"14,225","14,171","2,180","2,123","4,578","4,457","14,582","1,114"
Great Lakes,05-IL,PRIVATE PAY,8,8,0,0,8,8,8,0,8,8,0,0,0,0,0,8,9,10,1,0,8,8,8,0,95.00%,100.00%,10,10,0,0,0,0,0,10,923,912,(11),533,463,906,887,109,90.96%,89.06%,934,916,169,143,343,346,937,86,"14,239","14,217",(22),"8,175","7,144","13,944","13,858","1,420",91.03%,90.46%,"14,225","14,171","2,180","2,123","4,578","4,457","14,582","1,114"
Great Lakes,05-IL,2ND OCCUPANT,1,2,1,0,0,0,0,0,2,2,0,0,0,0,0,2,9,10,1,0,8,8,8,0,95.00%,100.00%,10,10,0,0,0,0,0,10,923,912,(11),533,463,906,887,109,90.96%,89.06%,934,916,169,143,343,346,937,86,"14,239","14,217",(22),"8,175","7,144","13,944","13,858","1,420",91.03%,90.46%,"14,225","14,171","2,180","2,123","4,578","4,457","14,582","1,114"
Great Lakes,06-SL,PRIVATE PAY,91,91,0,0,96,91,91,0,91,91,1,0,3,5,44,47,100,99,(1),0,96,91,91,5,95.00%,94.79%,99,100,1,0,4,9,46,58,923,912,(11),533,463,906,887,109,90.96%,89.06%,934,916,169,143,343,346,937,86,"14,239","14,217",(22),"8,175","7,144","13,944","13,858","1,420",91.03%,90.46%,"14,225","14,171","2,180","2,123","4,578","4,457","14,582","1,114"
Great Lakes,06-SL,2ND OCCUPANT,9,8,(1),0,0,0,0,0,8,9,0,0,1,4,0,8,100,99,(1),0,96,91,91,5,95.00%,94.79%,99,100,1,0,4,9,46,58,923,912,(11),533,463,906,887,109,90.96%,89.06%,934,916,169,143,343,346,937,86,"14,239","14,217",(22),"8,175","7,144","13,944","13,858","1,420",91.03%,90.46%,"14,225","14,171","2,180","2,123","4,578","4,457","14,582","1,114"
Great Lakes,06-SL,UNOCCUPIED,0,0,0,0,0,0,0,5,0,0,0,0,0,0,2,3,100,99,(1),0,96,91,91,5,95.00%,94.79%,99,100,1,0,4,9,46,58,923,912,(11),533,463,906,887,109,90.96%,89.06%,934,916,169,143,343,346,937,86,"14,239","14,217",(22),"8,175","7,144","13,944","13,858","1,420",91.03%,90.46%,"14,225","14,171","2,180","2,123","4,578","4,457","14,582","1,114"
Kentuckiana,01-HC,PRIVATE PAY,123,105,(18),588,0,536,105,0,106,105,10,15,8,27,105,0,536,526,(10),588,0,536,526,63,91.16%,89.46%,520,529,200,204,413,413,589,0,"1,279","1,265",(14),685,669,"1,247","1,226",129,92.11%,90.55%,"1,264","1,273",227,221,467,475,"1,193",204,"14,239","14,217",(22),"8,175","7,144","13,944","13,858","1,420",91.03%,90.46%,"14,225","14,171","2,180","2,123","4,578","4,457","14,582","1,114"
Kentuckiana,01-HC,HOSPICE,10,9,(1),0,0,0,9,0,9,9,0,1,0,0,9,0,536,526,(10),588,0,536,526,63,91.16%,89.46%,520,529,200,204,413,413,589,0,"1,279","1,265",(14),685,669,"1,247","1,226",129,92.11%,90.55%,"1,264","1,273",227,221,467,475,"1,193",204,"14,239","14,217",(22),"8,175","7,144","13,944","13,858","1,420",91.03%,90.46%,"14,225","14,171","2,180","2,123","4,578","4,457","14,582","1,114"
Kentuckiana,01-HC,MANAGED CARE,1,5,4,0,0,0,5,0,3,4,5,5,10,7,5,0,536,526,(10),588,0,536,526,63,91.16%,89.46%,520,529,200,204,413,413,589,0,"1,279","1,265",(14),685,669,"1,247","1,226",129,92.11%,90.55%,"1,264","1,273",227,221,467,475,"1,193",204,"14,239","14,217",(22),"8,175","7,144","13,944","13,858","1,420",91.03%,90.46%,"14,225","14,171","2,180","2,123","4,578","4,457","14,582","1,114"
Kentuckiana,01-HC,MEDICARE,162,131,(31),0,0,0,131,0,143,143,93,69,183,184,131,0,536,526,(10),588,0,536,526,63,91.16%,89.46%,520,529,200,204,413,413,589,0,"1,279","1,265",(14),685,669,"1,247","1,226",129,92.11%,90.55%,"1,264","1,273",227,221,467,475,"1,193",204,"14,239","14,217",(22),"8,175","7,144","13,944","13,858","1,420",91.03%,90.46%,"14,225","14,171","2,180","2,123","4,578","4,457","14,582","1,114"
Kentuckiana,01-HC,MEDICARE ADVANTAGE,89,123,34,0,0,0,123,0,106,114,90,111,208,189,123,0,536,526,(10),588,0,536,526,63,91.16%,89.46%,520,529,200,204,413,413,589,0,"1,279","1,265",(14),685,669,"1,247","1,226",129,92.11%,90.55%,"1,264","1,273",227,221,467,475,"1,193",204,"14,239","14,217",(22),"8,175","7,144","13,944","13,858","1,420",91.03%,90.46%,"14,225","14,171","2,180","2,123","4,578","4,457","14,582","1,114"
Kentuckiana,01-HC,MEDICAID,151,148,(3),0,0,0,148,0,148,150,2,0,3,4,148,0,536,526,(10),588,0,536,526,63,91.16%,89.46%,520,529,200,204,413,413,589,0,"1,279","1,265",(14),685,669,"1,247","1,226",129,92.11%,90.55%,"1,264","1,273",227,221,467,475,"1,193",204,"14,239","14,217",(22),"8,175","7,144","13,944","13,858","1,420",91.03%,90.46%,"14,225","14,171","2,180","2,123","4,578","4,457","14,582","1,114"
Kentuckiana,01-HC,BEDHOLDS,0,5,5,0,0,0,5,0,5,4,0,3,1,2,5,0,536,526,(10),588,0,536,526,63,91.16%,89.46%,520,529,200,204,413,413,589,0,"1,279","1,265",(14),685,669,"1,247","1,226",129,92.11%,90.55%,"1,264","1,273",227,221,467,475,"1,193",204,"14,239","14,217",(22),"8,175","7,144","13,944","13,858","1,420",91.03%,90.46%,"14,225","14,171","2,180","2,123","4,578","4,457","14,582","1,114"
Kentuckiana,01-HC,CONVERSIONS,0,0,0,0,0,0,0,0,0,0,0,0,0,0,0,0,536,526,(10),588,0,536,526,63,91.16%,89.46%,520,529,200,204,413,413,589,0,"1,279","1,265",(14),685,669,"1,247","1,226",129,92.11%,90.55%,"1,264","1,273",227,221,467,475,"1,193",204,"14,239","14,217",(22),"8,175","7,144","13,944","13,858","1,420",91.03%,90.46%,"14,225","14,171","2,180","2,123","4,578","4,457","14,582","1,114"
Kentuckiana,01-HC,UNOCCUPIED,0,0,0,0,0,0,0,63,0,0,0,0,0,0,63,0,536,526,(10),588,0,536,526,63,91.16%,89.46%,520,529,200,204,413,413,589,0,"1,279","1,265",(14),685,669,"1,247","1,226",129,92.11%,90.55%,"1,264","1,273",227,221,467,475,"1,193",204,"14,239","14,217",(22),"8,175","7,144","13,944","13,858","1,420",91.03%,90.46%,"14,225","14,171","2,180","2,123","4,578","4,457","14,582","1,114"
Kentuckiana,02-HC Legacy,PRIVATE PAY,26,30,4,97,0,90,30,0,30,30,1,1,1,2,30,0,90,90,0,97,0,90,90,7,93.00%,92.78%,93,91,10,6,12,16,97,0,"1,279","1,265",(14),685,669,"1,247","1,226",129,92.11%,90.55%,"1,264","1,273",227,221,467,475,"1,193",204,"14,239","14,217",(22),"8,175","7,144","13,944","13,858","1,420",91.03%,90.46%,"14,225","14,171","2,180","2,123","4,578","4,457","14,582","1,114"
Kentuckiana,02-HC Legacy,HOSPICE,16,9,(7),0,0,0,9,0,10,11,0,0,1,3,9,0,90,90,0,97,0,90,90,7,93.00%,92.78%,93,91,10,6,12,16,97,0,"1,279","1,265",(14),685,669,"1,247","1,226",129,92.11%,90.55%,"1,264","1,273",227,221,467,475,"1,193",204,"14,239","14,217",(22),"8,175","7,144","13,944","13,858","1,420",91.03%,90.46%,"14,225","14,171","2,180","2,123","4,578","4,457","14,582","1,114"
Kentuckiana,02-HC Legacy,MANAGED CARE,0,0,0,0,0,0,0,0,1,0,2,1,2,2,0,0,90,90,0,97,0,90,90,7,93.00%,92.78%,93,91,10,6,12,16,97,0,"1,279","1,265",(14),685,669,"1,247","1,226",129,92.11%,90.55%,"1,264","1,273",227,221,467,475,"1,193",204,"14,239","14,217",(22),"8,175","7,144","13,944","13,858","1,420",91.03%,90.46%,"14,225","14,171","2,180","2,123","4,578","4,457","14,582","1,114"
Kentuckiana,02-HC Legacy,MEDICARE,5,2,(3),0,0,0,2,0,2,1,2,1,4,2,2,0,90,90,0,97,0,90,90,7,93.00%,92.78%,93,91,10,6,12,16,97,0,"1,279","1,265",(14),685,669,"1,247","1,226",129,92.11%,90.55%,"1,264","1,273",227,221,467,475,"1,193",204,"14,239","14,217",(22),"8,175","7,144","13,944","13,858","1,420",91.03%,90.46%,"14,225","14,171","2,180","2,123","4,578","4,457","14,582","1,114"
Kentuckiana,02-HC Legacy,MEDICARE ADVANTAGE,2,3,1,0,0,0,3,0,5,4,4,2,3,5,3,0,90,90,0,97,0,90,90,7,93.00%,92.78%,93,91,10,6,12,16,97,0,"1,279","1,265",(14),685,669,"1,247","1,226",129,92.11%,90.55%,"1,264","1,273",227,221,467,475,"1,193",204,"14,239","14,217",(22),"8,175","7,144","13,944","13,858","1,420",91.03%,90.46%,"14,225","14,171","2,180","2,123","4,578","4,457","14,582","1,114"
Kentuckiana,02-HC Legacy,MEDICAID,41,46,5,0,0,0,46,0,46,46,1,1,1,2,46,0,90,90,0,97,0,90,90,7,93.00%,92.78%,93,91,10,6,12,16,97,0,"1,279","1,265",(14),685,669,"1,247","1,226",129,92.11%,90.55%,"1,264","1,273",227,221,467,475,"1,193",204,"14,239","14,217",(22),"8,175","7,144","13,944","13,858","1,420",91.03%,90.46%,"14,225","14,171","2,180","2,123","4,578","4,457","14,582","1,114"
Kentuckiana,02-HC Legacy,LEGACY - BEDHOLDS,0,0,0,0,0,0,0,0,0,0,0,0,0,0,0,0,90,90,0,97,0,90,90,7,93.00%,92.78%,93,91,10,6,12,16,97,0,"1,279","1,265",(14),685,669,"1,247","1,226",129,92.11%,90.55%,"1,264","1,273",227,221,467,475,"1,193",204,"14,239","14,217",(22),"8,175","7,144","13,944","13,858","1,420",91.03%,90.46%,"14,225","14,171","2,180","2,123","4,578","4,457","14,582","1,114"
Kentuckiana,02-HC Legacy,UNOCCUPIED,0,0,0,0,0,0,0,7,0,0,0,0,0,0,7,0,90,90,0,97,0,90,90,7,93.00%,92.78%,93,91,10,6,12,16,97,0,"1,279","1,265",(14),685,669,"1,247","1,226",129,92.11%,90.55%,"1,264","1,273",227,221,467,475,"1,193",204,"14,239","14,217",(22),"8,175","7,144","13,944","13,858","1,420",91.03%,90.46%,"14,225","14,171","2,180","2,123","4,578","4,457","14,582","1,114"
Kentuckiana,03-AL,PRIVATE PAY,290,271,(19),0,319,290,271,0,272,270,6,6,20,14,228,43,298,301,3,0,319,290,287,32,90.86%,89.97%,302,301,10,6,29,25,263,72,"1,279","1,265",(14),685,669,"1,247","1,226",129,92.11%,90.55%,"1,264","1,273",227,221,467,475,"1,193",204,"14,239","14,217",(22),"8,175","7,144","13,944","13,858","1,420",91.03%,90.46%,"14,225","14,171","2,180","2,123","4,578","4,457","14,582","1,114"
Kentuckiana,03-AL,BEDHOLDS,0,17,17,0,0,0,16,0,16,18,1,0,8,11,15,2,298,301,3,0,319,290,287,32,90.86%,89.97%,302,301,10,6,29,25,263,72,"1,279","1,265",(14),685,669,"1,247","1,226",129,92.11%,90.55%,"1,264","1,273",227,221,467,475,"1,193",204,"14,239","14,217",(22),"8,175","7,144","13,944","13,858","1,420",91.03%,90.46%,"14,225","14,171","2,180","2,123","4,578","4,457","14,582","1,114"
Kentuckiana,03-AL,2ND OCCUPANT,8,13,5,0,0,0,0,0,14,13,3,0,1,0,0,13,298,301,3,0,319,290,287,32,90.86%,89.97%,302,301,10,6,29,25,263,72,"1,279","1,265",(14),685,669,"1,247","1,226",129,92.11%,90.55%,"1,264","1,273",227,221,467,475,"1,193",204,"14,239","14,217",(22),"8,175","7,144","13,944","13,858","1,420",91.03%,90.46%,"14,225","14,171","2,180","2,123","4,578","4,457","14,582","1,114"
Kentuckiana,03-AL,UNOCCUPIED,0,0,0,0,0,0,0,32,0,0,0,0,0,0,20,14,298,301,3,0,319,290,287,32,90.86%,89.97%,302,301,10,6,29,25,263,72,"1,279","1,265",(14),685,669,"1,247","1,226",129,92.11%,90.55%,"1,264","1,273",227,221,467,475,"1,193",204,"14,239","14,217",(22),"8,175","7,144","13,944","13,858","1,420",91.03%,90.46%,"14,225","14,171","2,180","2,123","4,578","4,457","14,582","1,114"
Kentuckiana,03-AL Legacy,LEGACY - PVT PAY,115,110,(5),0,121,115,110,0,110,108,2,2,6,6,91,19,118,114,(4),0,121,115,112,9,94.83%,92.56%,115,114,4,3,9,9,98,26,"1,279","1,265",(14),685,669,"1,247","1,226",129,92.11%,90.55%,"1,264","1,273",227,221,467,475,"1,193",204,"14,239","14,217",(22),"8,175","7,144","13,944","13,858","1,420",91.03%,90.46%,"14,225","14,171","2,180","2,123","4,578","4,457","14,582","1,114"
Kentuckiana,03-AL Legacy,LEGACY - BEDHOLDS,0,2,2,0,0,0,2,0,3,4,1,1,3,3,1,1,118,114,(4),0,121,115,112,9,94.83%,92.56%,115,114,4,3,9,9,98,26,"1,279","1,265",(14),685,669,"1,247","1,226",129,92.11%,90.55%,"1,264","1,273",227,221,467,475,"1,193",204,"14,239","14,217",(22),"8,175","7,144","13,944","13,858","1,420",91.03%,90.46%,"14,225","14,171","2,180","2,123","4,578","4,457","14,582","1,114"
Kentuckiana,03-AL Legacy,LEGACY - 2ND OCCUPANT,3,2,(1),0,0,0,0,0,2,2,1,0,0,0,0,2,118,114,(4),0,121,115,112,9,94.83%,92.56%,115,114,4,3,9,9,98,26,"1,279","1,265",(14),685,669,"1,247","1,226",129,92.11%,90.55%,"1,264","1,273",227,221,467,475,"1,193",204,"14,239","14,217",(22),"8,175","7,144","13,944","13,858","1,420",91.03%,90.46%,"14,225","14,171","2,180","2,123","4,578","4,457","14,582","1,114"
Kentuckiana,03-AL Legacy,LEGACY - UNOCCUPIED,0,0,0,0,0,0,0,9,0,0,0,0,0,0,6,4,118,114,(4),0,121,115,112,9,94.83%,92.56%,115,114,4,3,9,9,98,26,"1,279","1,265",(14),685,669,"1,247","1,226",129,92.11%,90.55%,"1,264","1,273",227,221,467,475,"1,193",204,"14,239","14,217",(22),"8,175","7,144","13,944","13,858","1,420",91.03%,90.46%,"14,225","14,171","2,180","2,123","4,578","4,457","14,582","1,114"
Kentuckiana,05-IL,PRIVATE PAY,180,179,(1),0,190,180,179,0,180,182,2,1,2,8,107,72,198,202,4,0,190,180,180,10,94.94%,94.74%,202,205,3,2,4,9,116,96,"1,279","1,265",(14),685,669,"1,247","1,226",129,92.11%,90.55%,"1,264","1,273",227,221,467,475,"1,193",204,"14,239","14,217",(22),"8,175","7,144","13,944","13,858","1,420",91.03%,90.46%,"14,225","14,171","2,180","2,123","4,578","4,457","14,582","1,114"
Kentuckiana,05-IL,BEDHOLDS,0,1,1,0,0,0,1,0,0,0,0,0,2,0,1,0,198,202,4,0,190,180,180,10,94.94%,94.74%,202,205,3,2,4,9,116,96,"1,279","1,265",(14),685,669,"1,247","1,226",129,92.11%,90.55%,"1,264","1,273",227,221,467,475,"1,193",204,"14,239","14,217",(22),"8,175","7,144","13,944","13,858","1,420",91.03%,90.46%,"14,225","14,171","2,180","2,123","4,578","4,457","14,582","1,114"
Kentuckiana,05-IL,2ND OCCUPANT,17,22,5,0,0,0,0,0,22,22,1,1,0,1,0,22,198,202,4,0,190,180,180,10,94.94%,94.74%,202,205,3,2,4,9,116,96,"1,279","1,265",(14),685,669,"1,247","1,226",129,92.11%,90.55%,"1,264","1,273",227,221,467,475,"1,193",204,"14,239","14,217",(22),"8,175","7,144","13,944","13,858","1,420",91.03%,90.46%,"14,225","14,171","2,180","2,123","4,578","4,457","14,582","1,114"
Kentuckiana,05-IL,UNOCCUPIED,0,0,0,0,0,0,0,10,0,0,0,0,0,0,8,2,198,202,4,0,190,180,180,10,94.94%,94.74%,202,205,3,2,4,9,116,96,"1,279","1,265",(14),685,669,"1,247","1,226",129,92.11%,90.55%,"1,264","1,273",227,221,467,475,"1,193",204,"14,239","14,217",(22),"8,175","7,144","13,944","13,858","1,420",91.03%,90.46%,"14,225","14,171","2,180","2,123","4,578","4,457","14,582","1,114"
Kentuckiana,06-SL,PRIVATE PAY,36,31,(5),0,39,36,31,0,31,32,0,0,0,2,24,7,39,32,(7),0,39,36,31,8,92.05%,79.49%,32,34,0,0,0,3,30,10,"1,279","1,265",(14),685,669,"1,247","1,226",129,92.11%,90.55%,"1,264","1,273",227,221,467,475,"1,193",204,"14,239","14,217",(22),"8,175","7,144","13,944","13,858","1,420",91.03%,90.46%,"14,225","14,171","2,180","2,123","4,578","4,457","14,582","1,114"
Kentuckiana,06-SL,2ND OCCUPANT,3,1,(2),0,0,0,0,0,1,2,0,0,0,1,0,1,39,32,(7),0,39,36,31,8,92.05%,79.49%,32,34,0,0,0,3,30,10,"1,279","1,265",(14),685,669,"1,247","1,226",129,92.11%,90.55%,"1,264","1,273",227,221,467,475,"1,193",204,"14,239","14,217",(22),"8,175","7,144","13,944","13,858","1,420",91.03%,90.46%,"14,225","14,171","2,180","2,123","4,578","4,457","14,582","1,114"
Kentuckiana,06-SL,UNOCCUPIED,0,0,0,0,0,0,0,8,0,0,0,0,0,0,6,2,39,32,(7),0,39,36,31,8,92.05%,79.49%,32,34,0,0,0,3,30,10,"1,279","1,265",(14),685,669,"1,247","1,226",129,92.11%,90.55%,"1,264","1,273",227,221,467,475,"1,193",204,"14,239","14,217",(22),"8,175","7,144","13,944","13,858","1,420",91.03%,90.46%,"14,225","14,171","2,180","2,123","4,578","4,457","14,582","1,114"
Kingston East,06-SL,PRIVATE PAY,106,87,(19),0,120,106,87,0,87,87,1,3,3,1,87,0,112,95,(17),0,120,106,92,28,88.33%,76.67%,92,95,1,4,3,2,120,3,112,95,(17),0,120,106,92,28,88.33%,76.67%,92,95,1,4,3,2,120,3,"14,239","14,217",(22),"8,175","7,144","13,944","13,858","1,420",91.03%,90.46%,"14,225","14,171","2,180","2,123","4,578","4,457","14,582","1,114"
Kingston East,06-SL,BEDHOLDS,0,5,5,0,0,0,5,0,2,4,0,1,0,0,5,0,112,95,(17),0,120,106,92,28,88.33%,76.67%,92,95,1,4,3,2,120,3,112,95,(17),0,120,106,92,28,88.33%,76.67%,92,95,1,4,3,2,120,3,"14,239","14,217",(22),"8,175","7,144","13,944","13,858","1,420",91.03%,90.46%,"14,225","14,171","2,180","2,123","4,578","4,457","14,582","1,114"
Kingston East,06-SL,2ND OCCUPANT,6,3,(3),0,0,0,0,0,3,4,0,0,0,1,0,3,112,95,(17),0,120,106,92,28,88.33%,76.67%,92,95,1,4,3,2,120,3,112,95,(17),0,120,106,92,28,88.33%,76.67%,92,95,1,4,3,2,120,3,"14,239","14,217",(22),"8,175","7,144","13,944","13,858","1,420",91.03%,90.46%,"14,225","14,171","2,180","2,123","4,578","4,457","14,582","1,114"
Kingston East,06-SL,UNOCCUPIED,0,0,0,0,0,0,0,28,0,0,0,0,0,0,28,0,112,95,(17),0,120,106,92,28,88.33%,76.67%,92,95,1,4,3,2,120,3,112,95,(17),0,120,106,92,28,88.33%,76.67%,92,95,1,4,3,2,120,3,"14,239","14,217",(22),"8,175","7,144","13,944","13,858","1,420",91.03%,90.46%,"14,225","14,171","2,180","2,123","4,578","4,457","14,582","1,114"
Kingston West,03-AL,PRIVATE PAY,75,75,0,0,92,75,75,0,78,73,2,0,2,2,43,32,83,91,8,0,92,75,80,12,81.52%,86.96%,93,89,2,0,4,3,51,57,118,116,(2),0,132,110,105,27,83.33%,79.55%,118,115,3,1,5,4,91,57,"14,239","14,217",(22),"8,175","7,144","13,944","13,858","1,420",91.03%,90.46%,"14,225","14,171","2,180","2,123","4,578","4,457","14,582","1,114"
Kingston West,03-AL,BEDHOLDS,0,4,4,0,0,0,4,0,3,5,0,0,2,1,2,2,83,91,8,0,92,75,80,12,81.52%,86.96%,93,89,2,0,4,3,51,57,118,116,(2),0,132,110,105,27,83.33%,79.55%,118,115,3,1,5,4,91,57,"14,239","14,217",(22),"8,175","7,144","13,944","13,858","1,420",91.03%,90.46%,"14,225","14,171","2,180","2,123","4,578","4,457","14,582","1,114"
Kingston West,03-AL,2ND OCCUPANT,8,12,4,0,0,0,1,0,12,12,0,0,0,0,0,12,83,91,8,0,92,75,80,12,81.52%,86.96%,93,89,2,0,4,3,51,57,118,116,(2),0,132,110,105,27,83.33%,79.55%,118,115,3,1,5,4,91,57,"14,239","14,217",(22),"8,175","7,144","13,944","13,858","1,420",91.03%,90.46%,"14,225","14,171","2,180","2,123","4,578","4,457","14,582","1,114"
Kingston West,03-AL,UNOCCUPIED,0,0,0,0,0,0,0,12,0,0,0,0,0,0,6,11,83,91,8,0,92,75,80,12,81.52%,86.96%,93,89,2,0,4,3,51,57,118,116,(2),0,132,110,105,27,83.33%,79.55%,118,115,3,1,5,4,91,57,"14,239","14,217",(22),"8,175","7,144","13,944","13,858","1,420",91.03%,90.46%,"14,225","14,171","2,180","2,123","4,578","4,457","14,582","1,114"
Kingston West,03-AL Legacy,LEGACY - PVT PAY,35,24,(11),0,40,35,24,0,24,24,1,1,1,1,24,0,35,25,(10),0,40,35,25,15,87.50%,62.50%,25,25,1,1,1,1,40,0,118,116,(2),0,132,110,105,27,83.33%,79.55%,118,115,3,1,5,4,91,57,"14,239","14,217",(22),"8,175","7,144","13,944","13,858","1,420",91.03%,90.46%,"14,225","14,171","2,180","2,123","4,578","4,457","14,582","1,114"
Kingston West,03-AL Legacy,LEGACY - BEDHOLDS,0,1,1,0,0,0,1,0,1,1,0,0,0,0,1,0,35,25,(10),0,40,35,25,15,87.50%,62.50%,25,25,1,1,1,1,40,0,118,116,(2),0,132,110,105,27,83.33%,79.55%,118,115,3,1,5,4,91,57,"14,239","14,217",(22),"8,175","7,144","13,944","13,858","1,420",91.03%,90.46%,"14,225","14,171","2,180","2,123","4,578","4,457","14,582","1,114"
Kingston West,03-AL Legacy,LEGACY - UNOCCUPIED,0,0,0,0,0,0,0,15,0,0,0,0,0,0,15,0,35,25,(10),0,40,35,25,15,87.50%,62.50%,25,25,1,1,1,1,40,0,118,116,(2),0,132,110,105,27,83.33%,79.55%,118,115,3,1,5,4,91,57,"14,239","14,217",(22),"8,175","7,144","13,944","13,858","1,420",91.03%,90.46%,"14,225","14,171","2,180","2,123","4,578","4,457","14,582","1,114"
Michigan,01-HC,PRIVATE PAY,24,27,3,560,0,521,27,0,25,23,1,14,5,27,27,0,521,538,17,560,0,521,538,22,93.06%,96.07%,534,529,202,209,483,466,560,0,"1,031","1,042",11,560,561,"1,015","1,023",83,90.54%,91.26%,"1,042","1,033",228,233,521,504,"1,006",119,"14,239","14,217",(22),"8,175","7,144","13,944","13,858","1,420",91.03%,90.46%,"14,225","14,171","2,180","2,123","4,578","4,457","14,582","1,114"
Michigan,01-HC,HOSPICE,30,28,(2),0,0,0,28,0,29,28,1,1,1,4,28,0,521,538,17,560,0,521,538,22,93.06%,96.07%,534,529,202,209,483,466,560,0,"1,031","1,042",11,560,561,"1,015","1,023",83,90.54%,91.26%,"1,042","1,033",228,233,521,504,"1,006",119,"14,239","14,217",(22),"8,175","7,144","13,944","13,858","1,420",91.03%,90.46%,"14,225","14,171","2,180","2,123","4,578","4,457","14,582","1,114"
Michigan,01-HC,MANAGED CARE,8,10,2,0,0,0,10,0,10,9,3,2,5,7,10,0,521,538,17,560,0,521,538,22,93.06%,96.07%,534,529,202,209,483,466,560,0,"1,031","1,042",11,560,561,"1,015","1,023",83,90.54%,91.26%,"1,042","1,033",228,233,521,504,"1,006",119,"14,239","14,217",(22),"8,175","7,144","13,944","13,858","1,420",91.03%,90.46%,"14,225","14,171","2,180","2,123","4,578","4,457","14,582","1,114"
Michigan,01-HC,MEDICARE,108,134,26,0,0,0,134,0,130,133,77,74,185,165,134,0,521,538,17,560,0,521,538,22,93.06%,96.07%,534,529,202,209,483,466,560,0,"1,031","1,042",11,560,561,"1,015","1,023",83,90.54%,91.26%,"1,042","1,033",228,233,521,504,"1,006",119,"14,239","14,217",(22),"8,175","7,144","13,944","13,858","1,420",91.03%,90.46%,"14,225","14,171","2,180","2,123","4,578","4,457","14,582","1,114"
Michigan,01-HC,MEDICARE ADVANTAGE,166,158,(8),0,0,0,158,0,154,160,113,111,274,250,158,0,521,538,17,560,0,521,538,22,93.06%,96.07%,534,529,202,209,483,466,560,0,"1,031","1,042",11,560,561,"1,015","1,023",83,90.54%,91.26%,"1,042","1,033",228,233,521,504,"1,006",119,"14,239","14,217",(22),"8,175","7,144","13,944","13,858","1,420",91.03%,90.46%,"14,225","14,171","2,180","2,123","4,578","4,457","14,582","1,114"
Michigan,01-HC,MEDICAID,185,179,(6),0,0,0,179,0,183,176,6,5,11,12,179,0,521,538,17,560,0,521,538,22,93.06%,96.07%,534,529,202,209,483,466,560,0,"1,031","1,042",11,560,561,"1,015","1,023",83,90.54%,91.26%,"1,042","1,033",228,233,521,504,"1,006",119,"14,239","14,217",(22),"8,175","7,144","13,944","13,858","1,420",91.03%,90.46%,"14,225","14,171","2,180","2,123","4,578","4,457","14,582","1,114"
Michigan,01-HC,BEDHOLDS,0,2,2,0,0,0,2,0,3,1,1,2,2,1,2,0,521,538,17,560,0,521,538,22,93.06%,96.07%,534,529,202,209,483,466,560,0,"1,031","1,042",11,560,561,"1,015","1,023",83,90.54%,91.26%,"1,042","1,033",228,233,521,504,"1,006",119,"14,239","14,217",(22),"8,175","7,144","13,944","13,858","1,420",91.03%,90.46%,"14,225","14,171","2,180","2,123","4,578","4,457","14,582","1,114"
Michigan,01-HC,UNOCCUPIED,0,0,0,0,0,0,0,22,0,0,0,0,0,0,22,0,521,538,17,560,0,521,538,22,93.06%,96.07%,534,529,202,209,483,466,560,0,"1,031","1,042",11,560,561,"1,015","1,023",83,90.54%,91.26%,"1,042","1,033",228,233,521,504,"1,006",119,"14,239","14,217",(22),"8,175","7,144","13,944","13,858","1,420",91.03%,90.46%,"14,225","14,171","2,180","2,123","4,578","4,457","14,582","1,114"
Michigan,03-AL,PRIVATE PAY,230,222,(8),0,245,228,222,0,222,219,9,6,20,13,222,0,232,233,1,0,245,228,231,14,93.26%,94.29%,233,231,11,13,22,21,245,2,"1,031","1,042",11,560,561,"1,015","1,023",83,90.54%,91.26%,"1,042","1,033",228,233,521,504,"1,006",119,"14,239","14,217",(22),"8,175","7,144","13,944","13,858","1,420",91.03%,90.46%,"14,225","14,171","2,180","2,123","4,578","4,457","14,582","1,114"
Michigan,03-AL,BEDHOLDS,0,9,9,0,0,0,9,0,10,10,2,7,2,7,9,0,232,233,1,0,245,228,231,14,93.26%,94.29%,233,231,11,13,22,21,245,2,"1,031","1,042",11,560,561,"1,015","1,023",83,90.54%,91.26%,"1,042","1,033",228,233,521,504,"1,006",119,"14,239","14,217",(22),"8,175","7,144","13,944","13,858","1,420",91.03%,90.46%,"14,225","14,171","2,180","2,123","4,578","4,457","14,582","1,114"
Michigan,03-AL,2ND OCCUPANT,3,2,(1),0,0,0,0,0,1,2,0,0,0,1,0,2,232,233,1,0,245,228,231,14,93.26%,94.29%,233,231,11,13,22,21,245,2,"1,031","1,042",11,560,561,"1,015","1,023",83,90.54%,91.26%,"1,042","1,033",228,233,521,504,"1,006",119,"14,239","14,217",(22),"8,175","7,144","13,944","13,858","1,420",91.03%,90.46%,"14,225","14,171","2,180","2,123","4,578","4,457","14,582","1,114"
Michigan,03-AL,UNOCCUPIED,0,0,0,0,0,0,0,14,0,0,0,0,0,0,14,0,232,233,1,0,245,228,231,14,93.26%,94.29%,233,231,11,13,22,21,245,2,"1,031","1,042",11,560,561,"1,015","1,023",83,90.54%,91.26%,"1,042","1,033",228,233,521,504,"1,006",119,"14,239","14,217",(22),"8,175","7,144","13,944","13,858","1,420",91.03%,90.46%,"14,225","14,171","2,180","2,123","4,578","4,457","14,582","1,114"
Michigan,03-AL Legacy,LEGACY - PVT PAY,155,142,(13),0,167,156,141,0,141,143,7,4,8,8,141,1,159,151,(8),0,167,156,144,23,93.20%,86.23%,153,155,10,7,10,16,167,7,"1,031","1,042",11,560,561,"1,015","1,023",83,90.54%,91.26%,"1,042","1,033",228,233,521,504,"1,006",119,"14,239","14,217",(22),"8,175","7,144","13,944","13,858","1,420",91.03%,90.46%,"14,225","14,171","2,180","2,123","4,578","4,457","14,582","1,114"
Michigan,03-AL Legacy,LEGACY - BEDHOLDS,0,3,3,0,0,0,3,0,6,6,3,3,2,8,3,0,159,151,(8),0,167,156,144,23,93.20%,86.23%,153,155,10,7,10,16,167,7,"1,031","1,042",11,560,561,"1,015","1,023",83,90.54%,91.26%,"1,042","1,033",228,233,521,504,"1,006",119,"14,239","14,217",(22),"8,175","7,144","13,944","13,858","1,420",91.03%,90.46%,"14,225","14,171","2,180","2,123","4,578","4,457","14,582","1,114"
Michigan,03-AL Legacy,LEGACY - 2ND OCCUPANT,4,6,2,0,0,0,0,0,6,6,0,0,0,0,0,6,159,151,(8),0,167,156,144,23,93.20%,86.23%,153,155,10,7,10,16,167,7,"1,031","1,042",11,560,561,"1,015","1,023",83,90.54%,91.26%,"1,042","1,033",228,233,521,504,"1,006",119,"14,239","14,217",(22),"8,175","7,144","13,944","13,858","1,420",91.03%,90.46%,"14,225","14,171","2,180","2,123","4,578","4,457","14,582","1,114"
Michigan,03-AL Legacy,LEGACY - UNOCCUPIED,0,0,0,0,0,0,0,23,0,0,0,0,0,0,23,0,159,151,(8),0,167,156,144,23,93.20%,86.23%,153,155,10,7,10,16,167,7,"1,031","1,042",11,560,561,"1,015","1,023",83,90.54%,91.26%,"1,042","1,033",228,233,521,504,"1,006",119,"14,239","14,217",(22),"8,175","7,144","13,944","13,858","1,420",91.03%,90.46%,"14,225","14,171","2,180","2,123","4,578","4,457","14,582","1,114"
Michigan,05-IL,PRIVATE PAY,31,30,(1),0,34,31,30,0,30,29,0,0,2,0,30,0,35,33,(2),0,34,31,30,4,91.18%,88.24%,33,32,0,0,2,0,34,3,"1,031","1,042",11,560,561,"1,015","1,023",83,90.54%,91.26%,"1,042","1,033",228,233,521,504,"1,006",119,"14,239","14,217",(22),"8,175","7,144","13,944","13,858","1,420",91.03%,90.46%,"14,225","14,171","2,180","2,123","4,578","4,457","14,582","1,114"
Michigan,05-IL,2ND OCCUPANT,4,3,(1),0,0,0,0,0,3,3,0,0,0,0,0,3,35,33,(2),0,34,31,30,4,91.18%,88.24%,33,32,0,0,2,0,34,3,"1,031","1,042",11,560,561,"1,015","1,023",83,90.54%,91.26%,"1,042","1,033",228,233,521,504,"1,006",119,"14,239","14,217",(22),"8,175","7,144","13,944","13,858","1,420",91.03%,90.46%,"14,225","14,171","2,180","2,123","4,578","4,457","14,582","1,114"
Michigan,05-IL,UNOCCUPIED,0,0,0,0,0,0,0,4,0,0,0,0,0,0,4,0,35,33,(2),0,34,31,30,4,91.18%,88.24%,33,32,0,0,2,0,34,3,"1,031","1,042",11,560,561,"1,015","1,023",83,90.54%,91.26%,"1,042","1,033",228,233,521,504,"1,006",119,"14,239","14,217",(22),"8,175","7,144","13,944","13,858","1,420",91.03%,90.46%,"14,225","14,171","2,180","2,123","4,578","4,457","14,582","1,114"
Michigan,06-SL,PRIVATE PAY,79,79,0,0,115,79,79,0,81,79,4,3,3,1,0,79,83,87,4,0,115,79,80,20,68.39%,69.57%,88,86,5,4,4,1,0,107,"1,031","1,042",11,560,561,"1,015","1,023",83,90.54%,91.26%,"1,042","1,033",228,233,521,504,"1,006",119,"14,239","14,217",(22),"8,175","7,144","13,944","13,858","1,420",91.03%,90.46%,"14,225","14,171","2,180","2,123","4,578","4,457","14,582","1,114"
Michigan,06-SL,BEDHOLDS,0,1,1,0,0,0,1,0,0,0,0,0,1,0,0,1,83,87,4,0,115,79,80,20,68.39%,69.57%,88,86,5,4,4,1,0,107,"1,031","1,042",11,560,561,"1,015","1,023",83,90.54%,91.26%,"1,042","1,033",228,233,521,504,"1,006",119,"14,239","14,217",(22),"8,175","7,144","13,944","13,858","1,420",91.03%,90.46%,"14,225","14,171","2,180","2,123","4,578","4,457","14,582","1,114"
Michigan,06-SL,2ND OCCUPANT,5,7,2,0,0,0,0,0,7,7,1,1,0,0,0,7,83,87,4,0,115,79,80,20,68.39%,69.57%,88,86,5,4,4,1,0,107,"1,031","1,042",11,560,561,"1,015","1,023",83,90.54%,91.26%,"1,042","1,033",228,233,521,504,"1,006",119,"14,239","14,217",(22),"8,175","7,144","13,944","13,858","1,420",91.03%,90.46%,"14,225","14,171","2,180","2,123","4,578","4,457","14,582","1,114"
Michigan,06-SL,UNOCCUPIED,0,0,0,0,0,0,0,20,0,0,0,0,0,0,0,20,83,87,4,0,115,79,80,20,68.39%,69.57%,88,86,5,4,4,1,0,107,"1,031","1,042",11,560,561,"1,015","1,023",83,90.54%,91.26%,"1,042","1,033",228,233,521,504,"1,006",119,"14,239","14,217",(22),"8,175","7,144","13,944","13,858","1,420",91.03%,90.46%,"14,225","14,171","2,180","2,123","4,578","4,457","14,582","1,114"
North Central Indiana,01-HC,PRIVATE PAY,113,132,19,749,0,653,132,0,123,127,6,27,18,47,132,0,653,654,1,749,0,653,654,93,87.15%,87.32%,651,651,174,160,360,332,747,0,"1,337","1,354",17,820,634,"1,302","1,312",141,89.53%,90.23%,"1,352","1,346",206,188,420,400,"1,452",47,"14,239","14,217",(22),"8,175","7,144","13,944","13,858","1,420",91.03%,90.46%,"14,225","14,171","2,180","2,123","4,578","4,457","14,582","1,114"
North Central Indiana,01-HC,HOSPICE,53,38,(15),0,0,0,38,0,37,41,0,1,2,6,38,0,653,654,1,749,0,653,654,93,87.15%,87.32%,651,651,174,160,360,332,747,0,"1,337","1,354",17,820,634,"1,302","1,312",141,89.53%,90.23%,"1,352","1,346",206,188,420,400,"1,452",47,"14,239","14,217",(22),"8,175","7,144","13,944","13,858","1,420",91.03%,90.46%,"14,225","14,171","2,180","2,123","4,578","4,457","14,582","1,114"
North Central Indiana,01-HC,MANAGED CARE,3,4,1,0,0,0,4,0,5,6,7,5,16,15,4,0,653,654,1,749,0,653,654,93,87.15%,87.32%,651,651,174,160,360,332,747,0,"1,337","1,354",17,820,634,"1,302","1,312",141,89.53%,90.23%,"1,352","1,346",206,188,420,400,"1,452",47,"14,239","14,217",(22),"8,175","7,144","13,944","13,858","1,420",91.03%,90.46%,"14,225","14,171","2,180","2,123","4,578","4,457","14,582","1,114"
North Central Indiana,01-HC,MEDICARE,126,105,(21),0,0,0,105,0,110,109,80,56,121,105,105,0,653,654,1,749,0,653,654,93,87.15%,87.32%,651,651,174,160,360,332,747,0,"1,337","1,354",17,820,634,"1,302","1,312",141,89.53%,90.23%,"1,352","1,346",206,188,420,400,"1,452",47,"14,239","14,217",(22),"8,175","7,144","13,944","13,858","1,420",91.03%,90.46%,"14,225","14,171","2,180","2,123","4,578","4,457","14,582","1,114"
North Central Indiana,01-HC,MEDICARE ADVANTAGE,89,98,9,0,0,0,98,0,94,97,72,64,184,142,98,0,653,654,1,749,0,653,654,93,87.15%,87.32%,651,651,174,160,360,332,747,0,"1,337","1,354",17,820,634,"1,302","1,312",141,89.53%,90.23%,"1,352","1,346",206,188,420,400,"1,452",47,"14,239","14,217",(22),"8,175","7,144","13,944","13,858","1,420",91.03%,90.46%,"14,225","14,171","2,180","2,123","4,578","4,457","14,582","1,114"
North Central Indiana,01-HC,MEDICAID,267,277,10,0,0,0,277,0,280,271,9,7,19,17,277,0,653,654,1,749,0,653,654,93,87.15%,87.32%,651,651,174,160,360,332,747,0,"1,337","1,354",17,820,634,"1,302","1,312",141,89.53%,90.23%,"1,352","1,346",206,188,420,400,"1,452",47,"14,239","14,217",(22),"8,175","7,144","13,944","13,858","1,420",91.03%,90.46%,"14,225","14,171","2,180","2,123","4,578","4,457","14,582","1,114"
North Central Indiana,01-HC,BEDHOLDS,0,0,0,0,0,0,0,0,3,1,0,0,0,0,0,0,653,654,1,749,0,653,654,93,87.15%,87.32%,651,651,174,160,360,332,747,0,"1,337","1,354",17,820,634,"1,302","1,312",141,89.53%,90.23%,"1,352","1,346",206,188,420,400,"1,452",47,"14,239","14,217",(22),"8,175","7,144","13,944","13,858","1,420",91.03%,90.46%,"14,225","14,171","2,180","2,123","4,578","4,457","14,582","1,114"
North Central Indiana,01-HC,CONVERSIONS,0,0,0,0,0,0,0,0,0,0,0,0,0,0,0,0,653,654,1,749,0,653,654,93,87.15%,87.32%,651,651,174,160,360,332,747,0,"1,337","1,354",17,820,634,"1,302","1,312",141,89.53%,90.23%,"1,352","1,346",206,188,420,400,"1,452",47,"14,239","14,217",(22),"8,175","7,144","13,944","13,858","1,420",91.03%,90.46%,"14,225","14,171","2,180","2,123","4,578","4,457","14,582","1,114"
North Central Indiana,01-HC,UNOCCUPIED,0,0,0,0,0,0,0,93,0,0,0,0,0,0,93,0,653,654,1,749,0,653,654,93,87.15%,87.32%,651,651,174,160,360,332,747,0,"1,337","1,354",17,820,634,"1,302","1,312",141,89.53%,90.23%,"1,352","1,346",206,188,420,400,"1,452",47,"14,239","14,217",(22),"8,175","7,144","13,944","13,858","1,420",91.03%,90.46%,"14,225","14,171","2,180","2,123","4,578","4,457","14,582","1,114"
North Central Indiana,02-HC Legacy,PRIVATE PAY,9,14,5,71,0,64,14,0,13,16,0,0,2,5,14,0,64,66,2,71,0,64,66,5,90.46%,92.96%,65,66,5,5,9,15,71,0,"1,337","1,354",17,820,634,"1,302","1,312",141,89.53%,90.23%,"1,352","1,346",206,188,420,400,"1,452",47,"14,239","14,217",(22),"8,175","7,144","13,944","13,858","1,420",91.03%,90.46%,"14,225","14,171","2,180","2,123","4,578","4,457","14,582","1,114"
North Central Indiana,02-HC Legacy,HOSPICE,9,13,4,0,0,0,13,0,13,13,0,0,0,3,13,0,64,66,2,71,0,64,66,5,90.46%,92.96%,65,66,5,5,9,15,71,0,"1,337","1,354",17,820,634,"1,302","1,312",141,89.53%,90.23%,"1,352","1,346",206,188,420,400,"1,452",47,"14,239","14,217",(22),"8,175","7,144","13,944","13,858","1,420",91.03%,90.46%,"14,225","14,171","2,180","2,123","4,578","4,457","14,582","1,114"
North Central Indiana,02-HC Legacy,MANAGED CARE,0,1,1,0,0,0,1,0,1,0,2,2,1,1,1,0,64,66,2,71,0,64,66,5,90.46%,92.96%,65,66,5,5,9,15,71,0,"1,337","1,354",17,820,634,"1,302","1,312",141,89.53%,90.23%,"1,352","1,346",206,188,420,400,"1,452",47,"14,239","14,217",(22),"8,175","7,144","13,944","13,858","1,420",91.03%,90.46%,"14,225","14,171","2,180","2,123","4,578","4,457","14,582","1,114"
North Central Indiana,02-HC Legacy,MEDICARE,7,4,(3),0,0,0,4,0,3,3,1,2,5,3,4,0,64,66,2,71,0,64,66,5,90.46%,92.96%,65,66,5,5,9,15,71,0,"1,337","1,354",17,820,634,"1,302","1,312",141,89.53%,90.23%,"1,352","1,346",206,188,420,400,"1,452",47,"14,239","14,217",(22),"8,175","7,144","13,944","13,858","1,420",91.03%,90.46%,"14,225","14,171","2,180","2,123","4,578","4,457","14,582","1,114"
North Central Indiana,02-HC Legacy,MEDICARE ADVANTAGE,4,1,(3),0,0,0,1,0,1,2,2,1,0,2,1,0,64,66,2,71,0,64,66,5,90.46%,92.96%,65,66,5,5,9,15,71,0,"1,337","1,354",17,820,634,"1,302","1,312",141,89.53%,90.23%,"1,352","1,346",206,188,420,400,"1,452",47,"14,239","14,217",(22),"8,175","7,144","13,944","13,858","1,420",91.03%,90.46%,"14,225","14,171","2,180","2,123","4,578","4,457","14,582","1,114"
North Central Indiana,02-HC Legacy,MEDICAID,36,33,(3),0,0,0,33,0,34,31,0,0,1,1,33,0,64,66,2,71,0,64,66,5,90.46%,92.96%,65,66,5,5,9,15,71,0,"1,337","1,354",17,820,634,"1,302","1,312",141,89.53%,90.23%,"1,352","1,346",206,188,420,400,"1,452",47,"14,239","14,217",(22),"8,175","7,144","13,944","13,858","1,420",91.03%,90.46%,"14,225","14,171","2,180","2,123","4,578","4,457","14,582","1,114"
North Central Indiana,02-HC Legacy,LEGACY - BEDHOLDS,0,0,0,0,0,0,0,0,0,0,0,0,0,0,0,0,64,66,2,71,0,64,66,5,90.46%,92.96%,65,66,5,5,9,15,71,0,"1,337","1,354",17,820,634,"1,302","1,312",141,89.53%,90.23%,"1,352","1,346",206,188,420,400,"1,452",47,"14,239","14,217",(22),"8,175","7,144","13,944","13,858","1,420",91.03%,90.46%,"14,225","14,171","2,180","2,123","4,578","4,457","14,582","1,114"
North Central Indiana,02-HC Legacy,UNOCCUPIED,0,0,0,0,0,0,0,5,0,0,0,0,0,0,5,0,64,66,2,71,0,64,66,5,90.46%,92.96%,65,66,5,5,9,15,71,0,"1,337","1,354",17,820,634,"1,302","1,312",141,89.53%,90.23%,"1,352","1,346",206,188,420,400,"1,452",47,"14,239","14,217",(22),"8,175","7,144","13,944","13,858","1,420",91.03%,90.46%,"14,225","14,171","2,180","2,123","4,578","4,457","14,582","1,114"
North Central Indiana,03-AL,PRIVATE PAY,321,308,(13),0,349,322,308,0,313,307,16,10,23,21,308,0,336,339,3,0,349,322,325,25,92.38%,93.12%,341,341,19,14,26,36,349,16,"1,337","1,354",17,820,634,"1,302","1,312",141,89.53%,90.23%,"1,352","1,346",206,188,420,400,"1,452",47,"14,239","14,217",(22),"8,175","7,144","13,944","13,858","1,420",91.03%,90.46%,"14,225","14,171","2,180","2,123","4,578","4,457","14,582","1,114"
North Central Indiana,03-AL,MEDICAID,3,1,(2),0,0,0,1,0,1,1,0,0,1,1,1,0,336,339,3,0,349,322,325,25,92.38%,93.12%,341,341,19,14,26,36,349,16,"1,337","1,354",17,820,634,"1,302","1,312",141,89.53%,90.23%,"1,352","1,346",206,188,420,400,"1,452",47,"14,239","14,217",(22),"8,175","7,144","13,944","13,858","1,420",91.03%,90.46%,"14,225","14,171","2,180","2,123","4,578","4,457","14,582","1,114"
North Central Indiana,03-AL,BEDHOLDS,0,16,16,0,0,0,15,0,12,18,1,3,2,13,15,1,336,339,3,0,349,322,325,25,92.38%,93.12%,341,341,19,14,26,36,349,16,"1,337","1,354",17,820,634,"1,302","1,312",141,89.53%,90.23%,"1,352","1,346",206,188,420,400,"1,452",47,"14,239","14,217",(22),"8,175","7,144","13,944","13,858","1,420",91.03%,90.46%,"14,225","14,171","2,180","2,123","4,578","4,457","14,582","1,114"
North Central Indiana,03-AL,2ND OCCUPANT,13,14,1,0,0,0,1,0,15,15,2,1,0,1,0,14,336,339,3,0,349,322,325,25,92.38%,93.12%,341,341,19,14,26,36,349,16,"1,337","1,354",17,820,634,"1,302","1,312",141,89.53%,90.23%,"1,352","1,346",206,188,420,400,"1,452",47,"14,239","14,217",(22),"8,175","7,144","13,944","13,858","1,420",91.03%,90.46%,"14,225","14,171","2,180","2,123","4,578","4,457","14,582","1,114"
North Central Indiana,03-AL,UNOCCUPIED,0,0,0,0,0,0,0,25,0,0,0,0,0,0,25,1,336,339,3,0,349,322,325,25,92.38%,93.12%,341,341,19,14,26,36,349,16,"1,337","1,354",17,820,634,"1,302","1,312",141,89.53%,90.23%,"1,352","1,346",206,188,420,400,"1,452",47,"14,239","14,217",(22),"8,175","7,144","13,944","13,858","1,420",91.03%,90.46%,"14,225","14,171","2,180","2,123","4,578","4,457","14,582","1,114"
North Central Indiana,03-AL Legacy,LEGACY - PVT PAY,150,146,(4),0,161,151,146,0,150,143,7,6,18,12,146,0,155,154,(1),0,161,151,151,10,93.52%,93.79%,155,147,7,7,19,12,161,6,"1,337","1,354",17,820,634,"1,302","1,312",141,89.53%,90.23%,"1,352","1,346",206,188,420,400,"1,452",47,"14,239","14,217",(22),"8,175","7,144","13,944","13,858","1,420",91.03%,90.46%,"14,225","14,171","2,180","2,123","4,578","4,457","14,582","1,114"
North Central Indiana,03-AL Legacy,LEGACY - BEDHOLDS,0,5,5,0,0,0,5,0,3,2,0,1,0,0,5,0,155,154,(1),0,161,151,151,10,93.52%,93.79%,155,147,7,7,19,12,161,6,"1,337","1,354",17,820,634,"1,302","1,312",141,89.53%,90.23%,"1,352","1,346",206,188,420,400,"1,452",47,"14,239","14,217",(22),"8,175","7,144","13,944","13,858","1,420",91.03%,90.46%,"14,225","14,171","2,180","2,123","4,578","4,457","14,582","1,114"
North Central Indiana,03-AL Legacy,LEGACY - 2ND OCCUPANT,6,3,(3),0,0,0,0,0,2,2,0,0,1,0,0,3,155,154,(1),0,161,151,151,10,93.52%,93.79%,155,147,7,7,19,12,161,6,"1,337","1,354",17,820,634,"1,302","1,312",141,89.53%,90.23%,"1,352","1,346",206,188,420,400,"1,452",47,"14,239","14,217",(22),"8,175","7,144","13,944","13,858","1,420",91.03%,90.46%,"14,225","14,171","2,180","2,123","4,578","4,457","14,582","1,114"
North Central Indiana,03-AL Legacy,LEGACY - UNOCCUPIED,0,0,0,0,0,0,0,10,0,0,0,0,0,0,10,3,155,154,(1),0,161,151,151,10,93.52%,93.79%,155,147,7,7,19,12,161,6,"1,337","1,354",17,820,634,"1,302","1,312",141,89.53%,90.23%,"1,352","1,346",206,188,420,400,"1,452",47,"14,239","14,217",(22),"8,175","7,144","13,944","13,858","1,420",91.03%,90.46%,"14,225","14,171","2,180","2,123","4,578","4,457","14,582","1,114"
North Central Indiana,05-IL,PRIVATE PAY,112,115,3,0,124,112,115,0,114,114,1,2,5,3,115,0,128,141,13,0,124,112,116,8,90.13%,93.55%,140,142,1,2,6,5,124,25,"1,337","1,354",17,820,634,"1,302","1,312",141,89.53%,90.23%,"1,352","1,346",206,188,420,400,"1,452",47,"14,239","14,217",(22),"8,175","7,144","13,944","13,858","1,420",91.03%,90.46%,"14,225","14,171","2,180","2,123","4,578","4,457","14,582","1,114"
North Central Indiana,05-IL,BEDHOLDS,0,1,1,0,0,0,1,0,1,2,0,0,0,0,1,0,128,141,13,0,124,112,116,8,90.13%,93.55%,140,142,1,2,6,5,124,25,"1,337","1,354",17,820,634,"1,302","1,312",141,89.53%,90.23%,"1,352","1,346",206,188,420,400,"1,452",47,"14,239","14,217",(22),"8,175","7,144","13,944","13,858","1,420",91.03%,90.46%,"14,225","14,171","2,180","2,123","4,578","4,457","14,582","1,114"
North Central Indiana,05-IL,2ND OCCUPANT,17,25,8,0,0,0,0,0,25,26,0,0,1,2,0,25,128,141,13,0,124,112,116,8,90.13%,93.55%,140,142,1,2,6,5,124,25,"1,337","1,354",17,820,634,"1,302","1,312",141,89.53%,90.23%,"1,352","1,346",206,188,420,400,"1,452",47,"14,239","14,217",(22),"8,175","7,144","13,944","13,858","1,420",91.03%,90.46%,"14,225","14,171","2,180","2,123","4,578","4,457","14,582","1,114"
North Central Indiana,05-IL,UNOCCUPIED,0,0,0,0,0,0,0,8,0,0,0,0,0,0,8,0,128,141,13,0,124,112,116,8,90.13%,93.55%,140,142,1,2,6,5,124,25,"1,337","1,354",17,820,634,"1,302","1,312",141,89.53%,90.23%,"1,352","1,346",206,188,420,400,"1,452",47,"14,239","14,217",(22),"8,175","7,144","13,944","13,858","1,420",91.03%,90.46%,"14,225","14,171","2,180","2,123","4,578","4,457","14,582","1,114"
North Indiana,01-HC,PRIVATE PAY,64,56,(8),265,0,248,56,0,58,57,1,3,3,12,56,0,248,245,(3),265,0,248,245,20,93.61%,92.45%,250,248,55,48,94,86,265,0,533,529,(4),301,256,518,512,45,93.07%,91.92%,532,531,64,59,116,105,555,30,"14,239","14,217",(22),"8,175","7,144","13,944","13,858","1,420",91.03%,90.46%,"14,225","14,171","2,180","2,123","4,578","4,457","14,582","1,114"
North Indiana,01-HC,HOSPICE,5,7,2,0,0,0,7,0,7,6,0,1,0,0,7,0,248,245,(3),265,0,248,245,20,93.61%,92.45%,250,248,55,48,94,86,265,0,533,529,(4),301,256,518,512,45,93.07%,91.92%,532,531,64,59,116,105,555,30,"14,239","14,217",(22),"8,175","7,144","13,944","13,858","1,420",91.03%,90.46%,"14,225","14,171","2,180","2,123","4,578","4,457","14,582","1,114"
North Indiana,01-HC,MEDICARE,44,39,(5),0,0,0,39,0,43,38,31,25,39,30,39,0,248,245,(3),265,0,248,245,20,93.61%,92.45%,250,248,55,48,94,86,265,0,533,529,(4),301,256,518,512,45,93.07%,91.92%,532,531,64,59,116,105,555,30,"14,239","14,217",(22),"8,175","7,144","13,944","13,858","1,420",91.03%,90.46%,"14,225","14,171","2,180","2,123","4,578","4,457","14,582","1,114"
North Indiana,01-HC,MEDICARE ADVANTAGE,23,29,6,0,0,0,29,0,27,31,19,16,48,36,29,0,248,245,(3),265,0,248,245,20,93.61%,92.45%,250,248,55,48,94,86,265,0,533,529,(4),301,256,518,512,45,93.07%,91.92%,532,531,64,59,116,105,555,30,"14,239","14,217",(22),"8,175","7,144","13,944","13,858","1,420",91.03%,90.46%,"14,225","14,171","2,180","2,123","4,578","4,457","14,582","1,114"
North Indiana,01-HC,MEDICAID,107,109,2,0,0,0,109,0,109,109,2,2,4,6,109,0,248,245,(3),265,0,248,245,20,93.61%,92.45%,250,248,55,48,94,86,265,0,533,529,(4),301,256,518,512,45,93.07%,91.92%,532,531,64,59,116,105,555,30,"14,239","14,217",(22),"8,175","7,144","13,944","13,858","1,420",91.03%,90.46%,"14,225","14,171","2,180","2,123","4,578","4,457","14,582","1,114"
North Indiana,01-HC,BEDHOLDS,0,0,0,0,0,0,0,0,0,1,0,0,0,1,0,0,248,245,(3),265,0,248,245,20,93.61%,92.45%,250,248,55,48,94,86,265,0,533,529,(4),301,256,518,512,45,93.07%,91.92%,532,531,64,59,116,105,555,30,"14,239","14,217",(22),"8,175","7,144","13,944","13,858","1,420",91.03%,90.46%,"14,225","14,171","2,180","2,123","4,578","4,457","14,582","1,114"
North Indiana,01-HC,CONVERSIONS,5,5,0,0,0,0,5,0,6,6,2,1,0,1,5,0,248,245,(3),265,0,248,245,20,93.61%,92.45%,250,248,55,48,94,86,265,0,533,529,(4),301,256,518,512,45,93.07%,91.92%,532,531,64,59,116,105,555,30,"14,239","14,217",(22),"8,175","7,144","13,944","13,858","1,420",91.03%,90.46%,"14,225","14,171","2,180","2,123","4,578","4,457","14,582","1,114"
North Indiana,01-HC,UNOCCUPIED,0,0,0,0,0,0,0,20,0,0,0,0,0,0,20,0,248,245,(3),265,0,248,245,20,93.61%,92.45%,250,248,55,48,94,86,265,0,533,529,(4),301,256,518,512,45,93.07%,91.92%,532,531,64,59,116,105,555,30,"14,239","14,217",(22),"8,175","7,144","13,944","13,858","1,420",91.03%,90.46%,"14,225","14,171","2,180","2,123","4,578","4,457","14,582","1,114"
North Indiana,02-HC Legacy,PRIVATE PAY,11,10,(1),36,0,32,10,0,9,10,0,1,2,1,10,0,31,34,3,36,0,32,34,2,87.61%,94.44%,33,33,2,4,10,5,36,0,533,529,(4),301,256,518,512,45,93.07%,91.92%,532,531,64,59,116,105,555,30,"14,239","14,217",(22),"8,175","7,144","13,944","13,858","1,420",91.03%,90.46%,"14,225","14,171","2,180","2,123","4,578","4,457","14,582","1,114"
North Indiana,02-HC Legacy,HOSPICE,1,1,0,0,0,0,1,0,2,1,0,0,0,0,1,0,31,34,3,36,0,32,34,2,87.61%,94.44%,33,33,2,4,10,5,36,0,533,529,(4),301,256,518,512,45,93.07%,91.92%,532,531,64,59,116,105,555,30,"14,239","14,217",(22),"8,175","7,144","13,944","13,858","1,420",91.03%,90.46%,"14,225","14,171","2,180","2,123","4,578","4,457","14,582","1,114"
North Indiana,02-HC Legacy,MEDICARE,2,2,0,0,0,0,2,0,3,2,1,0,3,2,2,0,31,34,3,36,0,32,34,2,87.61%,94.44%,33,33,2,4,10,5,36,0,533,529,(4),301,256,518,512,45,93.07%,91.92%,532,531,64,59,116,105,555,30,"14,239","14,217",(22),"8,175","7,144","13,944","13,858","1,420",91.03%,90.46%,"14,225","14,171","2,180","2,123","4,578","4,457","14,582","1,114"
North Indiana,02-HC Legacy,MEDICARE ADVANTAGE,2,3,1,0,0,0,3,0,2,1,0,2,4,0,3,0,31,34,3,36,0,32,34,2,87.61%,94.44%,33,33,2,4,10,5,36,0,533,529,(4),301,256,518,512,45,93.07%,91.92%,532,531,64,59,116,105,555,30,"14,239","14,217",(22),"8,175","7,144","13,944","13,858","1,420",91.03%,90.46%,"14,225","14,171","2,180","2,123","4,578","4,457","14,582","1,114"
North Indiana,02-HC Legacy,MEDICAID,16,16,0,0,0,0,16,0,15,16,0,0,0,1,16,0,31,34,3,36,0,32,34,2,87.61%,94.44%,33,33,2,4,10,5,36,0,533,529,(4),301,256,518,512,45,93.07%,91.92%,532,531,64,59,116,105,555,30,"14,239","14,217",(22),"8,175","7,144","13,944","13,858","1,420",91.03%,90.46%,"14,225","14,171","2,180","2,123","4,578","4,457","14,582","1,114"
North Indiana,02-HC Legacy,CONVERSIONS,0,2,2,0,0,0,2,0,2,2,1,1,1,1,2,0,31,34,3,36,0,32,34,2,87.61%,94.44%,33,33,2,4,10,5,36,0,533,529,(4),301,256,518,512,45,93.07%,91.92%,532,531,64,59,116,105,555,30,"14,239","14,217",(22),"8,175","7,144","13,944","13,858","1,420",91.03%,90.46%,"14,225","14,171","2,180","2,123","4,578","4,457","14,582","1,114"
North Indiana,02-HC Legacy,UNOCCUPIED,0,0,0,0,0,0,0,2,0,0,0,0,0,0,2,0,31,34,3,36,0,32,34,2,87.61%,94.44%,33,33,2,4,10,5,36,0,533,529,(4),301,256,518,512,45,93.07%,91.92%,532,531,64,59,116,105,555,30,"14,239","14,217",(22),"8,175","7,144","13,944","13,858","1,420",91.03%,90.46%,"14,225","14,171","2,180","2,123","4,578","4,457","14,582","1,114"
North Indiana,03-AL,PRIVATE PAY,151,140,(11),0,186,173,140,0,136,137,0,3,5,3,138,2,188,183,(5),0,186,173,168,18,92.80%,90.32%,182,182,5,5,8,8,184,23,533,529,(4),301,256,518,512,45,93.07%,91.92%,532,531,64,59,116,105,555,30,"14,239","14,217",(22),"8,175","7,144","13,944","13,858","1,420",91.03%,90.46%,"14,225","14,171","2,180","2,123","4,578","4,457","14,582","1,114"
North Indiana,03-AL,MEDICAID,22,26,4,0,0,0,26,0,28,26,4,0,2,3,26,0,188,183,(5),0,186,173,168,18,92.80%,90.32%,182,182,5,5,8,8,184,23,533,529,(4),301,256,518,512,45,93.07%,91.92%,532,531,64,59,116,105,555,30,"14,239","14,217",(22),"8,175","7,144","13,944","13,858","1,420",91.03%,90.46%,"14,225","14,171","2,180","2,123","4,578","4,457","14,582","1,114"
North Indiana,03-AL,BEDHOLDS,0,2,2,0,0,0,2,0,3,4,1,1,1,2,2,0,188,183,(5),0,186,173,168,18,92.80%,90.32%,182,182,5,5,8,8,184,23,533,529,(4),301,256,518,512,45,93.07%,91.92%,532,531,64,59,116,105,555,30,"14,239","14,217",(22),"8,175","7,144","13,944","13,858","1,420",91.03%,90.46%,"14,225","14,171","2,180","2,123","4,578","4,457","14,582","1,114"
North Indiana,03-AL,2ND OCCUPANT,15,15,0,0,0,0,0,0,15,15,0,1,0,0,0,15,188,183,(5),0,186,173,168,18,92.80%,90.32%,182,182,5,5,8,8,184,23,533,529,(4),301,256,518,512,45,93.07%,91.92%,532,531,64,59,116,105,555,30,"14,239","14,217",(22),"8,175","7,144","13,944","13,858","1,420",91.03%,90.46%,"14,225","14,171","2,180","2,123","4,578","4,457","14,582","1,114"
North Indiana,03-AL,UNOCCUPIED,0,0,0,0,0,0,0,18,0,0,0,0,0,0,18,6,188,183,(5),0,186,173,168,18,92.80%,90.32%,182,182,5,5,8,8,184,23,533,529,(4),301,256,518,512,45,93.07%,91.92%,532,531,64,59,116,105,555,30,"14,239","14,217",(22),"8,175","7,144","13,944","13,858","1,420",91.03%,90.46%,"14,225","14,171","2,180","2,123","4,578","4,457","14,582","1,114"
North Indiana,03-AL Legacy,LEGACY - PVT PAY,66,65,(1),0,70,66,65,0,67,65,2,1,2,3,65,0,66,67,1,0,70,66,65,5,94.57%,92.86%,68,69,2,2,4,6,70,7,533,529,(4),301,256,518,512,45,93.07%,91.92%,532,531,64,59,116,105,555,30,"14,239","14,217",(22),"8,175","7,144","13,944","13,858","1,420",91.03%,90.46%,"14,225","14,171","2,180","2,123","4,578","4,457","14,582","1,114"
North Indiana,03-AL Legacy,LEGACY - BEDHOLDS,0,0,0,0,0,0,0,0,0,1,0,0,1,3,0,0,66,67,1,0,70,66,65,5,94.57%,92.86%,68,69,2,2,4,6,70,7,533,529,(4),301,256,518,512,45,93.07%,91.92%,532,531,64,59,116,105,555,30,"14,239","14,217",(22),"8,175","7,144","13,944","13,858","1,420",91.03%,90.46%,"14,225","14,171","2,180","2,123","4,578","4,457","14,582","1,114"
North Indiana,03-AL Legacy,LEGACY - 2ND OCCUPANT,0,2,2,0,0,0,0,0,1,2,0,1,1,0,0,2,66,67,1,0,70,66,65,5,94.57%,92.86%,68,69,2,2,4,6,70,7,533,529,(4),301,256,518,512,45,93.07%,91.92%,532,531,64,59,116,105,555,30,"14,239","14,217",(22),"8,175","7,144","13,944","13,858","1,420",91.03%,90.46%,"14,225","14,171","2,180","2,123","4,578","4,457","14,582","1,114"
North Indiana,03-AL Legacy,LEGACY - UNOCCUPIED,0,0,0,0,0,0,0,5,0,0,0,0,0,0,5,5,66,67,1,0,70,66,65,5,94.57%,92.86%,68,69,2,2,4,6,70,7,533,529,(4),301,256,518,512,45,93.07%,91.92%,532,531,64,59,116,105,555,30,"14,239","14,217",(22),"8,175","7,144","13,944","13,858","1,420",91.03%,90.46%,"14,225","14,171","2,180","2,123","4,578","4,457","14,582","1,114"
North Ohio With Kingston,01-HC,PRIVATE PAY,160,198,38,855,0,784,198,0,197,198,8,23,21,50,198,0,784,787,3,855,0,784,787,65,91.69%,92.05%,778,785,113,121,261,247,852,0,"1,404","1,426",22,906,598,"1,377","1,390",96,91.58%,92.42%,"1,419","1,413",130,131,308,275,"1,431",92,"14,239","14,217",(22),"8,175","7,144","13,944","13,858","1,420",91.03%,90.46%,"14,225","14,171","2,180","2,123","4,578","4,457","14,582","1,114"
North Ohio With Kingston,01-HC,HOSPICE,30,36,6,0,0,0,36,0,33,33,1,7,0,9,36,0,784,787,3,855,0,784,787,65,91.69%,92.05%,778,785,113,121,261,247,852,0,"1,404","1,426",22,906,598,"1,377","1,390",96,91.58%,92.42%,"1,419","1,413",130,131,308,275,"1,431",92,"14,239","14,217",(22),"8,175","7,144","13,944","13,858","1,420",91.03%,90.46%,"14,225","14,171","2,180","2,123","4,578","4,457","14,582","1,114"
North Ohio With Kingston,01-HC,MANAGED CARE,2,9,7,0,0,0,9,0,8,6,8,8,16,8,9,0,784,787,3,855,0,784,787,65,91.69%,92.05%,778,785,113,121,261,247,852,0,"1,404","1,426",22,906,598,"1,377","1,390",96,91.58%,92.42%,"1,419","1,413",130,131,308,275,"1,431",92,"14,239","14,217",(22),"8,175","7,144","13,944","13,858","1,420",91.03%,90.46%,"14,225","14,171","2,180","2,123","4,578","4,457","14,582","1,114"
North Ohio With Kingston,01-HC,MEDICARE,144,120,(24),0,0,0,120,0,111,118,45,37,120,90,120,0,784,787,3,855,0,784,787,65,91.69%,92.05%,778,785,113,121,261,247,852,0,"1,404","1,426",22,906,598,"1,377","1,390",96,91.58%,92.42%,"1,419","1,413",130,131,308,275,"1,431",92,"14,239","14,217",(22),"8,175","7,144","13,944","13,858","1,420",91.03%,90.46%,"14,225","14,171","2,180","2,123","4,578","4,457","14,582","1,114"
North Ohio With Kingston,01-HC,MEDICARE ADVANTAGE,82,64,(18),0,0,0,64,0,66,63,46,34,91,68,64,0,784,787,3,855,0,784,787,65,91.69%,92.05%,778,785,113,121,261,247,852,0,"1,404","1,426",22,906,598,"1,377","1,390",96,91.58%,92.42%,"1,419","1,413",130,131,308,275,"1,431",92,"14,239","14,217",(22),"8,175","7,144","13,944","13,858","1,420",91.03%,90.46%,"14,225","14,171","2,180","2,123","4,578","4,457","14,582","1,114"
North Ohio With Kingston,01-HC,MEDICAID,366,353,(13),0,0,0,353,0,353,357,5,10,10,10,353,0,784,787,3,855,0,784,787,65,91.69%,92.05%,778,785,113,121,261,247,852,0,"1,404","1,426",22,906,598,"1,377","1,390",96,91.58%,92.42%,"1,419","1,413",130,131,308,275,"1,431",92,"14,239","14,217",(22),"8,175","7,144","13,944","13,858","1,420",91.03%,90.46%,"14,225","14,171","2,180","2,123","4,578","4,457","14,582","1,114"
North Ohio With Kingston,01-HC,BEDHOLDS,0,7,7,0,0,0,7,0,11,10,0,2,3,12,7,0,784,787,3,855,0,784,787,65,91.69%,92.05%,778,785,113,121,261,247,852,0,"1,404","1,426",22,906,598,"1,377","1,390",96,91.58%,92.42%,"1,419","1,413",130,131,308,275,"1,431",92,"14,239","14,217",(22),"8,175","7,144","13,944","13,858","1,420",91.03%,90.46%,"14,225","14,171","2,180","2,123","4,578","4,457","14,582","1,114"
North Ohio With Kingston,01-HC,UNOCCUPIED,0,0,0,0,0,0,0,65,0,0,0,0,0,0,65,0,784,787,3,855,0,784,787,65,91.69%,92.05%,778,785,113,121,261,247,852,0,"1,404","1,426",22,906,598,"1,377","1,390",96,91.58%,92.42%,"1,419","1,413",130,131,308,275,"1,431",92,"14,239","14,217",(22),"8,175","7,144","13,944","13,858","1,420",91.03%,90.46%,"14,225","14,171","2,180","2,123","4,578","4,457","14,582","1,114"
North Ohio With Kingston,02-HC Legacy,PRIVATE PAY,12,23,11,51,0,46,23,0,22,21,0,0,3,0,23,0,46,51,5,51,0,46,51,0,90.04%,100.00%,49,48,0,1,5,2,51,0,"1,404","1,426",22,906,598,"1,377","1,390",96,91.58%,92.42%,"1,419","1,413",130,131,308,275,"1,431",92,"14,239","14,217",(22),"8,175","7,144","13,944","13,858","1,420",91.03%,90.46%,"14,225","14,171","2,180","2,123","4,578","4,457","14,582","1,114"
North Ohio With Kingston,02-HC Legacy,HOSPICE,3,2,(1),0,0,0,2,0,2,3,0,0,0,2,2,0,46,51,5,51,0,46,51,0,90.04%,100.00%,49,48,0,1,5,2,51,0,"1,404","1,426",22,906,598,"1,377","1,390",96,91.58%,92.42%,"1,419","1,413",130,131,308,275,"1,431",92,"14,239","14,217",(22),"8,175","7,144","13,944","13,858","1,420",91.03%,90.46%,"14,225","14,171","2,180","2,123","4,578","4,457","14,582","1,114"
North Ohio With Kingston,02-HC Legacy,MEDICARE,3,0,(3),0,0,0,0,0,0,0,0,0,1,0,0,0,46,51,5,51,0,46,51,0,90.04%,100.00%,49,48,0,1,5,2,51,0,"1,404","1,426",22,906,598,"1,377","1,390",96,91.58%,92.42%,"1,419","1,413",130,131,308,275,"1,431",92,"14,239","14,217",(22),"8,175","7,144","13,944","13,858","1,420",91.03%,90.46%,"14,225","14,171","2,180","2,123","4,578","4,457","14,582","1,114"
North Ohio With Kingston,02-HC Legacy,MEDICARE ADVANTAGE,2,1,(1),0,0,0,1,0,0,1,0,0,1,0,1,0,46,51,5,51,0,46,51,0,90.04%,100.00%,49,48,0,1,5,2,51,0,"1,404","1,426",22,906,598,"1,377","1,390",96,91.58%,92.42%,"1,419","1,413",130,131,308,275,"1,431",92,"14,239","14,217",(22),"8,175","7,144","13,944","13,858","1,420",91.03%,90.46%,"14,225","14,171","2,180","2,123","4,578","4,457","14,582","1,114"
North Ohio With Kingston,02-HC Legacy,MEDICAID,26,25,(1),0,0,0,25,0,24,24,0,1,0,0,25,0,46,51,5,51,0,46,51,0,90.04%,100.00%,49,48,0,1,5,2,51,0,"1,404","1,426",22,906,598,"1,377","1,390",96,91.58%,92.42%,"1,419","1,413",130,131,308,275,"1,431",92,"14,239","14,217",(22),"8,175","7,144","13,944","13,858","1,420",91.03%,90.46%,"14,225","14,171","2,180","2,123","4,578","4,457","14,582","1,114"
North Ohio With Kingston,02-HC Legacy,LEGACY - BEDHOLDS,0,0,0,0,0,0,0,0,0,0,0,0,0,0,0,0,46,51,5,51,0,46,51,0,90.04%,100.00%,49,48,0,1,5,2,51,0,"1,404","1,426",22,906,598,"1,377","1,390",96,91.58%,92.42%,"1,419","1,413",130,131,308,275,"1,431",92,"14,239","14,217",(22),"8,175","7,144","13,944","13,858","1,420",91.03%,90.46%,"14,225","14,171","2,180","2,123","4,578","4,457","14,582","1,114"
North Ohio With Kingston,03-AL,PRIVATE PAY,278,257,(21),0,353,327,257,0,257,249,7,3,10,8,257,0,341,333,(8),0,353,327,316,25,92.54%,89.52%,335,329,11,5,24,21,341,18,"1,404","1,426",22,906,598,"1,377","1,390",96,91.58%,92.42%,"1,419","1,413",130,131,308,275,"1,431",92,"14,239","14,217",(22),"8,175","7,144","13,944","13,858","1,420",91.03%,90.46%,"14,225","14,171","2,180","2,123","4,578","4,457","14,582","1,114"
North Ohio With Kingston,03-AL,MEDICAID,50,49,(1),0,0,0,49,0,49,50,3,2,5,8,49,0,341,333,(8),0,353,327,316,25,92.54%,89.52%,335,329,11,5,24,21,341,18,"1,404","1,426",22,906,598,"1,377","1,390",96,91.58%,92.42%,"1,419","1,413",130,131,308,275,"1,431",92,"14,239","14,217",(22),"8,175","7,144","13,944","13,858","1,420",91.03%,90.46%,"14,225","14,171","2,180","2,123","4,578","4,457","14,582","1,114"
North Ohio With Kingston,03-AL,BEDHOLDS,0,11,11,0,0,0,10,0,14,15,1,0,6,4,10,1,341,333,(8),0,353,327,316,25,92.54%,89.52%,335,329,11,5,24,21,341,18,"1,404","1,426",22,906,598,"1,377","1,390",96,91.58%,92.42%,"1,419","1,413",130,131,308,275,"1,431",92,"14,239","14,217",(22),"8,175","7,144","13,944","13,858","1,420",91.03%,90.46%,"14,225","14,171","2,180","2,123","4,578","4,457","14,582","1,114"
North Ohio With Kingston,03-AL,2ND OCCUPANT,14,16,2,0,0,0,0,0,16,15,0,0,3,1,0,16,341,333,(8),0,353,327,316,25,92.54%,89.52%,335,329,11,5,24,21,341,18,"1,404","1,426",22,906,598,"1,377","1,390",96,91.58%,92.42%,"1,419","1,413",130,131,308,275,"1,431",92,"14,239","14,217",(22),"8,175","7,144","13,944","13,858","1,420",91.03%,90.46%,"14,225","14,171","2,180","2,123","4,578","4,457","14,582","1,114"
North Ohio With Kingston,03-AL,UNOCCUPIED,0,0,0,0,0,0,0,25,0,0,0,0,0,0,25,1,341,333,(8),0,353,327,316,25,92.54%,89.52%,335,329,11,5,24,21,341,18,"1,404","1,426",22,906,598,"1,377","1,390",96,91.58%,92.42%,"1,419","1,413",130,131,308,275,"1,431",92,"14,239","14,217",(22),"8,175","7,144","13,944","13,858","1,420",91.03%,90.46%,"14,225","14,171","2,180","2,123","4,578","4,457","14,582","1,114"
North Ohio With Kingston,03-AL Legacy,LEGACY - PVT PAY,80,88,8,0,96,87,88,0,86,87,2,3,4,3,88,0,87,96,9,0,96,87,93,3,90.53%,96.88%,96,96,4,3,5,4,96,3,"1,404","1,426",22,906,598,"1,377","1,390",96,91.58%,92.42%,"1,419","1,413",130,131,308,275,"1,431",92,"14,239","14,217",(22),"8,175","7,144","13,944","13,858","1,420",91.03%,90.46%,"14,225","14,171","2,180","2,123","4,578","4,457","14,582","1,114"
North Ohio With Kingston,03-AL Legacy,LEGACY - MEDICAID,6,4,(2),0,0,0,4,0,4,4,1,0,0,0,4,0,87,96,9,0,96,87,93,3,90.53%,96.88%,96,96,4,3,5,4,96,3,"1,404","1,426",22,906,598,"1,377","1,390",96,91.58%,92.42%,"1,419","1,413",130,131,308,275,"1,431",92,"14,239","14,217",(22),"8,175","7,144","13,944","13,858","1,420",91.03%,90.46%,"14,225","14,171","2,180","2,123","4,578","4,457","14,582","1,114"
North Ohio With Kingston,03-AL Legacy,LEGACY - BEDHOLDS,0,2,2,0,0,0,1,0,4,3,0,0,0,1,1,1,87,96,9,0,96,87,93,3,90.53%,96.88%,96,96,4,3,5,4,96,3,"1,404","1,426",22,906,598,"1,377","1,390",96,91.58%,92.42%,"1,419","1,413",130,131,308,275,"1,431",92,"14,239","14,217",(22),"8,175","7,144","13,944","13,858","1,420",91.03%,90.46%,"14,225","14,171","2,180","2,123","4,578","4,457","14,582","1,114"
North Ohio With Kingston,03-AL Legacy,LEGACY - 2ND OCCUPANT,1,2,1,0,0,0,0,0,2,2,1,0,1,0,0,2,87,96,9,0,96,87,93,3,90.53%,96.88%,96,96,4,3,5,4,96,3,"1,404","1,426",22,906,598,"1,377","1,390",96,91.58%,92.42%,"1,419","1,413",130,131,308,275,"1,431",92,"14,239","14,217",(22),"8,175","7,144","13,944","13,858","1,420",91.03%,90.46%,"14,225","14,171","2,180","2,123","4,578","4,457","14,582","1,114"
North Ohio With Kingston,03-AL Legacy,LEGACY - UNOCCUPIED,0,0,0,0,0,0,0,3,0,0,0,0,0,0,3,0,87,96,9,0,96,87,93,3,90.53%,96.88%,96,96,4,3,5,4,96,3,"1,404","1,426",22,906,598,"1,377","1,390",96,91.58%,92.42%,"1,419","1,413",130,131,308,275,"1,431",92,"14,239","14,217",(22),"8,175","7,144","13,944","13,858","1,420",91.03%,90.46%,"14,225","14,171","2,180","2,123","4,578","4,457","14,582","1,114"
North Ohio With Kingston,05-IL,PRIVATE PAY,112,122,10,0,125,112,122,0,123,119,1,0,9,1,69,53,120,136,16,0,125,112,122,3,89.52%,97.60%,138,131,2,1,11,1,70,69,"1,404","1,426",22,906,598,"1,377","1,390",96,91.58%,92.42%,"1,419","1,413",130,131,308,275,"1,431",92,"14,239","14,217",(22),"8,175","7,144","13,944","13,858","1,420",91.03%,90.46%,"14,225","14,171","2,180","2,123","4,578","4,457","14,582","1,114"
North Ohio With Kingston,05-IL,2ND OCCUPANT,8,14,6,0,0,0,0,0,15,13,1,1,2,0,0,14,120,136,16,0,125,112,122,3,89.52%,97.60%,138,131,2,1,11,1,70,69,"1,404","1,426",22,906,598,"1,377","1,390",96,91.58%,92.42%,"1,419","1,413",130,131,308,275,"1,431",92,"14,239","14,217",(22),"8,175","7,144","13,944","13,858","1,420",91.03%,90.46%,"14,225","14,171","2,180","2,123","4,578","4,457","14,582","1,114"
North Ohio With Kingston,05-IL,UNOCCUPIED,0,0,0,0,0,0,0,3,0,0,0,0,0,0,1,2,120,136,16,0,125,112,122,3,89.52%,97.60%,138,131,2,1,11,1,70,69,"1,404","1,426",22,906,598,"1,377","1,390",96,91.58%,92.42%,"1,419","1,413",130,131,308,275,"1,431",92,"14,239","14,217",(22),"8,175","7,144","13,944","13,858","1,420",91.03%,90.46%,"14,225","14,171","2,180","2,123","4,578","4,457","14,582","1,114"
North Ohio With Kingston,06-SL,PRIVATE PAY,22,20,(2),0,24,22,20,0,20,20,0,0,0,0,20,0,26,23,(3),0,24,22,21,0,91.67%,87.50%,23,24,0,0,2,0,21,2,"1,404","1,426",22,906,598,"1,377","1,390",96,91.58%,92.42%,"1,419","1,413",130,131,308,275,"1,431",92,"14,239","14,217",(22),"8,175","7,144","13,944","13,858","1,420",91.03%,90.46%,"14,225","14,171","2,180","2,123","4,578","4,457","14,582","1,114"
North Ohio With Kingston,06-SL,BEDHOLDS,0,1,1,0,0,0,1,0,1,1,0,0,2,0,1,0,26,23,(3),0,24,22,21,0,91.67%,87.50%,23,24,0,0,2,0,21,2,"1,404","1,426",22,906,598,"1,377","1,390",96,91.58%,92.42%,"1,419","1,413",130,131,308,275,"1,431",92,"14,239","14,217",(22),"8,175","7,144","13,944","13,858","1,420",91.03%,90.46%,"14,225","14,171","2,180","2,123","4,578","4,457","14,582","1,114"
North Ohio With Kingston,06-SL,2ND OCCUPANT,4,2,(2),0,0,0,0,0,2,2,0,0,0,0,0,2,26,23,(3),0,24,22,21,0,91.67%,87.50%,23,24,0,0,2,0,21,2,"1,404","1,426",22,906,598,"1,377","1,390",96,91.58%,92.42%,"1,419","1,413",130,131,308,275,"1,431",92,"14,239","14,217",(22),"8,175","7,144","13,944","13,858","1,420",91.03%,90.46%,"14,225","14,171","2,180","2,123","4,578","4,457","14,582","1,114"
Northwest Indiana,01-HC,PRIVATE PAY,55,47,(8),327,0,296,47,0,47,45,4,8,9,15,47,0,296,271,(25),327,0,296,271,56,90.56%,82.87%,271,277,71,67,124,141,327,0,571,548,(23),355,256,562,534,77,92.05%,87.40%,546,553,80,78,142,153,611,15,"14,239","14,217",(22),"8,175","7,144","13,944","13,858","1,420",91.03%,90.46%,"14,225","14,171","2,180","2,123","4,578","4,457","14,582","1,114"
Northwest Indiana,01-HC,HOSPICE,12,11,(1),0,0,0,11,0,9,11,0,2,0,1,11,0,296,271,(25),327,0,296,271,56,90.56%,82.87%,271,277,71,67,124,141,327,0,571,548,(23),355,256,562,534,77,92.05%,87.40%,546,553,80,78,142,153,611,15,"14,239","14,217",(22),"8,175","7,144","13,944","13,858","1,420",91.03%,90.46%,"14,225","14,171","2,180","2,123","4,578","4,457","14,582","1,114"
Northwest Indiana,01-HC,MANAGED CARE,1,2,1,0,0,0,2,0,2,2,3,3,8,7,2,0,296,271,(25),327,0,296,271,56,90.56%,82.87%,271,277,71,67,124,141,327,0,571,548,(23),355,256,562,534,77,92.05%,87.40%,546,553,80,78,142,153,611,15,"14,239","14,217",(22),"8,175","7,144","13,944","13,858","1,420",91.03%,90.46%,"14,225","14,171","2,180","2,123","4,578","4,457","14,582","1,114"
Northwest Indiana,01-HC,MEDICARE,67,52,(15),0,0,0,52,0,56,57,34,26,54,63,52,0,296,271,(25),327,0,296,271,56,90.56%,82.87%,271,277,71,67,124,141,327,0,571,548,(23),355,256,562,534,77,92.05%,87.40%,546,553,80,78,142,153,611,15,"14,239","14,217",(22),"8,175","7,144","13,944","13,858","1,420",91.03%,90.46%,"14,225","14,171","2,180","2,123","4,578","4,457","14,582","1,114"
Northwest Indiana,01-HC,MEDICARE ADVANTAGE,29,27,(2),0,0,0,27,0,24,28,26,22,44,41,27,0,296,271,(25),327,0,296,271,56,90.56%,82.87%,271,277,71,67,124,141,327,0,571,548,(23),355,256,562,534,77,92.05%,87.40%,546,553,80,78,142,153,611,15,"14,239","14,217",(22),"8,175","7,144","13,944","13,858","1,420",91.03%,90.46%,"14,225","14,171","2,180","2,123","4,578","4,457","14,582","1,114"
Northwest Indiana,01-HC,MEDICAID,132,132,0,0,0,0,132,0,132,134,4,5,9,13,132,0,296,271,(25),327,0,296,271,56,90.56%,82.87%,271,277,71,67,124,141,327,0,571,548,(23),355,256,562,534,77,92.05%,87.40%,546,553,80,78,142,153,611,15,"14,239","14,217",(22),"8,175","7,144","13,944","13,858","1,420",91.03%,90.46%,"14,225","14,171","2,180","2,123","4,578","4,457","14,582","1,114"
Northwest Indiana,01-HC,BEDHOLDS,0,0,0,0,0,0,0,0,0,0,0,1,0,1,0,0,296,271,(25),327,0,296,271,56,90.56%,82.87%,271,277,71,67,124,141,327,0,571,548,(23),355,256,562,534,77,92.05%,87.40%,546,553,80,78,142,153,611,15,"14,239","14,217",(22),"8,175","7,144","13,944","13,858","1,420",91.03%,90.46%,"14,225","14,171","2,180","2,123","4,578","4,457","14,582","1,114"
Northwest Indiana,01-HC,UNOCCUPIED,0,0,0,0,0,0,0,56,0,0,0,0,0,0,56,0,296,271,(25),327,0,296,271,56,90.56%,82.87%,271,277,71,67,124,141,327,0,571,548,(23),355,256,562,534,77,92.05%,87.40%,546,553,80,78,142,153,611,15,"14,239","14,217",(22),"8,175","7,144","13,944","13,858","1,420",91.03%,90.46%,"14,225","14,171","2,180","2,123","4,578","4,457","14,582","1,114"
Northwest Indiana,02-HC Legacy,PRIVATE PAY,15,11,(4),28,0,26,11,0,12,12,1,0,0,1,11,0,26,27,1,28,0,26,27,1,92.99%,96.43%,26,27,1,2,1,2,28,0,571,548,(23),355,256,562,534,77,92.05%,87.40%,546,553,80,78,142,153,611,15,"14,239","14,217",(22),"8,175","7,144","13,944","13,858","1,420",91.03%,90.46%,"14,225","14,171","2,180","2,123","4,578","4,457","14,582","1,114"
Northwest Indiana,02-HC Legacy,HOSPICE,1,4,3,0,0,0,4,0,3,4,0,2,0,0,4,0,26,27,1,28,0,26,27,1,92.99%,96.43%,26,27,1,2,1,2,28,0,571,548,(23),355,256,562,534,77,92.05%,87.40%,546,553,80,78,142,153,611,15,"14,239","14,217",(22),"8,175","7,144","13,944","13,858","1,420",91.03%,90.46%,"14,225","14,171","2,180","2,123","4,578","4,457","14,582","1,114"
Northwest Indiana,02-HC Legacy,MEDICARE,0,1,1,0,0,0,1,0,1,1,0,0,1,0,1,0,26,27,1,28,0,26,27,1,92.99%,96.43%,26,27,1,2,1,2,28,0,571,548,(23),355,256,562,534,77,92.05%,87.40%,546,553,80,78,142,153,611,15,"14,239","14,217",(22),"8,175","7,144","13,944","13,858","1,420",91.03%,90.46%,"14,225","14,171","2,180","2,123","4,578","4,457","14,582","1,114"
Northwest Indiana,02-HC Legacy,MEDICAID,9,11,2,0,0,0,11,0,11,11,0,0,0,1,11,0,26,27,1,28,0,26,27,1,92.99%,96.43%,26,27,1,2,1,2,28,0,571,548,(23),355,256,562,534,77,92.05%,87.40%,546,553,80,78,142,153,611,15,"14,239","14,217",(22),"8,175","7,144","13,944","13,858","1,420",91.03%,90.46%,"14,225","14,171","2,180","2,123","4,578","4,457","14,582","1,114"
Northwest Indiana,02-HC Legacy,UNOCCUPIED,0,0,0,0,0,0,0,1,0,0,0,0,0,0,1,0,26,27,1,28,0,26,27,1,92.99%,96.43%,26,27,1,2,1,2,28,0,571,548,(23),355,256,562,534,77,92.05%,87.40%,546,553,80,78,142,153,611,15,"14,239","14,217",(22),"8,175","7,144","13,944","13,858","1,420",91.03%,90.46%,"14,225","14,171","2,180","2,123","4,578","4,457","14,582","1,114"
Northwest Indiana,03-AL,PRIVATE PAY,171,162,(9),0,182,171,162,0,166,164,4,2,9,8,162,0,179,174,(5),0,182,171,168,14,93.89%,92.31%,174,175,4,3,10,8,182,7,571,548,(23),355,256,562,534,77,92.05%,87.40%,546,553,80,78,142,153,611,15,"14,239","14,217",(22),"8,175","7,144","13,944","13,858","1,420",91.03%,90.46%,"14,225","14,171","2,180","2,123","4,578","4,457","14,582","1,114"
Northwest Indiana,03-AL,BEDHOLDS,0,5,5,0,0,0,5,0,3,4,0,0,1,0,5,0,179,174,(5),0,182,171,168,14,93.89%,92.31%,174,175,4,3,10,8,182,7,571,548,(23),355,256,562,534,77,92.05%,87.40%,546,553,80,78,142,153,611,15,"14,239","14,217",(22),"8,175","7,144","13,944","13,858","1,420",91.03%,90.46%,"14,225","14,171","2,180","2,123","4,578","4,457","14,582","1,114"
Northwest Indiana,03-AL,2ND OCCUPANT,8,7,(1),0,0,0,1,0,6,7,0,1,0,0,0,7,179,174,(5),0,182,171,168,14,93.89%,92.31%,174,175,4,3,10,8,182,7,571,548,(23),355,256,562,534,77,92.05%,87.40%,546,553,80,78,142,153,611,15,"14,239","14,217",(22),"8,175","7,144","13,944","13,858","1,420",91.03%,90.46%,"14,225","14,171","2,180","2,123","4,578","4,457","14,582","1,114"
Northwest Indiana,03-AL,UNOCCUPIED,0,0,0,0,0,0,0,14,0,0,0,0,0,0,15,0,179,174,(5),0,182,171,168,14,93.89%,92.31%,174,175,4,3,10,8,182,7,571,548,(23),355,256,562,534,77,92.05%,87.40%,546,553,80,78,142,153,611,15,"14,239","14,217",(22),"8,175","7,144","13,944","13,858","1,420",91.03%,90.46%,"14,225","14,171","2,180","2,123","4,578","4,457","14,582","1,114"
Northwest Indiana,03-AL Legacy,LEGACY - PVT PAY,63,61,(2),0,68,64,61,0,62,62,4,5,5,1,61,0,63,68,5,0,68,64,62,6,93.68%,91.18%,67,67,4,6,5,1,68,6,571,548,(23),355,256,562,534,77,92.05%,87.40%,546,553,80,78,142,153,611,15,"14,239","14,217",(22),"8,175","7,144","13,944","13,858","1,420",91.03%,90.46%,"14,225","14,171","2,180","2,123","4,578","4,457","14,582","1,114"
Northwest Indiana,03-AL Legacy,LEGACY - BEDHOLDS,0,1,1,0,0,0,1,0,1,1,0,0,0,0,1,0,63,68,5,0,68,64,62,6,93.68%,91.18%,67,67,4,6,5,1,68,6,571,548,(23),355,256,562,534,77,92.05%,87.40%,546,553,80,78,142,153,611,15,"14,239","14,217",(22),"8,175","7,144","13,944","13,858","1,420",91.03%,90.46%,"14,225","14,171","2,180","2,123","4,578","4,457","14,582","1,114"
Northwest Indiana,03-AL Legacy,LEGACY - 2ND OCCUPANT,0,6,6,0,0,0,0,0,5,5,0,1,0,0,0,6,63,68,5,0,68,64,62,6,93.68%,91.18%,67,67,4,6,5,1,68,6,571,548,(23),355,256,562,534,77,92.05%,87.40%,546,553,80,78,142,153,611,15,"14,239","14,217",(22),"8,175","7,144","13,944","13,858","1,420",91.03%,90.46%,"14,225","14,171","2,180","2,123","4,578","4,457","14,582","1,114"
Northwest Indiana,03-AL Legacy,LEGACY - UNOCCUPIED,0,0,0,0,0,0,0,6,0,0,0,0,0,0,6,0,63,68,5,0,68,64,62,6,93.68%,91.18%,67,67,4,6,5,1,68,6,571,548,(23),355,256,562,534,77,92.05%,87.40%,546,553,80,78,142,153,611,15,"14,239","14,217",(22),"8,175","7,144","13,944","13,858","1,420",91.03%,90.46%,"14,225","14,171","2,180","2,123","4,578","4,457","14,582","1,114"
Northwest Indiana,05-IL,PRIVATE PAY,6,6,0,0,6,6,6,0,6,5,0,0,1,1,6,0,7,8,1,0,6,6,6,0,95.00%,100.00%,8,7,0,0,2,1,6,2,571,548,(23),355,256,562,534,77,92.05%,87.40%,546,553,80,78,142,153,611,15,"14,239","14,217",(22),"8,175","7,144","13,944","13,858","1,420",91.03%,90.46%,"14,225","14,171","2,180","2,123","4,578","4,457","14,582","1,114"
Northwest Indiana,05-IL,2ND OCCUPANT,1,2,1,0,0,0,0,0,2,1,0,0,1,0,0,2,7,8,1,0,6,6,6,0,95.00%,100.00%,8,7,0,0,2,1,6,2,571,548,(23),355,256,562,534,77,92.05%,87.40%,546,553,80,78,142,153,611,15,"14,239","14,217",(22),"8,175","7,144","13,944","13,858","1,420",91.03%,90.46%,"14,225","14,171","2,180","2,123","4,578","4,457","14,582","1,114"
Northwest Ohio,01-HC,PRIVATE PAY,39,43,4,311,0,289,43,0,43,46,1,9,2,24,43,0,289,291,2,311,0,289,291,20,93.09%,93.57%,295,286,96,102,215,215,311,0,691,682,(9),311,428,675,654,76,91.29%,88.50%,689,670,114,112,250,243,730,31,"14,239","14,217",(22),"8,175","7,144","13,944","13,858","1,420",91.03%,90.46%,"14,225","14,171","2,180","2,123","4,578","4,457","14,582","1,114"
Northwest Ohio,01-HC,HOSPICE,10,8,(2),0,0,0,8,0,8,9,0,0,0,1,8,0,289,291,2,311,0,289,291,20,93.09%,93.57%,295,286,96,102,215,215,311,0,691,682,(9),311,428,675,654,76,91.29%,88.50%,689,670,114,112,250,243,730,31,"14,239","14,217",(22),"8,175","7,144","13,944","13,858","1,420",91.03%,90.46%,"14,225","14,171","2,180","2,123","4,578","4,457","14,582","1,114"
Northwest Ohio,01-HC,MANAGED CARE,0,1,1,0,0,0,1,0,1,0,1,0,1,0,1,0,289,291,2,311,0,289,291,20,93.09%,93.57%,295,286,96,102,215,215,311,0,691,682,(9),311,428,675,654,76,91.29%,88.50%,689,670,114,112,250,243,730,31,"14,239","14,217",(22),"8,175","7,144","13,944","13,858","1,420",91.03%,90.46%,"14,225","14,171","2,180","2,123","4,578","4,457","14,582","1,114"
Northwest Ohio,01-HC,MEDICARE,79,57,(22),0,0,0,57,0,63,61,40,39,73,81,57,0,289,291,2,311,0,289,291,20,93.09%,93.57%,295,286,96,102,215,215,311,0,691,682,(9),311,428,675,654,76,91.29%,88.50%,689,670,114,112,250,243,730,31,"14,239","14,217",(22),"8,175","7,144","13,944","13,858","1,420",91.03%,90.46%,"14,225","14,171","2,180","2,123","4,578","4,457","14,582","1,114"
Northwest Ohio,01-HC,MEDICARE ADVANTAGE,79,97,18,0,0,0,97,0,95,85,53,53,138,104,97,0,289,291,2,311,0,289,291,20,93.09%,93.57%,295,286,96,102,215,215,311,0,691,682,(9),311,428,675,654,76,91.29%,88.50%,689,670,114,112,250,243,730,31,"14,239","14,217",(22),"8,175","7,144","13,944","13,858","1,420",91.03%,90.46%,"14,225","14,171","2,180","2,123","4,578","4,457","14,582","1,114"
Northwest Ohio,01-HC,MEDICAID,82,84,2,0,0,0,84,0,83,83,0,1,1,1,84,0,289,291,2,311,0,289,291,20,93.09%,93.57%,295,286,96,102,215,215,311,0,691,682,(9),311,428,675,654,76,91.29%,88.50%,689,670,114,112,250,243,730,31,"14,239","14,217",(22),"8,175","7,144","13,944","13,858","1,420",91.03%,90.46%,"14,225","14,171","2,180","2,123","4,578","4,457","14,582","1,114"
Northwest Ohio,01-HC,BEDHOLDS,0,1,1,0,0,0,1,0,3,2,0,0,0,4,1,0,289,291,2,311,0,289,291,20,93.09%,93.57%,295,286,96,102,215,215,311,0,691,682,(9),311,428,675,654,76,91.29%,88.50%,689,670,114,112,250,243,730,31,"14,239","14,217",(22),"8,175","7,144","13,944","13,858","1,420",91.03%,90.46%,"14,225","14,171","2,180","2,123","4,578","4,457","14,582","1,114"
Northwest Ohio,01-HC,CONVERSIONS,0,0,0,0,0,0,0,0,0,0,1,0,0,0,0,0,289,291,2,311,0,289,291,20,93.09%,93.57%,295,286,96,102,215,215,311,0,691,682,(9),311,428,675,654,76,91.29%,88.50%,689,670,114,112,250,243,730,31,"14,239","14,217",(22),"8,175","7,144","13,944","13,858","1,420",91.03%,90.46%,"14,225","14,171","2,180","2,123","4,578","4,457","14,582","1,114"
Northwest Ohio,01-HC,UNOCCUPIED,0,0,0,0,0,0,0,20,0,0,0,0,0,0,20,0,289,291,2,311,0,289,291,20,93.09%,93.57%,295,286,96,102,215,215,311,0,691,682,(9),311,428,675,654,76,91.29%,88.50%,689,670,114,112,250,243,730,31,"14,239","14,217",(22),"8,175","7,144","13,944","13,858","1,420",91.03%,90.46%,"14,225","14,171","2,180","2,123","4,578","4,457","14,582","1,114"
Northwest Ohio,03-AL,PRIVATE PAY,215,200,(15),0,237,214,200,0,202,199,9,6,21,18,200,0,224,221,(3),0,237,214,210,18,90.44%,88.61%,222,218,9,7,23,19,228,14,691,682,(9),311,428,675,654,76,91.29%,88.50%,689,670,114,112,250,243,730,31,"14,239","14,217",(22),"8,175","7,144","13,944","13,858","1,420",91.03%,90.46%,"14,225","14,171","2,180","2,123","4,578","4,457","14,582","1,114"
Northwest Ohio,03-AL,BEDHOLDS,0,8,8,0,0,0,8,0,8,6,0,1,1,1,8,0,224,221,(3),0,237,214,210,18,90.44%,88.61%,222,218,9,7,23,19,228,14,691,682,(9),311,428,675,654,76,91.29%,88.50%,689,670,114,112,250,243,730,31,"14,239","14,217",(22),"8,175","7,144","13,944","13,858","1,420",91.03%,90.46%,"14,225","14,171","2,180","2,123","4,578","4,457","14,582","1,114"
Northwest Ohio,03-AL,2ND OCCUPANT,9,13,4,0,0,0,2,0,12,13,0,0,1,0,0,13,224,221,(3),0,237,214,210,18,90.44%,88.61%,222,218,9,7,23,19,228,14,691,682,(9),311,428,675,654,76,91.29%,88.50%,689,670,114,112,250,243,730,31,"14,239","14,217",(22),"8,175","7,144","13,944","13,858","1,420",91.03%,90.46%,"14,225","14,171","2,180","2,123","4,578","4,457","14,582","1,114"
Northwest Ohio,03-AL,UNOCCUPIED,0,0,0,0,0,0,0,18,0,0,0,0,0,0,20,1,224,221,(3),0,237,214,210,18,90.44%,88.61%,222,218,9,7,23,19,228,14,691,682,(9),311,428,675,654,76,91.29%,88.50%,689,670,114,112,250,243,730,31,"14,239","14,217",(22),"8,175","7,144","13,944","13,858","1,420",91.03%,90.46%,"14,225","14,171","2,180","2,123","4,578","4,457","14,582","1,114"
Northwest Ohio,03-AL Legacy,LEGACY - PVT PAY,86,79,(7),0,92,86,79,0,81,80,3,1,5,5,79,0,87,84,(3),0,92,86,81,11,93.59%,88.04%,85,85,3,2,5,7,92,3,691,682,(9),311,428,675,654,76,91.29%,88.50%,689,670,114,112,250,243,730,31,"14,239","14,217",(22),"8,175","7,144","13,944","13,858","1,420",91.03%,90.46%,"14,225","14,171","2,180","2,123","4,578","4,457","14,582","1,114"
Northwest Ohio,03-AL Legacy,LEGACY - BEDHOLDS,0,2,2,0,0,0,2,0,2,2,0,1,0,2,2,0,87,84,(3),0,92,86,81,11,93.59%,88.04%,85,85,3,2,5,7,92,3,691,682,(9),311,428,675,654,76,91.29%,88.50%,689,670,114,112,250,243,730,31,"14,239","14,217",(22),"8,175","7,144","13,944","13,858","1,420",91.03%,90.46%,"14,225","14,171","2,180","2,123","4,578","4,457","14,582","1,114"
Northwest Ohio,03-AL Legacy,LEGACY - 2ND OCCUPANT,1,3,2,0,0,0,0,0,2,3,0,0,0,0,0,3,87,84,(3),0,92,86,81,11,93.59%,88.04%,85,85,3,2,5,7,92,3,691,682,(9),311,428,675,654,76,91.29%,88.50%,689,670,114,112,250,243,730,31,"14,239","14,217",(22),"8,175","7,144","13,944","13,858","1,420",91.03%,90.46%,"14,225","14,171","2,180","2,123","4,578","4,457","14,582","1,114"
Northwest Ohio,03-AL Legacy,LEGACY - UNOCCUPIED,0,0,0,0,0,0,0,11,0,0,0,0,0,0,11,0,87,84,(3),0,92,86,81,11,93.59%,88.04%,85,85,3,2,5,7,92,3,691,682,(9),311,428,675,654,76,91.29%,88.50%,689,670,114,112,250,243,730,31,"14,239","14,217",(22),"8,175","7,144","13,944","13,858","1,420",91.03%,90.46%,"14,225","14,171","2,180","2,123","4,578","4,457","14,582","1,114"
Northwest Ohio,05-IL,PRIVATE PAY,85,72,(13),0,90,85,72,0,73,69,4,1,4,2,72,0,91,86,(5),0,90,85,72,18,94.11%,80.00%,87,81,6,1,7,2,90,14,691,682,(9),311,428,675,654,76,91.29%,88.50%,689,670,114,112,250,243,730,31,"14,239","14,217",(22),"8,175","7,144","13,944","13,858","1,420",91.03%,90.46%,"14,225","14,171","2,180","2,123","4,578","4,457","14,582","1,114"
Northwest Ohio,05-IL,2ND OCCUPANT,6,14,8,0,0,0,0,0,15,12,2,0,3,0,0,14,91,86,(5),0,90,85,72,18,94.11%,80.00%,87,81,6,1,7,2,90,14,691,682,(9),311,428,675,654,76,91.29%,88.50%,689,670,114,112,250,243,730,31,"14,239","14,217",(22),"8,175","7,144","13,944","13,858","1,420",91.03%,90.46%,"14,225","14,171","2,180","2,123","4,578","4,457","14,582","1,114"
Northwest Ohio,05-IL,UNOCCUPIED,0,0,0,0,0,0,0,18,0,0,0,0,0,0,18,0,91,86,(5),0,90,85,72,18,94.11%,80.00%,87,81,6,1,7,2,90,14,691,682,(9),311,428,675,654,76,91.29%,88.50%,689,670,114,112,250,243,730,31,"14,239","14,217",(22),"8,175","7,144","13,944","13,858","1,420",91.03%,90.46%,"14,225","14,171","2,180","2,123","4,578","4,457","14,582","1,114"
Northwest Ohio,06-SL,UNOCCUPIED,0,0,0,0,9,0,0,9,0,0,0,0,0,0,9,0,0,0,0,0,9,0,0,9,0.00%,0.00%,0,0,0,0,0,0,9,0,691,682,(9),311,428,675,654,76,91.29%,88.50%,689,670,114,112,250,243,730,31,"14,239","14,217",(22),"8,175","7,144","13,944","13,858","1,420",91.03%,90.46%,"14,225","14,171","2,180","2,123","4,578","4,457","14,582","1,114"
South Kentucky,01-HC,PRIVATE PAY,115,113,(2),328,0,304,113,0,112,115,6,13,4,21,113,0,304,300,(4),328,0,304,300,28,92.72%,91.46%,300,300,107,101,186,183,328,0,936,945,9,377,613,912,912,78,92.12%,92.12%,945,937,125,123,243,227,821,202,"14,239","14,217",(22),"8,175","7,144","13,944","13,858","1,420",91.03%,90.46%,"14,225","14,171","2,180","2,123","4,578","4,457","14,582","1,114"
South Kentucky,01-HC,HOSPICE,5,4,(1),0,0,0,4,0,3,4,0,1,0,0,4,0,304,300,(4),328,0,304,300,28,92.72%,91.46%,300,300,107,101,186,183,328,0,936,945,9,377,613,912,912,78,92.12%,92.12%,945,937,125,123,243,227,821,202,"14,239","14,217",(22),"8,175","7,144","13,944","13,858","1,420",91.03%,90.46%,"14,225","14,171","2,180","2,123","4,578","4,457","14,582","1,114"
South Kentucky,01-HC,MANAGED CARE,0,3,3,0,0,0,3,0,2,1,3,4,7,3,3,0,304,300,(4),328,0,304,300,28,92.72%,91.46%,300,300,107,101,186,183,328,0,936,945,9,377,613,912,912,78,92.12%,92.12%,945,937,125,123,243,227,821,202,"14,239","14,217",(22),"8,175","7,144","13,944","13,858","1,420",91.03%,90.46%,"14,225","14,171","2,180","2,123","4,578","4,457","14,582","1,114"
South Kentucky,01-HC,MEDICARE,69,65,(4),0,0,0,65,0,67,65,46,34,74,65,65,0,304,300,(4),328,0,304,300,28,92.72%,91.46%,300,300,107,101,186,183,328,0,936,945,9,377,613,912,912,78,92.12%,92.12%,945,937,125,123,243,227,821,202,"14,239","14,217",(22),"8,175","7,144","13,944","13,858","1,420",91.03%,90.46%,"14,225","14,171","2,180","2,123","4,578","4,457","14,582","1,114"
South Kentucky,01-HC,MEDICARE ADVANTAGE,49,61,12,0,0,0,61,0,62,59,52,46,99,91,61,0,304,300,(4),328,0,304,300,28,92.72%,91.46%,300,300,107,101,186,183,328,0,936,945,9,377,613,912,912,78,92.12%,92.12%,945,937,125,123,243,227,821,202,"14,239","14,217",(22),"8,175","7,144","13,944","13,858","1,420",91.03%,90.46%,"14,225","14,171","2,180","2,123","4,578","4,457","14,582","1,114"
South Kentucky,01-HC,MEDICAID,65,54,(11),0,0,0,54,0,52,53,0,2,1,0,54,0,304,300,(4),328,0,304,300,28,92.72%,91.46%,300,300,107,101,186,183,328,0,936,945,9,377,613,912,912,78,92.12%,92.12%,945,937,125,123,243,227,821,202,"14,239","14,217",(22),"8,175","7,144","13,944","13,858","1,420",91.03%,90.46%,"14,225","14,171","2,180","2,123","4,578","4,457","14,582","1,114"
South Kentucky,01-HC,BEDHOLDS,0,0,0,0,0,0,0,0,2,3,0,1,1,3,0,0,304,300,(4),328,0,304,300,28,92.72%,91.46%,300,300,107,101,186,183,328,0,936,945,9,377,613,912,912,78,92.12%,92.12%,945,937,125,123,243,227,821,202,"14,239","14,217",(22),"8,175","7,144","13,944","13,858","1,420",91.03%,90.46%,"14,225","14,171","2,180","2,123","4,578","4,457","14,582","1,114"
South Kentucky,01-HC,CONVERSIONS,1,0,(1),0,0,0,0,0,0,0,0,0,0,0,0,0,304,300,(4),328,0,304,300,28,92.72%,91.46%,300,300,107,101,186,183,328,0,936,945,9,377,613,912,912,78,92.12%,92.12%,945,937,125,123,243,227,821,202,"14,239","14,217",(22),"8,175","7,144","13,944","13,858","1,420",91.03%,90.46%,"14,225","14,171","2,180","2,123","4,578","4,457","14,582","1,114"
South Kentucky,01-HC,UNOCCUPIED,0,0,0,0,0,0,0,28,0,0,0,0,0,0,28,0,304,300,(4),328,0,304,300,28,92.72%,91.46%,300,300,107,101,186,183,328,0,936,945,9,377,613,912,912,78,92.12%,92.12%,945,937,125,123,243,227,821,202,"14,239","14,217",(22),"8,175","7,144","13,944","13,858","1,420",91.03%,90.46%,"14,225","14,171","2,180","2,123","4,578","4,457","14,582","1,114"
South Kentucky,02-HC Legacy,PRIVATE PAY,16,17,1,49,0,45,17,0,17,17,1,0,1,2,17,0,45,49,4,49,0,45,49,0,92.67%,100.00%,49,46,4,5,12,11,49,0,936,945,9,377,613,912,912,78,92.12%,92.12%,945,937,125,123,243,227,821,202,"14,239","14,217",(22),"8,175","7,144","13,944","13,858","1,420",91.03%,90.46%,"14,225","14,171","2,180","2,123","4,578","4,457","14,582","1,114"
South Kentucky,02-HC Legacy,HOSPICE,2,2,0,0,0,0,2,0,2,2,0,0,0,1,2,0,45,49,4,49,0,45,49,0,92.67%,100.00%,49,46,4,5,12,11,49,0,936,945,9,377,613,912,912,78,92.12%,92.12%,945,937,125,123,243,227,821,202,"14,239","14,217",(22),"8,175","7,144","13,944","13,858","1,420",91.03%,90.46%,"14,225","14,171","2,180","2,123","4,578","4,457","14,582","1,114"
South Kentucky,02-HC Legacy,MANAGED CARE,0,1,1,0,0,0,1,0,1,0,1,2,2,3,1,0,45,49,4,49,0,45,49,0,92.67%,100.00%,49,46,4,5,12,11,49,0,936,945,9,377,613,912,912,78,92.12%,92.12%,945,937,125,123,243,227,821,202,"14,239","14,217",(22),"8,175","7,144","13,944","13,858","1,420",91.03%,90.46%,"14,225","14,171","2,180","2,123","4,578","4,457","14,582","1,114"
South Kentucky,02-HC Legacy,MEDICARE,3,4,1,0,0,0,4,0,3,2,0,2,4,2,4,0,45,49,4,49,0,45,49,0,92.67%,100.00%,49,46,4,5,12,11,49,0,936,945,9,377,613,912,912,78,92.12%,92.12%,945,937,125,123,243,227,821,202,"14,239","14,217",(22),"8,175","7,144","13,944","13,858","1,420",91.03%,90.46%,"14,225","14,171","2,180","2,123","4,578","4,457","14,582","1,114"
South Kentucky,02-HC Legacy,MEDICARE ADVANTAGE,1,1,0,0,0,0,1,0,1,1,0,0,3,2,1,0,45,49,4,49,0,45,49,0,92.67%,100.00%,49,46,4,5,12,11,49,0,936,945,9,377,613,912,912,78,92.12%,92.12%,945,937,125,123,243,227,821,202,"14,239","14,217",(22),"8,175","7,144","13,944","13,858","1,420",91.03%,90.46%,"14,225","14,171","2,180","2,123","4,578","4,457","14,582","1,114"
South Kentucky,02-HC Legacy,MEDICAID,23,23,0,0,0,0,23,0,24,24,1,1,2,1,23,0,45,49,4,49,0,45,49,0,92.67%,100.00%,49,46,4,5,12,11,49,0,936,945,9,377,613,912,912,78,92.12%,92.12%,945,937,125,123,243,227,821,202,"14,239","14,217",(22),"8,175","7,144","13,944","13,858","1,420",91.03%,90.46%,"14,225","14,171","2,180","2,123","4,578","4,457","14,582","1,114"
South Kentucky,02-HC Legacy,LEGACY - BEDHOLDS,0,1,1,0,0,0,1,0,0,0,1,0,0,0,1,0,45,49,4,49,0,45,49,0,92.67%,100.00%,49,46,4,5,12,11,49,0,936,945,9,377,613,912,912,78,92.12%,92.12%,945,937,125,123,243,227,821,202,"14,239","14,217",(22),"8,175","7,144","13,944","13,858","1,420",91.03%,90.46%,"14,225","14,171","2,180","2,123","4,578","4,457","14,582","1,114"
South Kentucky,03-AL,PRIVATE PAY,374,348,(26),0,397,373,348,0,349,349,6,5,19,13,282,66,390,382,(8),0,397,373,366,31,93.95%,92.19%,382,380,10,10,29,24,322,91,936,945,9,377,613,912,912,78,92.12%,92.12%,945,937,125,123,243,227,821,202,"14,239","14,217",(22),"8,175","7,144","13,944","13,858","1,420",91.03%,90.46%,"14,225","14,171","2,180","2,123","4,578","4,457","14,582","1,114"
South Kentucky,03-AL,BEDHOLDS,0,18,18,0,0,0,18,0,18,17,3,5,7,11,13,5,390,382,(8),0,397,373,366,31,93.95%,92.19%,382,380,10,10,29,24,322,91,936,945,9,377,613,912,912,78,92.12%,92.12%,945,937,125,123,243,227,821,202,"14,239","14,217",(22),"8,175","7,144","13,944","13,858","1,420",91.03%,90.46%,"14,225","14,171","2,180","2,123","4,578","4,457","14,582","1,114"
South Kentucky,03-AL,2ND OCCUPANT,15,16,1,0,0,0,0,0,16,14,1,0,3,0,0,16,390,382,(8),0,397,373,366,31,93.95%,92.19%,382,380,10,10,29,24,322,91,936,945,9,377,613,912,912,78,92.12%,92.12%,945,937,125,123,243,227,821,202,"14,239","14,217",(22),"8,175","7,144","13,944","13,858","1,420",91.03%,90.46%,"14,225","14,171","2,180","2,123","4,578","4,457","14,582","1,114"
South Kentucky,03-AL,UNOCCUPIED,0,0,0,0,0,0,0,31,0,0,0,0,0,0,27,4,390,382,(8),0,397,373,366,31,93.95%,92.19%,382,380,10,10,29,24,322,91,936,945,9,377,613,912,912,78,92.12%,92.12%,945,937,125,123,243,227,821,202,"14,239","14,217",(22),"8,175","7,144","13,944","13,858","1,420",91.03%,90.46%,"14,225","14,171","2,180","2,123","4,578","4,457","14,582","1,114"
South Kentucky,03-AL Legacy,LEGACY - PVT PAY,138,143,5,0,152,139,143,0,141,140,0,4,5,5,108,35,144,154,10,0,152,139,147,5,91.59%,96.71%,152,150,0,5,12,7,114,45,936,945,9,377,613,912,912,78,92.12%,92.12%,945,937,125,123,243,227,821,202,"14,239","14,217",(22),"8,175","7,144","13,944","13,858","1,420",91.03%,90.46%,"14,225","14,171","2,180","2,123","4,578","4,457","14,582","1,114"
South Kentucky,03-AL Legacy,LEGACY - BEDHOLDS,0,4,4,0,0,0,4,0,4,4,0,1,7,2,2,2,144,154,10,0,152,139,147,5,91.59%,96.71%,152,150,0,5,12,7,114,45,936,945,9,377,613,912,912,78,92.12%,92.12%,945,937,125,123,243,227,821,202,"14,239","14,217",(22),"8,175","7,144","13,944","13,858","1,420",91.03%,90.46%,"14,225","14,171","2,180","2,123","4,578","4,457","14,582","1,114"
South Kentucky,03-AL Legacy,LEGACY - 2ND OCCUPANT,6,7,1,0,0,0,0,0,7,6,0,0,0,0,0,7,144,154,10,0,152,139,147,5,91.59%,96.71%,152,150,0,5,12,7,114,45,936,945,9,377,613,912,912,78,92.12%,92.12%,945,937,125,123,243,227,821,202,"14,239","14,217",(22),"8,175","7,144","13,944","13,858","1,420",91.03%,90.46%,"14,225","14,171","2,180","2,123","4,578","4,457","14,582","1,114"
South Kentucky,03-AL Legacy,LEGACY - UNOCCUPIED,0,0,0,0,0,0,0,5,0,0,0,0,0,0,4,1,144,154,10,0,152,139,147,5,91.59%,96.71%,152,150,0,5,12,7,114,45,936,945,9,377,613,912,912,78,92.12%,92.12%,945,937,125,123,243,227,821,202,"14,239","14,217",(22),"8,175","7,144","13,944","13,858","1,420",91.03%,90.46%,"14,225","14,171","2,180","2,123","4,578","4,457","14,582","1,114"
South Kentucky,05-IL,PRIVATE PAY,23,22,(1),0,32,23,22,0,24,22,2,0,2,0,0,22,23,30,8,0,32,23,22,10,70.31%,68.75%,33,30,3,0,4,1,0,40,936,945,9,377,613,912,912,78,92.12%,92.12%,945,937,125,123,243,227,821,202,"14,239","14,217",(22),"8,175","7,144","13,944","13,858","1,420",91.03%,90.46%,"14,225","14,171","2,180","2,123","4,578","4,457","14,582","1,114"
South Kentucky,05-IL,2ND OCCUPANT,0,8,8,0,0,0,0,0,9,8,1,0,2,1,0,8,23,30,8,0,32,23,22,10,70.31%,68.75%,33,30,3,0,4,1,0,40,936,945,9,377,613,912,912,78,92.12%,92.12%,945,937,125,123,243,227,821,202,"14,239","14,217",(22),"8,175","7,144","13,944","13,858","1,420",91.03%,90.46%,"14,225","14,171","2,180","2,123","4,578","4,457","14,582","1,114"
South Kentucky,05-IL,UNOCCUPIED,0,0,0,0,0,0,0,10,0,0,0,0,0,0,0,10,23,30,8,0,32,23,22,10,70.31%,68.75%,33,30,3,0,4,1,0,40,936,945,9,377,613,912,912,78,92.12%,92.12%,945,937,125,123,243,227,821,202,"14,239","14,217",(22),"8,175","7,144","13,944","13,858","1,420",91.03%,90.46%,"14,225","14,171","2,180","2,123","4,578","4,457","14,582","1,114"
South Kentucky,06-SL,PRIVATE PAY,28,27,(1),0,32,28,27,0,26,28,1,2,0,1,5,22,31,30,(1),0,32,28,28,4,86.56%,87.50%,29,31,1,2,0,1,8,26,936,945,9,377,613,912,912,78,92.12%,92.12%,945,937,125,123,243,227,821,202,"14,239","14,217",(22),"8,175","7,144","13,944","13,858","1,420",91.03%,90.46%,"14,225","14,171","2,180","2,123","4,578","4,457","14,582","1,114"
South Kentucky,06-SL,BEDHOLDS,0,1,1,0,0,0,1,0,1,1,0,0,0,0,0,1,31,30,(1),0,32,28,28,4,86.56%,87.50%,29,31,1,2,0,1,8,26,936,945,9,377,613,912,912,78,92.12%,92.12%,945,937,125,123,243,227,821,202,"14,239","14,217",(22),"8,175","7,144","13,944","13,858","1,420",91.03%,90.46%,"14,225","14,171","2,180","2,123","4,578","4,457","14,582","1,114"
South Kentucky,06-SL,2ND OCCUPANT,3,2,(1),0,0,0,0,0,2,2,0,0,0,0,0,2,31,30,(1),0,32,28,28,4,86.56%,87.50%,29,31,1,2,0,1,8,26,936,945,9,377,613,912,912,78,92.12%,92.12%,945,937,125,123,243,227,821,202,"14,239","14,217",(22),"8,175","7,144","13,944","13,858","1,420",91.03%,90.46%,"14,225","14,171","2,180","2,123","4,578","4,457","14,582","1,114"
South Kentucky,06-SL,UNOCCUPIED,0,0,0,0,0,0,0,4,0,0,0,0,0,0,3,1,31,30,(1),0,32,28,28,4,86.56%,87.50%,29,31,1,2,0,1,8,26,936,945,9,377,613,912,912,78,92.12%,92.12%,945,937,125,123,243,227,821,202,"14,239","14,217",(22),"8,175","7,144","13,944","13,858","1,420",91.03%,90.46%,"14,225","14,171","2,180","2,123","4,578","4,457","14,582","1,114"
Southeast Indiana,01-HC,PRIVATE PAY,122,139,17,715,0,631,139,0,136,136,7,20,23,43,139,0,631,618,(13),715,0,631,618,97,88.31%,86.43%,616,630,154,168,307,314,715,0,"1,108","1,105",(3),754,461,"1,098","1,094",121,90.37%,90.04%,"1,100","1,112",171,186,343,345,"1,215",12,"14,239","14,217",(22),"8,175","7,144","13,944","13,858","1,420",91.03%,90.46%,"14,225","14,171","2,180","2,123","4,578","4,457","14,582","1,114"
Southeast Indiana,01-HC,HOSPICE,48,47,(1),0,0,0,47,0,46,47,0,4,1,12,47,0,631,618,(13),715,0,631,618,97,88.31%,86.43%,616,630,154,168,307,314,715,0,"1,108","1,105",(3),754,461,"1,098","1,094",121,90.37%,90.04%,"1,100","1,112",171,186,343,345,"1,215",12,"14,239","14,217",(22),"8,175","7,144","13,944","13,858","1,420",91.03%,90.46%,"14,225","14,171","2,180","2,123","4,578","4,457","14,582","1,114"
Southeast Indiana,01-HC,MANAGED CARE,1,4,3,0,0,0,4,0,5,5,10,10,18,17,4,0,631,618,(13),715,0,631,618,97,88.31%,86.43%,616,630,154,168,307,314,715,0,"1,108","1,105",(3),754,461,"1,098","1,094",121,90.37%,90.04%,"1,100","1,112",171,186,343,345,"1,215",12,"14,239","14,217",(22),"8,175","7,144","13,944","13,858","1,420",91.03%,90.46%,"14,225","14,171","2,180","2,123","4,578","4,457","14,582","1,114"
Southeast Indiana,01-HC,MEDICARE,124,100,(24),0,0,0,100,0,98,112,73,65,128,111,100,0,631,618,(13),715,0,631,618,97,88.31%,86.43%,616,630,154,168,307,314,715,0,"1,108","1,105",(3),754,461,"1,098","1,094",121,90.37%,90.04%,"1,100","1,112",171,186,343,345,"1,215",12,"14,239","14,217",(22),"8,175","7,144","13,944","13,858","1,420",91.03%,90.46%,"14,225","14,171","2,180","2,123","4,578","4,457","14,582","1,114"
Southeast Indiana,01-HC,MEDICARE ADVANTAGE,49,63,14,0,0,0,63,0,64,60,50,53,117,98,63,0,631,618,(13),715,0,631,618,97,88.31%,86.43%,616,630,154,168,307,314,715,0,"1,108","1,105",(3),754,461,"1,098","1,094",121,90.37%,90.04%,"1,100","1,112",171,186,343,345,"1,215",12,"14,239","14,217",(22),"8,175","7,144","13,944","13,858","1,420",91.03%,90.46%,"14,225","14,171","2,180","2,123","4,578","4,457","14,582","1,114"
Southeast Indiana,01-HC,MEDICAID,285,264,(21),0,0,0,264,0,265,267,12,15,20,31,264,0,631,618,(13),715,0,631,618,97,88.31%,86.43%,616,630,154,168,307,314,715,0,"1,108","1,105",(3),754,461,"1,098","1,094",121,90.37%,90.04%,"1,100","1,112",171,186,343,345,"1,215",12,"14,239","14,217",(22),"8,175","7,144","13,944","13,858","1,420",91.03%,90.46%,"14,225","14,171","2,180","2,123","4,578","4,457","14,582","1,114"
Southeast Indiana,01-HC,BEDHOLDS,0,0,0,0,0,0,0,0,1,1,2,1,0,2,0,0,631,618,(13),715,0,631,618,97,88.31%,86.43%,616,630,154,168,307,314,715,0,"1,108","1,105",(3),754,461,"1,098","1,094",121,90.37%,90.04%,"1,100","1,112",171,186,343,345,"1,215",12,"14,239","14,217",(22),"8,175","7,144","13,944","13,858","1,420",91.03%,90.46%,"14,225","14,171","2,180","2,123","4,578","4,457","14,582","1,114"
Southeast Indiana,01-HC,CONVERSIONS,2,1,(1),0,0,0,1,0,1,1,0,0,0,0,1,0,631,618,(13),715,0,631,618,97,88.31%,86.43%,616,630,154,168,307,314,715,0,"1,108","1,105",(3),754,461,"1,098","1,094",121,90.37%,90.04%,"1,100","1,112",171,186,343,345,"1,215",12,"14,239","14,217",(22),"8,175","7,144","13,944","13,858","1,420",91.03%,90.46%,"14,225","14,171","2,180","2,123","4,578","4,457","14,582","1,114"
Southeast Indiana,01-HC,UNOCCUPIED,0,0,0,0,0,0,0,97,0,0,0,0,0,0,97,0,631,618,(13),715,0,631,618,97,88.31%,86.43%,616,630,154,168,307,314,715,0,"1,108","1,105",(3),754,461,"1,098","1,094",121,90.37%,90.04%,"1,100","1,112",171,186,343,345,"1,215",12,"14,239","14,217",(22),"8,175","7,144","13,944","13,858","1,420",91.03%,90.46%,"14,225","14,171","2,180","2,123","4,578","4,457","14,582","1,114"
Southeast Indiana,02-HC Legacy,PRIVATE PAY,9,8,(1),39,0,36,8,0,8,7,1,0,1,0,8,0,35,39,4,39,0,36,39,0,93.41%,100.00%,38,38,2,3,2,0,39,0,"1,108","1,105",(3),754,461,"1,098","1,094",121,90.37%,90.04%,"1,100","1,112",171,186,343,345,"1,215",12,"14,239","14,217",(22),"8,175","7,144","13,944","13,858","1,420",91.03%,90.46%,"14,225","14,171","2,180","2,123","4,578","4,457","14,582","1,114"
Southeast Indiana,02-HC Legacy,HOSPICE,5,7,2,0,0,0,7,0,6,8,0,1,0,0,7,0,35,39,4,39,0,36,39,0,93.41%,100.00%,38,38,2,3,2,0,39,0,"1,108","1,105",(3),754,461,"1,098","1,094",121,90.37%,90.04%,"1,100","1,112",171,186,343,345,"1,215",12,"14,239","14,217",(22),"8,175","7,144","13,944","13,858","1,420",91.03%,90.46%,"14,225","14,171","2,180","2,123","4,578","4,457","14,582","1,114"
Southeast Indiana,02-HC Legacy,MEDICARE,0,0,0,0,0,0,0,0,0,1,0,0,1,0,0,0,35,39,4,39,0,36,39,0,93.41%,100.00%,38,38,2,3,2,0,39,0,"1,108","1,105",(3),754,461,"1,098","1,094",121,90.37%,90.04%,"1,100","1,112",171,186,343,345,"1,215",12,"14,239","14,217",(22),"8,175","7,144","13,944","13,858","1,420",91.03%,90.46%,"14,225","14,171","2,180","2,123","4,578","4,457","14,582","1,114"
Southeast Indiana,02-HC Legacy,MEDICARE ADVANTAGE,0,0,0,0,0,0,0,0,0,0,0,0,0,0,0,0,35,39,4,39,0,36,39,0,93.41%,100.00%,38,38,2,3,2,0,39,0,"1,108","1,105",(3),754,461,"1,098","1,094",121,90.37%,90.04%,"1,100","1,112",171,186,343,345,"1,215",12,"14,239","14,217",(22),"8,175","7,144","13,944","13,858","1,420",91.03%,90.46%,"14,225","14,171","2,180","2,123","4,578","4,457","14,582","1,114"
Southeast Indiana,02-HC Legacy,MEDICAID,21,22,1,0,0,0,22,0,22,21,1,1,0,0,22,0,35,39,4,39,0,36,39,0,93.41%,100.00%,38,38,2,3,2,0,39,0,"1,108","1,105",(3),754,461,"1,098","1,094",121,90.37%,90.04%,"1,100","1,112",171,186,343,345,"1,215",12,"14,239","14,217",(22),"8,175","7,144","13,944","13,858","1,420",91.03%,90.46%,"14,225","14,171","2,180","2,123","4,578","4,457","14,582","1,114"
Southeast Indiana,02-HC Legacy,LEGACY - BEDHOLDS,0,1,1,0,0,0,1,0,1,0,0,1,0,0,1,0,35,39,4,39,0,36,39,0,93.41%,100.00%,38,38,2,3,2,0,39,0,"1,108","1,105",(3),754,461,"1,098","1,094",121,90.37%,90.04%,"1,100","1,112",171,186,343,345,"1,215",12,"14,239","14,217",(22),"8,175","7,144","13,944","13,858","1,420",91.03%,90.46%,"14,225","14,171","2,180","2,123","4,578","4,457","14,582","1,114"
Southeast Indiana,02-HC Legacy,CONVERSIONS,0,1,1,0,0,0,1,0,1,1,0,0,0,0,1,0,35,39,4,39,0,36,39,0,93.41%,100.00%,38,38,2,3,2,0,39,0,"1,108","1,105",(3),754,461,"1,098","1,094",121,90.37%,90.04%,"1,100","1,112",171,186,343,345,"1,215",12,"14,239","14,217",(22),"8,175","7,144","13,944","13,858","1,420",91.03%,90.46%,"14,225","14,171","2,180","2,123","4,578","4,457","14,582","1,114"
Southeast Indiana,03-AL,PRIVATE PAY,277,276,(1),0,297,276,276,0,275,275,9,7,17,14,276,0,283,287,4,0,297,276,283,14,92.98%,95.29%,290,287,12,7,21,20,297,5,"1,108","1,105",(3),754,461,"1,098","1,094",121,90.37%,90.04%,"1,100","1,112",171,186,343,345,"1,215",12,"14,239","14,217",(22),"8,175","7,144","13,944","13,858","1,420",91.03%,90.46%,"14,225","14,171","2,180","2,123","4,578","4,457","14,582","1,114"
Southeast Indiana,03-AL,BEDHOLDS,0,7,7,0,0,0,7,0,9,8,1,0,3,6,7,0,283,287,4,0,297,276,283,14,92.98%,95.29%,290,287,12,7,21,20,297,5,"1,108","1,105",(3),754,461,"1,098","1,094",121,90.37%,90.04%,"1,100","1,112",171,186,343,345,"1,215",12,"14,239","14,217",(22),"8,175","7,144","13,944","13,858","1,420",91.03%,90.46%,"14,225","14,171","2,180","2,123","4,578","4,457","14,582","1,114"
Southeast Indiana,03-AL,2ND OCCUPANT,6,4,(2),0,0,0,0,0,6,4,2,0,1,0,0,4,283,287,4,0,297,276,283,14,92.98%,95.29%,290,287,12,7,21,20,297,5,"1,108","1,105",(3),754,461,"1,098","1,094",121,90.37%,90.04%,"1,100","1,112",171,186,343,345,"1,215",12,"14,239","14,217",(22),"8,175","7,144","13,944","13,858","1,420",91.03%,90.46%,"14,225","14,171","2,180","2,123","4,578","4,457","14,582","1,114"
Southeast Indiana,03-AL,UNOCCUPIED,0,0,0,0,0,0,0,14,0,0,0,0,0,0,14,1,283,287,4,0,297,276,283,14,92.98%,95.29%,290,287,12,7,21,20,297,5,"1,108","1,105",(3),754,461,"1,098","1,094",121,90.37%,90.04%,"1,100","1,112",171,186,343,345,"1,215",12,"14,239","14,217",(22),"8,175","7,144","13,944","13,858","1,420",91.03%,90.46%,"14,225","14,171","2,180","2,123","4,578","4,457","14,582","1,114"
Southeast Indiana,03-AL Legacy,LEGACY - PVT PAY,114,116,2,0,121,115,116,0,114,111,2,6,10,6,116,0,117,122,5,0,121,115,117,4,94.65%,96.69%,119,119,2,6,12,10,121,5,"1,108","1,105",(3),754,461,"1,098","1,094",121,90.37%,90.04%,"1,100","1,112",171,186,343,345,"1,215",12,"14,239","14,217",(22),"8,175","7,144","13,944","13,858","1,420",91.03%,90.46%,"14,225","14,171","2,180","2,123","4,578","4,457","14,582","1,114"
Southeast Indiana,03-AL Legacy,LEGACY - BEDHOLDS,0,1,1,0,0,0,1,0,0,2,0,0,1,4,1,0,117,122,5,0,121,115,117,4,94.65%,96.69%,119,119,2,6,12,10,121,5,"1,108","1,105",(3),754,461,"1,098","1,094",121,90.37%,90.04%,"1,100","1,112",171,186,343,345,"1,215",12,"14,239","14,217",(22),"8,175","7,144","13,944","13,858","1,420",91.03%,90.46%,"14,225","14,171","2,180","2,123","4,578","4,457","14,582","1,114"
Southeast Indiana,03-AL Legacy,LEGACY - 2ND OCCUPANT,3,5,2,0,0,0,0,0,4,6,0,0,1,0,0,5,117,122,5,0,121,115,117,4,94.65%,96.69%,119,119,2,6,12,10,121,5,"1,108","1,105",(3),754,461,"1,098","1,094",121,90.37%,90.04%,"1,100","1,112",171,186,343,345,"1,215",12,"14,239","14,217",(22),"8,175","7,144","13,944","13,858","1,420",91.03%,90.46%,"14,225","14,171","2,180","2,123","4,578","4,457","14,582","1,114"
Southeast Indiana,03-AL Legacy,LEGACY - UNOCCUPIED,0,0,0,0,0,0,0,4,0,0,0,0,0,0,4,0,117,122,5,0,121,115,117,4,94.65%,96.69%,119,119,2,6,12,10,121,5,"1,108","1,105",(3),754,461,"1,098","1,094",121,90.37%,90.04%,"1,100","1,112",171,186,343,345,"1,215",12,"14,239","14,217",(22),"8,175","7,144","13,944","13,858","1,420",91.03%,90.46%,"14,225","14,171","2,180","2,123","4,578","4,457","14,582","1,114"
Southeast Indiana,05-IL,PRIVATE PAY,18,16,(2),0,19,18,16,0,16,16,0,0,0,0,16,0,18,16,(2),0,19,18,16,3,92.11%,84.21%,16,16,0,0,0,0,19,0,"1,108","1,105",(3),754,461,"1,098","1,094",121,90.37%,90.04%,"1,100","1,112",171,186,343,345,"1,215",12,"14,239","14,217",(22),"8,175","7,144","13,944","13,858","1,420",91.03%,90.46%,"14,225","14,171","2,180","2,123","4,578","4,457","14,582","1,114"
Southeast Indiana,05-IL,UNOCCUPIED,0,0,0,0,0,0,0,3,0,0,0,0,0,0,3,0,18,16,(2),0,19,18,16,3,92.11%,84.21%,16,16,0,0,0,0,19,0,"1,108","1,105",(3),754,461,"1,098","1,094",121,90.37%,90.04%,"1,100","1,112",171,186,343,345,"1,215",12,"14,239","14,217",(22),"8,175","7,144","13,944","13,858","1,420",91.03%,90.46%,"14,225","14,171","2,180","2,123","4,578","4,457","14,582","1,114"
Southeast Indiana,06-SL,PRIVATE PAY,22,21,(1),0,24,22,21,0,20,20,1,2,1,1,21,0,25,23,(2),0,24,22,21,3,91.67%,87.50%,22,22,1,2,1,1,24,2,"1,108","1,105",(3),754,461,"1,098","1,094",121,90.37%,90.04%,"1,100","1,112",171,186,343,345,"1,215",12,"14,239","14,217",(22),"8,175","7,144","13,944","13,858","1,420",91.03%,90.46%,"14,225","14,171","2,180","2,123","4,578","4,457","14,582","1,114"
Southeast Indiana,06-SL,2ND OCCUPANT,3,2,(1),0,0,0,0,0,2,2,0,0,0,0,0,2,25,23,(2),0,24,22,21,3,91.67%,87.50%,22,22,1,2,1,1,24,2,"1,108","1,105",(3),754,461,"1,098","1,094",121,90.37%,90.04%,"1,100","1,112",171,186,343,345,"1,215",12,"14,239","14,217",(22),"8,175","7,144","13,944","13,858","1,420",91.03%,90.46%,"14,225","14,171","2,180","2,123","4,578","4,457","14,582","1,114"
Southeast Indiana,06-SL,UNOCCUPIED,0,0,0,0,0,0,0,3,0,0,0,0,0,0,3,0,25,23,(2),0,24,22,21,3,91.67%,87.50%,22,22,1,2,1,1,24,2,"1,108","1,105",(3),754,461,"1,098","1,094",121,90.37%,90.04%,"1,100","1,112",171,186,343,345,"1,215",12,"14,239","14,217",(22),"8,175","7,144","13,944","13,858","1,420",91.03%,90.46%,"14,225","14,171","2,180","2,123","4,578","4,457","14,582","1,114"
Southeast Ohio With Kingston,01-HC,PRIVATE PAY,100,100,0,493,0,446,100,0,100,98,4,19,17,35,100,0,446,461,15,493,0,446,461,32,90.48%,93.51%,465,450,130,129,305,288,493,0,916,918,2,507,483,893,893,97,90.18%,90.20%,917,906,141,143,337,320,966,63,"14,239","14,217",(22),"8,175","7,144","13,944","13,858","1,420",91.03%,90.46%,"14,225","14,171","2,180","2,123","4,578","4,457","14,582","1,114"
Southeast Ohio With Kingston,01-HC,HOSPICE,23,17,(6),0,0,0,17,0,17,17,1,1,0,5,17,0,446,461,15,493,0,446,461,32,90.48%,93.51%,465,450,130,129,305,288,493,0,916,918,2,507,483,893,893,97,90.18%,90.20%,917,906,141,143,337,320,966,63,"14,239","14,217",(22),"8,175","7,144","13,944","13,858","1,420",91.03%,90.46%,"14,225","14,171","2,180","2,123","4,578","4,457","14,582","1,114"
Southeast Ohio With Kingston,01-HC,MANAGED CARE,2,7,5,0,0,0,7,0,7,7,4,3,20,18,7,0,446,461,15,493,0,446,461,32,90.48%,93.51%,465,450,130,129,305,288,493,0,916,918,2,507,483,893,893,97,90.18%,90.20%,917,906,141,143,337,320,966,63,"14,239","14,217",(22),"8,175","7,144","13,944","13,858","1,420",91.03%,90.46%,"14,225","14,171","2,180","2,123","4,578","4,457","14,582","1,114"
Southeast Ohio With Kingston,01-HC,MEDICARE,106,95,(11),0,0,0,95,0,102,97,53,30,108,114,95,0,446,461,15,493,0,446,461,32,90.48%,93.51%,465,450,130,129,305,288,493,0,916,918,2,507,483,893,893,97,90.18%,90.20%,917,906,141,143,337,320,966,63,"14,239","14,217",(22),"8,175","7,144","13,944","13,858","1,420",91.03%,90.46%,"14,225","14,171","2,180","2,123","4,578","4,457","14,582","1,114"
Southeast Ohio With Kingston,01-HC,MEDICARE ADVANTAGE,78,103,25,0,0,0,103,0,98,86,66,73,158,107,103,0,446,461,15,493,0,446,461,32,90.48%,93.51%,465,450,130,129,305,288,493,0,916,918,2,507,483,893,893,97,90.18%,90.20%,917,906,141,143,337,320,966,63,"14,239","14,217",(22),"8,175","7,144","13,944","13,858","1,420",91.03%,90.46%,"14,225","14,171","2,180","2,123","4,578","4,457","14,582","1,114"
Southeast Ohio With Kingston,01-HC,MEDICAID,136,138,2,0,0,0,138,0,138,142,2,1,1,3,138,0,446,461,15,493,0,446,461,32,90.48%,93.51%,465,450,130,129,305,288,493,0,916,918,2,507,483,893,893,97,90.18%,90.20%,917,906,141,143,337,320,966,63,"14,239","14,217",(22),"8,175","7,144","13,944","13,858","1,420",91.03%,90.46%,"14,225","14,171","2,180","2,123","4,578","4,457","14,582","1,114"
Southeast Ohio With Kingston,01-HC,BEDHOLDS,0,1,1,0,0,0,1,0,2,3,0,2,1,6,1,0,446,461,15,493,0,446,461,32,90.48%,93.51%,465,450,130,129,305,288,493,0,916,918,2,507,483,893,893,97,90.18%,90.20%,917,906,141,143,337,320,966,63,"14,239","14,217",(22),"8,175","7,144","13,944","13,858","1,420",91.03%,90.46%,"14,225","14,171","2,180","2,123","4,578","4,457","14,582","1,114"
Southeast Ohio With Kingston,01-HC,CONVERSIONS,0,0,0,0,0,0,0,0,0,0,0,0,0,0,0,0,446,461,15,493,0,446,461,32,90.48%,93.51%,465,450,130,129,305,288,493,0,916,918,2,507,483,893,893,97,90.18%,90.20%,917,906,141,143,337,320,966,63,"14,239","14,217",(22),"8,175","7,144","13,944","13,858","1,420",91.03%,90.46%,"14,225","14,171","2,180","2,123","4,578","4,457","14,582","1,114"
Southeast Ohio With Kingston,01-HC,UNOCCUPIED,0,0,0,0,0,0,0,32,0,0,0,0,0,0,32,0,446,461,15,493,0,446,461,32,90.48%,93.51%,465,450,130,129,305,288,493,0,916,918,2,507,483,893,893,97,90.18%,90.20%,917,906,141,143,337,320,966,63,"14,239","14,217",(22),"8,175","7,144","13,944","13,858","1,420",91.03%,90.46%,"14,225","14,171","2,180","2,123","4,578","4,457","14,582","1,114"
Southeast Ohio With Kingston,02-HC Legacy,PRIVATE PAY,2,2,0,14,0,13,2,0,2,2,0,0,0,0,2,0,13,14,1,14,0,13,14,0,93.03%,100.00%,14,14,0,0,0,0,14,0,916,918,2,507,483,893,893,97,90.18%,90.20%,917,906,141,143,337,320,966,63,"14,239","14,217",(22),"8,175","7,144","13,944","13,858","1,420",91.03%,90.46%,"14,225","14,171","2,180","2,123","4,578","4,457","14,582","1,114"
Southeast Ohio With Kingston,02-HC Legacy,HOSPICE,1,2,1,0,0,0,2,0,2,2,0,0,0,0,2,0,13,14,1,14,0,13,14,0,93.03%,100.00%,14,14,0,0,0,0,14,0,916,918,2,507,483,893,893,97,90.18%,90.20%,917,906,141,143,337,320,966,63,"14,239","14,217",(22),"8,175","7,144","13,944","13,858","1,420",91.03%,90.46%,"14,225","14,171","2,180","2,123","4,578","4,457","14,582","1,114"
Southeast Ohio With Kingston,02-HC Legacy,MEDICARE,0,0,0,0,0,0,0,0,0,0,0,0,0,0,0,0,13,14,1,14,0,13,14,0,93.03%,100.00%,14,14,0,0,0,0,14,0,916,918,2,507,483,893,893,97,90.18%,90.20%,917,906,141,143,337,320,966,63,"14,239","14,217",(22),"8,175","7,144","13,944","13,858","1,420",91.03%,90.46%,"14,225","14,171","2,180","2,123","4,578","4,457","14,582","1,114"
Southeast Ohio With Kingston,02-HC Legacy,MEDICARE ADVANTAGE,0,0,0,0,0,0,0,0,0,0,0,0,0,0,0,0,13,14,1,14,0,13,14,0,93.03%,100.00%,14,14,0,0,0,0,14,0,916,918,2,507,483,893,893,97,90.18%,90.20%,917,906,141,143,337,320,966,63,"14,239","14,217",(22),"8,175","7,144","13,944","13,858","1,420",91.03%,90.46%,"14,225","14,171","2,180","2,123","4,578","4,457","14,582","1,114"
Southeast Ohio With Kingston,02-HC Legacy,MEDICAID,9,10,1,0,0,0,10,0,10,10,0,0,0,0,10,0,13,14,1,14,0,13,14,0,93.03%,100.00%,14,14,0,0,0,0,14,0,916,918,2,507,483,893,893,97,90.18%,90.20%,917,906,141,143,337,320,966,63,"14,239","14,217",(22),"8,175","7,144","13,944","13,858","1,420",91.03%,90.46%,"14,225","14,171","2,180","2,123","4,578","4,457","14,582","1,114"
Southeast Ohio With Kingston,03-AL,PRIVATE PAY,220,211,(9),0,246,218,211,0,210,218,5,3,9,13,211,0,228,241,13,0,246,218,224,29,88.79%,91.06%,234,243,5,9,13,16,253,31,916,918,2,507,483,893,893,97,90.18%,90.20%,917,906,141,143,337,320,966,63,"14,239","14,217",(22),"8,175","7,144","13,944","13,858","1,420",91.03%,90.46%,"14,225","14,171","2,180","2,123","4,578","4,457","14,582","1,114"
Southeast Ohio With Kingston,03-AL,BEDHOLDS,0,14,14,0,0,0,13,0,11,10,0,6,2,2,13,1,228,241,13,0,246,218,224,29,88.79%,91.06%,234,243,5,9,13,16,253,31,916,918,2,507,483,893,893,97,90.18%,90.20%,917,906,141,143,337,320,966,63,"14,239","14,217",(22),"8,175","7,144","13,944","13,858","1,420",91.03%,90.46%,"14,225","14,171","2,180","2,123","4,578","4,457","14,582","1,114"
Southeast Ohio With Kingston,03-AL,2ND OCCUPANT,9,16,7,0,0,0,0,0,14,15,0,0,2,1,0,16,228,241,13,0,246,218,224,29,88.79%,91.06%,234,243,5,9,13,16,253,31,916,918,2,507,483,893,893,97,90.18%,90.20%,917,906,141,143,337,320,966,63,"14,239","14,217",(22),"8,175","7,144","13,944","13,858","1,420",91.03%,90.46%,"14,225","14,171","2,180","2,123","4,578","4,457","14,582","1,114"
Southeast Ohio With Kingston,03-AL,UNOCCUPIED,0,0,0,0,0,0,0,29,0,0,0,0,0,0,29,14,228,241,13,0,246,218,224,29,88.79%,91.06%,234,243,5,9,13,16,253,31,916,918,2,507,483,893,893,97,90.18%,90.20%,917,906,141,143,337,320,966,63,"14,239","14,217",(22),"8,175","7,144","13,944","13,858","1,420",91.03%,90.46%,"14,225","14,171","2,180","2,123","4,578","4,457","14,582","1,114"
Southeast Ohio With Kingston,03-AL Legacy,LEGACY - PVT PAY,111,107,(4),0,122,112,107,0,108,106,2,1,12,9,107,0,113,109,(4),0,122,112,109,13,91.80%,89.34%,110,111,3,3,13,13,122,0,916,918,2,507,483,893,893,97,90.18%,90.20%,917,906,141,143,337,320,966,63,"14,239","14,217",(22),"8,175","7,144","13,944","13,858","1,420",91.03%,90.46%,"14,225","14,171","2,180","2,123","4,578","4,457","14,582","1,114"
Southeast Ohio With Kingston,03-AL Legacy,LEGACY - BEDHOLDS,0,2,2,0,0,0,2,0,2,4,1,2,1,4,2,0,113,109,(4),0,122,112,109,13,91.80%,89.34%,110,111,3,3,13,13,122,0,916,918,2,507,483,893,893,97,90.18%,90.20%,917,906,141,143,337,320,966,63,"14,239","14,217",(22),"8,175","7,144","13,944","13,858","1,420",91.03%,90.46%,"14,225","14,171","2,180","2,123","4,578","4,457","14,582","1,114"
Southeast Ohio With Kingston,03-AL Legacy,LEGACY - 2ND OCCUPANT,2,0,(2),0,0,0,0,0,0,0,0,0,0,0,0,0,113,109,(4),0,122,112,109,13,91.80%,89.34%,110,111,3,3,13,13,122,0,916,918,2,507,483,893,893,97,90.18%,90.20%,917,906,141,143,337,320,966,63,"14,239","14,217",(22),"8,175","7,144","13,944","13,858","1,420",91.03%,90.46%,"14,225","14,171","2,180","2,123","4,578","4,457","14,582","1,114"
Southeast Ohio With Kingston,03-AL Legacy,LEGACY - UNOCCUPIED,0,0,0,0,0,0,0,13,0,0,0,0,0,0,13,0,113,109,(4),0,122,112,109,13,91.80%,89.34%,110,111,3,3,13,13,122,0,916,918,2,507,483,893,893,97,90.18%,90.20%,917,906,141,143,337,320,966,63,"14,239","14,217",(22),"8,175","7,144","13,944","13,858","1,420",91.03%,90.46%,"14,225","14,171","2,180","2,123","4,578","4,457","14,582","1,114"
Southeast Ohio With Kingston,06-SL,PRIVATE PAY,103,83,(20),0,115,103,83,0,83,82,3,2,4,2,68,15,116,93,(23),0,115,103,85,23,89.83%,73.91%,94,89,3,2,6,3,84,32,916,918,2,507,483,893,893,97,90.18%,90.20%,917,906,141,143,337,320,966,63,"14,239","14,217",(22),"8,175","7,144","13,944","13,858","1,420",91.03%,90.46%,"14,225","14,171","2,180","2,123","4,578","4,457","14,582","1,114"
Southeast Ohio With Kingston,06-SL,BEDHOLDS,0,2,2,0,0,0,2,0,2,1,0,0,0,0,2,0,116,93,(23),0,115,103,85,23,89.83%,73.91%,94,89,3,2,6,3,84,32,916,918,2,507,483,893,893,97,90.18%,90.20%,917,906,141,143,337,320,966,63,"14,239","14,217",(22),"8,175","7,144","13,944","13,858","1,420",91.03%,90.46%,"14,225","14,171","2,180","2,123","4,578","4,457","14,582","1,114"
Southeast Ohio With Kingston,06-SL,2ND OCCUPANT,12,8,(4),0,0,0,0,0,9,6,0,0,2,1,0,8,116,93,(23),0,115,103,85,23,89.83%,73.91%,94,89,3,2,6,3,84,32,916,918,2,507,483,893,893,97,90.18%,90.20%,917,906,141,143,337,320,966,63,"14,239","14,217",(22),"8,175","7,144","13,944","13,858","1,420",91.03%,90.46%,"14,225","14,171","2,180","2,123","4,578","4,457","14,582","1,114"
Southeast Ohio With Kingston,06-SL,UNOCCUPIED,0,0,0,0,0,0,0,23,0,0,0,0,0,0,14,9,116,93,(23),0,115,103,85,23,89.83%,73.91%,94,89,3,2,6,3,84,32,916,918,2,507,483,893,893,97,90.18%,90.20%,917,906,141,143,337,320,966,63,"14,239","14,217",(22),"8,175","7,144","13,944","13,858","1,420",91.03%,90.46%,"14,225","14,171","2,180","2,123","4,578","4,457","14,582","1,114"
Southwest Indiana,01-HC,PRIVATE PAY,136,153,17,870,0,772,153,0,153,155,14,17,16,53,153,0,772,770,(2),870,0,772,770,100,88.78%,88.51%,776,768,164,147,359,363,870,0,"1,403","1,396",(7),928,595,"1,374","1,370",153,90.24%,89.95%,"1,402","1,399",193,178,421,424,"1,504",46,"14,239","14,217",(22),"8,175","7,144","13,944","13,858","1,420",91.03%,90.46%,"14,225","14,171","2,180","2,123","4,578","4,457","14,582","1,114"
Southwest Indiana,01-HC,HOSPICE,39,43,4,0,0,0,43,0,45,44,1,5,1,8,43,0,772,770,(2),870,0,772,770,100,88.78%,88.51%,776,768,164,147,359,363,870,0,"1,403","1,396",(7),928,595,"1,374","1,370",153,90.24%,89.95%,"1,402","1,399",193,178,421,424,"1,504",46,"14,239","14,217",(22),"8,175","7,144","13,944","13,858","1,420",91.03%,90.46%,"14,225","14,171","2,180","2,123","4,578","4,457","14,582","1,114"
Southwest Indiana,01-HC,MANAGED CARE,1,7,6,0,0,0,7,0,4,7,3,7,17,15,7,0,772,770,(2),870,0,772,770,100,88.78%,88.51%,776,768,164,147,359,363,870,0,"1,403","1,396",(7),928,595,"1,374","1,370",153,90.24%,89.95%,"1,402","1,399",193,178,421,424,"1,504",46,"14,239","14,217",(22),"8,175","7,144","13,944","13,858","1,420",91.03%,90.46%,"14,225","14,171","2,180","2,123","4,578","4,457","14,582","1,114"
Southwest Indiana,01-HC,MEDICARE,170,137,(33),0,0,0,137,0,145,132,85,57,177,153,137,0,772,770,(2),870,0,772,770,100,88.78%,88.51%,776,768,164,147,359,363,870,0,"1,403","1,396",(7),928,595,"1,374","1,370",153,90.24%,89.95%,"1,402","1,399",193,178,421,424,"1,504",46,"14,239","14,217",(22),"8,175","7,144","13,944","13,858","1,420",91.03%,90.46%,"14,225","14,171","2,180","2,123","4,578","4,457","14,582","1,114"
Southwest Indiana,01-HC,MEDICARE ADVANTAGE,52,68,16,0,0,0,68,0,62,63,45,49,119,92,68,0,772,770,(2),870,0,772,770,100,88.78%,88.51%,776,768,164,147,359,363,870,0,"1,403","1,396",(7),928,595,"1,374","1,370",153,90.24%,89.95%,"1,402","1,399",193,178,421,424,"1,504",46,"14,239","14,217",(22),"8,175","7,144","13,944","13,858","1,420",91.03%,90.46%,"14,225","14,171","2,180","2,123","4,578","4,457","14,582","1,114"
Southwest Indiana,01-HC,MEDICAID,373,358,(15),0,0,0,358,0,363,363,15,11,26,40,358,0,772,770,(2),870,0,772,770,100,88.78%,88.51%,776,768,164,147,359,363,870,0,"1,403","1,396",(7),928,595,"1,374","1,370",153,90.24%,89.95%,"1,402","1,399",193,178,421,424,"1,504",46,"14,239","14,217",(22),"8,175","7,144","13,944","13,858","1,420",91.03%,90.46%,"14,225","14,171","2,180","2,123","4,578","4,457","14,582","1,114"
Southwest Indiana,01-HC,BEDHOLDS,0,3,3,0,0,0,3,0,3,2,1,1,1,0,3,0,772,770,(2),870,0,772,770,100,88.78%,88.51%,776,768,164,147,359,363,870,0,"1,403","1,396",(7),928,595,"1,374","1,370",153,90.24%,89.95%,"1,402","1,399",193,178,421,424,"1,504",46,"14,239","14,217",(22),"8,175","7,144","13,944","13,858","1,420",91.03%,90.46%,"14,225","14,171","2,180","2,123","4,578","4,457","14,582","1,114"
Southwest Indiana,01-HC,CONVERSIONS,2,1,(1),0,0,0,1,0,1,2,0,0,2,2,1,0,772,770,(2),870,0,772,770,100,88.78%,88.51%,776,768,164,147,359,363,870,0,"1,403","1,396",(7),928,595,"1,374","1,370",153,90.24%,89.95%,"1,402","1,399",193,178,421,424,"1,504",46,"14,239","14,217",(22),"8,175","7,144","13,944","13,858","1,420",91.03%,90.46%,"14,225","14,171","2,180","2,123","4,578","4,457","14,582","1,114"
Southwest Indiana,01-HC,UNOCCUPIED,0,0,0,0,0,0,0,100,0,0,0,0,0,0,100,0,772,770,(2),870,0,772,770,100,88.78%,88.51%,776,768,164,147,359,363,870,0,"1,403","1,396",(7),928,595,"1,374","1,370",153,90.24%,89.95%,"1,402","1,399",193,178,421,424,"1,504",46,"14,239","14,217",(22),"8,175","7,144","13,944","13,858","1,420",91.03%,90.46%,"14,225","14,171","2,180","2,123","4,578","4,457","14,582","1,114"
Southwest Indiana,02-HC Legacy,PRIVATE PAY,13,8,(5),58,0,51,8,0,10,8,1,2,0,3,8,0,51,52,1,58,0,51,52,6,87.64%,89.66%,53,55,7,8,15,14,58,0,"1,403","1,396",(7),928,595,"1,374","1,370",153,90.24%,89.95%,"1,402","1,399",193,178,421,424,"1,504",46,"14,239","14,217",(22),"8,175","7,144","13,944","13,858","1,420",91.03%,90.46%,"14,225","14,171","2,180","2,123","4,578","4,457","14,582","1,114"
Southwest Indiana,02-HC Legacy,HOSPICE,12,7,(5),0,0,0,7,0,8,6,0,1,0,0,7,0,51,52,1,58,0,51,52,6,87.64%,89.66%,53,55,7,8,15,14,58,0,"1,403","1,396",(7),928,595,"1,374","1,370",153,90.24%,89.95%,"1,402","1,399",193,178,421,424,"1,504",46,"14,239","14,217",(22),"8,175","7,144","13,944","13,858","1,420",91.03%,90.46%,"14,225","14,171","2,180","2,123","4,578","4,457","14,582","1,114"
Southwest Indiana,02-HC Legacy,MANAGED CARE,0,0,0,0,0,0,0,0,0,0,0,0,1,1,0,0,51,52,1,58,0,51,52,6,87.64%,89.66%,53,55,7,8,15,14,58,0,"1,403","1,396",(7),928,595,"1,374","1,370",153,90.24%,89.95%,"1,402","1,399",193,178,421,424,"1,504",46,"14,239","14,217",(22),"8,175","7,144","13,944","13,858","1,420",91.03%,90.46%,"14,225","14,171","2,180","2,123","4,578","4,457","14,582","1,114"
Southwest Indiana,02-HC Legacy,MEDICARE,3,3,0,0,0,0,3,0,5,5,4,2,6,3,3,0,51,52,1,58,0,51,52,6,87.64%,89.66%,53,55,7,8,15,14,58,0,"1,403","1,396",(7),928,595,"1,374","1,370",153,90.24%,89.95%,"1,402","1,399",193,178,421,424,"1,504",46,"14,239","14,217",(22),"8,175","7,144","13,944","13,858","1,420",91.03%,90.46%,"14,225","14,171","2,180","2,123","4,578","4,457","14,582","1,114"
Southwest Indiana,02-HC Legacy,MEDICARE ADVANTAGE,1,1,0,0,0,0,1,0,0,3,0,0,5,4,1,0,51,52,1,58,0,51,52,6,87.64%,89.66%,53,55,7,8,15,14,58,0,"1,403","1,396",(7),928,595,"1,374","1,370",153,90.24%,89.95%,"1,402","1,399",193,178,421,424,"1,504",46,"14,239","14,217",(22),"8,175","7,144","13,944","13,858","1,420",91.03%,90.46%,"14,225","14,171","2,180","2,123","4,578","4,457","14,582","1,114"
Southwest Indiana,02-HC Legacy,MEDICAID,22,32,10,0,0,0,32,0,30,33,2,3,3,3,32,0,51,52,1,58,0,51,52,6,87.64%,89.66%,53,55,7,8,15,14,58,0,"1,403","1,396",(7),928,595,"1,374","1,370",153,90.24%,89.95%,"1,402","1,399",193,178,421,424,"1,504",46,"14,239","14,217",(22),"8,175","7,144","13,944","13,858","1,420",91.03%,90.46%,"14,225","14,171","2,180","2,123","4,578","4,457","14,582","1,114"
Southwest Indiana,02-HC Legacy,LEGACY - BEDHOLDS,0,1,1,0,0,0,1,0,0,0,0,0,0,0,1,0,51,52,1,58,0,51,52,6,87.64%,89.66%,53,55,7,8,15,14,58,0,"1,403","1,396",(7),928,595,"1,374","1,370",153,90.24%,89.95%,"1,402","1,399",193,178,421,424,"1,504",46,"14,239","14,217",(22),"8,175","7,144","13,944","13,858","1,420",91.03%,90.46%,"14,225","14,171","2,180","2,123","4,578","4,457","14,582","1,114"
Southwest Indiana,02-HC Legacy,UNOCCUPIED,0,0,0,0,0,0,0,6,0,0,0,0,0,0,6,0,51,52,1,58,0,51,52,6,87.64%,89.66%,53,55,7,8,15,14,58,0,"1,403","1,396",(7),928,595,"1,374","1,370",153,90.24%,89.95%,"1,402","1,399",193,178,421,424,"1,504",46,"14,239","14,217",(22),"8,175","7,144","13,944","13,858","1,420",91.03%,90.46%,"14,225","14,171","2,180","2,123","4,578","4,457","14,582","1,114"
Southwest Indiana,03-AL,PRIVATE PAY,334,313,(21),0,359,332,313,0,310,316,10,14,24,26,313,0,341,328,(13),0,359,332,324,35,92.60%,90.25%,325,330,16,18,31,32,359,4,"1,403","1,396",(7),928,595,"1,374","1,370",153,90.24%,89.95%,"1,402","1,399",193,178,421,424,"1,504",46,"14,239","14,217",(22),"8,175","7,144","13,944","13,858","1,420",91.03%,90.46%,"14,225","14,171","2,180","2,123","4,578","4,457","14,582","1,114"
Southwest Indiana,03-AL,BEDHOLDS,0,12,12,0,0,0,11,0,12,10,4,4,7,6,11,1,341,328,(13),0,359,332,324,35,92.60%,90.25%,325,330,16,18,31,32,359,4,"1,403","1,396",(7),928,595,"1,374","1,370",153,90.24%,89.95%,"1,402","1,399",193,178,421,424,"1,504",46,"14,239","14,217",(22),"8,175","7,144","13,944","13,858","1,420",91.03%,90.46%,"14,225","14,171","2,180","2,123","4,578","4,457","14,582","1,114"
Southwest Indiana,03-AL,2ND OCCUPANT,7,3,(4),0,0,0,0,0,4,4,2,0,0,0,0,3,341,328,(13),0,359,332,324,35,92.60%,90.25%,325,330,16,18,31,32,359,4,"1,403","1,396",(7),928,595,"1,374","1,370",153,90.24%,89.95%,"1,402","1,399",193,178,421,424,"1,504",46,"14,239","14,217",(22),"8,175","7,144","13,944","13,858","1,420",91.03%,90.46%,"14,225","14,171","2,180","2,123","4,578","4,457","14,582","1,114"
Southwest Indiana,03-AL,UNOCCUPIED,0,0,0,0,0,0,0,35,0,0,0,0,0,0,35,0,341,328,(13),0,359,332,324,35,92.60%,90.25%,325,330,16,18,31,32,359,4,"1,403","1,396",(7),928,595,"1,374","1,370",153,90.24%,89.95%,"1,402","1,399",193,178,421,424,"1,504",46,"14,239","14,217",(22),"8,175","7,144","13,944","13,858","1,420",91.03%,90.46%,"14,225","14,171","2,180","2,123","4,578","4,457","14,582","1,114"
Southwest Indiana,03-AL Legacy,LEGACY - PVT PAY,102,102,0,0,110,103,102,0,103,100,4,3,9,9,102,0,106,107,1,0,110,103,105,5,93.69%,95.45%,107,106,4,5,10,9,110,3,"1,403","1,396",(7),928,595,"1,374","1,370",153,90.24%,89.95%,"1,402","1,399",193,178,421,424,"1,504",46,"14,239","14,217",(22),"8,175","7,144","13,944","13,858","1,420",91.03%,90.46%,"14,225","14,171","2,180","2,123","4,578","4,457","14,582","1,114"
Southwest Indiana,03-AL Legacy,LEGACY - BEDHOLDS,0,2,2,0,0,0,2,0,1,3,0,2,1,0,2,0,106,107,1,0,110,103,105,5,93.69%,95.45%,107,106,4,5,10,9,110,3,"1,403","1,396",(7),928,595,"1,374","1,370",153,90.24%,89.95%,"1,402","1,399",193,178,421,424,"1,504",46,"14,239","14,217",(22),"8,175","7,144","13,944","13,858","1,420",91.03%,90.46%,"14,225","14,171","2,180","2,123","4,578","4,457","14,582","1,114"
Southwest Indiana,03-AL Legacy,LEGACY - 2ND OCCUPANT,4,3,(1),0,0,0,1,0,3,3,0,0,0,0,0,3,106,107,1,0,110,103,105,5,93.69%,95.45%,107,106,4,5,10,9,110,3,"1,403","1,396",(7),928,595,"1,374","1,370",153,90.24%,89.95%,"1,402","1,399",193,178,421,424,"1,504",46,"14,239","14,217",(22),"8,175","7,144","13,944","13,858","1,420",91.03%,90.46%,"14,225","14,171","2,180","2,123","4,578","4,457","14,582","1,114"
Southwest Indiana,03-AL Legacy,LEGACY - UNOCCUPIED,0,0,0,0,0,0,0,5,0,0,0,0,0,0,6,0,106,107,1,0,110,103,105,5,93.69%,95.45%,107,106,4,5,10,9,110,3,"1,403","1,396",(7),928,595,"1,374","1,370",153,90.24%,89.95%,"1,402","1,399",193,178,421,424,"1,504",46,"14,239","14,217",(22),"8,175","7,144","13,944","13,858","1,420",91.03%,90.46%,"14,225","14,171","2,180","2,123","4,578","4,457","14,582","1,114"
Southwest Indiana,05-IL,PRIVATE PAY,116,118,2,0,126,116,118,0,118,119,0,0,5,5,100,18,133,139,6,0,126,116,119,7,91.75%,94.44%,140,140,2,0,6,6,107,39,"1,403","1,396",(7),928,595,"1,374","1,370",153,90.24%,89.95%,"1,402","1,399",193,178,421,424,"1,504",46,"14,239","14,217",(22),"8,175","7,144","13,944","13,858","1,420",91.03%,90.46%,"14,225","14,171","2,180","2,123","4,578","4,457","14,582","1,114"
Southwest Indiana,05-IL,BEDHOLDS,0,1,1,0,0,0,1,0,2,1,2,0,0,1,0,1,133,139,6,0,126,116,119,7,91.75%,94.44%,140,140,2,0,6,6,107,39,"1,403","1,396",(7),928,595,"1,374","1,370",153,90.24%,89.95%,"1,402","1,399",193,178,421,424,"1,504",46,"14,239","14,217",(22),"8,175","7,144","13,944","13,858","1,420",91.03%,90.46%,"14,225","14,171","2,180","2,123","4,578","4,457","14,582","1,114"
Southwest Indiana,05-IL,2ND OCCUPANT,17,20,3,0,0,0,0,0,20,20,0,0,1,0,0,20,133,139,6,0,126,116,119,7,91.75%,94.44%,140,140,2,0,6,6,107,39,"1,403","1,396",(7),928,595,"1,374","1,370",153,90.24%,89.95%,"1,402","1,399",193,178,421,424,"1,504",46,"14,239","14,217",(22),"8,175","7,144","13,944","13,858","1,420",91.03%,90.46%,"14,225","14,171","2,180","2,123","4,578","4,457","14,582","1,114"
Southwest Indiana,05-IL,UNOCCUPIED,0,0,0,0,0,0,0,7,0,0,0,0,0,0,7,0,133,139,6,0,126,116,119,7,91.75%,94.44%,140,140,2,0,6,6,107,39,"1,403","1,396",(7),928,595,"1,374","1,370",153,90.24%,89.95%,"1,402","1,399",193,178,421,424,"1,504",46,"14,239","14,217",(22),"8,175","7,144","13,944","13,858","1,420",91.03%,90.46%,"14,225","14,171","2,180","2,123","4,578","4,457","14,582","1,114"
Southwest Ohio With Kingston,01-HC,PRIVATE PAY,128,104,(24),628,0,580,104,0,103,106,13,23,8,48,104,0,580,582,2,628,0,580,582,46,92.33%,92.68%,567,578,163,168,305,312,628,0,"1,088","1,093",5,651,495,"1,068","1,077",69,93.16%,93.98%,"1,078","1,092",180,185,331,336,"1,098",65,"14,239","14,217",(22),"8,175","7,144","13,944","13,858","1,420",91.03%,90.46%,"14,225","14,171","2,180","2,123","4,578","4,457","14,582","1,114"
Southwest Ohio With Kingston,01-HC,HOSPICE,33,25,(8),0,0,0,25,0,24,24,0,2,1,4,25,0,580,582,2,628,0,580,582,46,92.33%,92.68%,567,578,163,168,305,312,628,0,"1,088","1,093",5,651,495,"1,068","1,077",69,93.16%,93.98%,"1,078","1,092",180,185,331,336,"1,098",65,"14,239","14,217",(22),"8,175","7,144","13,944","13,858","1,420",91.03%,90.46%,"14,225","14,171","2,180","2,123","4,578","4,457","14,582","1,114"
Southwest Ohio With Kingston,01-HC,MANAGED CARE,2,4,2,0,0,0,4,0,4,4,5,4,7,10,4,0,580,582,2,628,0,580,582,46,92.33%,92.68%,567,578,163,168,305,312,628,0,"1,088","1,093",5,651,495,"1,068","1,077",69,93.16%,93.98%,"1,078","1,092",180,185,331,336,"1,098",65,"14,239","14,217",(22),"8,175","7,144","13,944","13,858","1,420",91.03%,90.46%,"14,225","14,171","2,180","2,123","4,578","4,457","14,582","1,114"
Southwest Ohio With Kingston,01-HC,MEDICARE,121,142,21,0,0,0,142,0,135,129,80,72,143,103,142,0,580,582,2,628,0,580,582,46,92.33%,92.68%,567,578,163,168,305,312,628,0,"1,088","1,093",5,651,495,"1,068","1,077",69,93.16%,93.98%,"1,078","1,092",180,185,331,336,"1,098",65,"14,239","14,217",(22),"8,175","7,144","13,944","13,858","1,420",91.03%,90.46%,"14,225","14,171","2,180","2,123","4,578","4,457","14,582","1,114"
Southwest Ohio With Kingston,01-HC,MEDICARE ADVANTAGE,86,85,(1),0,0,0,85,0,79,86,64,59,141,129,85,0,580,582,2,628,0,580,582,46,92.33%,92.68%,567,578,163,168,305,312,628,0,"1,088","1,093",5,651,495,"1,068","1,077",69,93.16%,93.98%,"1,078","1,092",180,185,331,336,"1,098",65,"14,239","14,217",(22),"8,175","7,144","13,944","13,858","1,420",91.03%,90.46%,"14,225","14,171","2,180","2,123","4,578","4,457","14,582","1,114"
Southwest Ohio With Kingston,01-HC,MEDICAID,210,219,9,0,0,0,219,0,218,223,0,5,4,12,219,0,580,582,2,628,0,580,582,46,92.33%,92.68%,567,578,163,168,305,312,628,0,"1,088","1,093",5,651,495,"1,068","1,077",69,93.16%,93.98%,"1,078","1,092",180,185,331,336,"1,098",65,"14,239","14,217",(22),"8,175","7,144","13,944","13,858","1,420",91.03%,90.46%,"14,225","14,171","2,180","2,123","4,578","4,457","14,582","1,114"
Southwest Ohio With Kingston,01-HC,BEDHOLDS,0,3,3,0,0,0,3,0,4,5,1,3,1,6,3,0,580,582,2,628,0,580,582,46,92.33%,92.68%,567,578,163,168,305,312,628,0,"1,088","1,093",5,651,495,"1,068","1,077",69,93.16%,93.98%,"1,078","1,092",180,185,331,336,"1,098",65,"14,239","14,217",(22),"8,175","7,144","13,944","13,858","1,420",91.03%,90.46%,"14,225","14,171","2,180","2,123","4,578","4,457","14,582","1,114"
Southwest Ohio With Kingston,01-HC,UNOCCUPIED,0,0,0,0,0,0,0,46,0,0,0,0,0,0,46,0,580,582,2,628,0,580,582,46,92.33%,92.68%,567,578,163,168,305,312,628,0,"1,088","1,093",5,651,495,"1,068","1,077",69,93.16%,93.98%,"1,078","1,092",180,185,331,336,"1,098",65,"14,239","14,217",(22),"8,175","7,144","13,944","13,858","1,420",91.03%,90.46%,"14,225","14,171","2,180","2,123","4,578","4,457","14,582","1,114"
Southwest Ohio With Kingston,02-HC Legacy,PRIVATE PAY,6,6,0,23,0,21,6,0,6,5,0,1,2,1,6,0,21,22,1,23,0,21,22,1,93.00%,95.65%,22,22,0,1,3,4,23,0,"1,088","1,093",5,651,495,"1,068","1,077",69,93.16%,93.98%,"1,078","1,092",180,185,331,336,"1,098",65,"14,239","14,217",(22),"8,175","7,144","13,944","13,858","1,420",91.03%,90.46%,"14,225","14,171","2,180","2,123","4,578","4,457","14,582","1,114"
Southwest Ohio With Kingston,02-HC Legacy,HOSPICE,7,3,(4),0,0,0,3,0,2,4,0,0,0,1,3,0,21,22,1,23,0,21,22,1,93.00%,95.65%,22,22,0,1,3,4,23,0,"1,088","1,093",5,651,495,"1,068","1,077",69,93.16%,93.98%,"1,078","1,092",180,185,331,336,"1,098",65,"14,239","14,217",(22),"8,175","7,144","13,944","13,858","1,420",91.03%,90.46%,"14,225","14,171","2,180","2,123","4,578","4,457","14,582","1,114"
Southwest Ohio With Kingston,02-HC Legacy,MEDICARE,0,0,0,0,0,0,0,0,0,0,0,0,0,0,0,0,21,22,1,23,0,21,22,1,93.00%,95.65%,22,22,0,1,3,4,23,0,"1,088","1,093",5,651,495,"1,068","1,077",69,93.16%,93.98%,"1,078","1,092",180,185,331,336,"1,098",65,"14,239","14,217",(22),"8,175","7,144","13,944","13,858","1,420",91.03%,90.46%,"14,225","14,171","2,180","2,123","4,578","4,457","14,582","1,114"
Southwest Ohio With Kingston,02-HC Legacy,MEDICARE ADVANTAGE,0,0,0,0,0,0,0,0,0,1,0,0,1,1,0,0,21,22,1,23,0,21,22,1,93.00%,95.65%,22,22,0,1,3,4,23,0,"1,088","1,093",5,651,495,"1,068","1,077",69,93.16%,93.98%,"1,078","1,092",180,185,331,336,"1,098",65,"14,239","14,217",(22),"8,175","7,144","13,944","13,858","1,420",91.03%,90.46%,"14,225","14,171","2,180","2,123","4,578","4,457","14,582","1,114"
Southwest Ohio With Kingston,02-HC Legacy,MEDICAID,8,13,5,0,0,0,13,0,13,13,0,0,0,0,13,0,21,22,1,23,0,21,22,1,93.00%,95.65%,22,22,0,1,3,4,23,0,"1,088","1,093",5,651,495,"1,068","1,077",69,93.16%,93.98%,"1,078","1,092",180,185,331,336,"1,098",65,"14,239","14,217",(22),"8,175","7,144","13,944","13,858","1,420",91.03%,90.46%,"14,225","14,171","2,180","2,123","4,578","4,457","14,582","1,114"
Southwest Ohio With Kingston,02-HC Legacy,LEGACY - BEDHOLDS,0,0,0,0,0,0,0,0,0,0,0,0,0,1,0,0,21,22,1,23,0,21,22,1,93.00%,95.65%,22,22,0,1,3,4,23,0,"1,088","1,093",5,651,495,"1,068","1,077",69,93.16%,93.98%,"1,078","1,092",180,185,331,336,"1,098",65,"14,239","14,217",(22),"8,175","7,144","13,944","13,858","1,420",91.03%,90.46%,"14,225","14,171","2,180","2,123","4,578","4,457","14,582","1,114"
Southwest Ohio With Kingston,02-HC Legacy,UNOCCUPIED,0,0,0,0,0,0,0,1,0,0,0,0,0,0,1,0,21,22,1,23,0,21,22,1,93.00%,95.65%,22,22,0,1,3,4,23,0,"1,088","1,093",5,651,495,"1,068","1,077",69,93.16%,93.98%,"1,078","1,092",180,185,331,336,"1,098",65,"14,239","14,217",(22),"8,175","7,144","13,944","13,858","1,420",91.03%,90.46%,"14,225","14,171","2,180","2,123","4,578","4,457","14,582","1,114"
Southwest Ohio With Kingston,03-AL,PRIVATE PAY,200,195,(5),0,212,199,195,0,193,197,7,7,11,9,195,0,206,209,3,0,212,199,203,9,94.01%,95.75%,209,210,8,8,12,10,212,6,"1,088","1,093",5,651,495,"1,068","1,077",69,93.16%,93.98%,"1,078","1,092",180,185,331,336,"1,098",65,"14,239","14,217",(22),"8,175","7,144","13,944","13,858","1,420",91.03%,90.46%,"14,225","14,171","2,180","2,123","4,578","4,457","14,582","1,114"
Southwest Ohio With Kingston,03-AL,BEDHOLDS,0,8,8,0,0,0,8,0,10,6,1,1,1,1,8,0,206,209,3,0,212,199,203,9,94.01%,95.75%,209,210,8,8,12,10,212,6,"1,088","1,093",5,651,495,"1,068","1,077",69,93.16%,93.98%,"1,078","1,092",180,185,331,336,"1,098",65,"14,239","14,217",(22),"8,175","7,144","13,944","13,858","1,420",91.03%,90.46%,"14,225","14,171","2,180","2,123","4,578","4,457","14,582","1,114"
Southwest Ohio With Kingston,03-AL,2ND OCCUPANT,6,6,0,0,0,0,0,0,6,6,0,0,0,0,0,6,206,209,3,0,212,199,203,9,94.01%,95.75%,209,210,8,8,12,10,212,6,"1,088","1,093",5,651,495,"1,068","1,077",69,93.16%,93.98%,"1,078","1,092",180,185,331,336,"1,098",65,"14,239","14,217",(22),"8,175","7,144","13,944","13,858","1,420",91.03%,90.46%,"14,225","14,171","2,180","2,123","4,578","4,457","14,582","1,114"
Southwest Ohio With Kingston,03-AL,UNOCCUPIED,0,0,0,0,0,0,0,9,0,0,0,0,0,0,9,0,206,209,3,0,212,199,203,9,94.01%,95.75%,209,210,8,8,12,10,212,6,"1,088","1,093",5,651,495,"1,068","1,077",69,93.16%,93.98%,"1,078","1,092",180,185,331,336,"1,098",65,"14,239","14,217",(22),"8,175","7,144","13,944","13,858","1,420",91.03%,90.46%,"14,225","14,171","2,180","2,123","4,578","4,457","14,582","1,114"
Southwest Ohio With Kingston,03-AL Legacy,LEGACY - PVT PAY,105,100,(5),0,113,106,100,0,97,101,6,5,6,5,100,0,107,103,(4),0,113,106,103,10,93.50%,91.15%,102,104,7,7,6,6,113,0,"1,088","1,093",5,651,495,"1,068","1,077",69,93.16%,93.98%,"1,078","1,092",180,185,331,336,"1,098",65,"14,239","14,217",(22),"8,175","7,144","13,944","13,858","1,420",91.03%,90.46%,"14,225","14,171","2,180","2,123","4,578","4,457","14,582","1,114"
Southwest Ohio With Kingston,03-AL Legacy,LEGACY - BEDHOLDS,0,3,3,0,0,0,3,0,5,3,1,2,0,1,3,0,107,103,(4),0,113,106,103,10,93.50%,91.15%,102,104,7,7,6,6,113,0,"1,088","1,093",5,651,495,"1,068","1,077",69,93.16%,93.98%,"1,078","1,092",180,185,331,336,"1,098",65,"14,239","14,217",(22),"8,175","7,144","13,944","13,858","1,420",91.03%,90.46%,"14,225","14,171","2,180","2,123","4,578","4,457","14,582","1,114"
Southwest Ohio With Kingston,03-AL Legacy,LEGACY - 2ND OCCUPANT,2,0,(2),0,0,0,0,0,0,0,0,0,0,0,0,0,107,103,(4),0,113,106,103,10,93.50%,91.15%,102,104,7,7,6,6,113,0,"1,088","1,093",5,651,495,"1,068","1,077",69,93.16%,93.98%,"1,078","1,092",180,185,331,336,"1,098",65,"14,239","14,217",(22),"8,175","7,144","13,944","13,858","1,420",91.03%,90.46%,"14,225","14,171","2,180","2,123","4,578","4,457","14,582","1,114"
Southwest Ohio With Kingston,03-AL Legacy,LEGACY - UNOCCUPIED,0,0,0,0,0,0,0,10,0,0,0,0,0,0,10,0,107,103,(4),0,113,106,103,10,93.50%,91.15%,102,104,7,7,6,6,113,0,"1,088","1,093",5,651,495,"1,068","1,077",69,93.16%,93.98%,"1,078","1,092",180,185,331,336,"1,098",65,"14,239","14,217",(22),"8,175","7,144","13,944","13,858","1,420",91.03%,90.46%,"14,225","14,171","2,180","2,123","4,578","4,457","14,582","1,114"
Southwest Ohio With Kingston,05-IL,PRIVATE PAY,54,54,0,0,57,54,54,0,56,54,1,0,0,1,54,0,57,61,4,0,57,54,56,1,95.00%,98.25%,62,61,1,0,0,1,57,6,"1,088","1,093",5,651,495,"1,068","1,077",69,93.16%,93.98%,"1,078","1,092",180,185,331,336,"1,098",65,"14,239","14,217",(22),"8,175","7,144","13,944","13,858","1,420",91.03%,90.46%,"14,225","14,171","2,180","2,123","4,578","4,457","14,582","1,114"
Southwest Ohio With Kingston,05-IL,BEDHOLDS,0,2,2,0,0,0,2,0,1,2,0,0,0,0,2,0,57,61,4,0,57,54,56,1,95.00%,98.25%,62,61,1,0,0,1,57,6,"1,088","1,093",5,651,495,"1,068","1,077",69,93.16%,93.98%,"1,078","1,092",180,185,331,336,"1,098",65,"14,239","14,217",(22),"8,175","7,144","13,944","13,858","1,420",91.03%,90.46%,"14,225","14,171","2,180","2,123","4,578","4,457","14,582","1,114"
Southwest Ohio With Kingston,05-IL,2ND OCCUPANT,3,5,2,0,0,0,0,0,5,5,0,0,0,0,0,5,57,61,4,0,57,54,56,1,95.00%,98.25%,62,61,1,0,0,1,57,6,"1,088","1,093",5,651,495,"1,068","1,077",69,93.16%,93.98%,"1,078","1,092",180,185,331,336,"1,098",65,"14,239","14,217",(22),"8,175","7,144","13,944","13,858","1,420",91.03%,90.46%,"14,225","14,171","2,180","2,123","4,578","4,457","14,582","1,114"
Southwest Ohio With Kingston,05-IL,UNOCCUPIED,0,0,0,0,0,0,0,1,0,0,0,0,0,0,1,1,57,61,4,0,57,54,56,1,95.00%,98.25%,62,61,1,0,0,1,57,6,"1,088","1,093",5,651,495,"1,068","1,077",69,93.16%,93.98%,"1,078","1,092",180,185,331,336,"1,098",65,"14,239","14,217",(22),"8,175","7,144","13,944","13,858","1,420",91.03%,90.46%,"14,225","14,171","2,180","2,123","4,578","4,457","14,582","1,114"
Southwest Ohio With Kingston,06-SL,PRIVATE PAY,107,107,0,0,113,107,107,0,108,108,1,1,3,2,61,46,116,116,0,0,113,107,111,2,95.00%,98.23%,116,117,1,1,5,3,65,53,"1,088","1,093",5,651,495,"1,068","1,077",69,93.16%,93.98%,"1,078","1,092",180,185,331,336,"1,098",65,"14,239","14,217",(22),"8,175","7,144","13,944","13,858","1,420",91.03%,90.46%,"14,225","14,171","2,180","2,123","4,578","4,457","14,582","1,114"
Southwest Ohio With Kingston,06-SL,BEDHOLDS,0,4,4,0,0,0,4,0,3,4,0,0,2,1,3,1,116,116,0,0,113,107,111,2,95.00%,98.23%,116,117,1,1,5,3,65,53,"1,088","1,093",5,651,495,"1,068","1,077",69,93.16%,93.98%,"1,078","1,092",180,185,331,336,"1,098",65,"14,239","14,217",(22),"8,175","7,144","13,944","13,858","1,420",91.03%,90.46%,"14,225","14,171","2,180","2,123","4,578","4,457","14,582","1,114"
Southwest Ohio With Kingston,06-SL,2ND OCCUPANT,9,5,(4),0,0,0,0,0,5,5,0,0,0,0,0,5,116,116,0,0,113,107,111,2,95.00%,98.23%,116,117,1,1,5,3,65,53,"1,088","1,093",5,651,495,"1,068","1,077",69,93.16%,93.98%,"1,078","1,092",180,185,331,336,"1,098",65,"14,239","14,217",(22),"8,175","7,144","13,944","13,858","1,420",91.03%,90.46%,"14,225","14,171","2,180","2,123","4,578","4,457","14,582","1,114"
Southwest Ohio With Kingston,06-SL,UNOCCUPIED,0,0,0,0,0,0,0,2,0,0,0,0,0,0,1,1,116,116,0,0,113,107,111,2,95.00%,98.23%,116,117,1,1,5,3,65,53,"1,088","1,093",5,651,495,"1,068","1,077",69,93.16%,93.98%,"1,078","1,092",180,185,331,336,"1,098",65,"14,239","14,217",(22),"8,175","7,144","13,944","13,858","1,420",91.03%,90.46%,"14,225","14,171","2,180","2,123","4,578","4,457","14,582","1,114"

