id,client_id,upload_month,location,room_number,service_line,room_type,original_street_rate,original_modulo_suggested_rate,original_rule_adjusted_rate,original_applied_rule_name,original_rule_rate_calculated_at,preceding_upload_month,preceding_service_line,preceding_street_rate,preceding_modulo_suggested_rate,preceding_rule_adjusted_rate,preceding_applied_rule_name,restored_effective_rate,restoration_source,reconciliation_status
0014aa76-6d62-4669-b5b5-c1574bde079e,trilogy,2026-07,Louisville ES - 210,LB217/B,AL/MC,Studio,8809,9338,9058,"Decrease 3% - Studio Dlx, Studio when SL occupancy < 80% +2 more",2026-08-21 01:10:50.917+00,2026-06,AL/MC,8589,,,,9338,July modulo_suggested_rate; clearing rule_adjusted_rate restores the normal pre-rule fallback,reconciled_to_prior_rule_free_snapshot
00316b87-5a9e-4673-a154-2bb0c6cc2826,trilogy,2026-07,Batesville - 120,506/A,AL,Studio,6669,6900,6693,"Decrease 3% - Studio Dlx, Studio when SL occupancy < 80% +2 more",2026-08-21 01:10:54.344+00,2026-06,AL,6499,,,,6900,July modulo_suggested_rate; clearing rule_adjusted_rate restores the normal pre-rule fallback,reconciled_to_prior_rule_free_snapshot
00371b6b-eb21-459a-9b60-fdbae580f9a5,trilogy,2026-07,Greensburg - 150,403/A,AL/MC,Studio,8079,7454,7675,"Decrease 3% - Studio Dlx, Studio when SL occupancy < 80% +2 more",2026-08-21 01:10:53.742+00,2026-06,AL/MC,8079,,,,7454,July modulo_suggested_rate; clearing rule_adjusted_rate restores the normal pre-rule fallback,reconciled_to_prior_rule_free_snapshot
003902e0-b1ec-4bd2-9f83-46c07b92bc3d,trilogy,2026-07,La Grange - 177,604/A,AL/MC,Companion,8169,7978,7761,Decrease 6.5% - Companion when RT occupancy < 50% +1 more,2026-08-21 01:10:52.566+00,2026-06,AL/MC,8169,,,,7978,July modulo_suggested_rate; clearing rule_adjusted_rate restores the normal pre-rule fallback,reconciled_to_prior_rule_free_snapshot
0047154f-873d-45d4-839d-ad611e89fe3f,trilogy,2026-07,Bardstown - 233,122/B,AL,Studio Dlx,4659,4939,4791,"Decrease 3% - Studio Dlx, Studio when SL occupancy < 80% +2 more",2026-08-21 01:10:41.57+00,2026-06,AL,4659,,,,4939,July modulo_suggested_rate; clearing rule_adjusted_rate restores the normal pre-rule fallback,reconciled_to_prior_rule_free_snapshot
0104fb79-0da4-4c8b-9b79-e2c0356d22c0,trilogy,2026-07,Colerain - 412,511/B,AL,Companion,7449,7896,7383,Decrease 6.5% - Companion when RT occupancy < 50% +1 more,2026-08-21 01:10:51.217+00,2026-06,AL,7259,,,,7896,July modulo_suggested_rate; clearing rule_adjusted_rate restores the normal pre-rule fallback,reconciled_to_prior_rule_free_snapshot
01224f81-8558-4c7f-87d5-cd8891560263,trilogy,2026-07,Lapeer - 2506,514/B,AL,Companion,7649,8108,7581,Decrease 6.5% - Companion when RT occupancy < 50% +1 more,2026-08-21 01:10:52.984+00,2026-06,AL,7459,,,,8108,July modulo_suggested_rate; clearing rule_adjusted_rate restores the normal pre-rule fallback,reconciled_to_prior_rule_free_snapshot
0133c548-32d9-433e-aa42-a18cef2d5173,trilogy,2026-07,Tiffin - 435,614/A,AL,Studio,6539,6931,6723,"Decrease 3% - Studio Dlx, Studio when SL occupancy < 80% +2 more",2026-08-21 01:10:51.217+00,2026-06,AL,6379,,,,6931,July modulo_suggested_rate; clearing rule_adjusted_rate restores the normal pre-rule fallback,reconciled_to_prior_rule_free_snapshot
01537ada-9526-4e3c-9902-3ad7ea0c59f8,trilogy,2026-07,Kokomo WK - 5168,07/A,AL,Studio,6119,6486,6291,"Decrease 3% - Studio Dlx, Studio when SL occupancy < 80% +2 more",2026-08-21 01:10:55.676+00,2026-06,AL,5969,,,,6486,July modulo_suggested_rate; clearing rule_adjusted_rate restores the normal pre-rule fallback,reconciled_to_prior_rule_free_snapshot
01570027-2ae0-4e58-9684-4403c855be0e,trilogy,2026-07,Batesville - 120,505/A,AL,Studio,6669,6900,6693,"Decrease 3% - Studio Dlx, Studio when SL occupancy < 80% +2 more",2026-08-21 01:10:54.344+00,2026-06,AL,6499,,,,6900,July modulo_suggested_rate; clearing rule_adjusted_rate restores the normal pre-rule fallback,reconciled_to_prior_rule_free_snapshot
018b6068-6d2e-4894-a8e2-5ed90084994e,trilogy,2026-07,Lafayette SL - 5162,118/B,AL,Studio,7349,7334,7114,"Decrease 3% - Studio Dlx, Studio when SL occupancy < 80% +2 more",2026-08-21 01:10:48.831+00,2026-06,AL,7169,,,,7334,July modulo_suggested_rate; clearing rule_adjusted_rate restores the normal pre-rule fallback,reconciled_to_prior_rule_free_snapshot
01a5ea72-76f5-4345-9c68-ab83e17498b4,trilogy,2026-07,Anderson - 112,1726/B,VIL,One Bedroom,2819,2640,2678,Decrease 3% - One Bedroom when SL occupancy < 80% +1 more,2026-08-21 01:10:46.29+00,2026-06,VIL,2959,,,,2640,July modulo_suggested_rate; clearing rule_adjusted_rate restores the normal pre-rule fallback,reconciled_to_prior_rule_free_snapshot
01e5b0be-17ca-4223-94d6-b38fb15a05b3,trilogy,2026-07,Greenfield - 125,703/A,AL/MC,Companion,5679,5373,5395,Decrease 6.5% - Companion when RT occupancy < 50% +1 more,2026-08-21 01:10:50.609+00,2026-06,AL/MC,5679,,,,5373,July modulo_suggested_rate; clearing rule_adjusted_rate restores the normal pre-rule fallback,reconciled_to_prior_rule_free_snapshot
01ec58db-1f15-4619-8717-62a28a2631ab,trilogy,2026-07,Scottsburg - 121,508/A,AL,Studio,5499,5632,5463,"Decrease 3% - Studio Dlx, Studio when SL occupancy < 80% +2 more",2026-08-21 01:10:45.367+00,2026-06,AL,5499,,,,5632,July modulo_suggested_rate; clearing rule_adjusted_rate restores the normal pre-rule fallback,reconciled_to_prior_rule_free_snapshot
0226074f-a806-4d20-a835-b7f32e2b3d7c,trilogy,2026-07,Washington - 305,511/A,AL,Companion,6209,6582,6154,Decrease 6.5% - Companion when RT occupancy < 50% +1 more,2026-08-21 01:10:58.191+00,2026-06,AL,6209,,,,6582,July modulo_suggested_rate; clearing rule_adjusted_rate restores the normal pre-rule fallback,reconciled_to_prior_rule_free_snapshot
0227c886-e542-4b83-9245-2bbde551f6c1,trilogy,2026-07,Sylvania - 2427,7369/B,VIL,One Bedroom,3299,3090,3134,Decrease 3% - One Bedroom when SL occupancy < 80% +1 more,2026-08-21 01:10:45.367+00,2026-06,VIL,3299,,,,3090,July modulo_suggested_rate; clearing rule_adjusted_rate restores the normal pre-rule fallback,reconciled_to_prior_rule_free_snapshot
024e779f-ddb9-4417-8696-c4a5263bacdc,trilogy,2026-07,Shelbyville - 118,406/A,AL/MC,Companion,8689,9210,8611,Decrease 6.5% - Companion when RT occupancy < 50% +1 more,2026-08-21 01:10:52.984+00,2026-06,AL/MC,8469,,,,9210,July modulo_suggested_rate; clearing rule_adjusted_rate restores the normal pre-rule fallback,reconciled_to_prior_rule_free_snapshot
0266e52e-67df-4188-943b-1a3a3b9e4716,trilogy,2026-07,Greenfield - 125,2255/B,VIL,One Bedroom,3499,3293,3324,Decrease 3% - One Bedroom when SL occupancy < 80% +1 more,2026-08-21 01:10:50.609+00,2026-06,VIL,3499,,,,3293,July modulo_suggested_rate; clearing rule_adjusted_rate restores the normal pre-rule fallback,reconciled_to_prior_rule_free_snapshot
02cb7233-e3d0-4dd7-8f06-ab4b179b4c43,trilogy,2026-07,Kalida - 406,410/A,AL/MC,Studio,7919,7213,7523,"Decrease 3% - Studio Dlx, Studio when SL occupancy < 80% +2 more",2026-08-21 01:10:59.05+00,2026-06,AL/MC,8119,,,,7213,July modulo_suggested_rate; clearing rule_adjusted_rate restores the normal pre-rule fallback,reconciled_to_prior_rule_free_snapshot
02ff4dfa-81ba-4cd2-871c-33afc07e3ab7,trilogy,2026-07,Louisville ES - 210,LB125/A,AL/MC,Studio,8809,9338,9058,"Decrease 3% - Studio Dlx, Studio when SL occupancy < 80% +2 more",2026-08-21 01:10:50.917+00,2026-06,AL/MC,8589,,,,9338,July modulo_suggested_rate; clearing rule_adjusted_rate restores the normal pre-rule fallback,reconciled_to_prior_rule_free_snapshot
035436c1-0517-41f2-a3eb-caacbef36fde,trilogy,2026-07,Greenfield - 125,2234/A,VIL,One Bedroom,3499,3293,3324,Decrease 3% - One Bedroom when SL occupancy < 80% +1 more,2026-08-21 01:10:50.917+00,2026-06,VIL,3499,,,,3293,July modulo_suggested_rate; clearing rule_adjusted_rate restores the normal pre-rule fallback,reconciled_to_prior_rule_free_snapshot
038d497b-6590-4fa2-ac00-3cdde5c850d2,trilogy,2026-07,Belmont - 519,603/B,AL/MC,Companion,9609,9004,9129,Decrease 6.5% - Companion when RT occupancy < 50% +1 more,2026-08-21 01:10:50.242+00,2026-06,AL/MC,9609,,,,9004,July modulo_suggested_rate; clearing rule_adjusted_rate restores the normal pre-rule fallback,reconciled_to_prior_rule_free_snapshot
0393e39c-56ca-4cba-b810-5b92065da053,trilogy,2026-07,Louisville ES - 210,LB125/B,AL/MC,Studio,8809,9338,9058,"Decrease 3% - Studio Dlx, Studio when SL occupancy < 80% +2 more",2026-08-21 01:10:50.917+00,2026-06,AL/MC,8589,,,,9338,July modulo_suggested_rate; clearing rule_adjusted_rate restores the normal pre-rule fallback,reconciled_to_prior_rule_free_snapshot
03f637f8-4f4f-4d6f-9f3b-c36507e5b9c7,trilogy,2026-07,Louisville ES - 210,LB301/A,AL/MC,Studio,8809,9338,9058,"Decrease 3% - Studio Dlx, Studio when SL occupancy < 80% +2 more",2026-08-21 01:10:50.917+00,2026-06,AL/MC,8589,,,,9338,July modulo_suggested_rate; clearing rule_adjusted_rate restores the normal pre-rule fallback,reconciled_to_prior_rule_free_snapshot
03faabd1-183f-4004-bd8d-87e17f8a9249,trilogy,2026-07,Greensburg - 150,402/A,AL/MC,Studio,8079,7454,7675,"Decrease 3% - Studio Dlx, Studio when SL occupancy < 80% +2 more",2026-08-21 01:10:53.742+00,2026-06,AL/MC,8079,,,,7454,July modulo_suggested_rate; clearing rule_adjusted_rate restores the normal pre-rule fallback,reconciled_to_prior_rule_free_snapshot
0418a48c-e4c5-48a3-bd6e-a75033a9c22c,trilogy,2026-07,Anderson - 112,2133/A,VIL,One Bedroom,2819,2640,2678,Decrease 3% - One Bedroom when SL occupancy < 80% +1 more,2026-08-21 01:10:46.29+00,2026-06,VIL,2959,,,,2640,July modulo_suggested_rate; clearing rule_adjusted_rate restores the normal pre-rule fallback,reconciled_to_prior_rule_free_snapshot
049617ef-2563-469d-93d0-a3dd471b3b46,trilogy,2026-07,Leipsic - 409,460/B,VIL,One Bedroom,1139,1207,1171,Decrease 3% - One Bedroom when SL occupancy < 80% +1 more,2026-08-21 01:10:57.66+00,2026-06,VIL,1069,,,,1207,July modulo_suggested_rate; clearing rule_adjusted_rate restores the normal pre-rule fallback,reconciled_to_prior_rule_free_snapshot
04ee8995-9cdd-4ad9-abfc-cbc6d65a61f0,trilogy,2026-07,Scottsburg - 121,510/B,AL,Studio,5499,5632,5463,"Decrease 3% - Studio Dlx, Studio when SL occupancy < 80% +2 more",2026-08-21 01:10:45.367+00,2026-06,AL,5499,,,,5632,July modulo_suggested_rate; clearing rule_adjusted_rate restores the normal pre-rule fallback,reconciled_to_prior_rule_free_snapshot
054b0e1a-3994-4dc3-bbf2-8c057608f73e,trilogy,2026-07,Sylvania - 2427,7369/A,VIL,One Bedroom,3299,3090,3134,Decrease 3% - One Bedroom when SL occupancy < 80% +1 more,2026-08-21 01:10:45.367+00,2026-06,VIL,3299,,,,3090,July modulo_suggested_rate; clearing rule_adjusted_rate restores the normal pre-rule fallback,reconciled_to_prior_rule_free_snapshot
056f0bb8-622e-40a8-95c9-d107060039a5,trilogy,2026-07,Leipsic - 409,453/B,VIL,One Bedroom,1469,1557,1510,Decrease 3% - One Bedroom when SL occupancy < 80% +1 more,2026-08-21 01:10:57.66+00,2026-06,VIL,1359,,,,1557,July modulo_suggested_rate; clearing rule_adjusted_rate restores the normal pre-rule fallback,reconciled_to_prior_rule_free_snapshot
0591208a-119a-4361-83ad-0aacef9bf396,trilogy,2026-07,Shelbyville - 118,3B/A,VIL,One Bedroom,3289,3276,3178,Decrease 3% - One Bedroom when SL occupancy < 80% +1 more,2026-08-21 01:10:52.984+00,2026-06,VIL,3289,,,,3276,July modulo_suggested_rate; clearing rule_adjusted_rate restores the normal pre-rule fallback,reconciled_to_prior_rule_free_snapshot
05c1d1f1-353d-4d9f-92ee-7add27369b28,trilogy,2026-07,Tiffin - 435,601/A,AL,Studio,6539,6931,6723,"Decrease 3% - Studio Dlx, Studio when SL occupancy < 80% +2 more",2026-08-21 01:10:51.217+00,2026-06,AL,6379,,,,6931,July modulo_suggested_rate; clearing rule_adjusted_rate restores the normal pre-rule fallback,reconciled_to_prior_rule_free_snapshot
05c5fddd-76d1-49fc-9900-0d8cb4274fec,trilogy,2026-07,Bardstown - 233,203/A,AL/MC,Studio,6349,6143,6032,"Decrease 3% - Studio Dlx, Studio when SL occupancy < 80% +2 more",2026-08-21 01:10:41.57+00,2026-06,AL/MC,6349,,,,6143,July modulo_suggested_rate; clearing rule_adjusted_rate restores the normal pre-rule fallback,reconciled_to_prior_rule_free_snapshot
0607e223-8945-4a1d-8a7b-c4e0785197fb,trilogy,2026-07,Leipsic - 409,265/B,VIL,One Bedroom,1469,1557,1510,Decrease 3% - One Bedroom when SL occupancy < 80% +1 more,2026-08-21 01:10:57.66+00,2026-06,VIL,1359,,,,1557,July modulo_suggested_rate; clearing rule_adjusted_rate restores the normal pre-rule fallback,reconciled_to_prior_rule_free_snapshot
06289dcd-dbe2-451f-bb24-d51aebc8922e,trilogy,2026-07,Louisville ES - 210,LB317/B,AL/MC,Studio,8809,9338,9058,"Decrease 3% - Studio Dlx, Studio when SL occupancy < 80% +2 more",2026-08-21 01:10:50.917+00,2026-06,AL/MC,8589,,,,9338,July modulo_suggested_rate; clearing rule_adjusted_rate restores the normal pre-rule fallback,reconciled_to_prior_rule_free_snapshot
062d7f4c-df4d-4c57-a919-097966cd9e02,trilogy,2026-07,Corydon - 2180,506/A,AL,Studio,6459,6446,6253,"Decrease 3% - Studio Dlx, Studio when SL occupancy < 80% +2 more",2026-08-21 01:10:55.188+00,2026-06,AL,6389,,,,6446,July modulo_suggested_rate; clearing rule_adjusted_rate restores the normal pre-rule fallback,reconciled_to_prior_rule_free_snapshot
063d3e85-3a55-431f-b2b1-3fba72cc78e1,trilogy,2026-07,Leipsic - 409,265/A,VIL,One Bedroom,1469,1557,1510,Decrease 3% - One Bedroom when SL occupancy < 80% +1 more,2026-08-21 01:10:57.66+00,2026-06,VIL,1359,,,,1557,July modulo_suggested_rate; clearing rule_adjusted_rate restores the normal pre-rule fallback,reconciled_to_prior_rule_free_snapshot
06562dcd-6c6a-409d-9523-dd871af7aa13,trilogy,2026-07,Willard - 2424,503/B,AL,Studio,6419,6406,6214,"Decrease 3% - Studio Dlx, Studio when SL occupancy < 80% +2 more",2026-08-21 01:10:53.742+00,2026-06,AL,6259,,,,6406,July modulo_suggested_rate; clearing rule_adjusted_rate restores the normal pre-rule fallback,reconciled_to_prior_rule_free_snapshot
07409d4a-3272-43b7-b85f-2ddbdb69c18e,trilogy,2026-07,Bardstown - 233,211/B,AL/MC,Studio,6099,5901,5794,"Decrease 3% - Studio Dlx, Studio when SL occupancy < 80% +2 more",2026-08-21 01:10:41.57+00,2026-06,AL/MC,6099,,,,5901,July modulo_suggested_rate; clearing rule_adjusted_rate restores the normal pre-rule fallback,reconciled_to_prior_rule_free_snapshot
07656d46-53fc-4950-b3ca-469aa487337e,trilogy,2026-07,Terre Haute CC - 129,409/A,AL/MC,Studio,8739,9035,8764,"Decrease 3% - Studio Dlx, Studio when SL occupancy < 80% +2 more",2026-08-21 01:10:54.079+00,2026-06,AL/MC,8739,,,,9035,July modulo_suggested_rate; clearing rule_adjusted_rate restores the normal pre-rule fallback,reconciled_to_prior_rule_free_snapshot
077a3d04-8be5-45eb-af06-8db77856e735,trilogy,2026-07,Monclova - 2422,4536/B,VIL,One Bedroom,3229,3423,3320,Decrease 3% - One Bedroom when SL occupancy < 80% +1 more,2026-08-21 01:10:53.213+00,2026-06,VIL,3149,,,,3423,July modulo_suggested_rate; clearing rule_adjusted_rate restores the normal pre-rule fallback,reconciled_to_prior_rule_free_snapshot
078fa92d-7253-49ab-b0ca-cbbc1b6449de,trilogy,2026-07,Bellevue - 414,508/B,AL,Studio,7039,7024,6813,"Decrease 3% - Studio Dlx, Studio when SL occupancy < 80% +2 more",2026-08-21 01:10:58.191+00,2026-06,AL,6859,,,,7024,July modulo_suggested_rate; clearing rule_adjusted_rate restores the normal pre-rule fallback,reconciled_to_prior_rule_free_snapshot
07a119a5-4949-4dda-9b34-d4436708fb63,trilogy,2026-07,Waunakee - 571,02/B,VIL,One Bedroom,409,434,421,Decrease 3% - One Bedroom when SL occupancy < 80% +1 more,2026-08-21 01:10:50.917+00,2026-06,VIL,399,,,,434,July modulo_suggested_rate; clearing rule_adjusted_rate restores the normal pre-rule fallback,reconciled_to_prior_rule_free_snapshot
07a51d9f-be2a-479a-bd58-4090fb0c960d,trilogy,2026-07,Shelbyville - 118,1A/B,VIL,One Bedroom,3289,3276,3178,Decrease 3% - One Bedroom when SL occupancy < 80% +1 more,2026-08-21 01:10:52.984+00,2026-06,VIL,3289,,,,3276,July modulo_suggested_rate; clearing rule_adjusted_rate restores the normal pre-rule fallback,reconciled_to_prior_rule_free_snapshot
07da957e-474e-4405-9565-1b84b2511144,trilogy,2026-07,Lapeer - 2506,512/B,AL,Companion,7649,8108,7581,Decrease 6.5% - Companion when RT occupancy < 50% +1 more,2026-08-21 01:10:52.984+00,2026-06,AL,7459,,,,8108,July modulo_suggested_rate; clearing rule_adjusted_rate restores the normal pre-rule fallback,reconciled_to_prior_rule_free_snapshot
07e0d165-1043-42d0-9198-a9dcf975520c,trilogy,2026-07,Boonville - 110,509/B,AL,Studio,6409,6794,6590,"Decrease 3% - Studio Dlx, Studio when SL occupancy < 80% +2 more",2026-08-21 01:10:56.638+00,2026-06,AL,6409,,,,6794,July modulo_suggested_rate; clearing rule_adjusted_rate restores the normal pre-rule fallback,reconciled_to_prior_rule_free_snapshot
07ff47c1-016a-4b5c-97ab-41cfc2e5843c,trilogy,2026-07,Terre Haute CC - 129,404/A,AL/MC,Studio,8739,9035,8764,"Decrease 3% - Studio Dlx, Studio when SL occupancy < 80% +2 more",2026-08-21 01:10:54.079+00,2026-06,AL/MC,8739,,,,9035,July modulo_suggested_rate; clearing rule_adjusted_rate restores the normal pre-rule fallback,reconciled_to_prior_rule_free_snapshot
08269521-5e80-4479-8d0d-a4ec6b835fcf,trilogy,2026-07,Washington - 305,512/B,AL,Companion,6209,6488,6066,Decrease 6.5% - Companion when RT occupancy < 50% +1 more,2026-08-21 01:10:58.191+00,2026-06,AL,6209,,,,6488,July modulo_suggested_rate; clearing rule_adjusted_rate restores the normal pre-rule fallback,reconciled_to_prior_rule_free_snapshot
08385941-df01-4e90-a9af-a3d5ad5cca6b,trilogy,2026-07,Boonville - 110,506/B,AL,Studio,6409,6794,6590,"Decrease 3% - Studio Dlx, Studio when SL occupancy < 80% +2 more",2026-08-21 01:10:56.638+00,2026-06,AL,6409,,,,6794,July modulo_suggested_rate; clearing rule_adjusted_rate restores the normal pre-rule fallback,reconciled_to_prior_rule_free_snapshot
087342a7-4f01-4a70-82de-a210e8be145b,trilogy,2026-07,Louisville ES - 210,LB123/A,AL/MC,Studio,8809,9338,9058,"Decrease 3% - Studio Dlx, Studio when SL occupancy < 80% +2 more",2026-08-21 01:10:50.917+00,2026-06,AL/MC,8589,,,,9338,July modulo_suggested_rate; clearing rule_adjusted_rate restores the normal pre-rule fallback,reconciled_to_prior_rule_free_snapshot
0893fb5e-61d6-4eb3-b7c5-1d901c865a41,trilogy,2026-07,Lima SL - 433,602/A,AL/MC,Studio,7279,7716,7485,"Decrease 3% - Studio Dlx, Studio when SL occupancy < 80% +2 more",2026-08-21 01:10:54.824+00,2026-06,AL/MC,7099,,,,7716,July modulo_suggested_rate; clearing rule_adjusted_rate restores the normal pre-rule fallback,reconciled_to_prior_rule_free_snapshot
08c2d4d6-c529-44c3-87a0-207af1ecf8d1,trilogy,2026-07,Harrodsburg - 2187,407/A,AL,Companion,5999,6359,5946,Decrease 6.5% - Companion when RT occupancy < 50% +1 more,2026-08-21 01:11:00.666+00,2026-06,AL,5999,,,,6359,July modulo_suggested_rate; clearing rule_adjusted_rate restores the normal pre-rule fallback,reconciled_to_prior_rule_free_snapshot
09ca7582-ea87-4b81-87eb-f7739aaef74a,trilogy,2026-07,Princeton - 117,407/B,AL,Companion,8539,7514,8112,Decrease 6.5% - Companion when RT occupancy < 50% +1 more,2026-08-21 01:11:00.393+00,2026-06,AL,8539,,,,7514,July modulo_suggested_rate; clearing rule_adjusted_rate restores the normal pre-rule fallback,reconciled_to_prior_rule_free_snapshot
09dc186d-7cdb-4b7d-80f4-c4b01bfd66ba,trilogy,2026-07,Crawfordsville - 5167,22/A,AL,Studio,5969,5957,5778,"Decrease 3% - Studio Dlx, Studio when SL occupancy < 80% +2 more",2026-08-21 01:10:55.188+00,2026-06,AL,5819,,,,5957,July modulo_suggested_rate; clearing rule_adjusted_rate restores the normal pre-rule fallback,reconciled_to_prior_rule_free_snapshot
0a31794a-8a3b-4f62-9cde-5d5f0058efba,trilogy,2026-07,Louisville ES - 210,LB103/A,AL/MC,Studio,8809,9338,9058,"Decrease 3% - Studio Dlx, Studio when SL occupancy < 80% +2 more",2026-08-21 01:10:50.917+00,2026-06,AL/MC,8589,,,,9338,July modulo_suggested_rate; clearing rule_adjusted_rate restores the normal pre-rule fallback,reconciled_to_prior_rule_free_snapshot
0a81d4b7-2fd6-4b02-82d1-36fb5ddee991,trilogy,2026-07,Willard - 2424,505/A,AL,Studio,6419,6406,6214,"Decrease 3% - Studio Dlx, Studio when SL occupancy < 80% +2 more",2026-08-21 01:10:53.742+00,2026-06,AL,6259,,,,6406,July modulo_suggested_rate; clearing rule_adjusted_rate restores the normal pre-rule fallback,reconciled_to_prior_rule_free_snapshot
0aa2283a-ff93-4aec-9b58-b374e2c2d909,trilogy,2026-07,Colerain - 412,503/B,AL,Companion,6219,6592,6164,Decrease 6.5% - Companion when RT occupancy < 50% +1 more,2026-08-21 01:10:51.649+00,2026-06,AL,6049,,,,6592,July modulo_suggested_rate; clearing rule_adjusted_rate restores the normal pre-rule fallback,reconciled_to_prior_rule_free_snapshot
0aeb8a42-0ce9-429e-95b6-576e74eeda7e,trilogy,2026-07,Kalida - 406,411/B,AL/MC,Studio,7919,7213,7523,"Decrease 3% - Studio Dlx, Studio when SL occupancy < 80% +2 more",2026-08-21 01:10:59.361+00,2026-06,AL/MC,8119,,,,7213,July modulo_suggested_rate; clearing rule_adjusted_rate restores the normal pre-rule fallback,reconciled_to_prior_rule_free_snapshot
0b0442f1-2ed6-4ab7-bcf0-0c9b3c8f84e1,trilogy,2026-07,Vincennes - 131,507/A,AL,Studio,6069,6284,6095,"Decrease 3% - Studio Dlx, Studio when SL occupancy < 80% +2 more",2026-08-21 01:10:59.05+00,2026-06,AL,6069,,,,6284,July modulo_suggested_rate; clearing rule_adjusted_rate restores the normal pre-rule fallback,reconciled_to_prior_rule_free_snapshot
0b5bb9b8-ba89-49f7-9d4d-a4ae8fb404e8,trilogy,2026-07,Bardstown - 233,306/B,AL/MC,Studio,6349,6143,6032,"Decrease 3% - Studio Dlx, Studio when SL occupancy < 80% +2 more",2026-08-21 01:10:41.57+00,2026-06,AL/MC,6349,,,,6143,July modulo_suggested_rate; clearing rule_adjusted_rate restores the normal pre-rule fallback,reconciled_to_prior_rule_free_snapshot
0b70e02c-1a78-4501-a802-54fa74b3f818,trilogy,2026-07,Anderson - 112,2125/A,VIL,One Bedroom,2819,2640,2678,Decrease 3% - One Bedroom when SL occupancy < 80% +1 more,2026-08-21 01:10:46.29+00,2026-06,VIL,2959,,,,2640,July modulo_suggested_rate; clearing rule_adjusted_rate restores the normal pre-rule fallback,reconciled_to_prior_rule_free_snapshot
0b97fd98-0c20-4fdc-b6c8-ad48428d9427,trilogy,2026-07,Richmond FP - 123,513/B,AL,Companion,6579,6788,6347,Decrease 6.5% - Companion when RT occupancy < 50% +1 more,2026-08-21 01:10:52.024+00,2026-06,AL,6509,,,,6788,July modulo_suggested_rate; clearing rule_adjusted_rate restores the normal pre-rule fallback,reconciled_to_prior_rule_free_snapshot
0bab338b-f35a-438b-a9ce-072e1d1d8839,trilogy,2026-07,Bardstown - 233,207/B,AL/MC,Studio,6229,6027,5918,"Decrease 3% - Studio Dlx, Studio when SL occupancy < 80% +2 more",2026-08-21 01:10:41.57+00,2026-06,AL/MC,6229,,,,6027,July modulo_suggested_rate; clearing rule_adjusted_rate restores the normal pre-rule fallback,reconciled_to_prior_rule_free_snapshot
0c24d58c-3bc5-4099-b0ae-468b2aa9d6d2,trilogy,2026-07,Lima SL - 433,611/A,AL/MC,Studio,7159,7589,7361,"Decrease 3% - Studio Dlx, Studio when SL occupancy < 80% +2 more",2026-08-21 01:10:54.824+00,2026-06,AL/MC,6979,,,,7589,July modulo_suggested_rate; clearing rule_adjusted_rate restores the normal pre-rule fallback,reconciled_to_prior_rule_free_snapshot
0c86c569-19d3-4664-a15d-6b286bac2d05,trilogy,2026-07,Bloomington HS - 5149,410T/B,AL,Companion,6029,6391,5976,Decrease 6.5% - Companion when RT occupancy < 50% +1 more,2026-08-21 01:10:52.31+00,2026-06,AL,6029,,,,6391,July modulo_suggested_rate; clearing rule_adjusted_rate restores the normal pre-rule fallback,reconciled_to_prior_rule_free_snapshot
0c8ca998-627d-4552-bd7d-c0ef15761323,trilogy,2026-07,Louisville ES - 210,LB101/A,AL/MC,Studio,8809,9338,9058,"Decrease 3% - Studio Dlx, Studio when SL occupancy < 80% +2 more",2026-08-21 01:10:50.917+00,2026-06,AL/MC,8589,,,,9338,July modulo_suggested_rate; clearing rule_adjusted_rate restores the normal pre-rule fallback,reconciled_to_prior_rule_free_snapshot
0c933813-bb02-48d8-b9d6-c6138279b19e,trilogy,2026-07,Ottawa MO - 430,252/A,VIL,One Bedroom,2699,2507,2564,Decrease 3% - One Bedroom when SL occupancy < 80% +1 more,2026-08-21 01:10:52.984+00,2026-06,VIL,2699,,,,2507,July modulo_suggested_rate; clearing rule_adjusted_rate restores the normal pre-rule fallback,reconciled_to_prior_rule_free_snapshot
0cee6088-df4c-4605-84c4-773db38ce038,trilogy,2026-07,Princeton - 117,510/B,AL,Companion,8539,7514,8112,Decrease 6.5% - Companion when RT occupancy < 50% +1 more,2026-08-21 01:11:00.393+00,2026-06,AL,8539,,,,7514,July modulo_suggested_rate; clearing rule_adjusted_rate restores the normal pre-rule fallback,reconciled_to_prior_rule_free_snapshot
0cf658d0-810a-4514-83b9-35d0d45bd552,trilogy,2026-07,Crawfordsville - 5167,24/B,AL,Studio Dlx,6749,7154,6939,"Decrease 3% - Studio Dlx, Studio when SL occupancy < 80% +2 more",2026-08-21 01:10:55.188+00,2026-06,AL,6579,,,,7154,July modulo_suggested_rate; clearing rule_adjusted_rate restores the normal pre-rule fallback,reconciled_to_prior_rule_free_snapshot
0d661bc2-461d-4f47-a0df-ad237d8c5816,trilogy,2026-07,Noblesville - 141,L203/B,AL/MC,Companion,7699,7503,7314,Decrease 6.5% - Companion when RT occupancy < 50% +1 more,2026-08-21 01:10:54.824+00,2026-06,AL/MC,7699,,,,7503,July modulo_suggested_rate; clearing rule_adjusted_rate restores the normal pre-rule fallback,reconciled_to_prior_rule_free_snapshot
0d6eef36-dcf3-48b6-8079-a03335d2c344,trilogy,2026-07,Bellevue - 414,504/B,AL,Studio,7039,7024,6813,"Decrease 3% - Studio Dlx, Studio when SL occupancy < 80% +2 more",2026-08-21 01:10:58.191+00,2026-06,AL,6859,,,,7024,July modulo_suggested_rate; clearing rule_adjusted_rate restores the normal pre-rule fallback,reconciled_to_prior_rule_free_snapshot
0d81a041-7de1-4ab6-b832-d027a2c9cc56,trilogy,2026-07,Fremont - 403,517/B,AL,Studio,6349,6730,6528,"Decrease 3% - Studio Dlx, Studio when SL occupancy < 80% +2 more",2026-08-21 01:10:56.358+00,2026-06,AL,6039,,,,6730,July modulo_suggested_rate; clearing rule_adjusted_rate restores the normal pre-rule fallback,reconciled_to_prior_rule_free_snapshot
0da74488-99a5-4647-a57b-56d0829f0ea3,trilogy,2026-07,Waunakee - 571,08/A,VIL,One Bedroom,2699,2861,2775,Decrease 3% - One Bedroom when SL occupancy < 80% +1 more,2026-08-21 01:10:50.917+00,2026-06,VIL,2629,,,,2861,July modulo_suggested_rate; clearing rule_adjusted_rate restores the normal pre-rule fallback,reconciled_to_prior_rule_free_snapshot
0da948c7-8d67-4370-a517-81e8815198fb,trilogy,2026-07,Greenfield - 125,2215/B,VIL,One Bedroom,3299,3105,3134,Decrease 3% - One Bedroom when SL occupancy < 80% +1 more,2026-08-21 01:10:50.609+00,2026-06,VIL,3299,,,,3105,July modulo_suggested_rate; clearing rule_adjusted_rate restores the normal pre-rule fallback,reconciled_to_prior_rule_free_snapshot
0deaa10d-1c20-43e3-8760-ad16f7a2ade7,trilogy,2026-07,Princeton - 117,407/A,AL,Companion,8539,7514,8112,Decrease 6.5% - Companion when RT occupancy < 50% +1 more,2026-08-21 01:11:00.393+00,2026-06,AL,8539,,,,7514,July modulo_suggested_rate; clearing rule_adjusted_rate restores the normal pre-rule fallback,reconciled_to_prior_rule_free_snapshot
0e0875a4-e16c-43d8-b3bf-ca05a34d5ec3,trilogy,2026-07,Anderson - 112,2139/A,VIL,One Bedroom,2819,2640,2678,Decrease 3% - One Bedroom when SL occupancy < 80% +1 more,2026-08-21 01:10:46.29+00,2026-06,VIL,2959,,,,2640,July modulo_suggested_rate; clearing rule_adjusted_rate restores the normal pre-rule fallback,reconciled_to_prior_rule_free_snapshot
0eb73954-bcf8-41e4-8e63-a95ec786f132,trilogy,2026-07,Leipsic - 409,459/A,VIL,One Bedroom,1469,1557,1510,Decrease 3% - One Bedroom when SL occupancy < 80% +1 more,2026-08-21 01:10:57.66+00,2026-06,VIL,1359,,,,1557,July modulo_suggested_rate; clearing rule_adjusted_rate restores the normal pre-rule fallback,reconciled_to_prior_rule_free_snapshot
0ee62504-67c8-4b41-a27b-3dc493bd8fc2,trilogy,2026-07,Muncie - 128,501/A,AL,Studio,6989,6598,6640,"Decrease 3% - Studio Dlx, Studio when SL occupancy < 80% +2 more",2026-08-21 01:10:58.756+00,2026-06,AL,6919,,,,6598,July modulo_suggested_rate; clearing rule_adjusted_rate restores the normal pre-rule fallback,reconciled_to_prior_rule_free_snapshot
0ef534c2-6400-4a48-be2b-8a9ddbdec33e,trilogy,2026-07,Louisville ES - 210,LB123/B,AL/MC,Studio,8809,9338,9058,"Decrease 3% - Studio Dlx, Studio when SL occupancy < 80% +2 more",2026-08-21 01:10:50.917+00,2026-06,AL/MC,8589,,,,9338,July modulo_suggested_rate; clearing rule_adjusted_rate restores the normal pre-rule fallback,reconciled_to_prior_rule_free_snapshot
0f0271e4-6582-4923-a4b5-da6fbb340769,trilogy,2026-07,Bardstown - 233,303/A,AL/MC,Studio,6349,6143,6032,"Decrease 3% - Studio Dlx, Studio when SL occupancy < 80% +2 more",2026-08-21 01:10:41.57+00,2026-06,AL/MC,6349,,,,6143,July modulo_suggested_rate; clearing rule_adjusted_rate restores the normal pre-rule fallback,reconciled_to_prior_rule_free_snapshot
0f362718-531d-4d5b-b1ec-08074a1f2714,trilogy,2026-07,Terre Haute CC - 129,410/A,AL/MC,Studio,8739,9035,8764,"Decrease 3% - Studio Dlx, Studio when SL occupancy < 80% +2 more",2026-08-21 01:10:54.079+00,2026-06,AL/MC,8739,,,,9035,July modulo_suggested_rate; clearing rule_adjusted_rate restores the normal pre-rule fallback,reconciled_to_prior_rule_free_snapshot
10456072-21c7-4a5e-9401-75731910a941,trilogy,2026-07,Sylvania - 2427,5376/A,VIL,One Bedroom,3299,3090,3134,Decrease 3% - One Bedroom when SL occupancy < 80% +1 more,2026-08-21 01:10:45.367+00,2026-06,VIL,3299,,,,3090,July modulo_suggested_rate; clearing rule_adjusted_rate restores the normal pre-rule fallback,reconciled_to_prior_rule_free_snapshot
1098cb63-5182-4fbb-96bf-b0940f2e57d5,trilogy,2026-07,Ottawa MO - 430,334/B,VIL,One Bedroom,2699,2507,2564,Decrease 3% - One Bedroom when SL occupancy < 80% +1 more,2026-08-21 01:10:52.984+00,2026-06,VIL,2699,,,,2507,July modulo_suggested_rate; clearing rule_adjusted_rate restores the normal pre-rule fallback,reconciled_to_prior_rule_free_snapshot
10ad433c-ffa2-4dab-a77d-ec7f7c61f4be,trilogy,2026-07,Romeo - 2512,518/A,AL,Studio,7749,8214,7968,"Decrease 3% - Studio Dlx, Studio when SL occupancy < 80% +2 more",2026-08-21 01:10:51.217+00,2026-06,AL,7749,,,,8214,July modulo_suggested_rate; clearing rule_adjusted_rate restores the normal pre-rule fallback,reconciled_to_prior_rule_free_snapshot
10b365e5-2926-425a-b251-622a6ce2dc1b,trilogy,2026-07,Willard - 2424,502/A,AL,Studio,6419,6406,6214,"Decrease 3% - Studio Dlx, Studio when SL occupancy < 80% +2 more",2026-08-21 01:10:53.742+00,2026-06,AL,6259,,,,6406,July modulo_suggested_rate; clearing rule_adjusted_rate restores the normal pre-rule fallback,reconciled_to_prior_rule_free_snapshot
10ca08e0-9e0c-41f8-9e0d-7da2d0edc6b1,trilogy,2026-07,Tell City - 103,517/A,AL,Companion,7429,6889,7058,Decrease 6.5% - Companion when RT occupancy < 50% +1 more,2026-08-21 01:10:56.638+00,2026-06,AL,7429,,,,6889,July modulo_suggested_rate; clearing rule_adjusted_rate restores the normal pre-rule fallback,reconciled_to_prior_rule_free_snapshot
10e71cb0-b9df-4073-86c1-3bc77a640cc3,trilogy,2026-07,Greenfield - 125,2236/A,VIL,One Bedroom,3499,3293,3324,Decrease 3% - One Bedroom when SL occupancy < 80% +1 more,2026-08-21 01:10:50.609+00,2026-06,VIL,3499,,,,3293,July modulo_suggested_rate; clearing rule_adjusted_rate restores the normal pre-rule fallback,reconciled_to_prior_rule_free_snapshot
10f66b2b-a57b-4f86-8b23-fbb8e4ce933e,trilogy,2026-07,Leipsic - 409,261/A,VIL,One Bedroom,1139,1207,1171,Decrease 3% - One Bedroom when SL occupancy < 80% +1 more,2026-08-21 01:10:57.66+00,2026-06,VIL,1069,,,,1207,July modulo_suggested_rate; clearing rule_adjusted_rate restores the normal pre-rule fallback,reconciled_to_prior_rule_free_snapshot
11090f69-d493-4f7b-ab54-4df237aaeeff,trilogy,2026-07,Bloomington HS - 5149,410T/A,AL,Companion,6029,6391,5976,Decrease 6.5% - Companion when RT occupancy < 50% +1 more,2026-08-21 01:10:52.31+00,2026-06,AL,6029,,,,6391,July modulo_suggested_rate; clearing rule_adjusted_rate restores the normal pre-rule fallback,reconciled_to_prior_rule_free_snapshot
1151e516-dfa5-4f5b-8ef8-88050276fa8c,trilogy,2026-07,East Lansing - 2507,705/B,AL/MC,Companion,5319,4816,5053,Decrease 6.5% - Companion when RT occupancy < 50% +1 more,2026-08-21 01:11:00.393+00,2026-06,AL/MC,5319,,,,4816,July modulo_suggested_rate; clearing rule_adjusted_rate restores the normal pre-rule fallback,reconciled_to_prior_rule_free_snapshot
11b2fdbe-20bc-4480-9278-c3380462f1a9,trilogy,2026-07,Bardstown - 233,213/A,AL/MC,Studio,6099,5901,5794,"Decrease 3% - Studio Dlx, Studio when SL occupancy < 80% +2 more",2026-08-21 01:10:41.57+00,2026-06,AL/MC,6099,,,,5901,July modulo_suggested_rate; clearing rule_adjusted_rate restores the normal pre-rule fallback,reconciled_to_prior_rule_free_snapshot
11c224a8-aa5c-4ba9-b166-363a4355c603,trilogy,2026-07,Belmont - 519,513/A,AL,Studio,7179,7610,7382,"Decrease 3% - Studio Dlx, Studio when SL occupancy < 80% +2 more",2026-08-21 01:10:50.242+00,2026-06,AL,6999,,,,7610,July modulo_suggested_rate; clearing rule_adjusted_rate restores the normal pre-rule fallback,reconciled_to_prior_rule_free_snapshot
11f274b8-c50a-4e57-be7a-6de80fe5a9ae,trilogy,2026-07,Jasper - 108,509/A,AL,Studio,6389,6395,6203,"Decrease 3% - Studio Dlx, Studio when SL occupancy < 80% +2 more",2026-08-21 01:10:45.367+00,2026-06,AL,6319,,,,6395,July modulo_suggested_rate; clearing rule_adjusted_rate restores the normal pre-rule fallback,reconciled_to_prior_rule_free_snapshot
120461cd-083c-4817-8ed4-b82119a8fdfc,trilogy,2026-07,Greenfield - 125,2266/B,VIL,One Bedroom,3499,3293,3324,Decrease 3% - One Bedroom when SL occupancy < 80% +1 more,2026-08-21 01:10:50.609+00,2026-06,VIL,3499,,,,3293,July modulo_suggested_rate; clearing rule_adjusted_rate restores the normal pre-rule fallback,reconciled_to_prior_rule_free_snapshot
1260a9da-cbbd-41b1-b3de-3a6691a2872a,trilogy,2026-07,Boonville - 110,509/A,AL,Studio,6409,6794,6590,"Decrease 3% - Studio Dlx, Studio when SL occupancy < 80% +2 more",2026-08-21 01:10:56.638+00,2026-06,AL,6409,,,,6794,July modulo_suggested_rate; clearing rule_adjusted_rate restores the normal pre-rule fallback,reconciled_to_prior_rule_free_snapshot
1287ce41-400d-4bc8-bc45-0d2696a39381,trilogy,2026-07,Tiffin - 435,506/B,AL,Studio,6799,7207,6991,"Decrease 3% - Studio Dlx, Studio when SL occupancy < 80% +2 more",2026-08-21 01:10:51.217+00,2026-06,AL,6629,,,,7207,July modulo_suggested_rate; clearing rule_adjusted_rate restores the normal pre-rule fallback,reconciled_to_prior_rule_free_snapshot
12a330de-0ac2-4b1d-a103-e65d62202051,trilogy,2026-07,Fremont - 403,517/A,AL,Studio,6349,6730,6528,"Decrease 3% - Studio Dlx, Studio when SL occupancy < 80% +2 more",2026-08-21 01:10:56.358+00,2026-06,AL,6039,,,,6730,July modulo_suggested_rate; clearing rule_adjusted_rate restores the normal pre-rule fallback,reconciled_to_prior_rule_free_snapshot
12e0e665-7f46-4ddc-9162-3c46cae8d9f2,trilogy,2026-07,Louisville ES - 210,LB207/B,AL/MC,Studio,8809,9338,9058,"Decrease 3% - Studio Dlx, Studio when SL occupancy < 80% +2 more",2026-08-21 01:10:50.917+00,2026-06,AL/MC,8589,,,,9338,July modulo_suggested_rate; clearing rule_adjusted_rate restores the normal pre-rule fallback,reconciled_to_prior_rule_free_snapshot
12ee34ce-a569-4ce3-b6a1-2612117713b1,trilogy,2026-07,Greensburg - 150,411/A,AL/MC,Studio,8079,7252,7675,"Decrease 3% - Studio Dlx, Studio when SL occupancy < 80% +2 more",2026-08-21 01:10:53.742+00,2026-06,AL/MC,8079,,,,7252,July modulo_suggested_rate; clearing rule_adjusted_rate restores the normal pre-rule fallback,reconciled_to_prior_rule_free_snapshot
130f2b5c-9deb-4525-bb77-967d335a01bc,trilogy,2026-07,Romeo - 2512,504/A,AL,Studio,7749,8214,7968,"Decrease 3% - Studio Dlx, Studio when SL occupancy < 80% +2 more",2026-08-21 01:10:50.917+00,2026-06,AL,7749,,,,8214,July modulo_suggested_rate; clearing rule_adjusted_rate restores the normal pre-rule fallback,reconciled_to_prior_rule_free_snapshot
1398ab27-f651-4e80-8a3c-d37e74c74565,trilogy,2026-07,Greenfield - 125,2262/A,VIL,One Bedroom,3499,3206,3324,Decrease 3% - One Bedroom when SL occupancy < 80% +1 more,2026-08-21 01:10:50.609+00,2026-06,VIL,3499,,,,3206,July modulo_suggested_rate; clearing rule_adjusted_rate restores the normal pre-rule fallback,reconciled_to_prior_rule_free_snapshot
142a72cf-48c4-40ae-addc-840d0f6c7890,trilogy,2026-07,Lafayette SL - 5162,110/B,AL,Studio,7349,7334,7114,"Decrease 3% - Studio Dlx, Studio when SL occupancy < 80% +2 more",2026-08-21 01:10:48.831+00,2026-06,AL,7169,,,,7334,July modulo_suggested_rate; clearing rule_adjusted_rate restores the normal pre-rule fallback,reconciled_to_prior_rule_free_snapshot
142c8637-3b60-460e-9c74-6fb4483cd204,trilogy,2026-07,Kokomo WK - 5168,28/B,AL,Studio,6119,6486,6291,"Decrease 3% - Studio Dlx, Studio when SL occupancy < 80% +2 more",2026-08-21 01:10:55.676+00,2026-06,AL,5969,,,,6486,July modulo_suggested_rate; clearing rule_adjusted_rate restores the normal pre-rule fallback,reconciled_to_prior_rule_free_snapshot
14693a84-0094-4f87-a70f-3c65a8eade90,trilogy,2026-07,Muncie - 128,504/A,AL,Studio,6989,6598,6640,"Decrease 3% - Studio Dlx, Studio when SL occupancy < 80% +2 more",2026-08-21 01:10:58.756+00,2026-06,AL,6919,,,,6598,July modulo_suggested_rate; clearing rule_adjusted_rate restores the normal pre-rule fallback,reconciled_to_prior_rule_free_snapshot
149186d7-a2db-4c0f-ae1e-1a277a78de98,trilogy,2026-07,Louisville ES - 210,LB115/B,AL/MC,Studio,8809,9338,9058,"Decrease 3% - Studio Dlx, Studio when SL occupancy < 80% +2 more",2026-08-21 01:10:50.917+00,2026-06,AL/MC,8589,,,,9338,July modulo_suggested_rate; clearing rule_adjusted_rate restores the normal pre-rule fallback,reconciled_to_prior_rule_free_snapshot
14b60f4d-8982-43a9-b0fd-65828a2439f2,trilogy,2026-07,Jasper - 108,412/A,AL,Studio,6389,6395,6203,"Decrease 3% - Studio Dlx, Studio when SL occupancy < 80% +2 more",2026-08-21 01:10:45.367+00,2026-06,AL,6319,,,,6395,July modulo_suggested_rate; clearing rule_adjusted_rate restores the normal pre-rule fallback,reconciled_to_prior_rule_free_snapshot
154291c6-32c9-4eb5-a71e-3eb544f145ab,trilogy,2026-07,Bardstown - 233,210/A,AL/MC,Studio,6349,6143,6032,"Decrease 3% - Studio Dlx, Studio when SL occupancy < 80% +2 more",2026-08-21 01:10:41.57+00,2026-06,AL/MC,6349,,,,6143,July modulo_suggested_rate; clearing rule_adjusted_rate restores the normal pre-rule fallback,reconciled_to_prior_rule_free_snapshot
1685bfc4-2e9a-4a82-adce-9a37853ca29e,trilogy,2026-07,Tiffin - 435,512/B,AL,Studio,6799,7207,6991,"Decrease 3% - Studio Dlx, Studio when SL occupancy < 80% +2 more",2026-08-21 01:10:51.217+00,2026-06,AL,6629,,,,7207,July modulo_suggested_rate; clearing rule_adjusted_rate restores the normal pre-rule fallback,reconciled_to_prior_rule_free_snapshot
16c87a76-e25b-4d65-8e3c-b5d7a324874e,trilogy,2026-07,Muncie - 128,506/A,AL,Studio,6989,6598,6640,"Decrease 3% - Studio Dlx, Studio when SL occupancy < 80% +2 more",2026-08-21 01:10:58.756+00,2026-06,AL,6919,,,,6598,July modulo_suggested_rate; clearing rule_adjusted_rate restores the normal pre-rule fallback,reconciled_to_prior_rule_free_snapshot
16cd2312-ccd6-43eb-81fb-450fd0b6140d,trilogy,2026-07,Batesville - 120,501/A,AL,Studio,6669,6900,6693,"Decrease 3% - Studio Dlx, Studio when SL occupancy < 80% +2 more",2026-08-21 01:10:54.344+00,2026-06,AL,6499,,,,6900,July modulo_suggested_rate; clearing rule_adjusted_rate restores the normal pre-rule fallback,reconciled_to_prior_rule_free_snapshot
16dd4083-5305-418e-a9e5-56627113352e,trilogy,2026-07,West Lafayette - 2135,338/A,AL,Companion,4189,4416,4189,Decrease 6.5% - Companion when RT occupancy < 50% +1 more,2026-08-21 01:10:48.199+00,2026-06,AL,4409,,,,4416,July modulo_suggested_rate; clearing rule_adjusted_rate restores the normal pre-rule fallback,reconciled_to_prior_rule_free_snapshot
170fc3d3-2da0-46ca-b686-69713d16e159,trilogy,2026-07,Muskegon - 525,508/A,AL,Companion,7599,7301,7219,Decrease 6.5% - Companion when RT occupancy < 50% +1 more,2026-08-21 01:10:54.344+00,2026-06,AL,7409,,,,7301,July modulo_suggested_rate; clearing rule_adjusted_rate restores the normal pre-rule fallback,reconciled_to_prior_rule_free_snapshot
173e4d19-1696-4346-b2a8-e082b5cb140e,trilogy,2026-07,Lafayette SL - 5162,108/A,AL,Studio,5849,5837,5662,"Decrease 3% - Studio Dlx, Studio when SL occupancy < 80% +2 more",2026-08-21 01:10:48.831+00,2026-06,AL,5849,,,,5837,July modulo_suggested_rate; clearing rule_adjusted_rate restores the normal pre-rule fallback,reconciled_to_prior_rule_free_snapshot
17644c4a-2fa3-4a50-a1f9-ad47aea62c97,trilogy,2026-07,Louisville ES - 210,LB209/A,AL/MC,Studio,8809,9338,9058,"Decrease 3% - Studio Dlx, Studio when SL occupancy < 80% +2 more",2026-08-21 01:10:50.917+00,2026-06,AL/MC,8589,,,,9338,July modulo_suggested_rate; clearing rule_adjusted_rate restores the normal pre-rule fallback,reconciled_to_prior_rule_free_snapshot
17d9a92f-e71e-48a9-8cf7-f41673fa2a59,trilogy,2026-07,Greenfield - 125,2259/B,VIL,One Bedroom,3499,3293,3324,Decrease 3% - One Bedroom when SL occupancy < 80% +1 more,2026-08-21 01:10:50.609+00,2026-06,VIL,3499,,,,3293,July modulo_suggested_rate; clearing rule_adjusted_rate restores the normal pre-rule fallback,reconciled_to_prior_rule_free_snapshot
17dd3188-7800-4f75-93f3-297957c12563,trilogy,2026-07,Greenfield - 125,2272/A,VIL,One Bedroom,3499,3293,3324,Decrease 3% - One Bedroom when SL occupancy < 80% +1 more,2026-08-21 01:10:50.609+00,2026-06,VIL,3499,,,,3293,July modulo_suggested_rate; clearing rule_adjusted_rate restores the normal pre-rule fallback,reconciled_to_prior_rule_free_snapshot
182595f2-20fb-4139-b43f-ae10242a5ed1,trilogy,2026-07,Sylvania - 2427,5353/B,VIL,One Bedroom,3299,3090,3134,Decrease 3% - One Bedroom when SL occupancy < 80% +1 more,2026-08-21 01:10:45.367+00,2026-06,VIL,3299,,,,3090,July modulo_suggested_rate; clearing rule_adjusted_rate restores the normal pre-rule fallback,reconciled_to_prior_rule_free_snapshot
184becb6-a153-4594-a302-3c8a5c3a9047,trilogy,2026-07,Leipsic - 409,461/A,VIL,One Bedroom,1469,1557,1510,Decrease 3% - One Bedroom when SL occupancy < 80% +1 more,2026-08-21 01:10:57.66+00,2026-06,VIL,1359,,,,1557,July modulo_suggested_rate; clearing rule_adjusted_rate restores the normal pre-rule fallback,reconciled_to_prior_rule_free_snapshot
18588e90-b4ac-4de1-b028-c0d40c07aab7,trilogy,2026-07,Kalida - 406,409/A,AL/MC,Studio,7919,7213,7523,"Decrease 3% - Studio Dlx, Studio when SL occupancy < 80% +2 more",2026-08-21 01:10:59.05+00,2026-06,AL/MC,8119,,,,7213,July modulo_suggested_rate; clearing rule_adjusted_rate restores the normal pre-rule fallback,reconciled_to_prior_rule_free_snapshot
185db557-2c35-4979-b32c-f2048282c008,trilogy,2026-07,Greenfield - 125,2254/A,VIL,One Bedroom,3499,3293,3324,Decrease 3% - One Bedroom when SL occupancy < 80% +1 more,2026-08-21 01:10:50.917+00,2026-06,VIL,3499,,,,3293,July modulo_suggested_rate; clearing rule_adjusted_rate restores the normal pre-rule fallback,reconciled_to_prior_rule_free_snapshot
18b529ec-2367-476f-bb4c-256b006533fe,trilogy,2026-07,Boonville - 110,501/A,AL,Studio,6409,6794,6590,"Decrease 3% - Studio Dlx, Studio when SL occupancy < 80% +2 more",2026-08-21 01:10:56.638+00,2026-06,AL,6409,,,,6794,July modulo_suggested_rate; clearing rule_adjusted_rate restores the normal pre-rule fallback,reconciled_to_prior_rule_free_snapshot
18be41da-2d92-4a98-b51f-300823d19790,trilogy,2026-07,Bloomington SC - 5164,115/B,AL,Studio Dlx,6739,7143,6929,"Decrease 3% - Studio Dlx, Studio when SL occupancy < 80% +2 more",2026-08-21 01:10:54.824+00,2026-06,AL,6499,,,,7143,July modulo_suggested_rate; clearing rule_adjusted_rate restores the normal pre-rule fallback,reconciled_to_prior_rule_free_snapshot
192653b3-0069-4ffa-8d01-6b7cbe4aaff4,trilogy,2026-07,Waunakee - 571,14/B,VIL,One Bedroom,409,434,421,Decrease 3% - One Bedroom when SL occupancy < 80% +1 more,2026-08-21 01:10:50.917+00,2026-06,VIL,399,,,,434,July modulo_suggested_rate; clearing rule_adjusted_rate restores the normal pre-rule fallback,reconciled_to_prior_rule_free_snapshot
1971564f-74c6-4732-9085-2c4c29db74c7,trilogy,2026-07,Tiffin - 435,518/A,AL,Studio,6799,7207,6991,"Decrease 3% - Studio Dlx, Studio when SL occupancy < 80% +2 more",2026-08-21 01:10:51.217+00,2026-06,AL,6629,,,,7207,July modulo_suggested_rate; clearing rule_adjusted_rate restores the normal pre-rule fallback,reconciled_to_prior_rule_free_snapshot
1977d466-5bc4-40cb-9473-251b992f22a5,trilogy,2026-07,Greensburg - 150,401/A,AL/MC,Studio,8079,7252,7675,"Decrease 3% - Studio Dlx, Studio when SL occupancy < 80% +2 more",2026-08-21 01:10:53.742+00,2026-06,AL/MC,8079,,,,7252,July modulo_suggested_rate; clearing rule_adjusted_rate restores the normal pre-rule fallback,reconciled_to_prior_rule_free_snapshot
19c27d08-d9cc-4162-86e7-25f38af71884,trilogy,2026-07,Shelbyville - 118,6A/B,VIL,One Bedroom,3289,3276,3178,Decrease 3% - One Bedroom when SL occupancy < 80% +1 more,2026-08-21 01:10:52.984+00,2026-06,VIL,3289,,,,3276,July modulo_suggested_rate; clearing rule_adjusted_rate restores the normal pre-rule fallback,reconciled_to_prior_rule_free_snapshot
19e846c9-b988-4e4c-8c87-891d2b0b8282,trilogy,2026-07,Greenfield - 125,2250/B,VIL,One Bedroom,3499,3293,3324,Decrease 3% - One Bedroom when SL occupancy < 80% +1 more,2026-08-21 01:10:50.917+00,2026-06,VIL,3499,,,,3293,July modulo_suggested_rate; clearing rule_adjusted_rate restores the normal pre-rule fallback,reconciled_to_prior_rule_free_snapshot
1a486604-3daa-4d79-86e4-e999597d232f,trilogy,2026-07,Anderson - 112,1724/A,VIL,One Bedroom,2819,2640,2678,Decrease 3% - One Bedroom when SL occupancy < 80% +1 more,2026-08-21 01:10:46.29+00,2026-06,VIL,2959,,,,2640,July modulo_suggested_rate; clearing rule_adjusted_rate restores the normal pre-rule fallback,reconciled_to_prior_rule_free_snapshot
1a54dda9-8e3c-412e-99a2-9a8a68be1c16,trilogy,2026-07,Bloomington SC - 5164,108/B,AL,Studio Dlx,6739,7143,6929,"Decrease 3% - Studio Dlx, Studio when SL occupancy < 80% +2 more",2026-08-21 01:10:54.824+00,2026-06,AL,6499,,,,7143,July modulo_suggested_rate; clearing rule_adjusted_rate restores the normal pre-rule fallback,reconciled_to_prior_rule_free_snapshot
1a5d3af9-2530-46b8-82b9-78f344adb26d,trilogy,2026-07,Greenfield - 125,562/B,VIL,One Bedroom,3499,3293,3324,Decrease 3% - One Bedroom when SL occupancy < 80% +1 more,2026-08-21 01:10:50.609+00,2026-06,VIL,3499,,,,3293,July modulo_suggested_rate; clearing rule_adjusted_rate restores the normal pre-rule fallback,reconciled_to_prior_rule_free_snapshot
1a931061-d9fe-4d07-a8fd-6d1f8657740b,trilogy,2026-07,Scottsburg - 121,511/A,AL,Studio Dlx,7579,7128,7200,"Decrease 3% - Studio Dlx, Studio when SL occupancy < 80% +2 more",2026-08-21 01:10:45.367+00,2026-06,AL,7579,,,,7128,July modulo_suggested_rate; clearing rule_adjusted_rate restores the normal pre-rule fallback,reconciled_to_prior_rule_free_snapshot
1aab9290-d557-4102-86e3-27677656cb5f,trilogy,2026-07,Greenfield - 125,2253/B,VIL,One Bedroom,3499,3293,3324,Decrease 3% - One Bedroom when SL occupancy < 80% +1 more,2026-08-21 01:10:50.917+00,2026-06,VIL,3499,,,,3293,July modulo_suggested_rate; clearing rule_adjusted_rate restores the normal pre-rule fallback,reconciled_to_prior_rule_free_snapshot
1aad5e48-5143-40ae-b5ea-fd864407346f,trilogy,2026-07,Bloomington HS - 5149,504/A,AL,Studio Dlx,6029,5698,5728,"Decrease 3% - Studio Dlx, Studio when SL occupancy < 80% +2 more",2026-08-21 01:10:52.31+00,2026-06,AL,6029,,,,5698,July modulo_suggested_rate; clearing rule_adjusted_rate restores the normal pre-rule fallback,reconciled_to_prior_rule_free_snapshot
1abe9104-2e5b-4666-81ea-004725fc2933,trilogy,2026-07,Kokomo WK - 5168,30/B,AL,Studio,6119,6486,6291,"Decrease 3% - Studio Dlx, Studio when SL occupancy < 80% +2 more",2026-08-21 01:10:55.676+00,2026-06,AL,5969,,,,6486,July modulo_suggested_rate; clearing rule_adjusted_rate restores the normal pre-rule fallback,reconciled_to_prior_rule_free_snapshot
1b1bf318-5fba-479e-b9c8-1ba4c5be962c,trilogy,2026-07,Jasper - 108,518/A,AL,Studio,6389,6395,6203,"Decrease 3% - Studio Dlx, Studio when SL occupancy < 80% +2 more",2026-08-21 01:10:45.367+00,2026-06,AL,6319,,,,6395,July modulo_suggested_rate; clearing rule_adjusted_rate restores the normal pre-rule fallback,reconciled_to_prior_rule_free_snapshot
1b22252a-a43f-4e8a-9000-47d67448b24d,trilogy,2026-07,Anderson - 112,2218/A,VIL,One Bedroom,2819,2640,2678,Decrease 3% - One Bedroom when SL occupancy < 80% +1 more,2026-08-21 01:10:46.29+00,2026-06,VIL,2959,,,,2640,July modulo_suggested_rate; clearing rule_adjusted_rate restores the normal pre-rule fallback,reconciled_to_prior_rule_free_snapshot
1bc27e9a-525f-48be-b853-a64d3340d5ce,trilogy,2026-07,Tiffin - 435,516/B,AL,Studio,6799,7207,6991,"Decrease 3% - Studio Dlx, Studio when SL occupancy < 80% +2 more",2026-08-21 01:10:51.217+00,2026-06,AL,6629,,,,7207,July modulo_suggested_rate; clearing rule_adjusted_rate restores the normal pre-rule fallback,reconciled_to_prior_rule_free_snapshot
1bddc49a-5a50-48d0-8dde-e3b5c9ce4dc7,trilogy,2026-07,Kokomo WK - 5168,22/A,AL,Studio,6119,6486,6291,"Decrease 3% - Studio Dlx, Studio when SL occupancy < 80% +2 more",2026-08-21 01:10:55.676+00,2026-06,AL,5969,,,,6486,July modulo_suggested_rate; clearing rule_adjusted_rate restores the normal pre-rule fallback,reconciled_to_prior_rule_free_snapshot
1bf87daa-ccb9-49b1-a3a0-7f2fd0a2a1c0,trilogy,2026-07,Bloomington SC - 5164,115/A,AL,Studio Dlx,6739,7143,6929,"Decrease 3% - Studio Dlx, Studio when SL occupancy < 80% +2 more",2026-08-21 01:10:54.824+00,2026-06,AL,6499,,,,7143,July modulo_suggested_rate; clearing rule_adjusted_rate restores the normal pre-rule fallback,reconciled_to_prior_rule_free_snapshot
1c0f18ca-4649-4c6a-85f6-72a17447785b,trilogy,2026-07,Monclova - 2422,603/A,AL/MC,Companion,7669,6749,7286,Decrease 6.5% - Companion when RT occupancy < 50% +1 more,2026-08-21 01:10:53.213+00,2026-06,AL/MC,7859,,,,6749,July modulo_suggested_rate; clearing rule_adjusted_rate restores the normal pre-rule fallback,reconciled_to_prior_rule_free_snapshot
1c76b5f2-2c6d-444f-aed6-ecac091928d4,trilogy,2026-07,Leipsic - 409,251/A,VIL,One Bedroom,1139,1207,1171,Decrease 3% - One Bedroom when SL occupancy < 80% +1 more,2026-08-21 01:10:57.66+00,2026-06,VIL,1069,,,,1207,July modulo_suggested_rate; clearing rule_adjusted_rate restores the normal pre-rule fallback,reconciled_to_prior_rule_free_snapshot
1cb32126-af1c-4690-ad3f-e7e083446af3,trilogy,2026-07,Bloomington HS - 5149,513/B,AL,Companion,6029,6391,5976,Decrease 6.5% - Companion when RT occupancy < 50% +1 more,2026-08-21 01:10:52.31+00,2026-06,AL,6029,,,,6391,July modulo_suggested_rate; clearing rule_adjusted_rate restores the normal pre-rule fallback,reconciled_to_prior_rule_free_snapshot
1ce833e6-bae9-4cbc-806a-ebfad6479d0d,trilogy,2026-07,Belmont - 519,605/B,AL/MC,Companion,9429,8835,8958,Decrease 6.5% - Companion when RT occupancy < 50% +1 more,2026-08-21 01:10:50.242+00,2026-06,AL/MC,9429,,,,8835,July modulo_suggested_rate; clearing rule_adjusted_rate restores the normal pre-rule fallback,reconciled_to_prior_rule_free_snapshot
1d525e35-9bd4-4ba9-ac9d-0e4edbc63bde,trilogy,2026-07,Anderson - 112,1724/B,VIL,One Bedroom,2819,2640,2678,Decrease 3% - One Bedroom when SL occupancy < 80% +1 more,2026-08-21 01:10:46.29+00,2026-06,VIL,2959,,,,2640,July modulo_suggested_rate; clearing rule_adjusted_rate restores the normal pre-rule fallback,reconciled_to_prior_rule_free_snapshot
1d67751b-2cd3-4fbf-a138-8853dd7e910d,trilogy,2026-07,Bardstown - 233,208/B,AL/MC,Studio,6349,6143,6032,"Decrease 3% - Studio Dlx, Studio when SL occupancy < 80% +2 more",2026-08-21 01:10:41.57+00,2026-06,AL/MC,6349,,,,6143,July modulo_suggested_rate; clearing rule_adjusted_rate restores the normal pre-rule fallback,reconciled_to_prior_rule_free_snapshot
1dc3d736-a986-4019-8410-bdf7bea6e39d,trilogy,2026-07,Avon - 5166,10/B,AL,Studio Dlx,4979,4964,4815,"Decrease 3% - Studio Dlx, Studio when SL occupancy < 80% +2 more",2026-08-21 01:10:50.609+00,2026-06,AL,4979,,,,4964,July modulo_suggested_rate; clearing rule_adjusted_rate restores the normal pre-rule fallback,reconciled_to_prior_rule_free_snapshot
1dff17ab-347b-4b67-a595-4252a6991d52,trilogy,2026-07,Lima SL - 433,614/A,AL/MC,Studio,7159,7589,7361,"Decrease 3% - Studio Dlx, Studio when SL occupancy < 80% +2 more",2026-08-21 01:10:54.824+00,2026-06,AL/MC,6979,,,,7589,July modulo_suggested_rate; clearing rule_adjusted_rate restores the normal pre-rule fallback,reconciled_to_prior_rule_free_snapshot
1ed0ed6c-7e67-478c-a54a-f7db8e9a1499,trilogy,2026-07,Muncie - 128,519/A,AL,Studio,6989,6598,6640,"Decrease 3% - Studio Dlx, Studio when SL occupancy < 80% +2 more",2026-08-21 01:10:58.756+00,2026-06,AL,6919,,,,6598,July modulo_suggested_rate; clearing rule_adjusted_rate restores the normal pre-rule fallback,reconciled_to_prior_rule_free_snapshot
1eefe3f6-424b-4f82-afe9-2283f41fa6ab,trilogy,2026-07,Louisville ES - 210,LB315/B,AL/MC,Studio,8809,9338,9058,"Decrease 3% - Studio Dlx, Studio when SL occupancy < 80% +2 more",2026-08-21 01:10:50.917+00,2026-06,AL/MC,8589,,,,9338,July modulo_suggested_rate; clearing rule_adjusted_rate restores the normal pre-rule fallback,reconciled_to_prior_rule_free_snapshot
1f011ae9-3308-4fce-bb4e-bd8f9b991099,trilogy,2026-07,Harrodsburg - 2187,506/A,AL,Companion,5999,6359,5946,Decrease 6.5% - Companion when RT occupancy < 50% +1 more,2026-08-21 01:11:00.666+00,2026-06,AL,5999,,,,6359,July modulo_suggested_rate; clearing rule_adjusted_rate restores the normal pre-rule fallback,reconciled_to_prior_rule_free_snapshot
1f11f854-5056-4d3b-b5a1-41b34a90e3d8,trilogy,2026-07,Batesville - 120,515/A,AL,Studio,6669,6900,6693,"Decrease 3% - Studio Dlx, Studio when SL occupancy < 80% +2 more",2026-08-21 01:10:54.344+00,2026-06,AL,6499,,,,6900,July modulo_suggested_rate; clearing rule_adjusted_rate restores the normal pre-rule fallback,reconciled_to_prior_rule_free_snapshot
1f13d9b8-2386-4be0-a873-9191f852ee6a,trilogy,2026-07,Louisville ES - 210,LB313/A,AL/MC,Studio,8809,9338,9058,"Decrease 3% - Studio Dlx, Studio when SL occupancy < 80% +2 more",2026-08-21 01:10:50.917+00,2026-06,AL/MC,8589,,,,9338,July modulo_suggested_rate; clearing rule_adjusted_rate restores the normal pre-rule fallback,reconciled_to_prior_rule_free_snapshot
1f15a3d5-e85c-47e2-82ff-6befe3cf2248,trilogy,2026-07,Crawfordsville - 5167,25/A,AL,Studio,5969,5957,5778,"Decrease 3% - Studio Dlx, Studio when SL occupancy < 80% +2 more",2026-08-21 01:10:55.188+00,2026-06,AL,5819,,,,5957,July modulo_suggested_rate; clearing rule_adjusted_rate restores the normal pre-rule fallback,reconciled_to_prior_rule_free_snapshot
1f3f3757-f16a-40a7-8624-d410572480c8,trilogy,2026-07,Louisville ES - 210,LB101/B,AL/MC,Studio,8809,9338,9058,"Decrease 3% - Studio Dlx, Studio when SL occupancy < 80% +2 more",2026-08-21 01:10:50.917+00,2026-06,AL/MC,8589,,,,9338,July modulo_suggested_rate; clearing rule_adjusted_rate restores the normal pre-rule fallback,reconciled_to_prior_rule_free_snapshot
1fafcd18-853b-404f-996b-967afbe3b2ef,trilogy,2026-07,West Lafayette - 2135,338/B,AL,Companion,4409,4524,4230,Decrease 6.5% - Companion when RT occupancy < 50% +1 more,2026-08-21 01:10:48.199+00,2026-06,AL,4409,,,,4524,July modulo_suggested_rate; clearing rule_adjusted_rate restores the normal pre-rule fallback,reconciled_to_prior_rule_free_snapshot
2096d361-725d-4c55-baf8-e4e5c526bfc0,trilogy,2026-07,Lima SL - 433,610/A,AL/MC,Studio,7159,7589,7361,"Decrease 3% - Studio Dlx, Studio when SL occupancy < 80% +2 more",2026-08-21 01:10:54.824+00,2026-06,AL/MC,6979,,,,7589,July modulo_suggested_rate; clearing rule_adjusted_rate restores the normal pre-rule fallback,reconciled_to_prior_rule_free_snapshot
20cfac81-6750-41b6-b94a-8a71200e0ae5,trilogy,2026-07,Kokomo WK - 5168,18/A,AL,Studio,6119,6486,6291,"Decrease 3% - Studio Dlx, Studio when SL occupancy < 80% +2 more",2026-08-21 01:10:55.676+00,2026-06,AL,5969,,,,6486,July modulo_suggested_rate; clearing rule_adjusted_rate restores the normal pre-rule fallback,reconciled_to_prior_rule_free_snapshot
21f41459-1c52-44e3-87c8-1fe3fba30aa8,trilogy,2026-07,Monclova - 2422,6955/B,VIL,One Bedroom,3229,3423,3320,Decrease 3% - One Bedroom when SL occupancy < 80% +1 more,2026-08-21 01:10:53.213+00,2026-06,VIL,3149,,,,3423,July modulo_suggested_rate; clearing rule_adjusted_rate restores the normal pre-rule fallback,reconciled_to_prior_rule_free_snapshot
2204d798-575b-4e66-af95-8546136d45f2,trilogy,2026-07,Lima SL - 433,613/A,AL/MC,Studio,7159,7589,7361,"Decrease 3% - Studio Dlx, Studio when SL occupancy < 80% +2 more",2026-08-21 01:10:54.824+00,2026-06,AL/MC,6979,,,,7589,July modulo_suggested_rate; clearing rule_adjusted_rate restores the normal pre-rule fallback,reconciled_to_prior_rule_free_snapshot
22119f1b-3333-4ec2-a7ba-fe3de598e79e,trilogy,2026-07,Ottawa MO - 430,254/B,VIL,One Bedroom,2699,2507,2564,Decrease 3% - One Bedroom when SL occupancy < 80% +1 more,2026-08-21 01:10:52.984+00,2026-06,VIL,2699,,,,2507,July modulo_suggested_rate; clearing rule_adjusted_rate restores the normal pre-rule fallback,reconciled_to_prior_rule_free_snapshot
223b8f8b-1265-4058-b291-8b8c2fd312b7,trilogy,2026-07,Willard - 2424,508/B,AL,Studio,6419,6406,6214,"Decrease 3% - Studio Dlx, Studio when SL occupancy < 80% +2 more",2026-08-21 01:10:53.742+00,2026-06,AL,6259,,,,6406,July modulo_suggested_rate; clearing rule_adjusted_rate restores the normal pre-rule fallback,reconciled_to_prior_rule_free_snapshot
22b92832-e08e-4583-ae27-fb2cf3e95a96,trilogy,2026-07,Louisville ES - 210,LB113/A,AL/MC,Studio,8809,9338,9058,"Decrease 3% - Studio Dlx, Studio when SL occupancy < 80% +2 more",2026-08-21 01:10:50.917+00,2026-06,AL/MC,8589,,,,9338,July modulo_suggested_rate; clearing rule_adjusted_rate restores the normal pre-rule fallback,reconciled_to_prior_rule_free_snapshot
22dfb2e9-e3a1-4ffb-8a52-5411c7fd9ec7,trilogy,2026-07,Indianapolis AP - 5160,301/B,AL,Companion,2339,2227,2222,Decrease 6.5% - Companion when RT occupancy < 50% +1 more,2026-08-21 01:10:50.242+00,2026-06,AL,2339,,,,2227,July modulo_suggested_rate; clearing rule_adjusted_rate restores the normal pre-rule fallback,reconciled_to_prior_rule_free_snapshot
232ac7bc-23da-4422-b77f-c06766879ab2,trilogy,2026-07,Terre Haute HC - 5163,303/B,AL,Studio Dlx,6629,6089,6298,"Decrease 3% - Studio Dlx, Studio when SL occupancy < 80% +2 more",2026-08-21 01:11:00.393+00,2026-06,AL,6629,,,,6089,July modulo_suggested_rate; clearing rule_adjusted_rate restores the normal pre-rule fallback,reconciled_to_prior_rule_free_snapshot
23ae4201-0d9d-465a-855b-f47533317471,trilogy,2026-07,Louisville ES - 210,LB225/B,AL/MC,Studio,8809,9338,9058,"Decrease 3% - Studio Dlx, Studio when SL occupancy < 80% +2 more",2026-08-21 01:10:50.917+00,2026-06,AL/MC,8589,,,,9338,July modulo_suggested_rate; clearing rule_adjusted_rate restores the normal pre-rule fallback,reconciled_to_prior_rule_free_snapshot
23b02847-2a81-4d06-9d9e-8a73b6505d69,trilogy,2026-07,Vincennes - 131,503/A,AL,Studio,6069,6284,6095,"Decrease 3% - Studio Dlx, Studio when SL occupancy < 80% +2 more",2026-08-21 01:10:59.05+00,2026-06,AL,6069,,,,6284,July modulo_suggested_rate; clearing rule_adjusted_rate restores the normal pre-rule fallback,reconciled_to_prior_rule_free_snapshot
2416d842-2481-48bc-903e-11297aa1adf2,trilogy,2026-07,Shelbyville - 118,405/A,AL/MC,Companion,8689,9210,8611,Decrease 6.5% - Companion when RT occupancy < 50% +1 more,2026-08-21 01:10:52.984+00,2026-06,AL/MC,8469,,,,9210,July modulo_suggested_rate; clearing rule_adjusted_rate restores the normal pre-rule fallback,reconciled_to_prior_rule_free_snapshot
243bc1cb-2f86-467f-ac4e-6c173038aed8,trilogy,2026-07,Leipsic - 409,260/B,VIL,One Bedroom,1139,1207,1171,Decrease 3% - One Bedroom when SL occupancy < 80% +1 more,2026-08-21 01:10:57.66+00,2026-06,VIL,1069,,,,1207,July modulo_suggested_rate; clearing rule_adjusted_rate restores the normal pre-rule fallback,reconciled_to_prior_rule_free_snapshot
24b4f646-2efd-4c76-b9c0-d5169f4aac0c,trilogy,2026-07,Louisville ES - 210,LB219/B,AL/MC,Studio,8809,9338,9058,"Decrease 3% - Studio Dlx, Studio when SL occupancy < 80% +2 more",2026-08-21 01:10:50.917+00,2026-06,AL/MC,8589,,,,9338,July modulo_suggested_rate; clearing rule_adjusted_rate restores the normal pre-rule fallback,reconciled_to_prior_rule_free_snapshot
24b8e960-976f-485c-bc0b-e976617e8610,trilogy,2026-07,Indianapolis AP - 5160,302/A,AL,Companion,2339,2227,2222,Decrease 6.5% - Companion when RT occupancy < 50% +1 more,2026-08-21 01:10:50.242+00,2026-06,AL,2339,,,,2227,July modulo_suggested_rate; clearing rule_adjusted_rate restores the normal pre-rule fallback,reconciled_to_prior_rule_free_snapshot
25b25399-bd45-46f5-adf6-f5c5452d21d7,trilogy,2026-07,Muncie - 128,508/A,AL,Studio,6989,6598,6640,"Decrease 3% - Studio Dlx, Studio when SL occupancy < 80% +2 more",2026-08-21 01:10:58.756+00,2026-06,AL,6919,,,,6598,July modulo_suggested_rate; clearing rule_adjusted_rate restores the normal pre-rule fallback,reconciled_to_prior_rule_free_snapshot
25d21e1b-934a-4553-8095-663825c2e78d,trilogy,2026-07,Harrodsburg - 2187,505/A,AL,Companion,5999,6359,5946,Decrease 6.5% - Companion when RT occupancy < 50% +1 more,2026-08-21 01:11:00.666+00,2026-06,AL,5999,,,,6359,July modulo_suggested_rate; clearing rule_adjusted_rate restores the normal pre-rule fallback,reconciled_to_prior_rule_free_snapshot
25ef477b-4e17-4d28-b113-fdaacdd05172,trilogy,2026-07,Greenfield - 125,2227/A,VIL,One Bedroom,3299,3105,3134,Decrease 3% - One Bedroom when SL occupancy < 80% +1 more,2026-08-21 01:10:50.917+00,2026-06,VIL,3299,,,,3105,July modulo_suggested_rate; clearing rule_adjusted_rate restores the normal pre-rule fallback,reconciled_to_prior_rule_free_snapshot
25f3cb64-af90-4491-b64f-b8b70faa3c16,trilogy,2026-07,Anderson - 112,304/B,AL/MC,Companion,6999,6159,6649,Decrease 6.5% - Companion when RT occupancy < 50% +1 more,2026-08-21 01:10:46.29+00,2026-06,AL/MC,7179,,,,6159,July modulo_suggested_rate; clearing rule_adjusted_rate restores the normal pre-rule fallback,reconciled_to_prior_rule_free_snapshot
26124855-566e-4da6-b21b-565f73169d4b,trilogy,2026-07,Jasper - 108,500/A,AL,Studio,6389,6395,6203,"Decrease 3% - Studio Dlx, Studio when SL occupancy < 80% +2 more",2026-08-21 01:10:45.367+00,2026-06,AL,6319,,,,6395,July modulo_suggested_rate; clearing rule_adjusted_rate restores the normal pre-rule fallback,reconciled_to_prior_rule_free_snapshot
26173b6f-e608-429b-982c-c07f3e559c5c,trilogy,2026-07,Greensburg - 150,408/A,AL/MC,Studio,8079,7454,7675,"Decrease 3% - Studio Dlx, Studio when SL occupancy < 80% +2 more",2026-08-21 01:10:53.742+00,2026-06,AL/MC,8079,,,,7454,July modulo_suggested_rate; clearing rule_adjusted_rate restores the normal pre-rule fallback,reconciled_to_prior_rule_free_snapshot
26749523-479d-4f72-bea7-f6d586503629,trilogy,2026-07,Louisville ES - 210,LB109/A,AL/MC,Studio,8809,9338,9058,"Decrease 3% - Studio Dlx, Studio when SL occupancy < 80% +2 more",2026-08-21 01:10:50.917+00,2026-06,AL/MC,8589,,,,9338,July modulo_suggested_rate; clearing rule_adjusted_rate restores the normal pre-rule fallback,reconciled_to_prior_rule_free_snapshot
267de0d4-31ad-49f5-b074-59e65e9cd77d,trilogy,2026-07,Corydon - 2180,519/A,AL,Studio,6459,6284,6136,"Decrease 3% - Studio Dlx, Studio when SL occupancy < 80% +2 more",2026-08-21 01:10:55.676+00,2026-06,AL,6389,,,,6284,July modulo_suggested_rate; clearing rule_adjusted_rate restores the normal pre-rule fallback,reconciled_to_prior_rule_free_snapshot
270b03c3-697d-4428-aac0-77c68ee38767,trilogy,2026-07,Batesville - 120,505/B,AL,Studio,6669,6900,6693,"Decrease 3% - Studio Dlx, Studio when SL occupancy < 80% +2 more",2026-08-21 01:10:54.344+00,2026-06,AL,6499,,,,6900,July modulo_suggested_rate; clearing rule_adjusted_rate restores the normal pre-rule fallback,reconciled_to_prior_rule_free_snapshot
27211f2c-bb99-44e1-93ab-6d815d92f9ae,trilogy,2026-07,Tiffin - 435,613/A,AL,Studio,6809,7218,7001,"Decrease 3% - Studio Dlx, Studio when SL occupancy < 80% +2 more",2026-08-21 01:10:51.217+00,2026-06,AL,379,,,,7218,July modulo_suggested_rate; clearing rule_adjusted_rate restores the normal pre-rule fallback,reconciled_to_prior_rule_free_snapshot
2754d6a1-55cf-4487-a4af-2a479fc5e1e0,trilogy,2026-07,Greenfield - 125,2261/A,VIL,One Bedroom,3499,3293,3324,Decrease 3% - One Bedroom when SL occupancy < 80% +1 more,2026-08-21 01:10:50.917+00,2026-06,VIL,3499,,,,3293,July modulo_suggested_rate; clearing rule_adjusted_rate restores the normal pre-rule fallback,reconciled_to_prior_rule_free_snapshot
27be4aa8-97ff-401a-9603-37d2e1da2243,trilogy,2026-07,Tell City - 103,510/A,AL,Companion,7429,7075,7058,Decrease 6.5% - Companion when RT occupancy < 50% +1 more,2026-08-21 01:10:56.638+00,2026-06,AL,7429,,,,7075,July modulo_suggested_rate; clearing rule_adjusted_rate restores the normal pre-rule fallback,reconciled_to_prior_rule_free_snapshot
27df78b5-0e11-4b0a-a49b-1ffafdce880a,trilogy,2026-07,Harrodsburg - 2187,507/B,AL,Companion,5999,6359,5946,Decrease 6.5% - Companion when RT occupancy < 50% +1 more,2026-08-21 01:11:00.666+00,2026-06,AL,5999,,,,6359,July modulo_suggested_rate; clearing rule_adjusted_rate restores the normal pre-rule fallback,reconciled_to_prior_rule_free_snapshot
287664f0-9ad9-4417-ba78-b99036c6c9a8,trilogy,2026-07,Romeo - 2512,411/A,AL,Studio,7749,8214,7968,"Decrease 3% - Studio Dlx, Studio when SL occupancy < 80% +2 more",2026-08-21 01:10:50.917+00,2026-06,AL,7749,,,,8214,July modulo_suggested_rate; clearing rule_adjusted_rate restores the normal pre-rule fallback,reconciled_to_prior_rule_free_snapshot
28f0eb34-121a-4c96-b691-ddce61bc966a,trilogy,2026-07,Lima SL - 433,615/A,AL/MC,Studio,7159,7589,7361,"Decrease 3% - Studio Dlx, Studio when SL occupancy < 80% +2 more",2026-08-21 01:10:54.824+00,2026-06,AL/MC,6979,,,,7589,July modulo_suggested_rate; clearing rule_adjusted_rate restores the normal pre-rule fallback,reconciled_to_prior_rule_free_snapshot
293ff9d9-f99d-4789-9e8c-cdf9d20af4c2,trilogy,2026-07,Louisville ES - 210,LB221/B,AL/MC,Studio,8809,9338,9058,"Decrease 3% - Studio Dlx, Studio when SL occupancy < 80% +2 more",2026-08-21 01:10:50.917+00,2026-06,AL/MC,8589,,,,9338,July modulo_suggested_rate; clearing rule_adjusted_rate restores the normal pre-rule fallback,reconciled_to_prior_rule_free_snapshot
2a315c62-beb3-4b57-b969-2433fa27c369,trilogy,2026-07,Bellevue - 414,508/A,AL,Studio,7039,7024,6813,"Decrease 3% - Studio Dlx, Studio when SL occupancy < 80% +2 more",2026-08-21 01:10:58.191+00,2026-06,AL,6859,,,,7024,July modulo_suggested_rate; clearing rule_adjusted_rate restores the normal pre-rule fallback,reconciled_to_prior_rule_free_snapshot
2a9eb974-9bd1-4d14-a767-c9a1fcb9fbc9,trilogy,2026-07,Kalida - 406,403/A,AL/MC,Studio,7919,7213,7523,"Decrease 3% - Studio Dlx, Studio when SL occupancy < 80% +2 more",2026-08-21 01:10:59.05+00,2026-06,AL/MC,8119,,,,7213,July modulo_suggested_rate; clearing rule_adjusted_rate restores the normal pre-rule fallback,reconciled_to_prior_rule_free_snapshot
2aad978e-58cf-4abc-8299-abf6d747c2a6,trilogy,2026-07,Bardstown - 233,138/A,AL,Studio Dlx,4509,4780,4637,"Decrease 3% - Studio Dlx, Studio when SL occupancy < 80% +2 more",2026-08-21 01:10:41.57+00,2026-06,AL,4509,,,,4780,July modulo_suggested_rate; clearing rule_adjusted_rate restores the normal pre-rule fallback,reconciled_to_prior_rule_free_snapshot
2aafdf9f-4a68-4c5a-8a5b-a18bbab27bcc,trilogy,2026-07,Romeo - 2512,516/A,AL,Studio,7749,8214,7968,"Decrease 3% - Studio Dlx, Studio when SL occupancy < 80% +2 more",2026-08-21 01:10:50.917+00,2026-06,AL,7749,,,,8214,July modulo_suggested_rate; clearing rule_adjusted_rate restores the normal pre-rule fallback,reconciled_to_prior_rule_free_snapshot
2af444d7-1d10-4842-8787-2e4ac4e2c015,trilogy,2026-07,Crawfordsville - 5167,28/A,AL,Studio,5969,5957,5778,"Decrease 3% - Studio Dlx, Studio when SL occupancy < 80% +2 more",2026-08-21 01:10:55.188+00,2026-06,AL,5819,,,,5957,July modulo_suggested_rate; clearing rule_adjusted_rate restores the normal pre-rule fallback,reconciled_to_prior_rule_free_snapshot
2b0d17e1-ff3a-4982-9ce3-6d6f39fafacc,trilogy,2026-07,Jasper - 108,410/A,AL,Studio,6389,6395,6203,"Decrease 3% - Studio Dlx, Studio when SL occupancy < 80% +2 more",2026-08-21 01:10:45.367+00,2026-06,AL,6319,,,,6395,July modulo_suggested_rate; clearing rule_adjusted_rate restores the normal pre-rule fallback,reconciled_to_prior_rule_free_snapshot
2b1dae97-0298-44fa-8f67-ed260bc33618,trilogy,2026-07,Anderson - 112,1722/A,VIL,One Bedroom,2819,2640,2678,Decrease 3% - One Bedroom when SL occupancy < 80% +1 more,2026-08-21 01:10:46.29+00,2026-06,VIL,2959,,,,2640,July modulo_suggested_rate; clearing rule_adjusted_rate restores the normal pre-rule fallback,reconciled_to_prior_rule_free_snapshot
2b3de81b-b6b7-41c4-b20b-532b1dbe8f46,trilogy,2026-07,Bardstown - 233,124/B,AL,Studio Dlx,4509,4761,4618,"Decrease 3% - Studio Dlx, Studio when SL occupancy < 80% +2 more",2026-08-21 01:10:41.57+00,2026-06,AL,4509,,,,4761,July modulo_suggested_rate; clearing rule_adjusted_rate restores the normal pre-rule fallback,reconciled_to_prior_rule_free_snapshot
2b89f9ac-52ff-4689-9c72-1e4c8a31932b,trilogy,2026-07,Louisville ES - 210,LB326/B,AL/MC,Studio,8989,9528,9242,"Decrease 3% - Studio Dlx, Studio when SL occupancy < 80% +2 more",2026-08-21 01:10:50.917+00,2026-06,AL/MC,8769,,,,9528,July modulo_suggested_rate; clearing rule_adjusted_rate restores the normal pre-rule fallback,reconciled_to_prior_rule_free_snapshot
2bbaee09-e692-4943-af9c-e9dde6874bcf,trilogy,2026-07,Bloomington SC - 5164,108/A,AL,Studio Dlx,6739,7143,6929,"Decrease 3% - Studio Dlx, Studio when SL occupancy < 80% +2 more",2026-08-21 01:10:54.824+00,2026-06,AL,6499,,,,7143,July modulo_suggested_rate; clearing rule_adjusted_rate restores the normal pre-rule fallback,reconciled_to_prior_rule_free_snapshot
2bc496db-6164-4979-b3dc-0442aafae92f,trilogy,2026-07,Princeton - 117,405/B,AL,Companion,8539,7514,8112,Decrease 6.5% - Companion when RT occupancy < 50% +1 more,2026-08-21 01:11:00.393+00,2026-06,AL,8539,,,,7514,July modulo_suggested_rate; clearing rule_adjusted_rate restores the normal pre-rule fallback,reconciled_to_prior_rule_free_snapshot
2be1ff5a-4b72-454c-8a25-8a8e3e29b149,trilogy,2026-07,Muskegon - 525,511/B,AL,Companion,7929,7413,7533,Decrease 6.5% - Companion when RT occupancy < 50% +1 more,2026-08-21 01:10:54.344+00,2026-06,AL,7729,,,,7413,July modulo_suggested_rate; clearing rule_adjusted_rate restores the normal pre-rule fallback,reconciled_to_prior_rule_free_snapshot
2c0dc4f8-4aa2-4dcf-9fb3-6e6abe351af5,trilogy,2026-07,Bellevue - 414,521/A,AL,Studio,7039,7024,6813,"Decrease 3% - Studio Dlx, Studio when SL occupancy < 80% +2 more",2026-08-21 01:10:58.191+00,2026-06,AL,6859,,,,7024,July modulo_suggested_rate; clearing rule_adjusted_rate restores the normal pre-rule fallback,reconciled_to_prior_rule_free_snapshot
2c32a6df-e8fc-4935-9dff-4725e319ff3c,trilogy,2026-07,East Lansing - 2507,617/B,AL/MC,Companion,7599,6880,7219,Decrease 6.5% - Companion when RT occupancy < 50% +1 more,2026-08-21 01:11:00.393+00,2026-06,AL/MC,7599,,,,6880,July modulo_suggested_rate; clearing rule_adjusted_rate restores the normal pre-rule fallback,reconciled_to_prior_rule_free_snapshot
2c45915b-7f2c-475d-82c8-2e6808330f5b,trilogy,2026-07,East Lansing - 2507,603/A,AL/MC,Companion,7599,6880,7219,Decrease 6.5% - Companion when RT occupancy < 50% +1 more,2026-08-21 01:11:00.393+00,2026-06,AL/MC,7599,,,,6880,July modulo_suggested_rate; clearing rule_adjusted_rate restores the normal pre-rule fallback,reconciled_to_prior_rule_free_snapshot
2c983433-bc79-4fb3-8de5-83f9be8d4650,trilogy,2026-07,Greenfield - 125,2268/B,VIL,One Bedroom,3499,3293,3324,Decrease 3% - One Bedroom when SL occupancy < 80% +1 more,2026-08-21 01:10:50.917+00,2026-06,VIL,3499,,,,3293,July modulo_suggested_rate; clearing rule_adjusted_rate restores the normal pre-rule fallback,reconciled_to_prior_rule_free_snapshot
2ca18aaa-30b0-47c1-a898-ad29b0dc293a,trilogy,2026-07,Kokomo WK - 5168,21/A,AL,Studio,6119,6486,6291,"Decrease 3% - Studio Dlx, Studio when SL occupancy < 80% +2 more",2026-08-21 01:10:55.676+00,2026-06,AL,5969,,,,6486,July modulo_suggested_rate; clearing rule_adjusted_rate restores the normal pre-rule fallback,reconciled_to_prior_rule_free_snapshot
2cb03b79-5716-473f-b538-3a6c910a484a,trilogy,2026-07,Kalida - 406,404/B,AL/MC,Studio,7919,7213,7523,"Decrease 3% - Studio Dlx, Studio when SL occupancy < 80% +2 more",2026-08-21 01:10:59.05+00,2026-06,AL/MC,8119,,,,7213,July modulo_suggested_rate; clearing rule_adjusted_rate restores the normal pre-rule fallback,reconciled_to_prior_rule_free_snapshot
2cbfc5f0-c6bd-4d36-866b-9e8921650a3c,trilogy,2026-07,Louisville ES - 210,LB213/A,AL/MC,Studio,8809,9338,9058,"Decrease 3% - Studio Dlx, Studio when SL occupancy < 80% +2 more",2026-08-21 01:10:50.917+00,2026-06,AL/MC,8589,,,,9338,July modulo_suggested_rate; clearing rule_adjusted_rate restores the normal pre-rule fallback,reconciled_to_prior_rule_free_snapshot
2cc90c11-8c3c-4476-8848-3ba2eb87e567,trilogy,2026-07,Washington - 305,509/B,AL,Companion,6209,6582,6154,Decrease 6.5% - Companion when RT occupancy < 50% +1 more,2026-08-21 01:10:58.191+00,2026-06,AL,6209,,,,6582,July modulo_suggested_rate; clearing rule_adjusted_rate restores the normal pre-rule fallback,reconciled_to_prior_rule_free_snapshot
2d58b652-a15c-4094-8cec-ce097717d465,trilogy,2026-07,Anderson - 112,2127/B,VIL,One Bedroom,2819,2640,2678,Decrease 3% - One Bedroom when SL occupancy < 80% +1 more,2026-08-21 01:10:46.29+00,2026-06,VIL,2959,,,,2640,July modulo_suggested_rate; clearing rule_adjusted_rate restores the normal pre-rule fallback,reconciled_to_prior_rule_free_snapshot
2d650673-08ee-4b8c-885c-c0605921eb8c,trilogy,2026-07,Batesville - 120,509/B,AL,Studio,6669,6900,6693,"Decrease 3% - Studio Dlx, Studio when SL occupancy < 80% +2 more",2026-08-21 01:10:54.344+00,2026-06,AL,6499,,,,6900,July modulo_suggested_rate; clearing rule_adjusted_rate restores the normal pre-rule fallback,reconciled_to_prior_rule_free_snapshot
2d99fe40-d84b-44d6-912c-897dfeaa5d48,trilogy,2026-07,Shelbyville - 118,6B/A,VIL,One Bedroom,3289,3276,3178,Decrease 3% - One Bedroom when SL occupancy < 80% +1 more,2026-08-21 01:10:52.984+00,2026-06,VIL,3289,,,,3276,July modulo_suggested_rate; clearing rule_adjusted_rate restores the normal pre-rule fallback,reconciled_to_prior_rule_free_snapshot
2db9e76a-4f90-4e9c-aa97-560d0fefb7d0,trilogy,2026-07,Louisville ES - 210,LB207/A,AL/MC,Studio,8809,9338,9058,"Decrease 3% - Studio Dlx, Studio when SL occupancy < 80% +2 more",2026-08-21 01:10:50.917+00,2026-06,AL/MC,8589,,,,9338,July modulo_suggested_rate; clearing rule_adjusted_rate restores the normal pre-rule fallback,reconciled_to_prior_rule_free_snapshot
2dfb94e9-efb9-4333-b9fa-7a7666cc5e04,trilogy,2026-07,Shelbyville - 118,2B/A,VIL,One Bedroom,3289,3276,3178,Decrease 3% - One Bedroom when SL occupancy < 80% +1 more,2026-08-21 01:10:52.984+00,2026-06,VIL,3289,,,,3276,July modulo_suggested_rate; clearing rule_adjusted_rate restores the normal pre-rule fallback,reconciled_to_prior_rule_free_snapshot
2e570e67-c35b-4f6a-a02b-d92768bea4be,trilogy,2026-07,Louisville ES - 210,LB121/A,AL/MC,Studio,8809,9338,9058,"Decrease 3% - Studio Dlx, Studio when SL occupancy < 80% +2 more",2026-08-21 01:10:50.917+00,2026-06,AL/MC,8589,,,,9338,July modulo_suggested_rate; clearing rule_adjusted_rate restores the normal pre-rule fallback,reconciled_to_prior_rule_free_snapshot
2e5a1d17-dc6b-4af8-9606-f09113488d9e,trilogy,2026-07,Fremont - 403,503/B,AL,Studio,6349,6730,6528,"Decrease 3% - Studio Dlx, Studio when SL occupancy < 80% +2 more",2026-08-21 01:10:56.358+00,2026-06,AL,6039,,,,6730,July modulo_suggested_rate; clearing rule_adjusted_rate restores the normal pre-rule fallback,reconciled_to_prior_rule_free_snapshot
2e67b6cb-5f6c-4c4e-8f22-0a1407fc9e16,trilogy,2026-07,Willard - 2424,504/A,AL,Studio,6419,6406,6214,"Decrease 3% - Studio Dlx, Studio when SL occupancy < 80% +2 more",2026-08-21 01:10:53.742+00,2026-06,AL,6259,,,,6406,July modulo_suggested_rate; clearing rule_adjusted_rate restores the normal pre-rule fallback,reconciled_to_prior_rule_free_snapshot
2eac2a42-b6b8-442b-9885-59064f74cfa1,trilogy,2026-07,Anderson - 112,2145/B,VIL,One Bedroom,2819,2640,2678,Decrease 3% - One Bedroom when SL occupancy < 80% +1 more,2026-08-21 01:10:46.29+00,2026-06,VIL,2959,,,,2640,July modulo_suggested_rate; clearing rule_adjusted_rate restores the normal pre-rule fallback,reconciled_to_prior_rule_free_snapshot
2ee07d98-c812-44b2-83e2-dc9693e7b53a,trilogy,2026-07,Tiffin - 435,608/A,AL,Studio,6539,6931,6723,"Decrease 3% - Studio Dlx, Studio when SL occupancy < 80% +2 more",2026-08-21 01:10:51.217+00,2026-06,AL,369,,,,6931,July modulo_suggested_rate; clearing rule_adjusted_rate restores the normal pre-rule fallback,reconciled_to_prior_rule_free_snapshot
2ee23991-51c4-4a9e-880b-17bac0f5ad08,trilogy,2026-07,Anderson - 112,2212/A,VIL,One Bedroom,2819,2640,2678,Decrease 3% - One Bedroom when SL occupancy < 80% +1 more,2026-08-21 01:10:46.29+00,2026-06,VIL,2959,,,,2640,July modulo_suggested_rate; clearing rule_adjusted_rate restores the normal pre-rule fallback,reconciled_to_prior_rule_free_snapshot
2f2f4a59-8d7a-4473-a6ef-13b984d3e09c,trilogy,2026-07,Greenfield - 125,705/B,AL/MC,Companion,8109,7470,7704,Decrease 6.5% - Companion when RT occupancy < 50% +1 more,2026-08-21 01:10:50.609+00,2026-06,AL/MC,8109,,,,7470,July modulo_suggested_rate; clearing rule_adjusted_rate restores the normal pre-rule fallback,reconciled_to_prior_rule_free_snapshot
2f4013ba-e875-4350-b0a9-523c74fa475c,trilogy,2026-07,Greenfield - 125,2252/B,VIL,One Bedroom,3499,3293,3324,Decrease 3% - One Bedroom when SL occupancy < 80% +1 more,2026-08-21 01:10:50.917+00,2026-06,VIL,3499,,,,3293,July modulo_suggested_rate; clearing rule_adjusted_rate restores the normal pre-rule fallback,reconciled_to_prior_rule_free_snapshot
2f79841d-306f-45bd-a6eb-d3cc62bf6113,trilogy,2026-07,Anderson - 112,1727/B,VIL,One Bedroom,429,443,430,Decrease 3% - One Bedroom when SL occupancy < 80% +1 more,2026-08-21 01:10:46.29+00,2026-06,VIL,449,,,,443,July modulo_suggested_rate; clearing rule_adjusted_rate restores the normal pre-rule fallback,reconciled_to_prior_rule_free_snapshot
2f8a11b2-eef2-4d99-ac9f-b380b9659472,trilogy,2026-07,West Lafayette - 2135,308/A,AL,Companion,4230,4524,4230,Decrease 6.5% - Companion when RT occupancy < 50% +1 more,2026-08-21 01:10:48.199+00,2026-06,AL,4409,,,,4524,July modulo_suggested_rate; clearing rule_adjusted_rate restores the normal pre-rule fallback,reconciled_to_prior_rule_free_snapshot
304c4034-a2c5-4bef-b9e3-43d7b70edf88,trilogy,2026-07,Shelbyville - 118,5B/B,VIL,One Bedroom,3289,3276,3178,Decrease 3% - One Bedroom when SL occupancy < 80% +1 more,2026-08-21 01:10:52.984+00,2026-06,VIL,3289,,,,3276,July modulo_suggested_rate; clearing rule_adjusted_rate restores the normal pre-rule fallback,reconciled_to_prior_rule_free_snapshot
307b08af-113a-4300-b81c-d13b4d7a717f,trilogy,2026-07,Tiffin - 435,505/B,AL,Studio,6549,6942,6734,"Decrease 3% - Studio Dlx, Studio when SL occupancy < 80% +2 more",2026-08-21 01:10:51.217+00,2026-06,AL,6389,,,,6942,July modulo_suggested_rate; clearing rule_adjusted_rate restores the normal pre-rule fallback,reconciled_to_prior_rule_free_snapshot
3084c6db-a582-472d-911d-193c5a793aad,trilogy,2026-07,Greenfield - 125,619/A,AL/MC,Companion,5679,5373,5395,Decrease 6.5% - Companion when RT occupancy < 50% +1 more,2026-08-21 01:10:50.609+00,2026-06,AL/MC,5679,,,,5373,July modulo_suggested_rate; clearing rule_adjusted_rate restores the normal pre-rule fallback,reconciled_to_prior_rule_free_snapshot
30eae017-1b1a-49e7-8ecb-783a3635bd82,trilogy,2026-07,East Lansing - 2507,705/A,AL/MC,Companion,5319,4816,5053,Decrease 6.5% - Companion when RT occupancy < 50% +1 more,2026-08-21 01:11:00.393+00,2026-06,AL/MC,5319,,,,4816,July modulo_suggested_rate; clearing rule_adjusted_rate restores the normal pre-rule fallback,reconciled_to_prior_rule_free_snapshot
3149619e-3828-4d21-aec3-8ca1b066d45b,trilogy,2026-07,Bardstown - 233,140/B,AL,Studio Dlx,4659,4939,4791,"Decrease 3% - Studio Dlx, Studio when SL occupancy < 80% +2 more",2026-08-21 01:10:41.57+00,2026-06,AL,4659,,,,4939,July modulo_suggested_rate; clearing rule_adjusted_rate restores the normal pre-rule fallback,reconciled_to_prior_rule_free_snapshot
31746f83-bb33-45a8-add7-301102074075,trilogy,2026-07,Corydon - 2180,502/A,AL,Studio,6459,6446,6253,"Decrease 3% - Studio Dlx, Studio when SL occupancy < 80% +2 more",2026-08-21 01:10:55.676+00,2026-06,AL,6389,,,,6446,July modulo_suggested_rate; clearing rule_adjusted_rate restores the normal pre-rule fallback,reconciled_to_prior_rule_free_snapshot
31a9e47a-264c-47e3-a994-a707511ddd52,trilogy,2026-07,Muskegon - 525,509/A,AL,Companion,7929,7612,7533,Decrease 6.5% - Companion when RT occupancy < 50% +1 more,2026-08-21 01:10:54.344+00,2026-06,AL,7729,,,,7612,July modulo_suggested_rate; clearing rule_adjusted_rate restores the normal pre-rule fallback,reconciled_to_prior_rule_free_snapshot
31da0d98-2962-4485-97b3-a7f97d74b9fa,trilogy,2026-07,Louisville ES - 210,LB322/A,AL/MC,Studio,8989,9528,9242,"Decrease 3% - Studio Dlx, Studio when SL occupancy < 80% +2 more",2026-08-21 01:10:50.917+00,2026-06,AL/MC,8769,,,,9528,July modulo_suggested_rate; clearing rule_adjusted_rate restores the normal pre-rule fallback,reconciled_to_prior_rule_free_snapshot
326f1e63-cb6a-4935-ad5b-6bc177181489,trilogy,2026-07,Tiffin - 435,611/A,AL,Studio,6809,7218,7001,"Decrease 3% - Studio Dlx, Studio when SL occupancy < 80% +2 more",2026-08-21 01:10:51.217+00,2026-06,AL,6639,,,,7218,July modulo_suggested_rate; clearing rule_adjusted_rate restores the normal pre-rule fallback,reconciled_to_prior_rule_free_snapshot
32973756-e1ac-43b1-b1f5-7797ade737ff,trilogy,2026-07,Scottsburg - 121,514/A,AL,Studio,5499,5632,5463,"Decrease 3% - Studio Dlx, Studio when SL occupancy < 80% +2 more",2026-08-21 01:10:45.367+00,2026-06,AL,5499,,,,5632,July modulo_suggested_rate; clearing rule_adjusted_rate restores the normal pre-rule fallback,reconciled_to_prior_rule_free_snapshot
32bdda2f-d668-450a-adb8-dc7e962aaa8c,trilogy,2026-07,Kalida - 406,401/B,AL/MC,Studio,7919,7213,7523,"Decrease 3% - Studio Dlx, Studio when SL occupancy < 80% +2 more",2026-08-21 01:10:59.05+00,2026-06,AL/MC,8119,,,,7213,July modulo_suggested_rate; clearing rule_adjusted_rate restores the normal pre-rule fallback,reconciled_to_prior_rule_free_snapshot
32e81659-112c-402f-9f99-933145e316f8,trilogy,2026-07,Louisville ES - 210,LB226/A,AL/MC,Studio,8989,9528,9242,"Decrease 3% - Studio Dlx, Studio when SL occupancy < 80% +2 more",2026-08-21 01:10:50.917+00,2026-06,AL/MC,8769,,,,9528,July modulo_suggested_rate; clearing rule_adjusted_rate restores the normal pre-rule fallback,reconciled_to_prior_rule_free_snapshot
3308e803-f7c7-461d-a1a0-e7846c92294f,trilogy,2026-07,Louisville ES - 210,LB202/A,AL/MC,Studio,8989,9528,9242,"Decrease 3% - Studio Dlx, Studio when SL occupancy < 80% +2 more",2026-08-21 01:10:50.917+00,2026-06,AL/MC,8769,,,,9528,July modulo_suggested_rate; clearing rule_adjusted_rate restores the normal pre-rule fallback,reconciled_to_prior_rule_free_snapshot
33208613-1056-4a1a-9f24-253ecf62b3b6,trilogy,2026-07,Sylvania - 2427,9149/A,VIL,One Bedroom,3299,3090,3134,Decrease 3% - One Bedroom when SL occupancy < 80% +1 more,2026-08-21 01:10:45.367+00,2026-06,VIL,3299,,,,3090,July modulo_suggested_rate; clearing rule_adjusted_rate restores the normal pre-rule fallback,reconciled_to_prior_rule_free_snapshot
333419ec-10fc-4636-b19d-b890a56e8e37,trilogy,2026-07,Willard - 2424,509/A,AL,Studio,6419,6406,6214,"Decrease 3% - Studio Dlx, Studio when SL occupancy < 80% +2 more",2026-08-21 01:10:53.742+00,2026-06,AL,6259,,,,6406,July modulo_suggested_rate; clearing rule_adjusted_rate restores the normal pre-rule fallback,reconciled_to_prior_rule_free_snapshot
336e0c3e-7ea7-4ff6-9438-0a6ade7ba3af,trilogy,2026-07,Louisville ES - 210,LB221/A,AL/MC,Studio,8809,9338,9058,"Decrease 3% - Studio Dlx, Studio when SL occupancy < 80% +2 more",2026-08-21 01:10:50.917+00,2026-06,AL/MC,8589,,,,9338,July modulo_suggested_rate; clearing rule_adjusted_rate restores the normal pre-rule fallback,reconciled_to_prior_rule_free_snapshot
3383b9a2-f830-4e14-9b6f-1ed7c9e520b8,trilogy,2026-07,Belmont - 519,502/A,AL,Studio,7829,8299,8050,"Decrease 3% - Studio Dlx, Studio when SL occupancy < 80% +2 more",2026-08-21 01:10:50.242+00,2026-06,AL,7639,,,,8299,July modulo_suggested_rate; clearing rule_adjusted_rate restores the normal pre-rule fallback,reconciled_to_prior_rule_free_snapshot
33b92771-6c39-4c2b-b8c1-6f8550d585cf,trilogy,2026-07,Monclova - 2422,617/B,AL/MC,Companion,7669,6872,7286,Decrease 6.5% - Companion when RT occupancy < 50% +1 more,2026-08-21 01:10:53.213+00,2026-06,AL/MC,7859,,,,6872,July modulo_suggested_rate; clearing rule_adjusted_rate restores the normal pre-rule fallback,reconciled_to_prior_rule_free_snapshot
3410d989-38df-4ab6-b376-afa52e93dea2,trilogy,2026-07,Belmont - 519,504/A,AL,Studio,7319,7758,7525,"Decrease 3% - Studio Dlx, Studio when SL occupancy < 80% +2 more",2026-08-21 01:10:50.242+00,2026-06,AL,7139,,,,7758,July modulo_suggested_rate; clearing rule_adjusted_rate restores the normal pre-rule fallback,reconciled_to_prior_rule_free_snapshot
342eb892-c42e-4057-ab34-ef5eb884dca1,trilogy,2026-07,Princeton - 117,406/A,AL,Companion,8539,7514,8112,Decrease 6.5% - Companion when RT occupancy < 50% +1 more,2026-08-21 01:11:00.393+00,2026-06,AL,8539,,,,7514,July modulo_suggested_rate; clearing rule_adjusted_rate restores the normal pre-rule fallback,reconciled_to_prior_rule_free_snapshot
34393175-e55b-4e73-9954-d55fc9f045d2,trilogy,2026-07,Noblesville - 141,L104/B,AL/MC,Companion,7699,7503,7314,Decrease 6.5% - Companion when RT occupancy < 50% +1 more,2026-08-21 01:10:54.824+00,2026-06,AL/MC,7699,,,,7503,July modulo_suggested_rate; clearing rule_adjusted_rate restores the normal pre-rule fallback,reconciled_to_prior_rule_free_snapshot
3498bac0-5bf5-42f3-99b8-fa96cedfb5f7,trilogy,2026-07,East Lansing - 2507,617/A,AL/MC,Companion,7599,6691,7219,Decrease 6.5% - Companion when RT occupancy < 50% +1 more,2026-08-21 01:11:00.393+00,2026-06,AL/MC,7599,,,,6691,July modulo_suggested_rate; clearing rule_adjusted_rate restores the normal pre-rule fallback,reconciled_to_prior_rule_free_snapshot
34a3bd58-1526-448f-909a-0295e6b8b9dd,trilogy,2026-07,Greenfield - 125,2266/A,VIL,One Bedroom,3499,3293,3324,Decrease 3% - One Bedroom when SL occupancy < 80% +1 more,2026-08-21 01:10:50.917+00,2026-06,VIL,3499,,,,3293,July modulo_suggested_rate; clearing rule_adjusted_rate restores the normal pre-rule fallback,reconciled_to_prior_rule_free_snapshot
35000ed3-9530-42d6-888e-a9eff4069ed5,trilogy,2026-07,Lafayette SL - 5162,117/B,AL,Studio,7349,7334,7114,"Decrease 3% - Studio Dlx, Studio when SL occupancy < 80% +2 more",2026-08-21 01:10:48.831+00,2026-06,AL,7169,,,,7334,July modulo_suggested_rate; clearing rule_adjusted_rate restores the normal pre-rule fallback,reconciled_to_prior_rule_free_snapshot
3593c1e8-2f16-415d-b49c-031bb904681f,trilogy,2026-07,Louisville ES - 210,LB102/B,AL/MC,Studio,8989,9528,9242,"Decrease 3% - Studio Dlx, Studio when SL occupancy < 80% +2 more",2026-08-21 01:10:50.917+00,2026-06,AL/MC,8769,,,,9528,July modulo_suggested_rate; clearing rule_adjusted_rate restores the normal pre-rule fallback,reconciled_to_prior_rule_free_snapshot
35eda85e-dc76-4a41-9172-8c24d1b33f3f,trilogy,2026-07,Leipsic - 409,457/B,VIL,One Bedroom,1469,1557,1510,Decrease 3% - One Bedroom when SL occupancy < 80% +1 more,2026-08-21 01:10:57.66+00,2026-06,VIL,1359,,,,1557,July modulo_suggested_rate; clearing rule_adjusted_rate restores the normal pre-rule fallback,reconciled_to_prior_rule_free_snapshot
3639d523-9ae4-4f91-996d-3fba27a242d0,trilogy,2026-07,Boonville - 110,508/B,AL,Studio,6409,6794,6590,"Decrease 3% - Studio Dlx, Studio when SL occupancy < 80% +2 more",2026-08-21 01:10:56.638+00,2026-06,AL,6409,,,,6794,July modulo_suggested_rate; clearing rule_adjusted_rate restores the normal pre-rule fallback,reconciled_to_prior_rule_free_snapshot
36df5ffa-02e3-4c3e-a6ab-2fab884573f6,trilogy,2026-07,Sylvania - 2427,7332/A,VIL,One Bedroom,3299,3090,3134,Decrease 3% - One Bedroom when SL occupancy < 80% +1 more,2026-08-21 01:10:45.367+00,2026-06,VIL,3299,,,,3090,July modulo_suggested_rate; clearing rule_adjusted_rate restores the normal pre-rule fallback,reconciled_to_prior_rule_free_snapshot
3759d303-ec6f-44d1-9c86-0b25fe80351e,trilogy,2026-07,Greenfield - 125,2264/A,VIL,One Bedroom,3499,3293,3324,Decrease 3% - One Bedroom when SL occupancy < 80% +1 more,2026-08-21 01:10:50.609+00,2026-06,VIL,3499,,,,3293,July modulo_suggested_rate; clearing rule_adjusted_rate restores the normal pre-rule fallback,reconciled_to_prior_rule_free_snapshot
37a57a87-bd9d-4b76-bd27-66a6e67b7e5a,trilogy,2026-07,Leipsic - 409,465/B,VIL,One Bedroom,1139,1207,1171,Decrease 3% - One Bedroom when SL occupancy < 80% +1 more,2026-08-21 01:10:57.66+00,2026-06,VIL,1069,,,,1207,July modulo_suggested_rate; clearing rule_adjusted_rate restores the normal pre-rule fallback,reconciled_to_prior_rule_free_snapshot
37fbcdfc-f8a2-4196-a061-4ec8661181e5,trilogy,2026-07,Louisville ES - 210,LB102/A,AL/MC,Studio,8989,9528,9242,"Decrease 3% - Studio Dlx, Studio when SL occupancy < 80% +2 more",2026-08-21 01:10:50.917+00,2026-06,AL/MC,8769,,,,9528,July modulo_suggested_rate; clearing rule_adjusted_rate restores the normal pre-rule fallback,reconciled_to_prior_rule_free_snapshot
3809ff2d-1779-4b6c-9844-dbbe16a920e8,trilogy,2026-07,Monclova - 2422,619/B,AL/MC,Companion,7669,6872,7286,Decrease 6.5% - Companion when RT occupancy < 50% +1 more,2026-08-21 01:10:53.213+00,2026-06,AL/MC,7859,,,,6872,July modulo_suggested_rate; clearing rule_adjusted_rate restores the normal pre-rule fallback,reconciled_to_prior_rule_free_snapshot
382ea468-4f2b-4dfe-9ff3-a7aeafa46cf8,trilogy,2026-07,Colerain - 412,503/A,AL,Companion,6219,6592,6164,Decrease 6.5% - Companion when RT occupancy < 50% +1 more,2026-08-21 01:10:51.649+00,2026-06,AL,6049,,,,6592,July modulo_suggested_rate; clearing rule_adjusted_rate restores the normal pre-rule fallback,reconciled_to_prior_rule_free_snapshot
38362f0c-ca8e-4ae2-bc03-52d46b3177db,trilogy,2026-07,Boonville - 110,502/A,AL,Studio,6409,6794,6590,"Decrease 3% - Studio Dlx, Studio when SL occupancy < 80% +2 more",2026-08-21 01:10:56.638+00,2026-06,AL,6409,,,,6794,July modulo_suggested_rate; clearing rule_adjusted_rate restores the normal pre-rule fallback,reconciled_to_prior_rule_free_snapshot
38469b10-1a56-4167-99b3-aecb2a3f61ec,trilogy,2026-07,Kalida - 406,405/A,AL/MC,Companion,11519,12210,11416,Decrease 6.5% - Companion when RT occupancy < 50% +1 more,2026-08-21 01:10:59.05+00,2026-06,AL/MC,11519,,,,12210,July modulo_suggested_rate; clearing rule_adjusted_rate restores the normal pre-rule fallback,reconciled_to_prior_rule_free_snapshot
38a548db-c221-4f3d-9a98-2d05a4dd2421,trilogy,2026-07,Willard - 2424,509/B,AL,Studio,6419,6406,6214,"Decrease 3% - Studio Dlx, Studio when SL occupancy < 80% +2 more",2026-08-21 01:10:53.742+00,2026-06,AL,6259,,,,6406,July modulo_suggested_rate; clearing rule_adjusted_rate restores the normal pre-rule fallback,reconciled_to_prior_rule_free_snapshot
38e74bd9-3f1b-4f81-96b6-81156d6931fa,trilogy,2026-07,Corydon - 2180,515/A,AL,Studio,6459,6446,6253,"Decrease 3% - Studio Dlx, Studio when SL occupancy < 80% +2 more",2026-08-21 01:10:55.676+00,2026-06,AL,6389,,,,6446,July modulo_suggested_rate; clearing rule_adjusted_rate restores the normal pre-rule fallback,reconciled_to_prior_rule_free_snapshot
391814a0-6c14-47e0-aa8b-3f2007428fe4,trilogy,2026-07,Colerain - 412,513/B,AL,Companion,7449,7896,7383,Decrease 6.5% - Companion when RT occupancy < 50% +1 more,2026-08-21 01:10:51.649+00,2026-06,AL,7259,,,,7896,July modulo_suggested_rate; clearing rule_adjusted_rate restores the normal pre-rule fallback,reconciled_to_prior_rule_free_snapshot
395bf95c-c9f0-492e-b1ea-06394023e16f,trilogy,2026-07,Louisville ES - 210,LB117/A,AL/MC,Studio,8809,9338,9058,"Decrease 3% - Studio Dlx, Studio when SL occupancy < 80% +2 more",2026-08-21 01:10:50.917+00,2026-06,AL/MC,8589,,,,9338,July modulo_suggested_rate; clearing rule_adjusted_rate restores the normal pre-rule fallback,reconciled_to_prior_rule_free_snapshot
3970c372-c79d-4bec-969e-b386c07635d5,trilogy,2026-07,Kokomo WK - 5168,27/A,AL,Studio,6119,6486,6291,"Decrease 3% - Studio Dlx, Studio when SL occupancy < 80% +2 more",2026-08-21 01:10:55.676+00,2026-06,AL,5969,,,,6486,July modulo_suggested_rate; clearing rule_adjusted_rate restores the normal pre-rule fallback,reconciled_to_prior_rule_free_snapshot
39bf40dc-52a1-4852-b71c-d78b62bb662e,trilogy,2026-07,Kokomo WK - 5168,28/A,AL,Studio,6119,6486,6291,"Decrease 3% - Studio Dlx, Studio when SL occupancy < 80% +2 more",2026-08-21 01:10:55.676+00,2026-06,AL,5969,,,,6486,July modulo_suggested_rate; clearing rule_adjusted_rate restores the normal pre-rule fallback,reconciled_to_prior_rule_free_snapshot
3a0346e5-49ae-4ae1-92f2-bb6df3956975,trilogy,2026-07,Vincennes - 131,519/A,AL,Studio,6069,6284,6095,"Decrease 3% - Studio Dlx, Studio when SL occupancy < 80% +2 more",2026-08-21 01:10:59.05+00,2026-06,AL,6069,,,,6284,July modulo_suggested_rate; clearing rule_adjusted_rate restores the normal pre-rule fallback,reconciled_to_prior_rule_free_snapshot
3a5d3bf4-6828-4844-8892-347f00fb131e,trilogy,2026-07,Corydon - 2180,406/A,AL/MC,Studio,7499,7122,7124,"Decrease 3% - Studio Dlx, Studio when SL occupancy < 80% +2 more",2026-08-21 01:10:55.188+00,2026-06,AL/MC,7499,,,,7122,July modulo_suggested_rate; clearing rule_adjusted_rate restores the normal pre-rule fallback,reconciled_to_prior_rule_free_snapshot
3a810305-0ba1-4a0f-9a06-8f9ec55c8789,trilogy,2026-07,Shelbyville - 118,5B/A,VIL,One Bedroom,3289,3276,3178,Decrease 3% - One Bedroom when SL occupancy < 80% +1 more,2026-08-21 01:10:52.984+00,2026-06,VIL,3289,,,,3276,July modulo_suggested_rate; clearing rule_adjusted_rate restores the normal pre-rule fallback,reconciled_to_prior_rule_free_snapshot
3a999bee-86b7-4f4c-b613-c697eefe9512,trilogy,2026-07,Jasper - 108,508/A,AL,Studio,6389,6395,6203,"Decrease 3% - Studio Dlx, Studio when SL occupancy < 80% +2 more",2026-08-21 01:10:45.367+00,2026-06,AL,6319,,,,6395,July modulo_suggested_rate; clearing rule_adjusted_rate restores the normal pre-rule fallback,reconciled_to_prior_rule_free_snapshot
3aa6fb2f-8888-4834-904c-b3cbea36ac02,trilogy,2026-07,Waunakee - 571,04/A,VIL,One Bedroom,2699,2861,2775,Decrease 3% - One Bedroom when SL occupancy < 80% +1 more,2026-08-21 01:10:50.917+00,2026-06,VIL,2629,,,,2861,July modulo_suggested_rate; clearing rule_adjusted_rate restores the normal pre-rule fallback,reconciled_to_prior_rule_free_snapshot
3b382512-d5c4-4c46-9018-9195e2262c6e,trilogy,2026-07,Tiffin - 435,612/A,AL,Studio,6539,6931,6723,"Decrease 3% - Studio Dlx, Studio when SL occupancy < 80% +2 more",2026-08-21 01:10:51.217+00,2026-06,AL,369,,,,6931,July modulo_suggested_rate; clearing rule_adjusted_rate restores the normal pre-rule fallback,reconciled_to_prior_rule_free_snapshot
3b3c1368-f123-453e-b642-bfd63b87b371,trilogy,2026-07,Ottawa MO - 430,332/B,VIL,One Bedroom,2699,2507,2564,Decrease 3% - One Bedroom when SL occupancy < 80% +1 more,2026-08-21 01:10:52.984+00,2026-06,VIL,2699,,,,2507,July modulo_suggested_rate; clearing rule_adjusted_rate restores the normal pre-rule fallback,reconciled_to_prior_rule_free_snapshot
3b4674a7-0212-4ec5-9964-4c1b090c16a5,trilogy,2026-07,Sylvania - 2427,5373/A,VIL,One Bedroom,3299,3090,3134,Decrease 3% - One Bedroom when SL occupancy < 80% +1 more,2026-08-21 01:10:45.367+00,2026-06,VIL,3299,,,,3090,July modulo_suggested_rate; clearing rule_adjusted_rate restores the normal pre-rule fallback,reconciled_to_prior_rule_free_snapshot
3b8ba958-ad24-4c67-866f-21ad7ae1fd01,trilogy,2026-07,Corydon - 2180,501/A,AL,Studio,6459,6284,6136,"Decrease 3% - Studio Dlx, Studio when SL occupancy < 80% +2 more",2026-08-21 01:10:55.188+00,2026-06,AL,6389,,,,6284,July modulo_suggested_rate; clearing rule_adjusted_rate restores the normal pre-rule fallback,reconciled_to_prior_rule_free_snapshot
3b962744-7a5a-4277-9412-d978f443df0f,trilogy,2026-07,Vincennes - 131,520/A,AL,Studio,6069,6138,5954,"Decrease 3% - Studio Dlx, Studio when SL occupancy < 80% +2 more",2026-08-21 01:10:59.05+00,2026-06,AL,229,,,,6138,July modulo_suggested_rate; clearing rule_adjusted_rate restores the normal pre-rule fallback,reconciled_to_prior_rule_free_snapshot
3bbc481c-37ad-4365-9f36-102cf3cc7e38,trilogy,2026-07,Bellevue - 414,507/B,AL,Studio,7039,7024,6813,"Decrease 3% - Studio Dlx, Studio when SL occupancy < 80% +2 more",2026-08-21 01:10:58.191+00,2026-06,AL,6859,,,,7024,July modulo_suggested_rate; clearing rule_adjusted_rate restores the normal pre-rule fallback,reconciled_to_prior_rule_free_snapshot
3c252f65-bab6-4999-b8df-b32df5e17b78,trilogy,2026-07,Lafayette SL - 5162,116/A,AL,Studio,5849,5837,5662,"Decrease 3% - Studio Dlx, Studio when SL occupancy < 80% +2 more",2026-08-21 01:10:48.831+00,2026-06,AL,5849,,,,5837,July modulo_suggested_rate; clearing rule_adjusted_rate restores the normal pre-rule fallback,reconciled_to_prior_rule_free_snapshot
3c3905e3-06b6-4b90-82a7-8bf23cd245b9,trilogy,2026-07,Kokomo WK - 5168,04/A,AL,Studio,6119,6486,6291,"Decrease 3% - Studio Dlx, Studio when SL occupancy < 80% +2 more",2026-08-21 01:10:55.676+00,2026-06,AL,5969,,,,6486,July modulo_suggested_rate; clearing rule_adjusted_rate restores the normal pre-rule fallback,reconciled_to_prior_rule_free_snapshot
3c565497-bfd7-4673-a490-207b5f0fe5d7,trilogy,2026-07,Batesville - 120,507/A,AL,Studio,6669,6900,6693,"Decrease 3% - Studio Dlx, Studio when SL occupancy < 80% +2 more",2026-08-21 01:10:54.344+00,2026-06,AL,6499,,,,6900,July modulo_suggested_rate; clearing rule_adjusted_rate restores the normal pre-rule fallback,reconciled_to_prior_rule_free_snapshot
3c63798d-68b9-49a3-b526-d5adb9dae454,trilogy,2026-07,Crawfordsville - 5167,20/A,AL,Studio,5969,5957,5778,"Decrease 3% - Studio Dlx, Studio when SL occupancy < 80% +2 more",2026-08-21 01:10:55.188+00,2026-06,AL,5819,,,,5957,July modulo_suggested_rate; clearing rule_adjusted_rate restores the normal pre-rule fallback,reconciled_to_prior_rule_free_snapshot
3c7e9dbe-f053-4f65-903a-daa9338929fe,trilogy,2026-07,Bellevue - 414,518/A,AL,Studio,7039,7024,6813,"Decrease 3% - Studio Dlx, Studio when SL occupancy < 80% +2 more",2026-08-21 01:10:58.191+00,2026-06,AL,6859,,,,7024,July modulo_suggested_rate; clearing rule_adjusted_rate restores the normal pre-rule fallback,reconciled_to_prior_rule_free_snapshot
3c9d6d4c-84d5-4c7b-86f7-5a5f2f8c90fa,trilogy,2026-07,South Bend - 5169,07/B,AL,Studio Dlx,6519,5938,6193,"Decrease 3% - Studio Dlx, Studio when SL occupancy < 80% +2 more",2026-08-21 01:10:50.242+00,2026-06,AL,6519,,,,5938,July modulo_suggested_rate; clearing rule_adjusted_rate restores the normal pre-rule fallback,reconciled_to_prior_rule_free_snapshot
3cc08aef-6508-4175-86e0-6ccaab3d0ac9,trilogy,2026-07,Scottsburg - 121,517/A,AL,Studio,5499,5632,5463,"Decrease 3% - Studio Dlx, Studio when SL occupancy < 80% +2 more",2026-08-21 01:10:45.367+00,2026-06,AL,5499,,,,5632,July modulo_suggested_rate; clearing rule_adjusted_rate restores the normal pre-rule fallback,reconciled_to_prior_rule_free_snapshot
3cc4df80-4271-48a3-a32d-72c73d4def2a,trilogy,2026-07,Scottsburg - 121,509/A,AL,Studio,5499,5632,5463,"Decrease 3% - Studio Dlx, Studio when SL occupancy < 80% +2 more",2026-08-21 01:10:45.367+00,2026-06,AL,5499,,,,5632,July modulo_suggested_rate; clearing rule_adjusted_rate restores the normal pre-rule fallback,reconciled_to_prior_rule_free_snapshot
3cf78c2a-96e7-4f66-b652-52bc10d877b0,trilogy,2026-07,Willard - 2424,502/B,AL,Studio,6419,6406,6214,"Decrease 3% - Studio Dlx, Studio when SL occupancy < 80% +2 more",2026-08-21 01:10:53.742+00,2026-06,AL,6259,,,,6406,July modulo_suggested_rate; clearing rule_adjusted_rate restores the normal pre-rule fallback,reconciled_to_prior_rule_free_snapshot
3cf8e5d5-3695-4c4d-a6ee-9e1e79f803b1,trilogy,2026-07,Westfield - 5171,307/A,AL,Studio Dlx,5689,6030,5849,"Decrease 3% - Studio Dlx, Studio when SL occupancy < 80% +2 more",2026-08-21 01:11:00.393+00,2026-06,AL,5689,,,,6030,July modulo_suggested_rate; clearing rule_adjusted_rate restores the normal pre-rule fallback,reconciled_to_prior_rule_free_snapshot
3d3a1df1-fd8c-4ef3-915d-f7dd42b0d135,trilogy,2026-07,Shelbyville - 118,3B/B,VIL,One Bedroom,3289,3276,3178,Decrease 3% - One Bedroom when SL occupancy < 80% +1 more,2026-08-21 01:10:52.984+00,2026-06,VIL,3289,,,,3276,July modulo_suggested_rate; clearing rule_adjusted_rate restores the normal pre-rule fallback,reconciled_to_prior_rule_free_snapshot
3d7ee066-dc6b-4a38-9280-f2cd05323a4d,trilogy,2026-07,Louisville ES - 210,LB319/A,AL/MC,Studio,8809,9338,9058,"Decrease 3% - Studio Dlx, Studio when SL occupancy < 80% +2 more",2026-08-21 01:10:50.917+00,2026-06,AL/MC,8589,,,,9338,July modulo_suggested_rate; clearing rule_adjusted_rate restores the normal pre-rule fallback,reconciled_to_prior_rule_free_snapshot
3da3a928-0be7-4281-b10e-8e93b8be9c89,trilogy,2026-07,Louisville ES - 210,LB327/A,AL/MC,Studio,8809,9338,9058,"Decrease 3% - Studio Dlx, Studio when SL occupancy < 80% +2 more",2026-08-21 01:10:50.917+00,2026-06,AL/MC,8589,,,,9338,July modulo_suggested_rate; clearing rule_adjusted_rate restores the normal pre-rule fallback,reconciled_to_prior_rule_free_snapshot
3e2d6269-dcee-4af6-8c9d-6a1bfb00efef,trilogy,2026-07,Bellevue - 414,516/A,AL,Studio,7039,7024,6813,"Decrease 3% - Studio Dlx, Studio when SL occupancy < 80% +2 more",2026-08-21 01:10:58.191+00,2026-06,AL,6859,,,,7024,July modulo_suggested_rate; clearing rule_adjusted_rate restores the normal pre-rule fallback,reconciled_to_prior_rule_free_snapshot
3e60e599-7ef4-4aea-b2b1-73bef916dc0b,trilogy,2026-07,Louisville ES - 210,LB328/B,AL/MC,Studio,8989,9528,9242,"Decrease 3% - Studio Dlx, Studio when SL occupancy < 80% +2 more",2026-08-21 01:10:50.917+00,2026-06,AL/MC,8769,,,,9528,July modulo_suggested_rate; clearing rule_adjusted_rate restores the normal pre-rule fallback,reconciled_to_prior_rule_free_snapshot
3ecf28c7-7e25-47d0-9034-a843722fa004,trilogy,2026-07,Crawfordsville - 5167,10/B,AL,Studio Dlx,6749,7154,6939,"Decrease 3% - Studio Dlx, Studio when SL occupancy < 80% +2 more",2026-08-21 01:10:55.188+00,2026-06,AL,6579,,,,7154,July modulo_suggested_rate; clearing rule_adjusted_rate restores the normal pre-rule fallback,reconciled_to_prior_rule_free_snapshot
3f432e3f-81bc-4861-9bdf-c17af6201c67,trilogy,2026-07,Bellevue - 414,504/A,AL,Studio,7039,7024,6813,"Decrease 3% - Studio Dlx, Studio when SL occupancy < 80% +2 more",2026-08-21 01:10:58.191+00,2026-06,AL,6859,,,,7024,July modulo_suggested_rate; clearing rule_adjusted_rate restores the normal pre-rule fallback,reconciled_to_prior_rule_free_snapshot
3f51fa8e-c7a0-47dc-b0d4-afd25adec298,trilogy,2026-07,Ottawa MO - 430,345/A,VIL,One Bedroom,2699,2507,2564,Decrease 3% - One Bedroom when SL occupancy < 80% +1 more,2026-08-21 01:10:53.213+00,2026-06,VIL,2699,,,,2507,July modulo_suggested_rate; clearing rule_adjusted_rate restores the normal pre-rule fallback,reconciled_to_prior_rule_free_snapshot
3f53787a-baae-4d52-ae0b-5ef44fcc4bf0,trilogy,2026-07,Leipsic - 409,262/B,VIL,One Bedroom,1469,1557,1510,Decrease 3% - One Bedroom when SL occupancy < 80% +1 more,2026-08-21 01:10:57.66+00,2026-06,VIL,1359,,,,1557,July modulo_suggested_rate; clearing rule_adjusted_rate restores the normal pre-rule fallback,reconciled_to_prior_rule_free_snapshot
3f7d0f6d-3d5b-43e6-9e0c-7a4a6c7bd060,trilogy,2026-07,Louisville ES - 210,LB220/A,AL/MC,Studio,8989,9528,9242,"Decrease 3% - Studio Dlx, Studio when SL occupancy < 80% +2 more",2026-08-21 01:10:50.917+00,2026-06,AL/MC,8769,,,,9528,July modulo_suggested_rate; clearing rule_adjusted_rate restores the normal pre-rule fallback,reconciled_to_prior_rule_free_snapshot
3f874076-a6e4-4573-96fa-6300c14ff865,trilogy,2026-07,Fremont - 403,501/A,AL,Studio,6349,6730,6528,"Decrease 3% - Studio Dlx, Studio when SL occupancy < 80% +2 more",2026-08-21 01:10:56.358+00,2026-06,AL,6039,,,,6730,July modulo_suggested_rate; clearing rule_adjusted_rate restores the normal pre-rule fallback,reconciled_to_prior_rule_free_snapshot
3f8d26b9-a873-4c4b-80a3-7a0161b9624e,trilogy,2026-07,Shelbyville - 118,2A/B,VIL,One Bedroom,3289,3276,3178,Decrease 3% - One Bedroom when SL occupancy < 80% +1 more,2026-08-21 01:10:52.984+00,2026-06,VIL,3289,,,,3276,July modulo_suggested_rate; clearing rule_adjusted_rate restores the normal pre-rule fallback,reconciled_to_prior_rule_free_snapshot
3f9e0c37-a4ad-4a61-8643-2d9b71400e28,trilogy,2026-07,Indianapolis AP - 5160,302/B,AL,Companion,2339,2227,2222,Decrease 6.5% - Companion when RT occupancy < 50% +1 more,2026-08-21 01:10:50.242+00,2026-06,AL,2339,,,,2227,July modulo_suggested_rate; clearing rule_adjusted_rate restores the normal pre-rule fallback,reconciled_to_prior_rule_free_snapshot
3fc5e1b3-e492-4780-bd8e-2d1f846666fb,trilogy,2026-07,Louisville ES - 210,LB227/A,AL/MC,Studio,8809,9338,9058,"Decrease 3% - Studio Dlx, Studio when SL occupancy < 80% +2 more",2026-08-21 01:10:50.917+00,2026-06,AL/MC,8589,,,,9338,July modulo_suggested_rate; clearing rule_adjusted_rate restores the normal pre-rule fallback,reconciled_to_prior_rule_free_snapshot
3fcc5378-64d4-4260-be6c-389cda3ab62b,trilogy,2026-07,Bloomington HS - 5149,406/A,AL,Studio Dlx,6029,5548,5728,"Decrease 3% - Studio Dlx, Studio when SL occupancy < 80% +2 more",2026-08-21 01:10:52.31+00,2026-06,AL,6029,,,,5548,July modulo_suggested_rate; clearing rule_adjusted_rate restores the normal pre-rule fallback,reconciled_to_prior_rule_free_snapshot
3fe23ff1-084b-417a-a73f-2be447412e91,trilogy,2026-07,Louisville ES - 210,LB322/B,AL/MC,Studio,8989,9528,9242,"Decrease 3% - Studio Dlx, Studio when SL occupancy < 80% +2 more",2026-08-21 01:10:50.917+00,2026-06,AL/MC,8769,,,,9528,July modulo_suggested_rate; clearing rule_adjusted_rate restores the normal pre-rule fallback,reconciled_to_prior_rule_free_snapshot
3fe49cb4-2f15-44f4-95f2-9c2a42abfe1e,trilogy,2026-07,Shelbyville - 118,7A/B,VIL,One Bedroom,3289,3276,3178,Decrease 3% - One Bedroom when SL occupancy < 80% +1 more,2026-08-21 01:10:52.984+00,2026-06,VIL,3289,,,,3276,July modulo_suggested_rate; clearing rule_adjusted_rate restores the normal pre-rule fallback,reconciled_to_prior_rule_free_snapshot
406396a3-ea39-4484-8015-f8dc40d4e442,trilogy,2026-07,Anderson - 112,2208/B,VIL,One Bedroom,2819,2640,2678,Decrease 3% - One Bedroom when SL occupancy < 80% +1 more,2026-08-21 01:10:46.29+00,2026-06,VIL,2959,,,,2640,July modulo_suggested_rate; clearing rule_adjusted_rate restores the normal pre-rule fallback,reconciled_to_prior_rule_free_snapshot
408bb6c8-13af-4d5d-a947-8419a39089d3,trilogy,2026-07,Bellevue - 414,510/B,AL,Studio,7039,7024,6813,"Decrease 3% - Studio Dlx, Studio when SL occupancy < 80% +2 more",2026-08-21 01:10:58.191+00,2026-06,AL,6859,,,,7024,July modulo_suggested_rate; clearing rule_adjusted_rate restores the normal pre-rule fallback,reconciled_to_prior_rule_free_snapshot
40fc5ca4-d7cf-40c4-8660-0e5d273fadc4,trilogy,2026-07,Anderson - 112,2226/B,VIL,One Bedroom,2819,2640,2678,Decrease 3% - One Bedroom when SL occupancy < 80% +1 more,2026-08-21 01:10:46.29+00,2026-06,VIL,2959,,,,2640,July modulo_suggested_rate; clearing rule_adjusted_rate restores the normal pre-rule fallback,reconciled_to_prior_rule_free_snapshot
410c84d0-9bac-4443-beb2-1abbc7392d72,trilogy,2026-07,Greenfield - 125,603/A,AL/MC,Companion,5679,5373,5395,Decrease 6.5% - Companion when RT occupancy < 50% +1 more,2026-08-21 01:10:50.609+00,2026-06,AL/MC,5679,,,,5373,July modulo_suggested_rate; clearing rule_adjusted_rate restores the normal pre-rule fallback,reconciled_to_prior_rule_free_snapshot
41200869-c137-4360-94d0-c0d98c9ec4d8,trilogy,2026-07,Muskegon - 525,509/B,AL,Companion,7929,7612,7533,Decrease 6.5% - Companion when RT occupancy < 50% +1 more,2026-08-21 01:10:54.344+00,2026-06,AL,7729,,,,7612,July modulo_suggested_rate; clearing rule_adjusted_rate restores the normal pre-rule fallback,reconciled_to_prior_rule_free_snapshot
41b457a5-3a05-4b9d-8015-6813263e4d8d,trilogy,2026-07,Crawfordsville - 5167,29/B,AL,Studio,5969,5957,5778,"Decrease 3% - Studio Dlx, Studio when SL occupancy < 80% +2 more",2026-08-21 01:10:55.188+00,2026-06,AL,5819,,,,5957,July modulo_suggested_rate; clearing rule_adjusted_rate restores the normal pre-rule fallback,reconciled_to_prior_rule_free_snapshot
41e68ed4-81fd-4b5d-9292-0b04929ceb63,trilogy,2026-07,Boonville - 110,520/A,AL,Studio,6409,6794,6590,"Decrease 3% - Studio Dlx, Studio when SL occupancy < 80% +2 more",2026-08-21 01:10:56.638+00,2026-06,AL,6409,,,,6794,July modulo_suggested_rate; clearing rule_adjusted_rate restores the normal pre-rule fallback,reconciled_to_prior_rule_free_snapshot
420f71dc-a603-4e79-a0d8-a049f8d7bb52,trilogy,2026-07,Muncie - 128,515/A,AL,Studio,6989,6598,6640,"Decrease 3% - Studio Dlx, Studio when SL occupancy < 80% +2 more",2026-08-21 01:10:58.756+00,2026-06,AL,6919,,,,6598,July modulo_suggested_rate; clearing rule_adjusted_rate restores the normal pre-rule fallback,reconciled_to_prior_rule_free_snapshot
42193a9c-6418-4d8d-81ab-af7c6eba4b4b,trilogy,2026-07,Romeo - 2512,401/A,AL,Studio,7749,8214,7968,"Decrease 3% - Studio Dlx, Studio when SL occupancy < 80% +2 more",2026-08-21 01:10:51.217+00,2026-06,AL,7749,,,,8214,July modulo_suggested_rate; clearing rule_adjusted_rate restores the normal pre-rule fallback,reconciled_to_prior_rule_free_snapshot
425bb2e8-4c44-40fc-aa86-02f15a187546,trilogy,2026-07,Anderson - 112,1725/B,VIL,One Bedroom,2819,2640,2678,Decrease 3% - One Bedroom when SL occupancy < 80% +1 more,2026-08-21 01:10:46.29+00,2026-06,VIL,2959,,,,2640,July modulo_suggested_rate; clearing rule_adjusted_rate restores the normal pre-rule fallback,reconciled_to_prior_rule_free_snapshot
426920e3-874e-473f-a784-69fdacf084c2,trilogy,2026-07,Batesville - 120,500/B,AL,Studio,6669,6900,6693,"Decrease 3% - Studio Dlx, Studio when SL occupancy < 80% +2 more",2026-08-21 01:10:54.344+00,2026-06,AL,6499,,,,6900,July modulo_suggested_rate; clearing rule_adjusted_rate restores the normal pre-rule fallback,reconciled_to_prior_rule_free_snapshot
426abb5c-49c8-487e-9e64-66eb6fd47a63,trilogy,2026-07,Bardstown - 233,308/A,AL/MC,Studio,249,260,252,"Decrease 3% - Studio Dlx, Studio when SL occupancy < 80% +2 more",2026-08-21 01:10:41.57+00,2026-06,AL/MC,6349,,,,260,July modulo_suggested_rate; clearing rule_adjusted_rate restores the normal pre-rule fallback,reconciled_to_prior_rule_free_snapshot
42b5ebbe-1e3f-4933-b6e9-33f57ad03f24,trilogy,2026-07,Shelbyville - 118,3A/A,VIL,One Bedroom,3289,3276,3178,Decrease 3% - One Bedroom when SL occupancy < 80% +1 more,2026-08-21 01:10:52.984+00,2026-06,VIL,3289,,,,3276,July modulo_suggested_rate; clearing rule_adjusted_rate restores the normal pre-rule fallback,reconciled_to_prior_rule_free_snapshot
430fffe2-7ca9-4a3c-8299-e32a7a408670,trilogy,2026-07,Fremont - 403,505/A,AL,Studio,6349,6730,6528,"Decrease 3% - Studio Dlx, Studio when SL occupancy < 80% +2 more",2026-08-21 01:10:56.358+00,2026-06,AL,6039,,,,6730,July modulo_suggested_rate; clearing rule_adjusted_rate restores the normal pre-rule fallback,reconciled_to_prior_rule_free_snapshot
437f9056-4d27-4540-be62-be8339049bc3,trilogy,2026-07,Indianapolis AP - 5160,307/B,AL,Companion,2339,2168,2222,Decrease 6.5% - Companion when RT occupancy < 50% +1 more,2026-08-21 01:10:50.242+00,2026-06,AL,2339,,,,2168,July modulo_suggested_rate; clearing rule_adjusted_rate restores the normal pre-rule fallback,reconciled_to_prior_rule_free_snapshot
4394b81b-3ca6-4544-a13a-cf90ac4f285f,trilogy,2026-07,Anderson - 112,2143/B,VIL,One Bedroom,2819,2640,2678,Decrease 3% - One Bedroom when SL occupancy < 80% +1 more,2026-08-21 01:10:46.29+00,2026-06,VIL,2959,,,,2640,July modulo_suggested_rate; clearing rule_adjusted_rate restores the normal pre-rule fallback,reconciled_to_prior_rule_free_snapshot
44092e50-86fe-4272-812b-00a192b767b5,trilogy,2026-07,Greenfield - 125,2257/B,VIL,One Bedroom,3499,3293,3324,Decrease 3% - One Bedroom when SL occupancy < 80% +1 more,2026-08-21 01:10:50.917+00,2026-06,VIL,3499,,,,3293,July modulo_suggested_rate; clearing rule_adjusted_rate restores the normal pre-rule fallback,reconciled_to_prior_rule_free_snapshot
444b85f1-b1b7-4d77-94ad-ff5b6b4f911d,trilogy,2026-07,Willard - 2424,517/A,AL,Studio,6419,6406,6214,"Decrease 3% - Studio Dlx, Studio when SL occupancy < 80% +2 more",2026-08-21 01:10:53.742+00,2026-06,AL,6259,,,,6406,July modulo_suggested_rate; clearing rule_adjusted_rate restores the normal pre-rule fallback,reconciled_to_prior_rule_free_snapshot
446a7b86-f1cd-40ce-8a1e-e6a165dcd8ce,trilogy,2026-07,Belmont - 519,519/A,AL,Studio,7509,7960,7721,"Decrease 3% - Studio Dlx, Studio when SL occupancy < 80% +2 more",2026-08-21 01:10:50.242+00,2026-06,AL,7319,,,,7960,July modulo_suggested_rate; clearing rule_adjusted_rate restores the normal pre-rule fallback,reconciled_to_prior_rule_free_snapshot
446f31b7-1544-4b95-9192-678605d35c8f,trilogy,2026-07,Greenfield - 125,535/B,VIL,One Bedroom,3299,3105,3134,Decrease 3% - One Bedroom when SL occupancy < 80% +1 more,2026-08-21 01:10:50.609+00,2026-06,VIL,3299,,,,3105,July modulo_suggested_rate; clearing rule_adjusted_rate restores the normal pre-rule fallback,reconciled_to_prior_rule_free_snapshot
44836adb-c332-4070-8834-b12de57777ac,trilogy,2026-07,Batesville - 120,504/A,AL,Studio,6669,6900,6693,"Decrease 3% - Studio Dlx, Studio when SL occupancy < 80% +2 more",2026-08-21 01:10:54.344+00,2026-06,AL,6499,,,,6900,July modulo_suggested_rate; clearing rule_adjusted_rate restores the normal pre-rule fallback,reconciled_to_prior_rule_free_snapshot
44b4ff63-be28-4ac3-a7f4-69b19bfa9228,trilogy,2026-07,Kokomo WK - 5168,17/A,AL,Studio,6119,6486,6291,"Decrease 3% - Studio Dlx, Studio when SL occupancy < 80% +2 more",2026-08-21 01:10:55.676+00,2026-06,AL,5969,,,,6486,July modulo_suggested_rate; clearing rule_adjusted_rate restores the normal pre-rule fallback,reconciled_to_prior_rule_free_snapshot
44d9a787-3294-4f45-95f4-bf47aa721a2e,trilogy,2026-07,Kokomo WK - 5168,25T/A,AL,Studio,6119,6486,6291,"Decrease 3% - Studio Dlx, Studio when SL occupancy < 80% +2 more",2026-08-21 01:10:55.676+00,2026-06,AL,5969,,,,6486,July modulo_suggested_rate; clearing rule_adjusted_rate restores the normal pre-rule fallback,reconciled_to_prior_rule_free_snapshot
44e62a7b-c496-45fc-a147-02136463d064,trilogy,2026-07,Louisville ES - 210,LB215/B,AL/MC,Studio,8809,9338,9058,"Decrease 3% - Studio Dlx, Studio when SL occupancy < 80% +2 more",2026-08-21 01:10:50.917+00,2026-06,AL/MC,8589,,,,9338,July modulo_suggested_rate; clearing rule_adjusted_rate restores the normal pre-rule fallback,reconciled_to_prior_rule_free_snapshot
44efe0c3-adf0-4240-a7e0-c9ada2710713,trilogy,2026-07,Louisville ES - 210,LB326/A,AL/MC,Studio,8989,9528,9242,"Decrease 3% - Studio Dlx, Studio when SL occupancy < 80% +2 more",2026-08-21 01:10:50.917+00,2026-06,AL/MC,8769,,,,9528,July modulo_suggested_rate; clearing rule_adjusted_rate restores the normal pre-rule fallback,reconciled_to_prior_rule_free_snapshot
45b81647-4c86-4fa2-b6d6-b1ad8179975d,trilogy,2026-07,Romeo - 2512,410/A,AL,Studio,7749,8120,7876,"Decrease 3% - Studio Dlx, Studio when SL occupancy < 80% +2 more",2026-08-21 01:10:50.917+00,2026-06,AL,7749,,,,8120,July modulo_suggested_rate; clearing rule_adjusted_rate restores the normal pre-rule fallback,reconciled_to_prior_rule_free_snapshot
45c187f4-e5c9-4347-9891-ab5d17246e65,trilogy,2026-07,Indianapolis AP - 5160,309/B,AL,Companion,2339,2227,2222,Decrease 6.5% - Companion when RT occupancy < 50% +1 more,2026-08-21 01:10:50.242+00,2026-06,AL,2339,,,,2227,July modulo_suggested_rate; clearing rule_adjusted_rate restores the normal pre-rule fallback,reconciled_to_prior_rule_free_snapshot
4612caa0-47a2-4298-9500-a268d4e2d212,trilogy,2026-07,Crawfordsville - 5167,25/B,AL,Studio,5969,5957,5778,"Decrease 3% - Studio Dlx, Studio when SL occupancy < 80% +2 more",2026-08-21 01:10:55.188+00,2026-06,AL,5819,,,,5957,July modulo_suggested_rate; clearing rule_adjusted_rate restores the normal pre-rule fallback,reconciled_to_prior_rule_free_snapshot
4663ce1c-d103-418e-bf37-728df671f8ab,trilogy,2026-07,Ottawa MO - 430,211/A,VIL,One Bedroom,2699,2507,2564,Decrease 3% - One Bedroom when SL occupancy < 80% +1 more,2026-08-21 01:10:52.984+00,2026-06,VIL,2699,,,,2507,July modulo_suggested_rate; clearing rule_adjusted_rate restores the normal pre-rule fallback,reconciled_to_prior_rule_free_snapshot
46b11c1e-5923-47ba-a887-e3f80a521c8d,trilogy,2026-07,Shelbyville - 118,6B/B,VIL,One Bedroom,3289,3276,3178,Decrease 3% - One Bedroom when SL occupancy < 80% +1 more,2026-08-21 01:10:52.984+00,2026-06,VIL,3289,,,,3276,July modulo_suggested_rate; clearing rule_adjusted_rate restores the normal pre-rule fallback,reconciled_to_prior_rule_free_snapshot
46b1ff2c-9ee3-4fc2-be22-27075c0ff0ec,trilogy,2026-07,Monclova - 2422,4527/B,VIL,One Bedroom,3229,3423,3320,Decrease 3% - One Bedroom when SL occupancy < 80% +1 more,2026-08-21 01:10:53.213+00,2026-06,VIL,3149,,,,3423,July modulo_suggested_rate; clearing rule_adjusted_rate restores the normal pre-rule fallback,reconciled_to_prior_rule_free_snapshot
46d3cb38-8bcd-4cd6-a433-a177ac860148,trilogy,2026-07,Vincennes - 131,513/B,AL,Companion,7359,6787,6991,Decrease 6.5% - Companion when RT occupancy < 50% +1 more,2026-08-21 01:10:59.05+00,2026-06,AL,7359,,,,6787,July modulo_suggested_rate; clearing rule_adjusted_rate restores the normal pre-rule fallback,reconciled_to_prior_rule_free_snapshot
47083a77-85a9-4ad4-815a-633296da3c9c,trilogy,2026-07,Kokomo WK - 5168,19/A,AL,Studio,6119,6486,6291,"Decrease 3% - Studio Dlx, Studio when SL occupancy < 80% +2 more",2026-08-21 01:10:55.676+00,2026-06,AL,5969,,,,6486,July modulo_suggested_rate; clearing rule_adjusted_rate restores the normal pre-rule fallback,reconciled_to_prior_rule_free_snapshot
47a06f95-21e7-48a9-afa3-6b7af9209be4,trilogy,2026-07,Greenfield - 125,2227/B,VIL,One Bedroom,3299,3105,3134,Decrease 3% - One Bedroom when SL occupancy < 80% +1 more,2026-08-21 01:10:50.917+00,2026-06,VIL,3299,,,,3105,July modulo_suggested_rate; clearing rule_adjusted_rate restores the normal pre-rule fallback,reconciled_to_prior_rule_free_snapshot
47bd3ee0-4afc-408e-94f0-c44650ad51eb,trilogy,2026-07,Monclova - 2422,7008/B,VIL,One Bedroom,3229,3423,3320,Decrease 3% - One Bedroom when SL occupancy < 80% +1 more,2026-08-21 01:10:53.213+00,2026-06,VIL,3149,,,,3423,July modulo_suggested_rate; clearing rule_adjusted_rate restores the normal pre-rule fallback,reconciled_to_prior_rule_free_snapshot
47d79ff5-5066-42b0-88be-4f47e78cedcc,trilogy,2026-07,Indianapolis AP - 5160,309/A,AL,Companion,2339,2227,2222,Decrease 6.5% - Companion when RT occupancy < 50% +1 more,2026-08-21 01:10:50.242+00,2026-06,AL,2339,,,,2227,July modulo_suggested_rate; clearing rule_adjusted_rate restores the normal pre-rule fallback,reconciled_to_prior_rule_free_snapshot
47d7f535-5a3d-402d-be9c-df3de2bad51c,trilogy,2026-07,Monclova - 2422,6955/A,VIL,One Bedroom,3229,3423,3320,Decrease 3% - One Bedroom when SL occupancy < 80% +1 more,2026-08-21 01:10:53.213+00,2026-06,VIL,3149,,,,3423,July modulo_suggested_rate; clearing rule_adjusted_rate restores the normal pre-rule fallback,reconciled_to_prior_rule_free_snapshot
47f41c8a-2d7d-40e4-8b0f-c6c92cb256bc,trilogy,2026-07,Jasper - 108,516/A,AL,Studio,6389,6395,6203,"Decrease 3% - Studio Dlx, Studio when SL occupancy < 80% +2 more",2026-08-21 01:10:45.367+00,2026-06,AL,6319,,,,6395,July modulo_suggested_rate; clearing rule_adjusted_rate restores the normal pre-rule fallback,reconciled_to_prior_rule_free_snapshot
485c5f98-7c35-4ec7-bfd0-7204cd2aef49,trilogy,2026-07,Harrodsburg - 2187,504/A,AL,Companion,5999,6359,5946,Decrease 6.5% - Companion when RT occupancy < 50% +1 more,2026-08-21 01:11:00.666+00,2026-06,AL,5999,,,,6359,July modulo_suggested_rate; clearing rule_adjusted_rate restores the normal pre-rule fallback,reconciled_to_prior_rule_free_snapshot
48838cc6-4c51-4932-b4d4-616cc5a0e1c5,trilogy,2026-07,Louisville ES - 210,LB111/B,AL/MC,Studio,8809,9338,9058,"Decrease 3% - Studio Dlx, Studio when SL occupancy < 80% +2 more",2026-08-21 01:10:50.917+00,2026-06,AL/MC,8589,,,,9338,July modulo_suggested_rate; clearing rule_adjusted_rate restores the normal pre-rule fallback,reconciled_to_prior_rule_free_snapshot
488dc97d-07c2-411b-bcae-5b6fb2359b17,trilogy,2026-07,Anderson - 112,319/A,AL/MC,Companion,6999,6159,6649,Decrease 6.5% - Companion when RT occupancy < 50% +1 more,2026-08-21 01:10:46.29+00,2026-06,AL/MC,7179,,,,6159,July modulo_suggested_rate; clearing rule_adjusted_rate restores the normal pre-rule fallback,reconciled_to_prior_rule_free_snapshot
4898c83a-cb0c-474a-ab34-453edebd2245,trilogy,2026-07,Avon - 5166,09/A,AL,Studio Dlx,4979,4964,4815,"Decrease 3% - Studio Dlx, Studio when SL occupancy < 80% +2 more",2026-08-21 01:10:50.609+00,2026-06,AL,4979,,,,4964,July modulo_suggested_rate; clearing rule_adjusted_rate restores the normal pre-rule fallback,reconciled_to_prior_rule_free_snapshot
48ca4f64-e92a-4053-b954-f1caeff9d206,trilogy,2026-07,Corydon - 2180,408/A,AL/MC,Studio,7499,7122,7124,"Decrease 3% - Studio Dlx, Studio when SL occupancy < 80% +2 more",2026-08-21 01:10:55.188+00,2026-06,AL/MC,7499,,,,7122,July modulo_suggested_rate; clearing rule_adjusted_rate restores the normal pre-rule fallback,reconciled_to_prior_rule_free_snapshot
490992d4-360b-429a-b75e-d834622b09aa,trilogy,2026-07,Anderson - 112,317/A,AL/MC,Companion,6999,6159,6649,Decrease 6.5% - Companion when RT occupancy < 50% +1 more,2026-08-21 01:10:46.29+00,2026-06,AL/MC,7179,,,,6159,July modulo_suggested_rate; clearing rule_adjusted_rate restores the normal pre-rule fallback,reconciled_to_prior_rule_free_snapshot
491eba67-da9a-4ec0-b8fa-1ae264d74c90,trilogy,2026-07,Ottawa MO - 430,322/B,VIL,One Bedroom,2699,2507,2564,Decrease 3% - One Bedroom when SL occupancy < 80% +1 more,2026-08-21 01:10:52.984+00,2026-06,VIL,2699,,,,2507,July modulo_suggested_rate; clearing rule_adjusted_rate restores the normal pre-rule fallback,reconciled_to_prior_rule_free_snapshot
494a3823-f5aa-4250-b44f-2020db91e338,trilogy,2026-07,Kalida - 406,407/B,AL/MC,Studio,7919,7213,7523,"Decrease 3% - Studio Dlx, Studio when SL occupancy < 80% +2 more",2026-08-21 01:10:59.361+00,2026-06,AL/MC,8119,,,,7213,July modulo_suggested_rate; clearing rule_adjusted_rate restores the normal pre-rule fallback,reconciled_to_prior_rule_free_snapshot
49771eaa-e04e-4735-b932-f7b09186ec59,trilogy,2026-07,Colerain - 412,504/A,AL,Companion,4359,4621,4321,Decrease 6.5% - Companion when RT occupancy < 50% +1 more,2026-08-21 01:10:51.649+00,2026-06,AL,4239,,,,4621,July modulo_suggested_rate; clearing rule_adjusted_rate restores the normal pre-rule fallback,reconciled_to_prior_rule_free_snapshot
49ec5e1b-8873-4e86-bc2d-b741d831c999,trilogy,2026-07,Greenfield - 125,2268/A,VIL,One Bedroom,3499,3293,3324,Decrease 3% - One Bedroom when SL occupancy < 80% +1 more,2026-08-21 01:10:50.609+00,2026-06,VIL,3499,,,,3293,July modulo_suggested_rate; clearing rule_adjusted_rate restores the normal pre-rule fallback,reconciled_to_prior_rule_free_snapshot
49f8344b-8834-4c63-83e1-17e6fff1a283,trilogy,2026-07,Vincennes - 131,513/A,AL,Companion,7359,6787,6991,Decrease 6.5% - Companion when RT occupancy < 50% +1 more,2026-08-21 01:10:59.05+00,2026-06,AL,7359,,,,6787,July modulo_suggested_rate; clearing rule_adjusted_rate restores the normal pre-rule fallback,reconciled_to_prior_rule_free_snapshot
4a24fc16-7bcf-4aee-ac6f-a1ec87c0e5ca,trilogy,2026-07,Corydon - 2180,404/A,AL/MC,Companion,309,282,294,Decrease 6.5% - Companion when RT occupancy < 50% +1 more,2026-08-21 01:10:55.676+00,2026-06,AL/MC,8509,,,,282,July modulo_suggested_rate; clearing rule_adjusted_rate restores the normal pre-rule fallback,reconciled_to_prior_rule_free_snapshot
4a50ab4b-b7ea-44df-98a6-621cb6fe7cd2,trilogy,2026-07,Louisville ES - 210,LB126/B,AL/MC,Studio,8989,9528,9242,"Decrease 3% - Studio Dlx, Studio when SL occupancy < 80% +2 more",2026-08-21 01:10:50.917+00,2026-06,AL/MC,8769,,,,9528,July modulo_suggested_rate; clearing rule_adjusted_rate restores the normal pre-rule fallback,reconciled_to_prior_rule_free_snapshot
4a8b6187-d816-463d-bad7-3b54c5a90efe,trilogy,2026-07,Louisville ES - 210,LB205/B,AL/MC,Studio,8809,9338,9058,"Decrease 3% - Studio Dlx, Studio when SL occupancy < 80% +2 more",2026-08-21 01:10:50.917+00,2026-06,AL/MC,8589,,,,9338,July modulo_suggested_rate; clearing rule_adjusted_rate restores the normal pre-rule fallback,reconciled_to_prior_rule_free_snapshot
4aa77f10-aea9-4649-954c-7c54fb5a0a01,trilogy,2026-07,Louisville ES - 210,LB226/B,AL/MC,Studio,8989,9528,9242,"Decrease 3% - Studio Dlx, Studio when SL occupancy < 80% +2 more",2026-08-21 01:10:50.917+00,2026-06,AL/MC,8769,,,,9528,July modulo_suggested_rate; clearing rule_adjusted_rate restores the normal pre-rule fallback,reconciled_to_prior_rule_free_snapshot
4aee7cfb-adfa-46e9-9ede-2b0433624673,trilogy,2026-07,Lima SL - 433,601/A,AL/MC,Studio,7279,7716,7485,"Decrease 3% - Studio Dlx, Studio when SL occupancy < 80% +2 more",2026-08-21 01:10:54.824+00,2026-06,AL/MC,7099,,,,7716,July modulo_suggested_rate; clearing rule_adjusted_rate restores the normal pre-rule fallback,reconciled_to_prior_rule_free_snapshot
4af85e88-5763-429c-b6ab-b982038e2ea1,trilogy,2026-07,Shelbyville - 118,1B/A,VIL,One Bedroom,3289,3276,3178,Decrease 3% - One Bedroom when SL occupancy < 80% +1 more,2026-08-21 01:10:52.984+00,2026-06,VIL,3289,,,,3276,July modulo_suggested_rate; clearing rule_adjusted_rate restores the normal pre-rule fallback,reconciled_to_prior_rule_free_snapshot
4b2d68d3-6172-4023-a670-4b415d384846,trilogy,2026-07,Waunakee - 571,10/B,VIL,One Bedroom,2699,2861,2775,Decrease 3% - One Bedroom when SL occupancy < 80% +1 more,2026-08-21 01:10:50.917+00,2026-06,VIL,2629,,,,2861,July modulo_suggested_rate; clearing rule_adjusted_rate restores the normal pre-rule fallback,reconciled_to_prior_rule_free_snapshot
4c882d9f-f2c8-4575-b65d-ab096650566c,trilogy,2026-07,Sylvania - 2427,7351/B,VIL,One Bedroom,3299,3090,3134,Decrease 3% - One Bedroom when SL occupancy < 80% +1 more,2026-08-21 01:10:45.367+00,2026-06,VIL,3299,,,,3090,July modulo_suggested_rate; clearing rule_adjusted_rate restores the normal pre-rule fallback,reconciled_to_prior_rule_free_snapshot
4ca3845c-a344-45d4-afe8-dca7bad8b0da,trilogy,2026-07,Anderson - 112,2133/B,VIL,One Bedroom,429,443,430,Decrease 3% - One Bedroom when SL occupancy < 80% +1 more,2026-08-21 01:10:46.29+00,2026-06,VIL,449,,,,443,July modulo_suggested_rate; clearing rule_adjusted_rate restores the normal pre-rule fallback,reconciled_to_prior_rule_free_snapshot
4cd9967c-70d9-490a-9e4d-763cbeb58ec3,trilogy,2026-07,Romeo - 2512,517/A,AL,Studio,7749,8214,7968,"Decrease 3% - Studio Dlx, Studio when SL occupancy < 80% +2 more",2026-08-21 01:10:51.217+00,2026-06,AL,7749,,,,8214,July modulo_suggested_rate; clearing rule_adjusted_rate restores the normal pre-rule fallback,reconciled_to_prior_rule_free_snapshot
4d1b916c-b9c4-4805-b1de-986976566335,trilogy,2026-07,Kokomo WK - 5168,16/A,AL,Studio,6119,6486,6291,"Decrease 3% - Studio Dlx, Studio when SL occupancy < 80% +2 more",2026-08-21 01:10:55.676+00,2026-06,AL,5969,,,,6486,July modulo_suggested_rate; clearing rule_adjusted_rate restores the normal pre-rule fallback,reconciled_to_prior_rule_free_snapshot
4d389e63-ffe8-46db-905f-3b15b7faae18,trilogy,2026-07,Anderson - 112,2137/B,VIL,One Bedroom,2819,2640,2678,Decrease 3% - One Bedroom when SL occupancy < 80% +1 more,2026-08-21 01:10:46.29+00,2026-06,VIL,2959,,,,2640,July modulo_suggested_rate; clearing rule_adjusted_rate restores the normal pre-rule fallback,reconciled_to_prior_rule_free_snapshot
4ddc120b-767b-496c-9d02-b2da2ead71b4,trilogy,2026-07,Lafayette SL - 5162,114/A,AL,Studio,5849,5810,5636,"Decrease 3% - Studio Dlx, Studio when SL occupancy < 80% +2 more",2026-08-21 01:10:48.831+00,2026-06,AL,5849,,,,5810,July modulo_suggested_rate; clearing rule_adjusted_rate restores the normal pre-rule fallback,reconciled_to_prior_rule_free_snapshot
4e1cd1d3-4dc1-42e3-815a-14a10cd39e10,trilogy,2026-07,Ottawa MO - 430,211/B,VIL,One Bedroom,2699,2507,2564,Decrease 3% - One Bedroom when SL occupancy < 80% +1 more,2026-08-21 01:10:52.984+00,2026-06,VIL,2699,,,,2507,July modulo_suggested_rate; clearing rule_adjusted_rate restores the normal pre-rule fallback,reconciled_to_prior_rule_free_snapshot
4e6bdd33-bcf7-4608-a2ac-b8bc64bf4066,trilogy,2026-07,Muncie - 128,401/A,AL,Studio,6809,6261,6469,"Decrease 3% - Studio Dlx, Studio when SL occupancy < 80% +2 more",2026-08-21 01:10:58.756+00,2026-06,AL,6739,,,,6261,July modulo_suggested_rate; clearing rule_adjusted_rate restores the normal pre-rule fallback,reconciled_to_prior_rule_free_snapshot
4e7e576a-3be6-432e-9ffb-fcfb25bbb270,trilogy,2026-07,Louisville ES - 210,LB106/A,AL/MC,Studio,8989,9528,9242,"Decrease 3% - Studio Dlx, Studio when SL occupancy < 80% +2 more",2026-08-21 01:10:50.917+00,2026-06,AL/MC,8769,,,,9528,July modulo_suggested_rate; clearing rule_adjusted_rate restores the normal pre-rule fallback,reconciled_to_prior_rule_free_snapshot
4e986e6b-f2c8-4152-97e7-01befb934551,trilogy,2026-07,Crawfordsville - 5167,19/A,AL,Studio,5969,5957,5778,"Decrease 3% - Studio Dlx, Studio when SL occupancy < 80% +2 more",2026-08-21 01:10:55.188+00,2026-06,AL,5819,,,,5957,July modulo_suggested_rate; clearing rule_adjusted_rate restores the normal pre-rule fallback,reconciled_to_prior_rule_free_snapshot
4f1017a1-2668-4361-a655-9e6aa38405af,trilogy,2026-07,Harrodsburg - 2187,507/A,AL,Companion,5999,6359,5946,Decrease 6.5% - Companion when RT occupancy < 50% +1 more,2026-08-21 01:11:00.666+00,2026-06,AL,5999,,,,6359,July modulo_suggested_rate; clearing rule_adjusted_rate restores the normal pre-rule fallback,reconciled_to_prior_rule_free_snapshot
4f46cdad-1173-44e7-be6a-54fa93579492,trilogy,2026-07,Fremont - 403,502/A,AL,Studio,6349,6730,6528,"Decrease 3% - Studio Dlx, Studio when SL occupancy < 80% +2 more",2026-08-21 01:10:56.358+00,2026-06,AL,6039,,,,6730,July modulo_suggested_rate; clearing rule_adjusted_rate restores the normal pre-rule fallback,reconciled_to_prior_rule_free_snapshot
4f57c0f4-da79-4371-92da-ae1b50aea5b5,trilogy,2026-07,Harrodsburg - 2187,406/B,AL,Companion,5999,6359,5946,Decrease 6.5% - Companion when RT occupancy < 50% +1 more,2026-08-21 01:11:00.666+00,2026-06,AL,5999,,,,6359,July modulo_suggested_rate; clearing rule_adjusted_rate restores the normal pre-rule fallback,reconciled_to_prior_rule_free_snapshot
4fc9ee55-6445-45ad-9f93-638b072ede04,trilogy,2026-07,Bardstown - 233,300/A,AL/MC,Studio,6279,6075,5965,"Decrease 3% - Studio Dlx, Studio when SL occupancy < 80% +2 more",2026-08-21 01:10:41.57+00,2026-06,AL/MC,6279,,,,6075,July modulo_suggested_rate; clearing rule_adjusted_rate restores the normal pre-rule fallback,reconciled_to_prior_rule_free_snapshot
4fddba67-4902-4345-8ee3-3693a7cb929e,trilogy,2026-07,Corydon - 2180,512/A,AL,Studio,6459,6446,6253,"Decrease 3% - Studio Dlx, Studio when SL occupancy < 80% +2 more",2026-08-21 01:10:55.188+00,2026-06,AL,6389,,,,6446,July modulo_suggested_rate; clearing rule_adjusted_rate restores the normal pre-rule fallback,reconciled_to_prior_rule_free_snapshot
503b345f-f935-4255-a024-7e26c006b32f,trilogy,2026-07,Richmond FP - 123,512/A,AL,Companion,6579,6788,6347,Decrease 6.5% - Companion when RT occupancy < 50% +1 more,2026-08-21 01:10:52.024+00,2026-06,AL,6509,,,,6788,July modulo_suggested_rate; clearing rule_adjusted_rate restores the normal pre-rule fallback,reconciled_to_prior_rule_free_snapshot
509120b7-ef62-47e3-ada7-d60e6b45e97c,trilogy,2026-07,Greensburg - 150,407/A,AL/MC,Studio,8079,7254,7675,"Decrease 3% - Studio Dlx, Studio when SL occupancy < 80% +2 more",2026-08-21 01:10:53.742+00,2026-06,AL/MC,8079,,,,7254,July modulo_suggested_rate; clearing rule_adjusted_rate restores the normal pre-rule fallback,reconciled_to_prior_rule_free_snapshot
50d7a04b-9e0a-44cd-b134-1f66c9c78cd2,trilogy,2026-07,Tiffin - 435,606/A,AL,Studio,6539,6931,6723,"Decrease 3% - Studio Dlx, Studio when SL occupancy < 80% +2 more",2026-08-21 01:10:51.217+00,2026-06,AL,369,,,,6931,July modulo_suggested_rate; clearing rule_adjusted_rate restores the normal pre-rule fallback,reconciled_to_prior_rule_free_snapshot
50ed755c-aae8-4d9f-ae1d-352a2201b200,trilogy,2026-07,Muncie - 128,404/A,AL,Studio,7059,6664,6706,"Decrease 3% - Studio Dlx, Studio when SL occupancy < 80% +2 more",2026-08-21 01:10:58.756+00,2026-06,AL,6989,,,,6664,July modulo_suggested_rate; clearing rule_adjusted_rate restores the normal pre-rule fallback,reconciled_to_prior_rule_free_snapshot
50fdca3a-8072-4930-aa91-aa242cba342c,trilogy,2026-07,Shelbyville - 118,10A/B,VIL,One Bedroom,3289,3276,3178,Decrease 3% - One Bedroom when SL occupancy < 80% +1 more,2026-08-21 01:10:52.984+00,2026-06,VIL,3289,,,,3276,July modulo_suggested_rate; clearing rule_adjusted_rate restores the normal pre-rule fallback,reconciled_to_prior_rule_free_snapshot
510a5a15-da63-4c6b-bacb-52b8d91fb768,trilogy,2026-07,Corydon - 2180,505/A,AL,Studio,6459,6446,6253,"Decrease 3% - Studio Dlx, Studio when SL occupancy < 80% +2 more",2026-08-21 01:10:55.188+00,2026-06,AL,6389,,,,6446,July modulo_suggested_rate; clearing rule_adjusted_rate restores the normal pre-rule fallback,reconciled_to_prior_rule_free_snapshot
513770d6-bde8-4734-92e0-f1a30ba7cbd3,trilogy,2026-07,Vincennes - 131,509/A,AL,Studio,6069,6284,6095,"Decrease 3% - Studio Dlx, Studio when SL occupancy < 80% +2 more",2026-08-21 01:10:59.05+00,2026-06,AL,6069,,,,6284,July modulo_suggested_rate; clearing rule_adjusted_rate restores the normal pre-rule fallback,reconciled_to_prior_rule_free_snapshot
513f39d2-e4fb-4ffe-b1f9-7e1f40e62238,trilogy,2026-07,Willard - 2424,508/A,AL,Studio,6419,6406,6214,"Decrease 3% - Studio Dlx, Studio when SL occupancy < 80% +2 more",2026-08-21 01:10:53.742+00,2026-06,AL,6259,,,,6406,July modulo_suggested_rate; clearing rule_adjusted_rate restores the normal pre-rule fallback,reconciled_to_prior_rule_free_snapshot
5160aafc-e3da-47e4-a8f4-9e5173b9e094,trilogy,2026-07,Romeo - 2512,502/A,AL,Studio,7749,8214,7968,"Decrease 3% - Studio Dlx, Studio when SL occupancy < 80% +2 more",2026-08-21 01:10:50.917+00,2026-06,AL,7749,,,,8214,July modulo_suggested_rate; clearing rule_adjusted_rate restores the normal pre-rule fallback,reconciled_to_prior_rule_free_snapshot
5198bd52-4046-48d8-b8e9-ce87aac1e7d7,trilogy,2026-07,Bellevue - 414,501/B,AL,Studio,7039,7024,6813,"Decrease 3% - Studio Dlx, Studio when SL occupancy < 80% +2 more",2026-08-21 01:10:58.191+00,2026-06,AL,6859,,,,7024,July modulo_suggested_rate; clearing rule_adjusted_rate restores the normal pre-rule fallback,reconciled_to_prior_rule_free_snapshot
51ae6c68-d849-4fdd-83a2-7a2889c90825,trilogy,2026-07,Boonville - 110,503/A,AL,Studio,6409,6794,6590,"Decrease 3% - Studio Dlx, Studio when SL occupancy < 80% +2 more",2026-08-21 01:10:56.638+00,2026-06,AL,6409,,,,6794,July modulo_suggested_rate; clearing rule_adjusted_rate restores the normal pre-rule fallback,reconciled_to_prior_rule_free_snapshot
51dbc811-eafa-437f-9acc-1395f2614b81,trilogy,2026-07,Louisville ES - 210,LB220/B,AL/MC,Studio,8989,9528,9242,"Decrease 3% - Studio Dlx, Studio when SL occupancy < 80% +2 more",2026-08-21 01:10:50.917+00,2026-06,AL/MC,8769,,,,9528,July modulo_suggested_rate; clearing rule_adjusted_rate restores the normal pre-rule fallback,reconciled_to_prior_rule_free_snapshot
51e98c7f-b02e-4e0c-9bed-9dd30b45168d,trilogy,2026-07,Leipsic - 409,459/B,VIL,One Bedroom,1469,1557,1510,Decrease 3% - One Bedroom when SL occupancy < 80% +1 more,2026-08-21 01:10:57.66+00,2026-06,VIL,1359,,,,1557,July modulo_suggested_rate; clearing rule_adjusted_rate restores the normal pre-rule fallback,reconciled_to_prior_rule_free_snapshot
52563c24-715e-4f2a-9f56-f986ef9b2216,trilogy,2026-07,Kalida - 406,408/B,AL/MC,Companion,11519,12210,11416,Decrease 6.5% - Companion when RT occupancy < 50% +1 more,2026-08-21 01:10:59.05+00,2026-06,AL/MC,11519,,,,12210,July modulo_suggested_rate; clearing rule_adjusted_rate restores the normal pre-rule fallback,reconciled_to_prior_rule_free_snapshot
52829601-754a-4c19-9d88-2d774a87111a,trilogy,2026-07,Vincennes - 131,506/A,AL,Studio,6069,6284,6095,"Decrease 3% - Studio Dlx, Studio when SL occupancy < 80% +2 more",2026-08-21 01:10:59.05+00,2026-06,AL,6069,,,,6284,July modulo_suggested_rate; clearing rule_adjusted_rate restores the normal pre-rule fallback,reconciled_to_prior_rule_free_snapshot
528c1ed0-6f69-4be3-b206-bb024f8250ec,trilogy,2026-07,Jasper - 108,409/A,AL,Studio,6389,6395,6203,"Decrease 3% - Studio Dlx, Studio when SL occupancy < 80% +2 more",2026-08-21 01:10:45.367+00,2026-06,AL,6319,,,,6395,July modulo_suggested_rate; clearing rule_adjusted_rate restores the normal pre-rule fallback,reconciled_to_prior_rule_free_snapshot
528f54d2-6e1d-43d8-a109-336de81a60a2,trilogy,2026-07,Tiffin - 435,514/B,AL,Studio,6799,7207,6991,"Decrease 3% - Studio Dlx, Studio when SL occupancy < 80% +2 more",2026-08-21 01:10:51.217+00,2026-06,AL,6629,,,,7207,July modulo_suggested_rate; clearing rule_adjusted_rate restores the normal pre-rule fallback,reconciled_to_prior_rule_free_snapshot
52a2e395-06d0-4308-ba2d-0fcbeef04574,trilogy,2026-07,Bellevue - 414,509/B,AL,Studio,7039,7024,6813,"Decrease 3% - Studio Dlx, Studio when SL occupancy < 80% +2 more",2026-08-21 01:10:58.191+00,2026-06,AL,6859,,,,7024,July modulo_suggested_rate; clearing rule_adjusted_rate restores the normal pre-rule fallback,reconciled_to_prior_rule_free_snapshot
52ce0c3d-ba72-4aed-b4d6-5ff7ff9a4a5b,trilogy,2026-07,Corydon - 2180,411/A,AL/MC,Studio,7499,7122,7124,"Decrease 3% - Studio Dlx, Studio when SL occupancy < 80% +2 more",2026-08-21 01:10:55.188+00,2026-06,AL/MC,7499,,,,7122,July modulo_suggested_rate; clearing rule_adjusted_rate restores the normal pre-rule fallback,reconciled_to_prior_rule_free_snapshot
52f80af8-a5de-406a-a5f9-c24a0f02a93f,trilogy,2026-07,Louisville ES - 210,LB122/A,AL/MC,Studio,8989,9528,9242,"Decrease 3% - Studio Dlx, Studio when SL occupancy < 80% +2 more",2026-08-21 01:10:50.917+00,2026-06,AL/MC,8769,,,,9528,July modulo_suggested_rate; clearing rule_adjusted_rate restores the normal pre-rule fallback,reconciled_to_prior_rule_free_snapshot
533b1c35-d1b2-46a6-a37d-f3c225de7c7e,trilogy,2026-07,Bloomington HS - 5149,513/A,AL,Companion,6029,6391,5976,Decrease 6.5% - Companion when RT occupancy < 50% +1 more,2026-08-21 01:10:52.31+00,2026-06,AL,6029,,,,6391,July modulo_suggested_rate; clearing rule_adjusted_rate restores the normal pre-rule fallback,reconciled_to_prior_rule_free_snapshot
533d389d-5d0d-439f-ad62-663a3d2d514c,trilogy,2026-07,Louisville ES - 210,LB328/A,AL/MC,Studio,8989,9528,9242,"Decrease 3% - Studio Dlx, Studio when SL occupancy < 80% +2 more",2026-08-21 01:10:50.917+00,2026-06,AL/MC,8769,,,,9528,July modulo_suggested_rate; clearing rule_adjusted_rate restores the normal pre-rule fallback,reconciled_to_prior_rule_free_snapshot
53b97ad0-7c16-40b4-aef1-e05d188a9a3f,trilogy,2026-07,Sylvania - 2427,7368/A,VIL,One Bedroom,3299,3090,3134,Decrease 3% - One Bedroom when SL occupancy < 80% +1 more,2026-08-21 01:10:45.367+00,2026-06,VIL,3299,,,,3090,July modulo_suggested_rate; clearing rule_adjusted_rate restores the normal pre-rule fallback,reconciled_to_prior_rule_free_snapshot
53ba92d9-018a-4eca-af6f-15e5cf085af3,trilogy,2026-07,Monclova - 2422,619/A,AL/MC,Companion,7669,6749,7286,Decrease 6.5% - Companion when RT occupancy < 50% +1 more,2026-08-21 01:10:53.213+00,2026-06,AL/MC,7859,,,,6749,July modulo_suggested_rate; clearing rule_adjusted_rate restores the normal pre-rule fallback,reconciled_to_prior_rule_free_snapshot
53c47645-eafa-4fc6-8901-26de95ff2a97,trilogy,2026-07,Harrodsburg - 2187,505/B,AL,Companion,5999,6359,5946,Decrease 6.5% - Companion when RT occupancy < 50% +1 more,2026-08-21 01:11:00.666+00,2026-06,AL,5999,,,,6359,July modulo_suggested_rate; clearing rule_adjusted_rate restores the normal pre-rule fallback,reconciled_to_prior_rule_free_snapshot
53e84ade-7750-49b2-b4f8-ffcfcdd78663,trilogy,2026-07,Bardstown - 233,206/B,AL/MC,Studio,6349,6143,6032,"Decrease 3% - Studio Dlx, Studio when SL occupancy < 80% +2 more",2026-08-21 01:10:41.57+00,2026-06,AL/MC,6349,,,,6143,July modulo_suggested_rate; clearing rule_adjusted_rate restores the normal pre-rule fallback,reconciled_to_prior_rule_free_snapshot
53f878e2-c774-4a0a-b5ee-f175620e46bd,trilogy,2026-07,Terre Haute CC - 129,412/A,AL/MC,Studio,8739,9035,8764,"Decrease 3% - Studio Dlx, Studio when SL occupancy < 80% +2 more",2026-08-21 01:10:54.079+00,2026-06,AL/MC,8739,,,,9035,July modulo_suggested_rate; clearing rule_adjusted_rate restores the normal pre-rule fallback,reconciled_to_prior_rule_free_snapshot
543d659c-5225-4f63-bfaa-c08b39458e66,trilogy,2026-07,Scottsburg - 121,504/A,AL,Studio,5499,5632,5463,"Decrease 3% - Studio Dlx, Studio when SL occupancy < 80% +2 more",2026-08-21 01:10:45.367+00,2026-06,AL,5499,,,,5632,July modulo_suggested_rate; clearing rule_adjusted_rate restores the normal pre-rule fallback,reconciled_to_prior_rule_free_snapshot
5458e441-e71e-43d8-9083-079f7c593c7d,trilogy,2026-07,West Lafayette - 2135,212/B,AL,Companion,3089,3170,2964,Decrease 6.5% - Companion when RT occupancy < 50% +1 more,2026-08-21 01:10:48.199+00,2026-06,AL,3089,,,,3170,July modulo_suggested_rate; clearing rule_adjusted_rate restores the normal pre-rule fallback,reconciled_to_prior_rule_free_snapshot
54a8dfee-b383-432c-9a83-bb55c9d0917d,trilogy,2026-07,Leipsic - 409,151/B,VIL,One Bedroom,1139,1207,1171,Decrease 3% - One Bedroom when SL occupancy < 80% +1 more,2026-08-21 01:10:57.66+00,2026-06,VIL,1069,,,,1207,July modulo_suggested_rate; clearing rule_adjusted_rate restores the normal pre-rule fallback,reconciled_to_prior_rule_free_snapshot
54ac58b5-34be-4635-bc82-77bd1c25218c,trilogy,2026-07,Sylvania - 2427,7332/B,VIL,One Bedroom,3299,3090,3134,Decrease 3% - One Bedroom when SL occupancy < 80% +1 more,2026-08-21 01:10:45.367+00,2026-06,VIL,3299,,,,3090,July modulo_suggested_rate; clearing rule_adjusted_rate restores the normal pre-rule fallback,reconciled_to_prior_rule_free_snapshot
54cb408a-7d0b-46bd-a047-99f197cc7d7c,trilogy,2026-07,Greenfield - 125,2264/B,VIL,One Bedroom,3499,3293,3324,Decrease 3% - One Bedroom when SL occupancy < 80% +1 more,2026-08-21 01:10:50.609+00,2026-06,VIL,3499,,,,3293,July modulo_suggested_rate; clearing rule_adjusted_rate restores the normal pre-rule fallback,reconciled_to_prior_rule_free_snapshot
5505db9f-57b2-4ac9-9d60-b4d4fc726eea,trilogy,2026-07,Shelbyville - 118,9B/A,VIL,One Bedroom,3289,3276,3178,Decrease 3% - One Bedroom when SL occupancy < 80% +1 more,2026-08-21 01:10:52.984+00,2026-06,VIL,3289,,,,3276,July modulo_suggested_rate; clearing rule_adjusted_rate restores the normal pre-rule fallback,reconciled_to_prior_rule_free_snapshot
5511e9db-35a1-418d-b536-42c3e100e82c,trilogy,2026-07,Richmond FP - 123,510/A,AL,Companion,6579,6788,6347,Decrease 6.5% - Companion when RT occupancy < 50% +1 more,2026-08-21 01:10:52.024+00,2026-06,AL,6509,,,,6788,July modulo_suggested_rate; clearing rule_adjusted_rate restores the normal pre-rule fallback,reconciled_to_prior_rule_free_snapshot
55716ca1-7066-426a-b6d5-a5495287757a,trilogy,2026-07,La Grange - 177,605/A,AL/MC,Companion,8309,7949,7894,Decrease 6.5% - Companion when RT occupancy < 50% +1 more,2026-08-21 01:10:52.566+00,2026-06,AL/MC,8309,,,,7949,July modulo_suggested_rate; clearing rule_adjusted_rate restores the normal pre-rule fallback,reconciled_to_prior_rule_free_snapshot
55803fd0-e2e8-4ec3-9cf4-c20edbf299d7,trilogy,2026-07,Monclova - 2422,703/B,AL/MC,Companion,7669,6872,7286,Decrease 6.5% - Companion when RT occupancy < 50% +1 more,2026-08-21 01:10:53.213+00,2026-06,AL/MC,7859,,,,6872,July modulo_suggested_rate; clearing rule_adjusted_rate restores the normal pre-rule fallback,reconciled_to_prior_rule_free_snapshot
5580ca56-6788-420c-b427-05b74b1de37b,trilogy,2026-07,Belmont - 519,515/A,AL,Studio,7179,7610,7382,"Decrease 3% - Studio Dlx, Studio when SL occupancy < 80% +2 more",2026-08-21 01:10:50.242+00,2026-06,AL,6999,,,,7610,July modulo_suggested_rate; clearing rule_adjusted_rate restores the normal pre-rule fallback,reconciled_to_prior_rule_free_snapshot
5590f8e8-9637-410e-9c22-9979ca36876d,trilogy,2026-07,Willard - 2424,520/A,AL,Studio,6419,6406,6214,"Decrease 3% - Studio Dlx, Studio when SL occupancy < 80% +2 more",2026-08-21 01:10:53.742+00,2026-06,AL,6259,,,,6406,July modulo_suggested_rate; clearing rule_adjusted_rate restores the normal pre-rule fallback,reconciled_to_prior_rule_free_snapshot
559269fa-c949-4210-95ae-c6b0504d81b3,trilogy,2026-07,Louisville ES - 210,LB309/A,AL/MC,Studio,8809,9338,9058,"Decrease 3% - Studio Dlx, Studio when SL occupancy < 80% +2 more",2026-08-21 01:10:50.917+00,2026-06,AL/MC,8589,,,,9338,July modulo_suggested_rate; clearing rule_adjusted_rate restores the normal pre-rule fallback,reconciled_to_prior_rule_free_snapshot
55f78aaa-f2c3-41d9-af93-3c18ab734aa3,trilogy,2026-07,Anderson - 112,1721/A,VIL,One Bedroom,2819,2640,2678,Decrease 3% - One Bedroom when SL occupancy < 80% +1 more,2026-08-21 01:10:46.29+00,2026-06,VIL,2959,,,,2640,July modulo_suggested_rate; clearing rule_adjusted_rate restores the normal pre-rule fallback,reconciled_to_prior_rule_free_snapshot
56391024-03ee-45f9-9306-131de77edc45,trilogy,2026-07,Boonville - 110,500/A,AL,Studio,6409,6794,6590,"Decrease 3% - Studio Dlx, Studio when SL occupancy < 80% +2 more",2026-08-21 01:10:56.638+00,2026-06,AL,6409,,,,6794,July modulo_suggested_rate; clearing rule_adjusted_rate restores the normal pre-rule fallback,reconciled_to_prior_rule_free_snapshot
56c3db94-66ae-414f-afe9-ce7caf43b17b,trilogy,2026-07,Leipsic - 409,261/B,VIL,One Bedroom,1139,1207,1171,Decrease 3% - One Bedroom when SL occupancy < 80% +1 more,2026-08-21 01:10:57.66+00,2026-06,VIL,1069,,,,1207,July modulo_suggested_rate; clearing rule_adjusted_rate restores the normal pre-rule fallback,reconciled_to_prior_rule_free_snapshot
56c7ce50-a04c-4d06-90e6-1c49bd5a2edd,trilogy,2026-07,Romeo - 2512,515/A,AL,Studio,7749,8214,7968,"Decrease 3% - Studio Dlx, Studio when SL occupancy < 80% +2 more",2026-08-21 01:10:51.217+00,2026-06,AL,7749,,,,8214,July modulo_suggested_rate; clearing rule_adjusted_rate restores the normal pre-rule fallback,reconciled_to_prior_rule_free_snapshot
56ef99a2-dfa7-4c51-9315-4b56ef6b4c83,trilogy,2026-07,Boonville - 110,502/B,AL,Studio,6409,6794,6590,"Decrease 3% - Studio Dlx, Studio when SL occupancy < 80% +2 more",2026-08-21 01:10:56.638+00,2026-06,AL,6409,,,,6794,July modulo_suggested_rate; clearing rule_adjusted_rate restores the normal pre-rule fallback,reconciled_to_prior_rule_free_snapshot
56f70666-0560-443a-9ff8-ccaac8a230dc,trilogy,2026-07,Willard - 2424,503/A,AL,Studio,6419,6406,6214,"Decrease 3% - Studio Dlx, Studio when SL occupancy < 80% +2 more",2026-08-21 01:10:53.742+00,2026-06,AL,6259,,,,6406,July modulo_suggested_rate; clearing rule_adjusted_rate restores the normal pre-rule fallback,reconciled_to_prior_rule_free_snapshot
570d0550-ed94-4032-8cff-43047292907b,trilogy,2026-07,Shelbyville - 118,7B/B,VIL,One Bedroom,3289,3276,3178,Decrease 3% - One Bedroom when SL occupancy < 80% +1 more,2026-08-21 01:10:52.984+00,2026-06,VIL,3289,,,,3276,July modulo_suggested_rate; clearing rule_adjusted_rate restores the normal pre-rule fallback,reconciled_to_prior_rule_free_snapshot
57471f8a-f0a0-4cb4-8dc5-d14cbc7cf102,trilogy,2026-07,Jasper - 108,519/A,AL,Studio,6389,6395,6203,"Decrease 3% - Studio Dlx, Studio when SL occupancy < 80% +2 more",2026-08-21 01:10:45.367+00,2026-06,AL,6319,,,,6395,July modulo_suggested_rate; clearing rule_adjusted_rate restores the normal pre-rule fallback,reconciled_to_prior_rule_free_snapshot
576b704c-0e5d-4b2a-bbfd-9dcddce18221,trilogy,2026-07,Bardstown - 233,304/B,AL/MC,Studio,6479,6269,6155,"Decrease 3% - Studio Dlx, Studio when SL occupancy < 80% +2 more",2026-08-21 01:10:41.57+00,2026-06,AL/MC,6479,,,,6269,July modulo_suggested_rate; clearing rule_adjusted_rate restores the normal pre-rule fallback,reconciled_to_prior_rule_free_snapshot
57852378-ea8e-4ee8-ae6e-696bf8b944a8,trilogy,2026-07,Jasper - 108,403/A,AL,Studio,6389,6268,6080,"Decrease 3% - Studio Dlx, Studio when SL occupancy < 80% +2 more",2026-08-21 01:10:45.367+00,2026-06,AL,6319,,,,6268,July modulo_suggested_rate; clearing rule_adjusted_rate restores the normal pre-rule fallback,reconciled_to_prior_rule_free_snapshot
57b05ccd-4e14-4759-ac72-81e59817eabe,trilogy,2026-07,Anderson - 112,2220/A,VIL,One Bedroom,2819,2640,2678,Decrease 3% - One Bedroom when SL occupancy < 80% +1 more,2026-08-21 01:10:46.29+00,2026-06,VIL,2959,,,,2640,July modulo_suggested_rate; clearing rule_adjusted_rate restores the normal pre-rule fallback,reconciled_to_prior_rule_free_snapshot
57b6bb9d-df18-4c61-b15c-0594a5540902,trilogy,2026-07,Anderson - 112,319/B,AL/MC,Companion,6999,6159,6649,Decrease 6.5% - Companion when RT occupancy < 50% +1 more,2026-08-21 01:10:46.29+00,2026-06,AL/MC,7179,,,,6159,July modulo_suggested_rate; clearing rule_adjusted_rate restores the normal pre-rule fallback,reconciled_to_prior_rule_free_snapshot
58193e74-d726-46db-b1e7-edce2881d2ba,trilogy,2026-07,Leipsic - 409,453/A,VIL,One Bedroom,1469,1557,1510,Decrease 3% - One Bedroom when SL occupancy < 80% +1 more,2026-08-21 01:10:57.66+00,2026-06,VIL,1359,,,,1557,July modulo_suggested_rate; clearing rule_adjusted_rate restores the normal pre-rule fallback,reconciled_to_prior_rule_free_snapshot
584f874d-647d-430a-a34f-3526d7189be4,trilogy,2026-07,Tell City - 103,508/B,AL,Companion,7429,6889,7058,Decrease 6.5% - Companion when RT occupancy < 50% +1 more,2026-08-21 01:10:56.638+00,2026-06,AL,7429,,,,6889,July modulo_suggested_rate; clearing rule_adjusted_rate restores the normal pre-rule fallback,reconciled_to_prior_rule_free_snapshot
590653ad-df7f-474e-ab41-00e9273fd093,trilogy,2026-07,Corydon - 2180,518/A,AL,Studio,6459,6446,6253,"Decrease 3% - Studio Dlx, Studio when SL occupancy < 80% +2 more",2026-08-21 01:10:55.188+00,2026-06,AL,6389,,,,6446,July modulo_suggested_rate; clearing rule_adjusted_rate restores the normal pre-rule fallback,reconciled_to_prior_rule_free_snapshot
5915d21d-12f4-4f2d-991e-f4cc6b4f03e5,trilogy,2026-07,Bardstown - 233,140/A,AL,Studio Dlx,4659,4939,4791,"Decrease 3% - Studio Dlx, Studio when SL occupancy < 80% +2 more",2026-08-21 01:10:41.57+00,2026-06,AL,4659,,,,4939,July modulo_suggested_rate; clearing rule_adjusted_rate restores the normal pre-rule fallback,reconciled_to_prior_rule_free_snapshot
591e315c-acfd-42a5-98b8-38dbbd510d56,trilogy,2026-07,Leipsic - 409,151/A,VIL,One Bedroom,1139,1207,1171,Decrease 3% - One Bedroom when SL occupancy < 80% +1 more,2026-08-21 01:10:57.66+00,2026-06,VIL,1069,,,,1207,July modulo_suggested_rate; clearing rule_adjusted_rate restores the normal pre-rule fallback,reconciled_to_prior_rule_free_snapshot
5932f4b0-740b-4efc-89b6-c7115375777a,trilogy,2026-07,Indianapolis AP - 5160,311/B,AL,Companion,2339,2168,2222,Decrease 6.5% - Companion when RT occupancy < 50% +1 more,2026-08-21 01:10:50.242+00,2026-06,AL,2339,,,,2168,July modulo_suggested_rate; clearing rule_adjusted_rate restores the normal pre-rule fallback,reconciled_to_prior_rule_free_snapshot
59a2dc19-b9cb-45a0-b6b7-8c248d53cc38,trilogy,2026-07,Tiffin - 435,502/A,AL,Studio,6799,7207,6991,"Decrease 3% - Studio Dlx, Studio when SL occupancy < 80% +2 more",2026-08-21 01:10:51.217+00,2026-06,AL,6629,,,,7207,July modulo_suggested_rate; clearing rule_adjusted_rate restores the normal pre-rule fallback,reconciled_to_prior_rule_free_snapshot
59eaa9e9-ead2-4a1a-af04-8906e495c18d,trilogy,2026-07,Bardstown - 233,137/A,AL,Studio Dlx,4659,4939,4791,"Decrease 3% - Studio Dlx, Studio when SL occupancy < 80% +2 more",2026-08-21 01:10:41.57+00,2026-06,AL,4659,,,,4939,July modulo_suggested_rate; clearing rule_adjusted_rate restores the normal pre-rule fallback,reconciled_to_prior_rule_free_snapshot
5a6fe2d5-8152-460d-9082-45db1d708a5f,trilogy,2026-07,Corydon - 2180,513/A,AL,Studio,6459,6446,6253,"Decrease 3% - Studio Dlx, Studio when SL occupancy < 80% +2 more",2026-08-21 01:10:55.188+00,2026-06,AL,6389,,,,6446,July modulo_suggested_rate; clearing rule_adjusted_rate restores the normal pre-rule fallback,reconciled_to_prior_rule_free_snapshot
5a9c70c8-3845-47dc-99be-24edc48dcd23,trilogy,2026-07,Greenfield - 125,562/A,VIL,One Bedroom,3499,3206,3324,Decrease 3% - One Bedroom when SL occupancy < 80% +1 more,2026-08-21 01:10:50.917+00,2026-06,VIL,3499,,,,3206,July modulo_suggested_rate; clearing rule_adjusted_rate restores the normal pre-rule fallback,reconciled_to_prior_rule_free_snapshot
5ae8f796-3bf3-4efd-acbe-fa04289b584f,trilogy,2026-07,Muncie - 128,507/A,AL,Studio,6989,6598,6640,"Decrease 3% - Studio Dlx, Studio when SL occupancy < 80% +2 more",2026-08-21 01:10:58.756+00,2026-06,AL,6919,,,,6598,July modulo_suggested_rate; clearing rule_adjusted_rate restores the normal pre-rule fallback,reconciled_to_prior_rule_free_snapshot
5b05326e-29e7-467b-af00-f9e5f0cfc0f4,trilogy,2026-07,Leipsic - 409,262/A,VIL,One Bedroom,1469,1557,1510,Decrease 3% - One Bedroom when SL occupancy < 80% +1 more,2026-08-21 01:10:57.66+00,2026-06,VIL,1359,,,,1557,July modulo_suggested_rate; clearing rule_adjusted_rate restores the normal pre-rule fallback,reconciled_to_prior_rule_free_snapshot
5b5fe403-7129-4f84-9f4b-ff58ce0d538e,trilogy,2026-07,Belmont - 519,604/A,AL/MC,Companion,9029,8460,8578,Decrease 6.5% - Companion when RT occupancy < 50% +1 more,2026-08-21 01:10:50.242+00,2026-06,AL/MC,9029,,,,8460,July modulo_suggested_rate; clearing rule_adjusted_rate restores the normal pre-rule fallback,reconciled_to_prior_rule_free_snapshot
5b63a98a-0993-407b-99b5-bbe9e7e97aac,trilogy,2026-07,Leipsic - 409,158/A,VIL,One Bedroom,1469,1557,1510,Decrease 3% - One Bedroom when SL occupancy < 80% +1 more,2026-08-21 01:10:57.66+00,2026-06,VIL,1359,,,,1557,July modulo_suggested_rate; clearing rule_adjusted_rate restores the normal pre-rule fallback,reconciled_to_prior_rule_free_snapshot
5b70cb02-63b5-40cd-aa71-56ec4b1fe9b0,trilogy,2026-07,Richmond FP - 123,511/B,AL,Companion,6579,6624,6250,Decrease 6.5% - Companion when RT occupancy < 50% +1 more,2026-08-21 01:10:52.024+00,2026-06,AL,6509,,,,6624,July modulo_suggested_rate; clearing rule_adjusted_rate restores the normal pre-rule fallback,reconciled_to_prior_rule_free_snapshot
5b77e0e2-4095-4c31-b475-9495473963e7,trilogy,2026-07,Monclova - 2422,7013/A,VIL,One Bedroom,3229,3423,3320,Decrease 3% - One Bedroom when SL occupancy < 80% +1 more,2026-08-21 01:10:53.213+00,2026-06,VIL,3149,,,,3423,July modulo_suggested_rate; clearing rule_adjusted_rate restores the normal pre-rule fallback,reconciled_to_prior_rule_free_snapshot
5b9ff7dd-a238-4ca4-a8e6-6161a550784b,trilogy,2026-07,Tiffin - 435,506/A,AL,Studio,6799,7207,6991,"Decrease 3% - Studio Dlx, Studio when SL occupancy < 80% +2 more",2026-08-21 01:10:51.217+00,2026-06,AL,6629,,,,7207,July modulo_suggested_rate; clearing rule_adjusted_rate restores the normal pre-rule fallback,reconciled_to_prior_rule_free_snapshot
5ba626cc-43e5-4e11-aecc-101dc1bad831,trilogy,2026-07,Louisville ES - 210,LB301/B,AL/MC,Studio,8809,9338,9058,"Decrease 3% - Studio Dlx, Studio when SL occupancy < 80% +2 more",2026-08-21 01:10:50.917+00,2026-06,AL/MC,8589,,,,9338,July modulo_suggested_rate; clearing rule_adjusted_rate restores the normal pre-rule fallback,reconciled_to_prior_rule_free_snapshot
5cee77b4-2aaf-4e25-8d97-4bb1ac0085ed,trilogy,2026-07,Richmond FP - 123,500/B,AL,Companion,5539,5768,5393,Decrease 6.5% - Companion when RT occupancy < 50% +1 more,2026-08-21 01:10:52.024+00,2026-06,AL,5539,,,,5768,July modulo_suggested_rate; clearing rule_adjusted_rate restores the normal pre-rule fallback,reconciled_to_prior_rule_free_snapshot
5cee8871-44c9-4001-8f37-88f22649aca0,trilogy,2026-07,Louisville ES - 210,LB205/A,AL/MC,Studio,8809,9338,9058,"Decrease 3% - Studio Dlx, Studio when SL occupancy < 80% +2 more",2026-08-21 01:10:50.917+00,2026-06,AL/MC,8589,,,,9338,July modulo_suggested_rate; clearing rule_adjusted_rate restores the normal pre-rule fallback,reconciled_to_prior_rule_free_snapshot
5d5ccd5c-d8fb-4719-98fd-9bbaa58c6057,trilogy,2026-07,Terre Haute HC - 5163,403/B,AL,Studio Dlx,6629,5923,6298,"Decrease 3% - Studio Dlx, Studio when SL occupancy < 80% +2 more",2026-08-21 01:11:00.393+00,2026-06,AL,6629,,,,5923,July modulo_suggested_rate; clearing rule_adjusted_rate restores the normal pre-rule fallback,reconciled_to_prior_rule_free_snapshot
5d766c33-b09d-456d-afff-c4e860542ec3,trilogy,2026-07,Greenfield - 125,2211/B,VIL,One Bedroom,3299,3105,3134,Decrease 3% - One Bedroom when SL occupancy < 80% +1 more,2026-08-21 01:10:50.609+00,2026-06,VIL,3299,,,,3105,July modulo_suggested_rate; clearing rule_adjusted_rate restores the normal pre-rule fallback,reconciled_to_prior_rule_free_snapshot
5e1dc6e0-b419-41d9-885e-68d0274f2867,trilogy,2026-07,Leipsic - 409,455/A,VIL,One Bedroom,1139,1207,1171,Decrease 3% - One Bedroom when SL occupancy < 80% +1 more,2026-08-21 01:10:57.66+00,2026-06,VIL,1069,,,,1207,July modulo_suggested_rate; clearing rule_adjusted_rate restores the normal pre-rule fallback,reconciled_to_prior_rule_free_snapshot
5e5dbd85-c723-4029-95bb-0ae9e70746b9,trilogy,2026-07,Bardstown - 233,305/B,AL/MC,Studio,6229,6027,5918,"Decrease 3% - Studio Dlx, Studio when SL occupancy < 80% +2 more",2026-08-21 01:10:41.57+00,2026-06,AL/MC,6229,,,,6027,July modulo_suggested_rate; clearing rule_adjusted_rate restores the normal pre-rule fallback,reconciled_to_prior_rule_free_snapshot
5e937741-8613-4097-92d7-65598dbdfa4c,trilogy,2026-07,Ottawa MO - 430,324/B,VIL,One Bedroom,2699,2507,2564,Decrease 3% - One Bedroom when SL occupancy < 80% +1 more,2026-08-21 01:10:52.984+00,2026-06,VIL,2699,,,,2507,July modulo_suggested_rate; clearing rule_adjusted_rate restores the normal pre-rule fallback,reconciled_to_prior_rule_free_snapshot
5f608a42-988b-4951-9a3c-e15d736811f1,trilogy,2026-07,Bloomington SC - 5164,109/A,AL,Studio Dlx,6739,7143,6929,"Decrease 3% - Studio Dlx, Studio when SL occupancy < 80% +2 more",2026-08-21 01:10:54.824+00,2026-06,AL,6499,,,,7143,July modulo_suggested_rate; clearing rule_adjusted_rate restores the normal pre-rule fallback,reconciled_to_prior_rule_free_snapshot
5f89fe53-d782-4655-a1b3-7d345b3d45f0,trilogy,2026-07,Anderson - 112,1729/B,VIL,One Bedroom,2819,2640,2678,Decrease 3% - One Bedroom when SL occupancy < 80% +1 more,2026-08-21 01:10:46.29+00,2026-06,VIL,2959,,,,2640,July modulo_suggested_rate; clearing rule_adjusted_rate restores the normal pre-rule fallback,reconciled_to_prior_rule_free_snapshot
5f93d378-6fa1-4155-9af8-c1d767e92659,trilogy,2026-07,Westfield - 5171,407/B,AL,Studio Dlx,5689,6030,5849,"Decrease 3% - Studio Dlx, Studio when SL occupancy < 80% +2 more",2026-08-21 01:11:00.666+00,2026-06,AL,5689,,,,6030,July modulo_suggested_rate; clearing rule_adjusted_rate restores the normal pre-rule fallback,reconciled_to_prior_rule_free_snapshot
603f1392-f38a-4b1d-b50f-b3a7bbedbd11,trilogy,2026-07,Bloomington SC - 5164,109/B,AL,Studio Dlx,6739,7143,6929,"Decrease 3% - Studio Dlx, Studio when SL occupancy < 80% +2 more",2026-08-21 01:10:54.824+00,2026-06,AL,6499,,,,7143,July modulo_suggested_rate; clearing rule_adjusted_rate restores the normal pre-rule fallback,reconciled_to_prior_rule_free_snapshot
60a28c49-3ada-4d89-84f7-be96157bd787,trilogy,2026-07,Bloomington HS - 5149,511/A,AL,Companion,6029,6391,5976,Decrease 6.5% - Companion when RT occupancy < 50% +1 more,2026-08-21 01:10:52.31+00,2026-06,AL,6029,,,,6391,July modulo_suggested_rate; clearing rule_adjusted_rate restores the normal pre-rule fallback,reconciled_to_prior_rule_free_snapshot
60e52898-dec2-4828-9b0c-69b462757eb0,trilogy,2026-07,Kalida - 406,409/B,AL/MC,Studio,7919,7213,7523,"Decrease 3% - Studio Dlx, Studio when SL occupancy < 80% +2 more",2026-08-21 01:10:59.05+00,2026-06,AL/MC,8119,,,,7213,July modulo_suggested_rate; clearing rule_adjusted_rate restores the normal pre-rule fallback,reconciled_to_prior_rule_free_snapshot
60f7c459-8cd4-4b22-ad64-8ebbc09b1b5c,trilogy,2026-07,Louisville ES - 210,LB313/B,AL/MC,Studio,8809,9338,9058,"Decrease 3% - Studio Dlx, Studio when SL occupancy < 80% +2 more",2026-08-21 01:10:50.917+00,2026-06,AL/MC,8589,,,,9338,July modulo_suggested_rate; clearing rule_adjusted_rate restores the normal pre-rule fallback,reconciled_to_prior_rule_free_snapshot
61235130-bf4e-41ce-9b65-ef9f57c21489,trilogy,2026-07,Leipsic - 409,456/B,VIL,One Bedroom,1469,1557,1510,Decrease 3% - One Bedroom when SL occupancy < 80% +1 more,2026-08-21 01:10:57.66+00,2026-06,VIL,1359,,,,1557,July modulo_suggested_rate; clearing rule_adjusted_rate restores the normal pre-rule fallback,reconciled_to_prior_rule_free_snapshot
61566ee4-f928-4c7d-a369-3531847d3b79,trilogy,2026-07,Bardstown - 233,305/A,AL/MC,Studio,6229,6027,5918,"Decrease 3% - Studio Dlx, Studio when SL occupancy < 80% +2 more",2026-08-21 01:10:41.57+00,2026-06,AL/MC,6229,,,,6027,July modulo_suggested_rate; clearing rule_adjusted_rate restores the normal pre-rule fallback,reconciled_to_prior_rule_free_snapshot
61a81c50-e99c-4253-8789-169db91e406a,trilogy,2026-07,Ottawa MO - 430,322/A,VIL,One Bedroom,2699,2507,2564,Decrease 3% - One Bedroom when SL occupancy < 80% +1 more,2026-08-21 01:10:53.213+00,2026-06,VIL,2699,,,,2507,July modulo_suggested_rate; clearing rule_adjusted_rate restores the normal pre-rule fallback,reconciled_to_prior_rule_free_snapshot
61d79a38-8630-4fff-8eb5-bfd997e64c80,trilogy,2026-07,Noblesville - 141,L203/A,AL/MC,Companion,7699,7503,7314,Decrease 6.5% - Companion when RT occupancy < 50% +1 more,2026-08-21 01:10:54.824+00,2026-06,AL/MC,7699,,,,7503,July modulo_suggested_rate; clearing rule_adjusted_rate restores the normal pre-rule fallback,reconciled_to_prior_rule_free_snapshot
61eb603a-8f60-4a61-a229-2dbcf5b09bfb,trilogy,2026-07,Leipsic - 409,160/A,VIL,One Bedroom,1139,1207,1171,Decrease 3% - One Bedroom when SL occupancy < 80% +1 more,2026-08-21 01:10:57.66+00,2026-06,VIL,1069,,,,1207,July modulo_suggested_rate; clearing rule_adjusted_rate restores the normal pre-rule fallback,reconciled_to_prior_rule_free_snapshot
61eff551-3e79-49af-84ce-521e39459213,trilogy,2026-07,Sylvania - 2427,9142/A,VIL,One Bedroom,3299,3008,3134,Decrease 3% - One Bedroom when SL occupancy < 80% +1 more,2026-08-21 01:10:45.367+00,2026-06,VIL,3299,,,,3008,July modulo_suggested_rate; clearing rule_adjusted_rate restores the normal pre-rule fallback,reconciled_to_prior_rule_free_snapshot
61fdf937-71bf-442e-b7b4-af5a2bc66e9b,trilogy,2026-07,Willard - 2424,507/A,AL,Studio,6419,6406,6214,"Decrease 3% - Studio Dlx, Studio when SL occupancy < 80% +2 more",2026-08-21 01:10:53.742+00,2026-06,AL,6259,,,,6406,July modulo_suggested_rate; clearing rule_adjusted_rate restores the normal pre-rule fallback,reconciled_to_prior_rule_free_snapshot
620a9d25-7e60-40e8-a2da-4dc45b3098c0,trilogy,2026-07,Terre Haute CC - 129,403/A,AL/MC,Studio,8739,9035,8764,"Decrease 3% - Studio Dlx, Studio when SL occupancy < 80% +2 more",2026-08-21 01:10:54.079+00,2026-06,AL/MC,8739,,,,9035,July modulo_suggested_rate; clearing rule_adjusted_rate restores the normal pre-rule fallback,reconciled_to_prior_rule_free_snapshot
623693c1-bc0f-42c7-85ad-be954f83ef84,trilogy,2026-07,Kokomo WK - 5168,24/A,AL,Studio Dlx,6439,6825,6620,"Decrease 3% - Studio Dlx, Studio when SL occupancy < 80% +2 more",2026-08-21 01:10:55.676+00,2026-06,AL,6129,,,,6825,July modulo_suggested_rate; clearing rule_adjusted_rate restores the normal pre-rule fallback,reconciled_to_prior_rule_free_snapshot
623c9e30-2f94-4a40-bfd2-b96c1043996c,trilogy,2026-07,Louisville ES - 210,LB117/B,AL/MC,Studio,8809,9338,9058,"Decrease 3% - Studio Dlx, Studio when SL occupancy < 80% +2 more",2026-08-21 01:10:50.917+00,2026-06,AL/MC,8589,,,,9338,July modulo_suggested_rate; clearing rule_adjusted_rate restores the normal pre-rule fallback,reconciled_to_prior_rule_free_snapshot
624279cd-f41b-4293-ba43-8b991f0b967d,trilogy,2026-07,Batesville - 120,503/A,AL,Studio,6669,6900,6693,"Decrease 3% - Studio Dlx, Studio when SL occupancy < 80% +2 more",2026-08-21 01:10:54.344+00,2026-06,AL,6499,,,,6900,July modulo_suggested_rate; clearing rule_adjusted_rate restores the normal pre-rule fallback,reconciled_to_prior_rule_free_snapshot
627b7788-b59d-4360-89ca-6fccdeebf160,trilogy,2026-07,Louisville ES - 210,LB311/A,AL/MC,Studio,8809,9338,9058,"Decrease 3% - Studio Dlx, Studio when SL occupancy < 80% +2 more",2026-08-21 01:10:50.917+00,2026-06,AL/MC,8589,,,,9338,July modulo_suggested_rate; clearing rule_adjusted_rate restores the normal pre-rule fallback,reconciled_to_prior_rule_free_snapshot
6283ce15-8952-41df-b709-f550abd25631,trilogy,2026-07,Colerain - 412,502/B,AL,Companion,6219,6592,6164,Decrease 6.5% - Companion when RT occupancy < 50% +1 more,2026-08-21 01:10:51.649+00,2026-06,AL,6049,,,,6592,July modulo_suggested_rate; clearing rule_adjusted_rate restores the normal pre-rule fallback,reconciled_to_prior_rule_free_snapshot
62dd0786-3552-4868-ab87-d7ca53bee745,trilogy,2026-07,Bloomington HS - 5149,407/A,AL,Companion,6029,6391,5976,Decrease 6.5% - Companion when RT occupancy < 50% +1 more,2026-08-21 01:10:52.31+00,2026-06,AL,6029,,,,6391,July modulo_suggested_rate; clearing rule_adjusted_rate restores the normal pre-rule fallback,reconciled_to_prior_rule_free_snapshot
62ee243d-3b7a-47ff-8dec-806da3b376e6,trilogy,2026-07,Greenfield - 125,2231/B,VIL,One Bedroom,3299,3105,3134,Decrease 3% - One Bedroom when SL occupancy < 80% +1 more,2026-08-21 01:10:50.917+00,2026-06,VIL,3299,,,,3105,July modulo_suggested_rate; clearing rule_adjusted_rate restores the normal pre-rule fallback,reconciled_to_prior_rule_free_snapshot
635c4108-bfe2-41ab-9d87-0ce55b3e7eb2,trilogy,2026-07,Tiffin - 435,503/A,AL,Studio,6799,7207,6991,"Decrease 3% - Studio Dlx, Studio when SL occupancy < 80% +2 more",2026-08-21 01:10:51.217+00,2026-06,AL,6629,,,,7207,July modulo_suggested_rate; clearing rule_adjusted_rate restores the normal pre-rule fallback,reconciled_to_prior_rule_free_snapshot
6415bcd9-4672-4a3a-9768-7802044ee552,trilogy,2026-07,Bloomington SC - 5164,114/B,AL,Studio Dlx,6739,7143,6929,"Decrease 3% - Studio Dlx, Studio when SL occupancy < 80% +2 more",2026-08-21 01:10:54.824+00,2026-06,AL,6499,,,,7143,July modulo_suggested_rate; clearing rule_adjusted_rate restores the normal pre-rule fallback,reconciled_to_prior_rule_free_snapshot
642bba18-9e4e-4f5d-be57-f6a0ec8c3275,trilogy,2026-07,Romeo - 2512,503/A,AL,Studio,7749,8214,7968,"Decrease 3% - Studio Dlx, Studio when SL occupancy < 80% +2 more",2026-08-21 01:10:50.917+00,2026-06,AL,7749,,,,8214,July modulo_suggested_rate; clearing rule_adjusted_rate restores the normal pre-rule fallback,reconciled_to_prior_rule_free_snapshot
645ed96b-65a6-4a84-afc7-2244bf127518,trilogy,2026-07,Harrodsburg - 2187,404/A,AL,Companion,5999,6359,5946,Decrease 6.5% - Companion when RT occupancy < 50% +1 more,2026-08-21 01:11:00.666+00,2026-06,AL,5999,,,,6359,July modulo_suggested_rate; clearing rule_adjusted_rate restores the normal pre-rule fallback,reconciled_to_prior_rule_free_snapshot
6466121e-8b8c-406e-a099-fbeb6a5806a1,trilogy,2026-07,Tiffin - 435,609/A,AL,Studio,6809,7218,7001,"Decrease 3% - Studio Dlx, Studio when SL occupancy < 80% +2 more",2026-08-21 01:10:51.217+00,2026-06,AL,6639,,,,7218,July modulo_suggested_rate; clearing rule_adjusted_rate restores the normal pre-rule fallback,reconciled_to_prior_rule_free_snapshot
64711315-fbcd-4ae4-a881-e233b42e7782,trilogy,2026-07,Indianapolis AP - 5160,307/A,AL,Companion,2339,2227,2222,Decrease 6.5% - Companion when RT occupancy < 50% +1 more,2026-08-21 01:10:50.242+00,2026-06,AL,2339,,,,2227,July modulo_suggested_rate; clearing rule_adjusted_rate restores the normal pre-rule fallback,reconciled_to_prior_rule_free_snapshot
648dd95b-b41d-4429-93f1-16050c73474e,trilogy,2026-07,Kokomo WK - 5168,10/B,AL,Studio Dlx,6439,6825,6620,"Decrease 3% - Studio Dlx, Studio when SL occupancy < 80% +2 more",2026-08-21 01:10:55.676+00,2026-06,AL,6129,,,,6825,July modulo_suggested_rate; clearing rule_adjusted_rate restores the normal pre-rule fallback,reconciled_to_prior_rule_free_snapshot
64a74f44-4ba4-4902-afdd-87e29c0144bd,trilogy,2026-07,Romeo - 2512,412/A,AL,Studio,7749,8214,7968,"Decrease 3% - Studio Dlx, Studio when SL occupancy < 80% +2 more",2026-08-21 01:10:50.917+00,2026-06,AL,7749,,,,8214,July modulo_suggested_rate; clearing rule_adjusted_rate restores the normal pre-rule fallback,reconciled_to_prior_rule_free_snapshot
64e2e86d-a1ff-4c9c-82df-133e432eb1bc,trilogy,2026-07,Shelbyville - 118,10A/A,VIL,One Bedroom,3289,3276,3178,Decrease 3% - One Bedroom when SL occupancy < 80% +1 more,2026-08-21 01:10:52.984+00,2026-06,VIL,3289,,,,3276,July modulo_suggested_rate; clearing rule_adjusted_rate restores the normal pre-rule fallback,reconciled_to_prior_rule_free_snapshot
64fb8418-234d-46ce-9cb9-0990003cde68,trilogy,2026-07,Louisville ES - 210,LB126/A,AL/MC,Studio,8989,9528,9242,"Decrease 3% - Studio Dlx, Studio when SL occupancy < 80% +2 more",2026-08-21 01:10:50.917+00,2026-06,AL/MC,8769,,,,9528,July modulo_suggested_rate; clearing rule_adjusted_rate restores the normal pre-rule fallback,reconciled_to_prior_rule_free_snapshot
65247955-5f26-4116-ba13-82606128ef12,trilogy,2026-07,Sylvania - 2427,5367/B,VIL,One Bedroom,3299,3090,3134,Decrease 3% - One Bedroom when SL occupancy < 80% +1 more,2026-08-21 01:10:45.367+00,2026-06,VIL,3299,,,,3090,July modulo_suggested_rate; clearing rule_adjusted_rate restores the normal pre-rule fallback,reconciled_to_prior_rule_free_snapshot
6589bb1c-33b0-4032-9d8e-7c6e84b90e8d,trilogy,2026-07,Kalida - 406,411/A,AL/MC,Studio,7919,7213,7523,"Decrease 3% - Studio Dlx, Studio when SL occupancy < 80% +2 more",2026-08-21 01:10:59.361+00,2026-06,AL/MC,8119,,,,7213,July modulo_suggested_rate; clearing rule_adjusted_rate restores the normal pre-rule fallback,reconciled_to_prior_rule_free_snapshot
65af2828-68b9-441f-b7e7-ff99fa5513f0,trilogy,2026-07,Tiffin - 435,615/A,AL,Studio,6809,7218,7001,"Decrease 3% - Studio Dlx, Studio when SL occupancy < 80% +2 more",2026-08-21 01:10:51.217+00,2026-06,AL,6639,,,,7218,July modulo_suggested_rate; clearing rule_adjusted_rate restores the normal pre-rule fallback,reconciled_to_prior_rule_free_snapshot
65fa061d-cd45-4270-9746-333f943cb2a2,trilogy,2026-07,Bardstown - 233,139/B,AL,Studio Dlx,4799,5087,4934,"Decrease 3% - Studio Dlx, Studio when SL occupancy < 80% +2 more",2026-08-21 01:10:41.57+00,2026-06,AL,4799,,,,5087,July modulo_suggested_rate; clearing rule_adjusted_rate restores the normal pre-rule fallback,reconciled_to_prior_rule_free_snapshot
660d668c-74bf-454b-a99c-4c6971ac15e6,trilogy,2026-07,Crawfordsville - 5167,29/A,AL,Studio,5969,5957,5778,"Decrease 3% - Studio Dlx, Studio when SL occupancy < 80% +2 more",2026-08-21 01:10:55.188+00,2026-06,AL,5819,,,,5957,July modulo_suggested_rate; clearing rule_adjusted_rate restores the normal pre-rule fallback,reconciled_to_prior_rule_free_snapshot
6613b744-dbb5-4b73-8ad9-dd996f23920a,trilogy,2026-07,Tiffin - 435,610/A,AL,Studio,6539,6931,6723,"Decrease 3% - Studio Dlx, Studio when SL occupancy < 80% +2 more",2026-08-21 01:10:51.217+00,2026-06,AL,369,,,,6931,July modulo_suggested_rate; clearing rule_adjusted_rate restores the normal pre-rule fallback,reconciled_to_prior_rule_free_snapshot
664147d1-b3ae-4905-9046-fd0b920f438e,trilogy,2026-07,Anderson - 112,303/B,AL/MC,Companion,6999,6159,6649,Decrease 6.5% - Companion when RT occupancy < 50% +1 more,2026-08-21 01:10:46.29+00,2026-06,AL/MC,7179,,,,6159,July modulo_suggested_rate; clearing rule_adjusted_rate restores the normal pre-rule fallback,reconciled_to_prior_rule_free_snapshot
6647b2f2-e760-40d7-9f2f-65b3b664a27b,trilogy,2026-07,Indianapolis AP - 5160,304/A,AL,Companion,2339,2227,2222,Decrease 6.5% - Companion when RT occupancy < 50% +1 more,2026-08-21 01:10:50.242+00,2026-06,AL,2339,,,,2227,July modulo_suggested_rate; clearing rule_adjusted_rate restores the normal pre-rule fallback,reconciled_to_prior_rule_free_snapshot
66566f5d-1e56-4035-94c7-6625aff4c115,trilogy,2026-07,Tiffin - 435,505/A,AL,Studio,6549,6942,6734,"Decrease 3% - Studio Dlx, Studio when SL occupancy < 80% +2 more",2026-08-21 01:10:51.217+00,2026-06,AL,6389,,,,6942,July modulo_suggested_rate; clearing rule_adjusted_rate restores the normal pre-rule fallback,reconciled_to_prior_rule_free_snapshot
6678308d-c0c6-42f2-965b-93a381d0393d,trilogy,2026-07,Colerain - 412,507/B,AL,Companion,6219,6592,6164,Decrease 6.5% - Companion when RT occupancy < 50% +1 more,2026-08-21 01:10:51.649+00,2026-06,AL,6049,,,,6592,July modulo_suggested_rate; clearing rule_adjusted_rate restores the normal pre-rule fallback,reconciled_to_prior_rule_free_snapshot
671f0d05-433d-4ac4-9134-f1358a386682,trilogy,2026-07,Corydon - 2180,516/A,AL,Studio,6459,6284,6136,"Decrease 3% - Studio Dlx, Studio when SL occupancy < 80% +2 more",2026-08-21 01:10:55.188+00,2026-06,AL,6389,,,,6284,July modulo_suggested_rate; clearing rule_adjusted_rate restores the normal pre-rule fallback,reconciled_to_prior_rule_free_snapshot
67a1b6bc-b0bc-4230-96e8-3b9d8e9302a3,trilogy,2026-07,Indianapolis AP - 5160,303/A,AL,Companion,2339,2227,2222,Decrease 6.5% - Companion when RT occupancy < 50% +1 more,2026-08-21 01:10:50.242+00,2026-06,AL,2339,,,,2227,July modulo_suggested_rate; clearing rule_adjusted_rate restores the normal pre-rule fallback,reconciled_to_prior_rule_free_snapshot
67b1dacc-fec5-4b20-b1c3-8758824014ef,trilogy,2026-07,Sylvania - 2427,5356/A,VIL,One Bedroom,3299,3090,3134,Decrease 3% - One Bedroom when SL occupancy < 80% +1 more,2026-08-21 01:10:45.367+00,2026-06,VIL,129,,,,3090,July modulo_suggested_rate; clearing rule_adjusted_rate restores the normal pre-rule fallback,reconciled_to_prior_rule_free_snapshot
67fab3b3-2846-4ec2-b54e-d28ac009142c,trilogy,2026-07,Harrodsburg - 2187,506/B,AL,Companion,5999,6359,5946,Decrease 6.5% - Companion when RT occupancy < 50% +1 more,2026-08-21 01:11:00.666+00,2026-06,AL,5999,,,,6359,July modulo_suggested_rate; clearing rule_adjusted_rate restores the normal pre-rule fallback,reconciled_to_prior_rule_free_snapshot
683354f7-57ec-4735-98e5-affc2e78a009,trilogy,2026-07,Leipsic - 409,456/A,VIL,One Bedroom,1469,1557,1510,Decrease 3% - One Bedroom when SL occupancy < 80% +1 more,2026-08-21 01:10:57.66+00,2026-06,VIL,1359,,,,1557,July modulo_suggested_rate; clearing rule_adjusted_rate restores the normal pre-rule fallback,reconciled_to_prior_rule_free_snapshot
6867b2f2-2989-4791-ba11-282f45bb2d1c,trilogy,2026-07,Bellevue - 414,510/A,AL,Studio,7039,7024,6813,"Decrease 3% - Studio Dlx, Studio when SL occupancy < 80% +2 more",2026-08-21 01:10:58.191+00,2026-06,AL,6859,,,,7024,July modulo_suggested_rate; clearing rule_adjusted_rate restores the normal pre-rule fallback,reconciled_to_prior_rule_free_snapshot
688861bb-5185-49e3-b794-81b20e5b9512,trilogy,2026-07,Ottawa MO - 430,213/A,VIL,One Bedroom,2699,2507,2564,Decrease 3% - One Bedroom when SL occupancy < 80% +1 more,2026-08-21 01:10:52.984+00,2026-06,VIL,2699,,,,2507,July modulo_suggested_rate; clearing rule_adjusted_rate restores the normal pre-rule fallback,reconciled_to_prior_rule_free_snapshot
68d877cd-f820-4b4d-bb58-6f3b20e2938f,trilogy,2026-07,Indianapolis AP - 5160,308/B,AL,Companion,2339,2227,2222,Decrease 6.5% - Companion when RT occupancy < 50% +1 more,2026-08-21 01:10:50.242+00,2026-06,AL,2339,,,,2227,July modulo_suggested_rate; clearing rule_adjusted_rate restores the normal pre-rule fallback,reconciled_to_prior_rule_free_snapshot
69576115-d338-4a3c-8b39-6bf954dd95a1,trilogy,2026-07,Muncie - 128,516/A,AL,Studio,6989,6598,6640,"Decrease 3% - Studio Dlx, Studio when SL occupancy < 80% +2 more",2026-08-21 01:10:58.756+00,2026-06,AL,6919,,,,6598,July modulo_suggested_rate; clearing rule_adjusted_rate restores the normal pre-rule fallback,reconciled_to_prior_rule_free_snapshot
697aec78-fcc0-4758-b179-4aaf39666170,trilogy,2026-07,Greensburg - 150,410/A,AL/MC,Studio,8079,7253,7675,"Decrease 3% - Studio Dlx, Studio when SL occupancy < 80% +2 more",2026-08-21 01:10:53.742+00,2026-06,AL/MC,8079,,,,7253,July modulo_suggested_rate; clearing rule_adjusted_rate restores the normal pre-rule fallback,reconciled_to_prior_rule_free_snapshot
69af877a-6782-4845-8607-c691e7bce519,trilogy,2026-07,Waunakee - 571,06/B,VIL,One Bedroom,2699,2861,2775,Decrease 3% - One Bedroom when SL occupancy < 80% +1 more,2026-08-21 01:10:50.917+00,2026-06,VIL,2629,,,,2861,July modulo_suggested_rate; clearing rule_adjusted_rate restores the normal pre-rule fallback,reconciled_to_prior_rule_free_snapshot
69c9f3f7-00a2-4f30-973b-8d5aa52b5cb5,trilogy,2026-07,West Lafayette - 2135,212/A,AL,Companion,4230,4524,4230,Decrease 6.5% - Companion when RT occupancy < 50% +1 more,2026-08-21 01:10:48.199+00,2026-06,AL,4409,,,,4524,July modulo_suggested_rate; clearing rule_adjusted_rate restores the normal pre-rule fallback,reconciled_to_prior_rule_free_snapshot
69d6b688-7101-4f38-b1e9-80371287715e,trilogy,2026-07,East Lansing - 2507,619/B,AL/MC,Companion,7599,6691,7219,Decrease 6.5% - Companion when RT occupancy < 50% +1 more,2026-08-21 01:11:00.393+00,2026-06,AL/MC,7599,,,,6691,July modulo_suggested_rate; clearing rule_adjusted_rate restores the normal pre-rule fallback,reconciled_to_prior_rule_free_snapshot
6a20029f-e60a-4915-9fac-a1fd19257364,trilogy,2026-07,Leipsic - 409,255/B,VIL,One Bedroom,1469,1557,1510,Decrease 3% - One Bedroom when SL occupancy < 80% +1 more,2026-08-21 01:10:57.66+00,2026-06,VIL,1359,,,,1557,July modulo_suggested_rate; clearing rule_adjusted_rate restores the normal pre-rule fallback,reconciled_to_prior_rule_free_snapshot
6a6106a6-8b5a-421e-b6fc-1cc67d46f366,trilogy,2026-07,Leipsic - 409,451/B,VIL,One Bedroom,229,243,236,Decrease 3% - One Bedroom when SL occupancy < 80% +1 more,2026-08-21 01:10:57.66+00,2026-06,VIL,209,,,,243,July modulo_suggested_rate; clearing rule_adjusted_rate restores the normal pre-rule fallback,reconciled_to_prior_rule_free_snapshot
6aa6fe9e-d398-4215-9fb6-d6444c865bc4,trilogy,2026-07,Louisville ES - 210,LB320/A,AL/MC,Studio,8989,9528,9242,"Decrease 3% - Studio Dlx, Studio when SL occupancy < 80% +2 more",2026-08-21 01:10:50.917+00,2026-06,AL/MC,8769,,,,9528,July modulo_suggested_rate; clearing rule_adjusted_rate restores the normal pre-rule fallback,reconciled_to_prior_rule_free_snapshot
6ac5f0c5-3fa1-4f29-a920-4096546bd68b,trilogy,2026-07,Greenfield - 125,2232L/A,VIL,One Bedroom,3499,3293,3324,Decrease 3% - One Bedroom when SL occupancy < 80% +1 more,2026-08-21 01:10:50.609+00,2026-06,VIL,3499,,,,3293,July modulo_suggested_rate; clearing rule_adjusted_rate restores the normal pre-rule fallback,reconciled_to_prior_rule_free_snapshot
6b3a30ac-6672-4960-a548-3c1e8d9131c1,trilogy,2026-07,Greenfield - 125,2254/B,VIL,One Bedroom,3499,3293,3324,Decrease 3% - One Bedroom when SL occupancy < 80% +1 more,2026-08-21 01:10:50.609+00,2026-06,VIL,3499,,,,3293,July modulo_suggested_rate; clearing rule_adjusted_rate restores the normal pre-rule fallback,reconciled_to_prior_rule_free_snapshot
6b5ea61b-57aa-48a2-91b6-fb1148517971,trilogy,2026-07,Louisville ES - 210,LB124/B,AL/MC,Studio,8989,9528,9242,"Decrease 3% - Studio Dlx, Studio when SL occupancy < 80% +2 more",2026-08-21 01:10:50.917+00,2026-06,AL/MC,8769,,,,9528,July modulo_suggested_rate; clearing rule_adjusted_rate restores the normal pre-rule fallback,reconciled_to_prior_rule_free_snapshot
6b67425d-eb14-4af8-b36b-d710a692bc10,trilogy,2026-07,Willard - 2424,519/A,AL,Studio,6419,6406,6214,"Decrease 3% - Studio Dlx, Studio when SL occupancy < 80% +2 more",2026-08-21 01:10:54.079+00,2026-06,AL,6259,,,,6406,July modulo_suggested_rate; clearing rule_adjusted_rate restores the normal pre-rule fallback,reconciled_to_prior_rule_free_snapshot
6bbd0151-0aa0-4ee1-ba33-8b98a6a87ce4,trilogy,2026-07,Sylvania - 2427,9152/A,VIL,One Bedroom,3299,3090,3134,Decrease 3% - One Bedroom when SL occupancy < 80% +1 more,2026-08-21 01:10:45.367+00,2026-06,VIL,3299,,,,3090,July modulo_suggested_rate; clearing rule_adjusted_rate restores the normal pre-rule fallback,reconciled_to_prior_rule_free_snapshot
6bf760d5-f9e5-4e9c-91b3-05a431fed1dd,trilogy,2026-07,Scottsburg - 121,519/A,AL,Studio,5499,5632,5463,"Decrease 3% - Studio Dlx, Studio when SL occupancy < 80% +2 more",2026-08-21 01:10:45.367+00,2026-06,AL,5499,,,,5632,July modulo_suggested_rate; clearing rule_adjusted_rate restores the normal pre-rule fallback,reconciled_to_prior_rule_free_snapshot
6c21e19d-0c2a-4dc6-aa10-1a8b3de8d788,trilogy,2026-07,Anderson - 112,1728/A,VIL,One Bedroom,2819,2640,2678,Decrease 3% - One Bedroom when SL occupancy < 80% +1 more,2026-08-21 01:10:46.29+00,2026-06,VIL,2959,,,,2640,July modulo_suggested_rate; clearing rule_adjusted_rate restores the normal pre-rule fallback,reconciled_to_prior_rule_free_snapshot
6c9bd02e-55bc-425c-af38-d6c3f9e3487e,trilogy,2026-07,Leipsic - 409,163/A,VIL,One Bedroom,1469,1557,1510,Decrease 3% - One Bedroom when SL occupancy < 80% +1 more,2026-08-21 01:10:57.66+00,2026-06,VIL,1359,,,,1557,July modulo_suggested_rate; clearing rule_adjusted_rate restores the normal pre-rule fallback,reconciled_to_prior_rule_free_snapshot
6cabeffd-a954-48e5-8541-1ccac54fe4c1,trilogy,2026-07,Louisville ES - 210,LB319/B,AL/MC,Studio,8809,9338,9058,"Decrease 3% - Studio Dlx, Studio when SL occupancy < 80% +2 more",2026-08-21 01:10:50.917+00,2026-06,AL/MC,8589,,,,9338,July modulo_suggested_rate; clearing rule_adjusted_rate restores the normal pre-rule fallback,reconciled_to_prior_rule_free_snapshot
6cf02450-9683-4193-bcd7-e4650a12d08b,trilogy,2026-07,Greenfield - 125,2234/B,VIL,One Bedroom,3499,3293,3324,Decrease 3% - One Bedroom when SL occupancy < 80% +1 more,2026-08-21 01:10:50.609+00,2026-06,VIL,3499,,,,3293,July modulo_suggested_rate; clearing rule_adjusted_rate restores the normal pre-rule fallback,reconciled_to_prior_rule_free_snapshot
6d06e124-c778-495f-a6bb-914178b444b3,trilogy,2026-07,Louisville ES - 210,LB202/B,AL/MC,Studio,8989,9528,9242,"Decrease 3% - Studio Dlx, Studio when SL occupancy < 80% +2 more",2026-08-21 01:10:50.917+00,2026-06,AL/MC,8769,,,,9528,July modulo_suggested_rate; clearing rule_adjusted_rate restores the normal pre-rule fallback,reconciled_to_prior_rule_free_snapshot
6d126e61-d641-4b32-a5c6-6e6b498fd170,trilogy,2026-07,Monclova - 2422,7008/A,VIL,One Bedroom,3229,3423,3320,Decrease 3% - One Bedroom when SL occupancy < 80% +1 more,2026-08-21 01:10:53.213+00,2026-06,VIL,3149,,,,3423,July modulo_suggested_rate; clearing rule_adjusted_rate restores the normal pre-rule fallback,reconciled_to_prior_rule_free_snapshot
6d59d4a6-9941-4b32-b31f-4a8b14e42b6e,trilogy,2026-07,Romeo - 2512,408/A,AL,Studio,7749,8214,7968,"Decrease 3% - Studio Dlx, Studio when SL occupancy < 80% +2 more",2026-08-21 01:10:50.917+00,2026-06,AL,7749,,,,8214,July modulo_suggested_rate; clearing rule_adjusted_rate restores the normal pre-rule fallback,reconciled_to_prior_rule_free_snapshot
6d924558-aee5-46d3-add7-f7bcd8e98d3a,trilogy,2026-07,Avon - 5166,23/B,AL,Studio Dlx,4979,4840,4695,"Decrease 3% - Studio Dlx, Studio when SL occupancy < 80% +2 more",2026-08-21 01:10:50.609+00,2026-06,AL,4979,,,,4840,July modulo_suggested_rate; clearing rule_adjusted_rate restores the normal pre-rule fallback,reconciled_to_prior_rule_free_snapshot
6da72f22-2351-455f-82f7-70f69418726d,trilogy,2026-07,Lima SL - 433,609/A,AL/MC,Studio,7159,7589,7361,"Decrease 3% - Studio Dlx, Studio when SL occupancy < 80% +2 more",2026-08-21 01:10:54.824+00,2026-06,AL/MC,6979,,,,7589,July modulo_suggested_rate; clearing rule_adjusted_rate restores the normal pre-rule fallback,reconciled_to_prior_rule_free_snapshot
6dbbd706-e6fe-4fbb-aef5-8655eaf76c1e,trilogy,2026-07,Muncie - 128,503/A,AL,Studio,6989,6598,6640,"Decrease 3% - Studio Dlx, Studio when SL occupancy < 80% +2 more",2026-08-21 01:10:58.756+00,2026-06,AL,6919,,,,6598,July modulo_suggested_rate; clearing rule_adjusted_rate restores the normal pre-rule fallback,reconciled_to_prior_rule_free_snapshot
6df3852d-681f-4b13-9d42-d6277426af73,trilogy,2026-07,Fremont - 403,503/A,AL,Studio,6349,6730,6528,"Decrease 3% - Studio Dlx, Studio when SL occupancy < 80% +2 more",2026-08-21 01:10:56.358+00,2026-06,AL,6039,,,,6730,July modulo_suggested_rate; clearing rule_adjusted_rate restores the normal pre-rule fallback,reconciled_to_prior_rule_free_snapshot
6e218a4e-b02e-491e-a9d0-bdfc2d1917f8,trilogy,2026-07,Crawfordsville - 5167,09/B,AL,Studio Dlx,6749,7154,6939,"Decrease 3% - Studio Dlx, Studio when SL occupancy < 80% +2 more",2026-08-21 01:10:55.188+00,2026-06,AL,6579,,,,7154,July modulo_suggested_rate; clearing rule_adjusted_rate restores the normal pre-rule fallback,reconciled_to_prior_rule_free_snapshot
6e3fe578-2e62-49fa-ae28-07179fa84497,trilogy,2026-07,Scottsburg - 121,506/A,AL,Studio,5499,5632,5463,"Decrease 3% - Studio Dlx, Studio when SL occupancy < 80% +2 more",2026-08-21 01:10:45.367+00,2026-06,AL,5499,,,,5632,July modulo_suggested_rate; clearing rule_adjusted_rate restores the normal pre-rule fallback,reconciled_to_prior_rule_free_snapshot
6e4127dc-59b9-475b-83cd-8ee7e86a2536,trilogy,2026-07,Louisville ES - 210,LB106/B,AL/MC,Studio,8989,9528,9242,"Decrease 3% - Studio Dlx, Studio when SL occupancy < 80% +2 more",2026-08-21 01:10:50.917+00,2026-06,AL/MC,8769,,,,9528,July modulo_suggested_rate; clearing rule_adjusted_rate restores the normal pre-rule fallback,reconciled_to_prior_rule_free_snapshot
6e72b4b1-d0fa-4c8a-b78f-ba4b40776f68,trilogy,2026-07,Sylvania - 2427,5353/A,VIL,One Bedroom,3299,3090,3134,Decrease 3% - One Bedroom when SL occupancy < 80% +1 more,2026-08-21 01:10:45.367+00,2026-06,VIL,3299,,,,3090,July modulo_suggested_rate; clearing rule_adjusted_rate restores the normal pre-rule fallback,reconciled_to_prior_rule_free_snapshot
6ee356d6-0c42-4123-9eaa-afeb3f11ef91,trilogy,2026-07,Monclova - 2422,7007/A,VIL,One Bedroom,3229,3423,3320,Decrease 3% - One Bedroom when SL occupancy < 80% +1 more,2026-08-21 01:10:53.213+00,2026-06,VIL,3149,,,,3423,July modulo_suggested_rate; clearing rule_adjusted_rate restores the normal pre-rule fallback,reconciled_to_prior_rule_free_snapshot
6fa01784-7333-45c9-9851-33a725f8d24f,trilogy,2026-07,Greenfield - 125,2238/B,VIL,One Bedroom,3499,3293,3324,Decrease 3% - One Bedroom when SL occupancy < 80% +1 more,2026-08-21 01:10:50.609+00,2026-06,VIL,3499,,,,3293,July modulo_suggested_rate; clearing rule_adjusted_rate restores the normal pre-rule fallback,reconciled_to_prior_rule_free_snapshot
6fb6df36-5b38-4b91-988e-17f8f5c00cff,trilogy,2026-07,Shelbyville - 118,4A/A,VIL,One Bedroom,3289,3194,3125,Decrease 3% - One Bedroom when SL occupancy < 80% +1 more,2026-08-21 01:10:52.984+00,2026-06,VIL,3289,,,,3194,July modulo_suggested_rate; clearing rule_adjusted_rate restores the normal pre-rule fallback,reconciled_to_prior_rule_free_snapshot
6fe9674b-d7b7-4614-8746-9e7cdc7b6128,trilogy,2026-07,Avon - 5166,24/B,AL,Studio Dlx,4979,4964,4815,"Decrease 3% - Studio Dlx, Studio when SL occupancy < 80% +2 more",2026-08-21 01:10:50.609+00,2026-06,AL,4979,,,,4964,July modulo_suggested_rate; clearing rule_adjusted_rate restores the normal pre-rule fallback,reconciled_to_prior_rule_free_snapshot
70995fe3-3fc0-43e8-b218-8ad70638d3d5,trilogy,2026-07,Boonville - 110,521/A,AL,Studio,6409,6717,6515,"Decrease 3% - Studio Dlx, Studio when SL occupancy < 80% +2 more",2026-08-21 01:10:56.638+00,2026-06,AL,6409,,,,6717,July modulo_suggested_rate; clearing rule_adjusted_rate restores the normal pre-rule fallback,reconciled_to_prior_rule_free_snapshot
70b7da33-91dc-4a7e-88a0-4a23a7af372f,trilogy,2026-07,South Bend - 5169,07/A,AL,Studio Dlx,6519,5938,6193,"Decrease 3% - Studio Dlx, Studio when SL occupancy < 80% +2 more",2026-08-21 01:10:50.242+00,2026-06,AL,6519,,,,5938,July modulo_suggested_rate; clearing rule_adjusted_rate restores the normal pre-rule fallback,reconciled_to_prior_rule_free_snapshot
70d676fe-bff3-479c-af19-19ff83a2c020,trilogy,2026-07,Corydon - 2180,407/A,AL/MC,Studio,7499,6935,7124,"Decrease 3% - Studio Dlx, Studio when SL occupancy < 80% +2 more",2026-08-21 01:10:55.676+00,2026-06,AL/MC,7499,,,,6935,July modulo_suggested_rate; clearing rule_adjusted_rate restores the normal pre-rule fallback,reconciled_to_prior_rule_free_snapshot
70f95c07-b9de-456f-b245-7f5c30b7fc36,trilogy,2026-07,Bardstown - 233,107/B,AL,Studio Dlx,4949,5246,5089,"Decrease 3% - Studio Dlx, Studio when SL occupancy < 80% +2 more",2026-08-21 01:10:41.57+00,2026-06,AL,4949,,,,5246,July modulo_suggested_rate; clearing rule_adjusted_rate restores the normal pre-rule fallback,reconciled_to_prior_rule_free_snapshot
712d2f07-a2b1-4849-8389-ad9f9e481877,trilogy,2026-07,Boonville - 110,507/A,AL,Studio,6409,6794,6590,"Decrease 3% - Studio Dlx, Studio when SL occupancy < 80% +2 more",2026-08-21 01:10:56.638+00,2026-06,AL,6409,,,,6794,July modulo_suggested_rate; clearing rule_adjusted_rate restores the normal pre-rule fallback,reconciled_to_prior_rule_free_snapshot
71395956-fd15-4962-83c0-2ec1aab75bef,trilogy,2026-07,Waunakee - 571,12/A,VIL,One Bedroom,2699,2861,2775,Decrease 3% - One Bedroom when SL occupancy < 80% +1 more,2026-08-21 01:10:50.917+00,2026-06,VIL,2629,,,,2861,July modulo_suggested_rate; clearing rule_adjusted_rate restores the normal pre-rule fallback,reconciled_to_prior_rule_free_snapshot
71593d8e-248c-4391-b945-90c15ef2db3e,trilogy,2026-07,Bellevue - 414,503/B,AL,Studio,7039,7024,6813,"Decrease 3% - Studio Dlx, Studio when SL occupancy < 80% +2 more",2026-08-21 01:10:58.191+00,2026-06,AL,6859,,,,7024,July modulo_suggested_rate; clearing rule_adjusted_rate restores the normal pre-rule fallback,reconciled_to_prior_rule_free_snapshot
719feb2f-e059-4999-ba08-c3e3a68a594e,trilogy,2026-07,Boonville - 110,517/A,AL,Studio,6409,6794,6590,"Decrease 3% - Studio Dlx, Studio when SL occupancy < 80% +2 more",2026-08-21 01:10:56.638+00,2026-06,AL,6409,,,,6794,July modulo_suggested_rate; clearing rule_adjusted_rate restores the normal pre-rule fallback,reconciled_to_prior_rule_free_snapshot
71ac1f76-e93d-4a44-981a-43ab3e0a0228,trilogy,2026-07,Greenfield - 125,2258/B,VIL,One Bedroom,3499,3293,3324,Decrease 3% - One Bedroom when SL occupancy < 80% +1 more,2026-08-21 01:10:50.917+00,2026-06,VIL,3499,,,,3293,July modulo_suggested_rate; clearing rule_adjusted_rate restores the normal pre-rule fallback,reconciled_to_prior_rule_free_snapshot
71c435e1-f6d8-484f-8028-3903b1830c66,trilogy,2026-07,Batesville - 120,508/A,AL,Studio,6669,6900,6693,"Decrease 3% - Studio Dlx, Studio when SL occupancy < 80% +2 more",2026-08-21 01:10:54.344+00,2026-06,AL,6499,,,,6900,July modulo_suggested_rate; clearing rule_adjusted_rate restores the normal pre-rule fallback,reconciled_to_prior_rule_free_snapshot
71d79b27-32fc-4748-abf7-76acbb89ff17,trilogy,2026-07,Anderson - 112,2137/A,VIL,One Bedroom,2819,2640,2678,Decrease 3% - One Bedroom when SL occupancy < 80% +1 more,2026-08-21 01:10:46.29+00,2026-06,VIL,2959,,,,2640,July modulo_suggested_rate; clearing rule_adjusted_rate restores the normal pre-rule fallback,reconciled_to_prior_rule_free_snapshot
725ecf00-d999-477b-9f8b-882b3677123d,trilogy,2026-07,Bardstown - 233,211/A,AL/MC,Studio,6099,5901,5794,"Decrease 3% - Studio Dlx, Studio when SL occupancy < 80% +2 more",2026-08-21 01:10:41.57+00,2026-06,AL/MC,6099,,,,5901,July modulo_suggested_rate; clearing rule_adjusted_rate restores the normal pre-rule fallback,reconciled_to_prior_rule_free_snapshot
72693536-310e-4dfe-969f-255a69da6d57,trilogy,2026-07,Louisville ES - 210,LB324/B,AL/MC,Studio,8989,9528,9242,"Decrease 3% - Studio Dlx, Studio when SL occupancy < 80% +2 more",2026-08-21 01:10:50.917+00,2026-06,AL/MC,8769,,,,9528,July modulo_suggested_rate; clearing rule_adjusted_rate restores the normal pre-rule fallback,reconciled_to_prior_rule_free_snapshot
733bad23-cb86-43b8-8f6e-e3d41ec0e405,trilogy,2026-07,Lapeer - 2506,511/A,AL,Companion,7649,8108,7581,Decrease 6.5% - Companion when RT occupancy < 50% +1 more,2026-08-21 01:10:52.984+00,2026-06,AL,7459,,,,8108,July modulo_suggested_rate; clearing rule_adjusted_rate restores the normal pre-rule fallback,reconciled_to_prior_rule_free_snapshot
741d6754-5f20-473c-b353-c38e7cc6b6d3,trilogy,2026-07,Belmont - 519,603/A,AL/MC,Companion,9609,8764,9129,Decrease 6.5% - Companion when RT occupancy < 50% +1 more,2026-08-21 01:10:50.242+00,2026-06,AL/MC,9609,,,,8764,July modulo_suggested_rate; clearing rule_adjusted_rate restores the normal pre-rule fallback,reconciled_to_prior_rule_free_snapshot
7444f20d-6f12-4a08-900e-70889bb66680,trilogy,2026-07,Fremont - 403,507/A,AL,Studio,6349,6730,6528,"Decrease 3% - Studio Dlx, Studio when SL occupancy < 80% +2 more",2026-08-21 01:10:56.358+00,2026-05,AL,6039,,,,6730,July modulo_suggested_rate; clearing rule_adjusted_rate restores the normal pre-rule fallback,reconciled_to_prior_rule_free_snapshot
747604e6-a4a1-4c54-b81b-eca52438c1ce,trilogy,2026-07,Washington - 305,510/A,AL,Companion,6209,6582,6154,Decrease 6.5% - Companion when RT occupancy < 50% +1 more,2026-08-21 01:10:58.191+00,2026-06,AL,6209,,,,6582,July modulo_suggested_rate; clearing rule_adjusted_rate restores the normal pre-rule fallback,reconciled_to_prior_rule_free_snapshot
748532f5-854a-40e8-9e38-747b14e29faf,trilogy,2026-07,Louisville ES - 210,LB309/B,AL/MC,Studio,8809,9338,9058,"Decrease 3% - Studio Dlx, Studio when SL occupancy < 80% +2 more",2026-08-21 01:10:50.917+00,2026-06,AL/MC,8589,,,,9338,July modulo_suggested_rate; clearing rule_adjusted_rate restores the normal pre-rule fallback,reconciled_to_prior_rule_free_snapshot
74c25ed0-9624-4f6d-a9f3-937c3474a953,trilogy,2026-07,Batesville - 120,521/A,AL,Studio,6669,6900,6693,"Decrease 3% - Studio Dlx, Studio when SL occupancy < 80% +2 more",2026-08-21 01:10:54.344+00,2026-06,AL,6499,,,,6900,July modulo_suggested_rate; clearing rule_adjusted_rate restores the normal pre-rule fallback,reconciled_to_prior_rule_free_snapshot
74e5c3ee-d78e-40c8-92a7-23be0b839447,trilogy,2026-07,Anderson - 112,2224/B,VIL,One Bedroom,2819,2640,2678,Decrease 3% - One Bedroom when SL occupancy < 80% +1 more,2026-08-21 01:10:46.29+00,2026-06,VIL,2959,,,,2640,July modulo_suggested_rate; clearing rule_adjusted_rate restores the normal pre-rule fallback,reconciled_to_prior_rule_free_snapshot
7545436c-38be-4222-82c5-635d842f0ea5,trilogy,2026-07,Bardstown - 233,108/B,AL,Studio Dlx,4799,5087,4934,"Decrease 3% - Studio Dlx, Studio when SL occupancy < 80% +2 more",2026-08-21 01:10:41.57+00,2026-06,AL,4799,,,,5087,July modulo_suggested_rate; clearing rule_adjusted_rate restores the normal pre-rule fallback,reconciled_to_prior_rule_free_snapshot
759c995e-2e87-4562-aecb-6086fea53d45,trilogy,2026-07,Shelbyville - 118,408/B,AL/MC,Companion,8689,9210,8611,Decrease 6.5% - Companion when RT occupancy < 50% +1 more,2026-08-21 01:10:52.984+00,2026-06,AL/MC,8469,,,,9210,July modulo_suggested_rate; clearing rule_adjusted_rate restores the normal pre-rule fallback,reconciled_to_prior_rule_free_snapshot
75a91977-5948-4fd6-b291-bb065e126cd6,trilogy,2026-07,Monclova - 2422,617/A,AL/MC,Companion,7669,6749,7286,Decrease 6.5% - Companion when RT occupancy < 50% +1 more,2026-08-21 01:10:53.213+00,2026-06,AL/MC,7859,,,,6749,July modulo_suggested_rate; clearing rule_adjusted_rate restores the normal pre-rule fallback,reconciled_to_prior_rule_free_snapshot
75aa6c2d-8c64-4cd0-9c97-85b93e566328,trilogy,2026-07,Corydon - 2180,404/B,AL/MC,Companion,8089,7118,7685,Decrease 6.5% - Companion when RT occupancy < 50% +1 more,2026-08-21 01:10:55.676+00,2026-06,AL/MC,8509,,,,7118,July modulo_suggested_rate; clearing rule_adjusted_rate restores the normal pre-rule fallback,reconciled_to_prior_rule_free_snapshot
76b09b59-a8a3-4d71-8fe8-bc78fc28bcba,trilogy,2026-07,Boonville - 110,504/A,AL,Studio,6409,6794,6590,"Decrease 3% - Studio Dlx, Studio when SL occupancy < 80% +2 more",2026-08-21 01:10:56.638+00,2026-06,AL,6409,,,,6794,July modulo_suggested_rate; clearing rule_adjusted_rate restores the normal pre-rule fallback,reconciled_to_prior_rule_free_snapshot
76c54dab-ea85-47b3-a900-228ff1bcb486,trilogy,2026-07,Sylvania - 2427,7333/A,VIL,One Bedroom,3299,3090,3134,Decrease 3% - One Bedroom when SL occupancy < 80% +1 more,2026-08-21 01:10:45.367+00,2026-06,VIL,3299,,,,3090,July modulo_suggested_rate; clearing rule_adjusted_rate restores the normal pre-rule fallback,reconciled_to_prior_rule_free_snapshot
76e09168-03e8-4fbb-b68e-c12321dcd8fe,trilogy,2026-07,Tiffin - 435,517/A,AL,Studio,6549,6942,6734,"Decrease 3% - Studio Dlx, Studio when SL occupancy < 80% +2 more",2026-08-21 01:10:51.217+00,2026-06,AL,6389,,,,6942,July modulo_suggested_rate; clearing rule_adjusted_rate restores the normal pre-rule fallback,reconciled_to_prior_rule_free_snapshot
76f45b18-b12f-4f77-8a2b-0cf224ff17fd,trilogy,2026-07,Fremont - 403,515/B,AL,Studio,6349,6730,6528,"Decrease 3% - Studio Dlx, Studio when SL occupancy < 80% +2 more",2026-08-21 01:10:56.358+00,2026-06,AL,6039,,,,6730,July modulo_suggested_rate; clearing rule_adjusted_rate restores the normal pre-rule fallback,reconciled_to_prior_rule_free_snapshot
7714a09e-c736-4136-ad3a-7e5b60403109,trilogy,2026-07,Kokomo WK - 5168,15/A,AL,Studio,6119,6486,6291,"Decrease 3% - Studio Dlx, Studio when SL occupancy < 80% +2 more",2026-08-21 01:10:55.676+00,2026-06,AL,5969,,,,6486,July modulo_suggested_rate; clearing rule_adjusted_rate restores the normal pre-rule fallback,reconciled_to_prior_rule_free_snapshot
772335d0-891c-4af8-94ab-a16cd45e9e38,trilogy,2026-07,Greenfield - 125,532/A,VIL,One Bedroom,3299,3105,3134,Decrease 3% - One Bedroom when SL occupancy < 80% +1 more,2026-08-21 01:10:50.609+00,2026-06,VIL,3299,,,,3105,July modulo_suggested_rate; clearing rule_adjusted_rate restores the normal pre-rule fallback,reconciled_to_prior_rule_free_snapshot
77243f10-f94c-4b12-b626-eae15b324fe3,trilogy,2026-07,Ottawa MO - 430,222/B,VIL,One Bedroom,2699,2507,2564,Decrease 3% - One Bedroom when SL occupancy < 80% +1 more,2026-08-21 01:10:52.984+00,2026-06,VIL,2699,,,,2507,July modulo_suggested_rate; clearing rule_adjusted_rate restores the normal pre-rule fallback,reconciled_to_prior_rule_free_snapshot
77531b14-26ab-4408-8a6e-70f88bf9275e,trilogy,2026-07,Corydon - 2180,403/A,AL/MC,Companion,8089,7118,7685,Decrease 6.5% - Companion when RT occupancy < 50% +1 more,2026-08-21 01:10:55.676+00,2026-06,AL/MC,8509,,,,7118,July modulo_suggested_rate; clearing rule_adjusted_rate restores the normal pre-rule fallback,reconciled_to_prior_rule_free_snapshot
7783df77-350d-46c1-b20f-eb0ad6f9d6d3,trilogy,2026-07,Bardstown - 233,202/B,AL/MC,Studio,6479,6269,6155,"Decrease 3% - Studio Dlx, Studio when SL occupancy < 80% +2 more",2026-08-21 01:10:41.57+00,2026-06,AL/MC,6479,,,,6269,July modulo_suggested_rate; clearing rule_adjusted_rate restores the normal pre-rule fallback,reconciled_to_prior_rule_free_snapshot
77a603b5-f7a1-4a67-a8aa-92e18bc479e7,trilogy,2026-07,Crawfordsville - 5167,07/A,AL,Studio,5969,5957,5778,"Decrease 3% - Studio Dlx, Studio when SL occupancy < 80% +2 more",2026-08-21 01:10:55.188+00,2026-06,AL,5819,,,,5957,July modulo_suggested_rate; clearing rule_adjusted_rate restores the normal pre-rule fallback,reconciled_to_prior_rule_free_snapshot
77b9acca-6927-47f2-bfe5-38a64bb0826c,trilogy,2026-07,Louisville ES - 210,LB201/A,AL/MC,Studio,8809,9338,9058,"Decrease 3% - Studio Dlx, Studio when SL occupancy < 80% +2 more",2026-08-21 01:10:50.917+00,2026-06,AL/MC,8589,,,,9338,July modulo_suggested_rate; clearing rule_adjusted_rate restores the normal pre-rule fallback,reconciled_to_prior_rule_free_snapshot
7808eb07-636b-4695-b991-6a19dbd9a579,trilogy,2026-07,Tell City - 103,515/B,AL,Companion,7429,7075,7058,Decrease 6.5% - Companion when RT occupancy < 50% +1 more,2026-08-21 01:10:56.638+00,2026-06,AL,7429,,,,7075,July modulo_suggested_rate; clearing rule_adjusted_rate restores the normal pre-rule fallback,reconciled_to_prior_rule_free_snapshot
780aa805-fa6d-4dd4-ad50-570e693a9f1f,trilogy,2026-07,Vincennes - 131,504/A,AL,Studio,6069,6284,6095,"Decrease 3% - Studio Dlx, Studio when SL occupancy < 80% +2 more",2026-08-21 01:10:59.05+00,2026-06,AL,6069,,,,6284,July modulo_suggested_rate; clearing rule_adjusted_rate restores the normal pre-rule fallback,reconciled_to_prior_rule_free_snapshot
783bdd70-9254-4ce0-a07e-a86b8f8ca150,trilogy,2026-07,Princeton - 117,511/B,AL,Companion,8539,7514,8112,Decrease 6.5% - Companion when RT occupancy < 50% +1 more,2026-08-21 01:11:00.393+00,2026-06,AL,8539,,,,7514,July modulo_suggested_rate; clearing rule_adjusted_rate restores the normal pre-rule fallback,reconciled_to_prior_rule_free_snapshot
78ad6b83-5e4f-408a-aa12-6476e6ceb1a4,trilogy,2026-07,Louisville ES - 210,LB327/B,AL/MC,Studio,8809,9338,9058,"Decrease 3% - Studio Dlx, Studio when SL occupancy < 80% +2 more",2026-08-21 01:10:50.917+00,2026-06,AL/MC,8589,,,,9338,July modulo_suggested_rate; clearing rule_adjusted_rate restores the normal pre-rule fallback,reconciled_to_prior_rule_free_snapshot
78adfdb4-3c79-41b4-b8f8-49d7630ce359,trilogy,2026-07,Terre Haute CC - 129,401/A,AL/MC,Studio,8739,9035,8764,"Decrease 3% - Studio Dlx, Studio when SL occupancy < 80% +2 more",2026-08-21 01:10:54.079+00,2026-06,AL/MC,8739,,,,9035,July modulo_suggested_rate; clearing rule_adjusted_rate restores the normal pre-rule fallback,reconciled_to_prior_rule_free_snapshot
78b3d80d-88da-44fd-b4bb-982aefb057cd,trilogy,2026-07,Louisville ES - 210,LB115/A,AL/MC,Studio,8809,9338,9058,"Decrease 3% - Studio Dlx, Studio when SL occupancy < 80% +2 more",2026-08-21 01:10:50.917+00,2026-06,AL/MC,8589,,,,9338,July modulo_suggested_rate; clearing rule_adjusted_rate restores the normal pre-rule fallback,reconciled_to_prior_rule_free_snapshot
78c13e78-6b81-4bdf-b807-3b5bae2f192e,trilogy,2026-07,Corydon - 2180,405/A,AL/MC,Companion,8089,7118,7685,Decrease 6.5% - Companion when RT occupancy < 50% +1 more,2026-08-21 01:10:55.676+00,2026-06,AL/MC,8509,,,,7118,July modulo_suggested_rate; clearing rule_adjusted_rate restores the normal pre-rule fallback,reconciled_to_prior_rule_free_snapshot
78c55fc9-bf5f-489e-a5f6-2db9325b719e,trilogy,2026-07,Ottawa MO - 430,335/B,VIL,One Bedroom,2699,2507,2564,Decrease 3% - One Bedroom when SL occupancy < 80% +1 more,2026-08-21 01:10:52.984+00,2026-06,VIL,2699,,,,2507,July modulo_suggested_rate; clearing rule_adjusted_rate restores the normal pre-rule fallback,reconciled_to_prior_rule_free_snapshot
78cfb8cb-8e5d-421a-b087-044bbe33aebe,trilogy,2026-07,Muskegon - 525,510/B,AL,Companion,7599,7111,7219,Decrease 6.5% - Companion when RT occupancy < 50% +1 more,2026-08-21 01:10:54.344+00,2026-06,AL,7409,,,,7111,July modulo_suggested_rate; clearing rule_adjusted_rate restores the normal pre-rule fallback,reconciled_to_prior_rule_free_snapshot
78de3e02-c100-4d51-9d9d-6e0848f4f97f,trilogy,2026-07,Fremont - 403,519/A,AL,Studio,6349,6730,6528,"Decrease 3% - Studio Dlx, Studio when SL occupancy < 80% +2 more",2026-08-21 01:10:56.358+00,2026-06,AL,6039,,,,6730,July modulo_suggested_rate; clearing rule_adjusted_rate restores the normal pre-rule fallback,reconciled_to_prior_rule_free_snapshot
79492448-fa7f-477e-8b50-61f1a766c2bb,trilogy,2026-07,Louisville ES - 210,LB107/B,AL/MC,Studio,8809,9338,9058,"Decrease 3% - Studio Dlx, Studio when SL occupancy < 80% +2 more",2026-08-21 01:10:50.917+00,2026-06,AL/MC,8589,,,,9338,July modulo_suggested_rate; clearing rule_adjusted_rate restores the normal pre-rule fallback,reconciled_to_prior_rule_free_snapshot
79651d74-69ee-4215-b622-d4683cf5fbd1,trilogy,2026-07,Romeo - 2512,519/A,AL,Studio,7749,8214,7968,"Decrease 3% - Studio Dlx, Studio when SL occupancy < 80% +2 more",2026-08-21 01:10:51.217+00,2026-06,AL,7749,,,,8214,July modulo_suggested_rate; clearing rule_adjusted_rate restores the normal pre-rule fallback,reconciled_to_prior_rule_free_snapshot
79c22f6e-c6c1-4048-838f-22259a9824a0,trilogy,2026-07,Princeton - 117,510/A,AL,Companion,8539,7514,8112,Decrease 6.5% - Companion when RT occupancy < 50% +1 more,2026-08-21 01:11:00.393+00,2026-06,AL,8539,,,,7514,July modulo_suggested_rate; clearing rule_adjusted_rate restores the normal pre-rule fallback,reconciled_to_prior_rule_free_snapshot
7a1c30e7-8198-4c4f-8969-cf4a0fd71fe2,trilogy,2026-07,Leipsic - 409,156/B,VIL,One Bedroom,229,243,236,Decrease 3% - One Bedroom when SL occupancy < 80% +1 more,2026-08-21 01:10:57.66+00,2026-06,VIL,209,,,,243,July modulo_suggested_rate; clearing rule_adjusted_rate restores the normal pre-rule fallback,reconciled_to_prior_rule_free_snapshot
7a601888-9280-4680-bea9-8818d464abc3,trilogy,2026-07,Crawfordsville - 5167,08/A,AL,Studio,5969,5957,5778,"Decrease 3% - Studio Dlx, Studio when SL occupancy < 80% +2 more",2026-08-21 01:10:55.188+00,2026-06,AL,5819,,,,5957,July modulo_suggested_rate; clearing rule_adjusted_rate restores the normal pre-rule fallback,reconciled_to_prior_rule_free_snapshot
7a7a48b0-b3a6-4cf3-9c62-dc53a3845a45,trilogy,2026-07,Muskegon - 525,508/B,AL,Companion,7599,7301,7219,Decrease 6.5% - Companion when RT occupancy < 50% +1 more,2026-08-21 01:10:54.344+00,2026-06,AL,7409,,,,7301,July modulo_suggested_rate; clearing rule_adjusted_rate restores the normal pre-rule fallback,reconciled_to_prior_rule_free_snapshot
7a9288af-ee97-49ee-b48f-c9f30a48592c,trilogy,2026-07,Greenfield - 125,619/B,AL/MC,Companion,8109,7470,7704,Decrease 6.5% - Companion when RT occupancy < 50% +1 more,2026-08-21 01:10:50.609+00,2026-06,AL/MC,8109,,,,7470,July modulo_suggested_rate; clearing rule_adjusted_rate restores the normal pre-rule fallback,reconciled_to_prior_rule_free_snapshot
7aa56704-8038-4cc9-bb18-c605f24b32bf,trilogy,2026-07,Harrodsburg - 2187,407/B,AL,Companion,5999,6359,5946,Decrease 6.5% - Companion when RT occupancy < 50% +1 more,2026-08-21 01:11:00.666+00,2026-06,AL,5999,,,,6359,July modulo_suggested_rate; clearing rule_adjusted_rate restores the normal pre-rule fallback,reconciled_to_prior_rule_free_snapshot
7ab00700-cba0-4628-bd0e-15eccfb0eb2c,trilogy,2026-07,Greenfield - 125,2260/B,VIL,One Bedroom,3499,3293,3324,Decrease 3% - One Bedroom when SL occupancy < 80% +1 more,2026-08-21 01:10:50.917+00,2026-06,VIL,3499,,,,3293,July modulo_suggested_rate; clearing rule_adjusted_rate restores the normal pre-rule fallback,reconciled_to_prior_rule_free_snapshot
7ab693b6-0cc1-4c8f-b810-4f3dd64befa8,trilogy,2026-07,Leipsic - 409,160/B,VIL,One Bedroom,1139,1207,1171,Decrease 3% - One Bedroom when SL occupancy < 80% +1 more,2026-08-21 01:10:57.66+00,2026-06,VIL,1069,,,,1207,July modulo_suggested_rate; clearing rule_adjusted_rate restores the normal pre-rule fallback,reconciled_to_prior_rule_free_snapshot
7af4114d-4615-4789-a65e-1a5ca2eb2af8,trilogy,2026-07,Leipsic - 409,458/A,VIL,One Bedroom,1469,1557,1510,Decrease 3% - One Bedroom when SL occupancy < 80% +1 more,2026-08-21 01:10:57.66+00,2026-06,VIL,1359,,,,1557,July modulo_suggested_rate; clearing rule_adjusted_rate restores the normal pre-rule fallback,reconciled_to_prior_rule_free_snapshot
7b01044a-2aeb-42ae-91f5-851034630f16,trilogy,2026-07,East Lansing - 2507,703/B,AL/MC,Companion,7599,6880,7219,Decrease 6.5% - Companion when RT occupancy < 50% +1 more,2026-08-21 01:11:00.393+00,2026-06,AL/MC,7599,,,,6880,July modulo_suggested_rate; clearing rule_adjusted_rate restores the normal pre-rule fallback,reconciled_to_prior_rule_free_snapshot
7b16eeab-88f3-45f6-9c7c-befc74a48484,trilogy,2026-07,Leipsic - 409,460/A,VIL,One Bedroom,1139,1207,1171,Decrease 3% - One Bedroom when SL occupancy < 80% +1 more,2026-08-21 01:10:57.66+00,2026-06,VIL,1069,,,,1207,July modulo_suggested_rate; clearing rule_adjusted_rate restores the normal pre-rule fallback,reconciled_to_prior_rule_free_snapshot
7b22db18-7b94-4a2c-9653-3280afe9ee96,trilogy,2026-07,Crawfordsville - 5167,24/A,AL,Studio Dlx,6749,7154,6939,"Decrease 3% - Studio Dlx, Studio when SL occupancy < 80% +2 more",2026-08-21 01:10:55.188+00,2026-06,AL,6579,,,,7154,July modulo_suggested_rate; clearing rule_adjusted_rate restores the normal pre-rule fallback,reconciled_to_prior_rule_free_snapshot
7b2cfde8-33dc-495d-9736-e17a6dd13ea0,trilogy,2026-07,Scottsburg - 121,512/A,AL,Studio Dlx,7579,7128,7200,"Decrease 3% - Studio Dlx, Studio when SL occupancy < 80% +2 more",2026-08-21 01:10:45.367+00,2026-06,AL,7579,,,,7128,July modulo_suggested_rate; clearing rule_adjusted_rate restores the normal pre-rule fallback,reconciled_to_prior_rule_free_snapshot
7b3c3948-b9c0-4cc8-85c2-8dd6a103070c,trilogy,2026-07,Bloomington HS - 5149,512/A,AL,Companion,6029,6391,5976,Decrease 6.5% - Companion when RT occupancy < 50% +1 more,2026-08-21 01:10:52.31+00,2026-06,AL,6029,,,,6391,July modulo_suggested_rate; clearing rule_adjusted_rate restores the normal pre-rule fallback,reconciled_to_prior_rule_free_snapshot
7b4f5ab5-955b-4ed3-a1b6-2aac36e058a1,trilogy,2026-07,Scottsburg - 121,507/A,AL,Studio,5499,5632,5463,"Decrease 3% - Studio Dlx, Studio when SL occupancy < 80% +2 more",2026-08-21 01:10:45.367+00,2026-06,AL,5499,,,,5632,July modulo_suggested_rate; clearing rule_adjusted_rate restores the normal pre-rule fallback,reconciled_to_prior_rule_free_snapshot
7b6c3db8-7b4b-4b7d-abab-d51b047db93f,trilogy,2026-07,Bellevue - 414,509/A,AL,Studio,7039,7024,6813,"Decrease 3% - Studio Dlx, Studio when SL occupancy < 80% +2 more",2026-08-21 01:10:58.191+00,2026-06,AL,6859,,,,7024,July modulo_suggested_rate; clearing rule_adjusted_rate restores the normal pre-rule fallback,reconciled_to_prior_rule_free_snapshot
7bae92a7-a1a5-4b38-9d40-f6f5f00a2c6e,trilogy,2026-07,Colerain - 412,511/A,AL,Companion,7449,7896,7383,Decrease 6.5% - Companion when RT occupancy < 50% +1 more,2026-08-21 01:10:51.217+00,2026-06,AL,7259,,,,7896,July modulo_suggested_rate; clearing rule_adjusted_rate restores the normal pre-rule fallback,reconciled_to_prior_rule_free_snapshot
7c1a6e31-162c-4ffb-9115-f280fd0e4783,trilogy,2026-07,Princeton - 117,512/B,AL,Companion,8539,7514,8112,Decrease 6.5% - Companion when RT occupancy < 50% +1 more,2026-08-21 01:11:00.393+00,2026-06,AL,8539,,,,7514,July modulo_suggested_rate; clearing rule_adjusted_rate restores the normal pre-rule fallback,reconciled_to_prior_rule_free_snapshot
7d490d64-2d1e-422b-b664-5d806d22c918,trilogy,2026-07,Indianapolis AP - 5160,304/B,AL,Companion,2339,2168,2222,Decrease 6.5% - Companion when RT occupancy < 50% +1 more,2026-08-21 01:10:50.242+00,2026-06,AL,2339,,,,2168,July modulo_suggested_rate; clearing rule_adjusted_rate restores the normal pre-rule fallback,reconciled_to_prior_rule_free_snapshot
7dc21069-714e-413f-acf5-97d4be86769e,trilogy,2026-07,Lafayette SL - 5162,130/A,AL,Studio,5849,5837,5662,"Decrease 3% - Studio Dlx, Studio when SL occupancy < 80% +2 more",2026-08-21 01:10:48.831+00,2026-06,AL,5849,,,,5837,July modulo_suggested_rate; clearing rule_adjusted_rate restores the normal pre-rule fallback,reconciled_to_prior_rule_free_snapshot
7e38fd9c-fa11-42f1-8b34-962a1f6dd14a,trilogy,2026-07,Bardstown - 233,304/A,AL/MC,Studio,6479,6269,6155,"Decrease 3% - Studio Dlx, Studio when SL occupancy < 80% +2 more",2026-08-21 01:10:41.57+00,2026-06,AL/MC,6479,,,,6269,July modulo_suggested_rate; clearing rule_adjusted_rate restores the normal pre-rule fallback,reconciled_to_prior_rule_free_snapshot
7e72c23e-7718-4a74-91c8-ba20b304d9b0,trilogy,2026-07,Shelbyville - 118,7A/A,VIL,One Bedroom,3289,3194,3125,Decrease 3% - One Bedroom when SL occupancy < 80% +1 more,2026-08-21 01:10:52.984+00,2026-06,VIL,3289,,,,3194,July modulo_suggested_rate; clearing rule_adjusted_rate restores the normal pre-rule fallback,reconciled_to_prior_rule_free_snapshot
7e88eda9-7b50-462a-9c7e-2097f688338e,trilogy,2026-07,Bardstown - 233,204/B,AL/MC,Studio,6349,5984,6032,"Decrease 3% - Studio Dlx, Studio when SL occupancy < 80% +2 more",2026-08-21 01:10:41.57+00,2026-06,AL/MC,6349,,,,5984,July modulo_suggested_rate; clearing rule_adjusted_rate restores the normal pre-rule fallback,reconciled_to_prior_rule_free_snapshot
7f0ee8f9-f21a-4687-9c16-0bbcaa17f40f,trilogy,2026-07,Crawfordsville - 5167,26/A,AL,Studio,5969,5807,5671,"Decrease 3% - Studio Dlx, Studio when SL occupancy < 80% +2 more",2026-08-21 01:10:55.188+00,2026-06,AL,5819,,,,5807,July modulo_suggested_rate; clearing rule_adjusted_rate restores the normal pre-rule fallback,reconciled_to_prior_rule_free_snapshot
7f18527e-8716-45bf-9418-f535e37df387,trilogy,2026-07,Bellevue - 414,502/B,AL,Studio,7039,7024,6813,"Decrease 3% - Studio Dlx, Studio when SL occupancy < 80% +2 more",2026-08-21 01:10:58.191+00,2026-06,AL,6859,,,,7024,July modulo_suggested_rate; clearing rule_adjusted_rate restores the normal pre-rule fallback,reconciled_to_prior_rule_free_snapshot
7f3c5f2c-8012-4df1-a991-8cc913a45660,trilogy,2026-07,Shelbyville - 118,8B/A,VIL,One Bedroom,3289,3276,3178,Decrease 3% - One Bedroom when SL occupancy < 80% +1 more,2026-08-21 01:10:52.984+00,2026-06,VIL,3289,,,,3276,July modulo_suggested_rate; clearing rule_adjusted_rate restores the normal pre-rule fallback,reconciled_to_prior_rule_free_snapshot
7f5b3f67-b6aa-4377-9342-0b601e4879c9,trilogy,2026-07,Anderson - 112,1727/A,VIL,One Bedroom,2819,2640,2678,Decrease 3% - One Bedroom when SL occupancy < 80% +1 more,2026-08-21 01:10:46.29+00,2026-06,VIL,2959,,,,2640,July modulo_suggested_rate; clearing rule_adjusted_rate restores the normal pre-rule fallback,reconciled_to_prior_rule_free_snapshot
7fb31c11-ca82-4b41-ab4a-a5807af31a25,trilogy,2026-07,Leipsic - 409,461/B,VIL,One Bedroom,1469,1557,1510,Decrease 3% - One Bedroom when SL occupancy < 80% +1 more,2026-08-21 01:10:57.66+00,2026-06,VIL,1359,,,,1557,July modulo_suggested_rate; clearing rule_adjusted_rate restores the normal pre-rule fallback,reconciled_to_prior_rule_free_snapshot
7fd12f31-990b-43f3-a1ec-028b7eb593b0,trilogy,2026-07,Bardstown - 233,206/A,AL/MC,Studio,6349,6143,6032,"Decrease 3% - Studio Dlx, Studio when SL occupancy < 80% +2 more",2026-08-21 01:10:41.57+00,2026-06,AL/MC,6349,,,,6143,July modulo_suggested_rate; clearing rule_adjusted_rate restores the normal pre-rule fallback,reconciled_to_prior_rule_free_snapshot
7fed5674-8a5c-469a-ab5b-b3d54c9027c0,trilogy,2026-07,Louisville ES - 210,LB305/A,AL/MC,Studio,8809,9338,9058,"Decrease 3% - Studio Dlx, Studio when SL occupancy < 80% +2 more",2026-08-21 01:10:50.917+00,2026-06,AL/MC,8589,,,,9338,July modulo_suggested_rate; clearing rule_adjusted_rate restores the normal pre-rule fallback,reconciled_to_prior_rule_free_snapshot
80700c89-1b91-4590-9b9c-332a53852b72,trilogy,2026-07,Lapeer - 2506,511/B,AL,Companion,7649,8108,7581,Decrease 6.5% - Companion when RT occupancy < 50% +1 more,2026-08-21 01:10:52.984+00,2026-06,AL,7459,,,,8108,July modulo_suggested_rate; clearing rule_adjusted_rate restores the normal pre-rule fallback,reconciled_to_prior_rule_free_snapshot
80b1e6cc-a2fc-4745-898d-ffba42254a52,trilogy,2026-07,Bardstown - 233,202/A,AL/MC,Studio,6479,6269,6155,"Decrease 3% - Studio Dlx, Studio when SL occupancy < 80% +2 more",2026-08-21 01:10:41.57+00,2026-06,AL/MC,6479,,,,6269,July modulo_suggested_rate; clearing rule_adjusted_rate restores the normal pre-rule fallback,reconciled_to_prior_rule_free_snapshot
80c606af-4450-4ad9-9b72-6e53486b920b,trilogy,2026-07,Greenfield - 125,2211/A,VIL,One Bedroom,3299,3105,3134,Decrease 3% - One Bedroom when SL occupancy < 80% +1 more,2026-08-21 01:10:50.917+00,2026-06,VIL,3299,,,,3105,July modulo_suggested_rate; clearing rule_adjusted_rate restores the normal pre-rule fallback,reconciled_to_prior_rule_free_snapshot
80c9cc45-59b7-48eb-8fac-87e8712994ff,trilogy,2026-07,Belmont - 519,518/A,AL,Studio,7319,7758,7525,"Decrease 3% - Studio Dlx, Studio when SL occupancy < 80% +2 more",2026-08-21 01:10:50.242+00,2026-06,AL,7139,,,,7758,July modulo_suggested_rate; clearing rule_adjusted_rate restores the normal pre-rule fallback,reconciled_to_prior_rule_free_snapshot
810483d8-5d09-42b3-949b-9be368321fed,trilogy,2026-07,Ottawa MO - 430,334/A,VIL,One Bedroom,2699,2507,2564,Decrease 3% - One Bedroom when SL occupancy < 80% +1 more,2026-08-21 01:10:53.213+00,2026-06,VIL,2699,,,,2507,July modulo_suggested_rate; clearing rule_adjusted_rate restores the normal pre-rule fallback,reconciled_to_prior_rule_free_snapshot
812251ae-29c1-4800-930e-2b56b409da17,trilogy,2026-07,Jasper - 108,502/A,AL,Studio,6389,6395,6203,"Decrease 3% - Studio Dlx, Studio when SL occupancy < 80% +2 more",2026-08-21 01:10:45.367+00,2026-06,AL,6319,,,,6395,July modulo_suggested_rate; clearing rule_adjusted_rate restores the normal pre-rule fallback,reconciled_to_prior_rule_free_snapshot
8123cf6c-f1f5-42d4-aadd-6551ca4d089e,trilogy,2026-07,Louisville ES - 210,LB213/B,AL/MC,Studio,8809,9338,9058,"Decrease 3% - Studio Dlx, Studio when SL occupancy < 80% +2 more",2026-08-21 01:10:50.917+00,2026-06,AL/MC,8589,,,,9338,July modulo_suggested_rate; clearing rule_adjusted_rate restores the normal pre-rule fallback,reconciled_to_prior_rule_free_snapshot
8126a857-a5f7-455f-b288-a0462cdc21ed,trilogy,2026-07,Ottawa MO - 430,333/B,VIL,One Bedroom,2699,2507,2564,Decrease 3% - One Bedroom when SL occupancy < 80% +1 more,2026-08-21 01:10:52.984+00,2026-06,VIL,2699,,,,2507,July modulo_suggested_rate; clearing rule_adjusted_rate restores the normal pre-rule fallback,reconciled_to_prior_rule_free_snapshot
8162fabb-5771-4c22-af36-e90ad800ea02,trilogy,2026-07,Indianapolis AP - 5160,306/B,AL,Companion,2339,2227,2222,Decrease 6.5% - Companion when RT occupancy < 50% +1 more,2026-08-21 01:10:50.242+00,2026-06,AL,2339,,,,2227,July modulo_suggested_rate; clearing rule_adjusted_rate restores the normal pre-rule fallback,reconciled_to_prior_rule_free_snapshot
816e5abf-1b19-4445-96c9-d692c7890f09,trilogy,2026-07,Fremont - 403,515/A,AL,Studio,6349,6730,6528,"Decrease 3% - Studio Dlx, Studio when SL occupancy < 80% +2 more",2026-08-21 01:10:56.358+00,2026-06,AL,6039,,,,6730,July modulo_suggested_rate; clearing rule_adjusted_rate restores the normal pre-rule fallback,reconciled_to_prior_rule_free_snapshot
8170991d-5e04-4950-85a8-17c5559df67f,trilogy,2026-07,Willard - 2424,518/A,AL,Studio,6419,6406,6214,"Decrease 3% - Studio Dlx, Studio when SL occupancy < 80% +2 more",2026-08-21 01:10:53.742+00,2026-06,AL,6259,,,,6406,July modulo_suggested_rate; clearing rule_adjusted_rate restores the normal pre-rule fallback,reconciled_to_prior_rule_free_snapshot
81a5028a-e316-4d15-a554-8b8b1a291dd4,trilogy,2026-07,Anderson - 112,2208/A,VIL,One Bedroom,2819,2640,2678,Decrease 3% - One Bedroom when SL occupancy < 80% +1 more,2026-08-21 01:10:46.29+00,2026-06,VIL,2959,,,,2640,July modulo_suggested_rate; clearing rule_adjusted_rate restores the normal pre-rule fallback,reconciled_to_prior_rule_free_snapshot
81da4347-cba4-4210-868b-763768822749,trilogy,2026-07,Romeo - 2512,507/A,AL,Studio,7749,8214,7968,"Decrease 3% - Studio Dlx, Studio when SL occupancy < 80% +2 more",2026-08-21 01:10:50.917+00,2026-06,AL,7749,,,,8214,July modulo_suggested_rate; clearing rule_adjusted_rate restores the normal pre-rule fallback,reconciled_to_prior_rule_free_snapshot
8208fa61-a35c-4e5c-8917-5227ba9966a5,trilogy,2026-07,Vincennes - 131,502/A,AL,Studio,6069,6284,6095,"Decrease 3% - Studio Dlx, Studio when SL occupancy < 80% +2 more",2026-08-21 01:10:59.05+00,2026-06,AL,6069,,,,6284,July modulo_suggested_rate; clearing rule_adjusted_rate restores the normal pre-rule fallback,reconciled_to_prior_rule_free_snapshot
8209ab88-4d93-4e89-bdbe-4f196110c18d,trilogy,2026-07,West Lafayette - 2135,305/A,AL,Companion,4189,4414,4189,Decrease 6.5% - Companion when RT occupancy < 50% +1 more,2026-08-21 01:10:48.199+00,2026-06,AL,4409,,,,4414,July modulo_suggested_rate; clearing rule_adjusted_rate restores the normal pre-rule fallback,reconciled_to_prior_rule_free_snapshot
82a3ac4e-c70f-43c3-bd8d-ff3400d4a61b,trilogy,2026-07,Lafayette SL - 5162,112/A,AL,Studio,5849,5837,5662,"Decrease 3% - Studio Dlx, Studio when SL occupancy < 80% +2 more",2026-08-21 01:10:48.831+00,2026-06,AL,5849,,,,5837,July modulo_suggested_rate; clearing rule_adjusted_rate restores the normal pre-rule fallback,reconciled_to_prior_rule_free_snapshot
82d43fbf-d8b5-4405-9cd5-67169a6fd7f4,trilogy,2026-07,Colerain - 412,514/A,AL,Companion,7449,7896,7383,Decrease 6.5% - Companion when RT occupancy < 50% +1 more,2026-08-21 01:10:51.217+00,2026-06,AL,7259,,,,7896,July modulo_suggested_rate; clearing rule_adjusted_rate restores the normal pre-rule fallback,reconciled_to_prior_rule_free_snapshot
82e811b6-06ae-4f95-9b38-a95591d5f604,trilogy,2026-07,Leipsic - 409,463/B,VIL,One Bedroom,229,243,236,Decrease 3% - One Bedroom when SL occupancy < 80% +1 more,2026-08-21 01:10:57.66+00,2026-06,VIL,209,,,,243,July modulo_suggested_rate; clearing rule_adjusted_rate restores the normal pre-rule fallback,reconciled_to_prior_rule_free_snapshot
82f0d5ce-9a4b-4754-b2ea-5ec9d69e381c,trilogy,2026-07,Bardstown - 233,204/A,AL/MC,Studio,6349,6143,6032,"Decrease 3% - Studio Dlx, Studio when SL occupancy < 80% +2 more",2026-08-21 01:10:41.57+00,2026-06,AL/MC,6349,,,,6143,July modulo_suggested_rate; clearing rule_adjusted_rate restores the normal pre-rule fallback,reconciled_to_prior_rule_free_snapshot
83230031-0189-4a9e-ad30-e48bcd78b8ed,trilogy,2026-07,Batesville - 120,514/A,AL,Studio,6669,6900,6693,"Decrease 3% - Studio Dlx, Studio when SL occupancy < 80% +2 more",2026-08-21 01:10:54.344+00,2026-06,AL,6499,,,,6900,July modulo_suggested_rate; clearing rule_adjusted_rate restores the normal pre-rule fallback,reconciled_to_prior_rule_free_snapshot
83562a6d-4c0f-4edf-a80b-a2a5177a5ce1,trilogy,2026-07,Bloomington HS - 5149,405/B,AL,Companion,6029,6391,5976,Decrease 6.5% - Companion when RT occupancy < 50% +1 more,2026-08-21 01:10:52.31+00,2026-06,AL,6029,,,,6391,July modulo_suggested_rate; clearing rule_adjusted_rate restores the normal pre-rule fallback,reconciled_to_prior_rule_free_snapshot
8407e138-8499-4dcc-920b-8021ab8fdc1b,trilogy,2026-07,Lapeer - 2506,513/B,AL,Companion,7649,8108,7581,Decrease 6.5% - Companion when RT occupancy < 50% +1 more,2026-08-21 01:10:52.984+00,2026-06,AL,7459,,,,8108,July modulo_suggested_rate; clearing rule_adjusted_rate restores the normal pre-rule fallback,reconciled_to_prior_rule_free_snapshot
842d8d46-0364-49d0-906e-477c61efbb96,trilogy,2026-07,Corydon - 2180,409/A,AL/MC,Studio,7499,7122,7124,"Decrease 3% - Studio Dlx, Studio when SL occupancy < 80% +2 more",2026-08-21 01:10:55.188+00,2026-06,AL/MC,7499,,,,7122,July modulo_suggested_rate; clearing rule_adjusted_rate restores the normal pre-rule fallback,reconciled_to_prior_rule_free_snapshot
84689443-466c-4c18-acea-e3f43d2bf1e9,trilogy,2026-07,Anderson - 112,304/A,AL/MC,Companion,6999,6159,6649,Decrease 6.5% - Companion when RT occupancy < 50% +1 more,2026-08-21 01:10:46.29+00,2026-06,AL/MC,7179,,,,6159,July modulo_suggested_rate; clearing rule_adjusted_rate restores the normal pre-rule fallback,reconciled_to_prior_rule_free_snapshot
8469bc6a-6607-4a88-9fb7-ae067e8232e3,trilogy,2026-07,Boonville - 110,515/A,AL,Studio,6409,6794,6590,"Decrease 3% - Studio Dlx, Studio when SL occupancy < 80% +2 more",2026-08-21 01:10:56.638+00,2026-06,AL,6409,,,,6794,July modulo_suggested_rate; clearing rule_adjusted_rate restores the normal pre-rule fallback,reconciled_to_prior_rule_free_snapshot
8538c347-6236-4ee0-9ae6-80fd6e20d754,trilogy,2026-07,Anderson - 112,1720/B,VIL,One Bedroom,2819,2640,2678,Decrease 3% - One Bedroom when SL occupancy < 80% +1 more,2026-08-21 01:10:46.29+00,2026-06,VIL,2959,,,,2640,July modulo_suggested_rate; clearing rule_adjusted_rate restores the normal pre-rule fallback,reconciled_to_prior_rule_free_snapshot
853a7b86-acf2-40d5-a208-1bfd13ba3f20,trilogy,2026-07,Willard - 2424,501/B,AL,Studio,6419,6406,6214,"Decrease 3% - Studio Dlx, Studio when SL occupancy < 80% +2 more",2026-08-21 01:10:53.742+00,2026-06,AL,6259,,,,6406,July modulo_suggested_rate; clearing rule_adjusted_rate restores the normal pre-rule fallback,reconciled_to_prior_rule_free_snapshot
859c6464-0fa2-406d-935e-dec62152a869,trilogy,2026-07,Vincennes - 131,512/B,AL,Companion,7359,6971,6991,Decrease 6.5% - Companion when RT occupancy < 50% +1 more,2026-08-21 01:10:59.05+00,2026-06,AL,7359,,,,6971,July modulo_suggested_rate; clearing rule_adjusted_rate restores the normal pre-rule fallback,reconciled_to_prior_rule_free_snapshot
85bbf7cf-c631-4f20-9e18-f3b8e216365e,trilogy,2026-07,Anderson - 112,2206/A,VIL,One Bedroom,2819,2640,2678,Decrease 3% - One Bedroom when SL occupancy < 80% +1 more,2026-08-21 01:10:46.29+00,2026-06,VIL,2959,,,,2640,July modulo_suggested_rate; clearing rule_adjusted_rate restores the normal pre-rule fallback,reconciled_to_prior_rule_free_snapshot
85d4090d-67ec-48b6-882e-3f676edc01b1,trilogy,2026-07,Bloomington HS - 5149,514/A,AL,Companion,6029,6391,5976,Decrease 6.5% - Companion when RT occupancy < 50% +1 more,2026-08-21 01:10:52.31+00,2026-06,AL,6029,,,,6391,July modulo_suggested_rate; clearing rule_adjusted_rate restores the normal pre-rule fallback,reconciled_to_prior_rule_free_snapshot
8603e52e-ac7f-48c0-ab68-425f0c220dcd,trilogy,2026-07,Shelbyville - 118,1A/A,VIL,One Bedroom,3289,3194,3125,Decrease 3% - One Bedroom when SL occupancy < 80% +1 more,2026-08-21 01:10:52.984+00,2026-06,VIL,3289,,,,3194,July modulo_suggested_rate; clearing rule_adjusted_rate restores the normal pre-rule fallback,reconciled_to_prior_rule_free_snapshot
8623b534-08a5-4f3f-8c6a-3945d3d90675,trilogy,2026-07,Indianapolis AP - 5160,308/A,AL,Companion,2339,2227,2222,Decrease 6.5% - Companion when RT occupancy < 50% +1 more,2026-08-21 01:10:50.242+00,2026-06,AL,2339,,,,2227,July modulo_suggested_rate; clearing rule_adjusted_rate restores the normal pre-rule fallback,reconciled_to_prior_rule_free_snapshot
865a23f5-7137-4feb-9cb4-b2142db95a5e,trilogy,2026-07,Bardstown - 233,208/A,AL/MC,Studio,6349,6143,6032,"Decrease 3% - Studio Dlx, Studio when SL occupancy < 80% +2 more",2026-08-21 01:10:41.57+00,2026-06,AL/MC,6349,,,,6143,July modulo_suggested_rate; clearing rule_adjusted_rate restores the normal pre-rule fallback,reconciled_to_prior_rule_free_snapshot
865f1886-3226-48c7-aa63-cb0784afe5bd,trilogy,2026-07,Monclova - 2422,7010/B,VIL,One Bedroom,3229,3423,3320,Decrease 3% - One Bedroom when SL occupancy < 80% +1 more,2026-08-21 01:10:53.213+00,2026-06,VIL,3149,,,,3423,July modulo_suggested_rate; clearing rule_adjusted_rate restores the normal pre-rule fallback,reconciled_to_prior_rule_free_snapshot
86676864-0b7a-48cc-9dda-a79264cf680a,trilogy,2026-07,Greenfield - 125,2256/B,VIL,One Bedroom,3499,3293,3324,Decrease 3% - One Bedroom when SL occupancy < 80% +1 more,2026-08-21 01:10:50.917+00,2026-06,VIL,3499,,,,3293,July modulo_suggested_rate; clearing rule_adjusted_rate restores the normal pre-rule fallback,reconciled_to_prior_rule_free_snapshot
870a6785-027c-403e-bb25-6e21a886a59f,trilogy,2026-07,Harrodsburg - 2187,405/A,AL,Companion,5999,6359,5946,Decrease 6.5% - Companion when RT occupancy < 50% +1 more,2026-08-21 01:11:00.666+00,2026-06,AL,5999,,,,6359,July modulo_suggested_rate; clearing rule_adjusted_rate restores the normal pre-rule fallback,reconciled_to_prior_rule_free_snapshot
87393f94-640a-4593-bef8-b74e54405363,trilogy,2026-07,Bardstown - 233,110/B,AL,Studio Dlx,4799,5087,4934,"Decrease 3% - Studio Dlx, Studio when SL occupancy < 80% +2 more",2026-08-21 01:10:41.57+00,2026-06,AL,4799,,,,5087,July modulo_suggested_rate; clearing rule_adjusted_rate restores the normal pre-rule fallback,reconciled_to_prior_rule_free_snapshot
87436611-747e-47f1-9eff-5482467e7cc6,trilogy,2026-07,Jasper - 108,411/A,AL,Studio,6389,6395,6203,"Decrease 3% - Studio Dlx, Studio when SL occupancy < 80% +2 more",2026-08-21 01:10:45.367+00,2026-06,AL,6319,,,,6395,July modulo_suggested_rate; clearing rule_adjusted_rate restores the normal pre-rule fallback,reconciled_to_prior_rule_free_snapshot
875e6acc-cef2-4658-b02a-d6cee2c6dc28,trilogy,2026-07,Leipsic - 409,158/B,VIL,One Bedroom,1469,1557,1510,Decrease 3% - One Bedroom when SL occupancy < 80% +1 more,2026-08-21 01:10:57.66+00,2026-06,VIL,1359,,,,1557,July modulo_suggested_rate; clearing rule_adjusted_rate restores the normal pre-rule fallback,reconciled_to_prior_rule_free_snapshot
877c6586-fef7-4873-9dd3-cc588862d841,trilogy,2026-07,Avon - 5166,09/B,AL,Studio Dlx,4979,4964,4815,"Decrease 3% - Studio Dlx, Studio when SL occupancy < 80% +2 more",2026-08-21 01:10:50.609+00,2026-06,AL,4979,,,,4964,July modulo_suggested_rate; clearing rule_adjusted_rate restores the normal pre-rule fallback,reconciled_to_prior_rule_free_snapshot
88165e57-18e9-4f62-bc9f-23d28c7d7e2d,trilogy,2026-07,Lima SL - 433,606/A,AL/MC,Studio,7159,7589,7361,"Decrease 3% - Studio Dlx, Studio when SL occupancy < 80% +2 more",2026-08-21 01:10:54.824+00,2026-06,AL/MC,6979,,,,7589,July modulo_suggested_rate; clearing rule_adjusted_rate restores the normal pre-rule fallback,reconciled_to_prior_rule_free_snapshot
88211b8f-45d1-41ac-874f-a31e8459dedb,trilogy,2026-07,Greensburg - 150,404/A,AL/MC,Studio,8079,7454,7675,"Decrease 3% - Studio Dlx, Studio when SL occupancy < 80% +2 more",2026-08-21 01:10:53.742+00,2026-06,AL/MC,8079,,,,7454,July modulo_suggested_rate; clearing rule_adjusted_rate restores the normal pre-rule fallback,reconciled_to_prior_rule_free_snapshot
88a0b42f-b679-48f7-bd3a-1a002de5ee72,trilogy,2026-07,Sylvania - 2427,7333/B,VIL,One Bedroom,3299,3090,3134,Decrease 3% - One Bedroom when SL occupancy < 80% +1 more,2026-08-21 01:10:45.367+00,2026-06,VIL,3299,,,,3090,July modulo_suggested_rate; clearing rule_adjusted_rate restores the normal pre-rule fallback,reconciled_to_prior_rule_free_snapshot
88ff851c-47e8-46e7-a84c-94881a369bc4,trilogy,2026-07,Bardstown - 233,209/B,AL/MC,Studio,6099,5749,5794,"Decrease 3% - Studio Dlx, Studio when SL occupancy < 80% +2 more",2026-08-21 01:10:41.57+00,2026-06,AL/MC,6099,,,,5749,July modulo_suggested_rate; clearing rule_adjusted_rate restores the normal pre-rule fallback,reconciled_to_prior_rule_free_snapshot
89194868-75fd-46a3-a5a8-e9746a1465c4,trilogy,2026-07,Terre Haute CC - 129,407/A,AL/MC,Studio,8739,9035,8764,"Decrease 3% - Studio Dlx, Studio when SL occupancy < 80% +2 more",2026-08-21 01:10:54.079+00,2026-06,AL/MC,8739,,,,9035,July modulo_suggested_rate; clearing rule_adjusted_rate restores the normal pre-rule fallback,reconciled_to_prior_rule_free_snapshot
89408750-6fbf-4b49-bcea-5388543afa91,trilogy,2026-07,Colerain - 412,513/A,AL,Companion,7449,7896,7383,Decrease 6.5% - Companion when RT occupancy < 50% +1 more,2026-08-21 01:10:51.217+00,2026-06,AL,7259,,,,7896,July modulo_suggested_rate; clearing rule_adjusted_rate restores the normal pre-rule fallback,reconciled_to_prior_rule_free_snapshot
896047cc-c411-4673-803b-070c6988b63d,trilogy,2026-07,Boonville - 110,514/A,AL,Studio,6409,6794,6590,"Decrease 3% - Studio Dlx, Studio when SL occupancy < 80% +2 more",2026-08-21 01:10:56.638+00,2026-06,AL,6409,,,,6794,July modulo_suggested_rate; clearing rule_adjusted_rate restores the normal pre-rule fallback,reconciled_to_prior_rule_free_snapshot
89842e95-d35c-4903-85ce-cbe6cad1b2d3,trilogy,2026-07,Sylvania - 2427,9152/B,VIL,One Bedroom,499,467,474,Decrease 3% - One Bedroom when SL occupancy < 80% +1 more,2026-08-21 01:10:45.367+00,2026-06,VIL,3299,,,,467,July modulo_suggested_rate; clearing rule_adjusted_rate restores the normal pre-rule fallback,reconciled_to_prior_rule_free_snapshot
89c3c197-458a-451d-91f9-e3d283b08624,trilogy,2026-07,Crawfordsville - 5167,23/A,AL,Studio Dlx,6749,7154,6939,"Decrease 3% - Studio Dlx, Studio when SL occupancy < 80% +2 more",2026-08-21 01:10:55.188+00,2026-06,AL,6579,,,,7154,July modulo_suggested_rate; clearing rule_adjusted_rate restores the normal pre-rule fallback,reconciled_to_prior_rule_free_snapshot
89eef3d6-d376-4e52-9c9e-94f297cceb62,trilogy,2026-07,Shelbyville - 118,5A/A,VIL,One Bedroom,3289,3276,3178,Decrease 3% - One Bedroom when SL occupancy < 80% +1 more,2026-08-21 01:10:52.984+00,2026-06,VIL,3289,,,,3276,July modulo_suggested_rate; clearing rule_adjusted_rate restores the normal pre-rule fallback,reconciled_to_prior_rule_free_snapshot
8a0f650e-06f9-4e9b-a176-4b9faf65775e,trilogy,2026-07,Monclova - 2422,4527/A,VIL,One Bedroom,3229,3423,3320,Decrease 3% - One Bedroom when SL occupancy < 80% +1 more,2026-08-21 01:10:53.213+00,2026-06,VIL,3149,,,,3423,July modulo_suggested_rate; clearing rule_adjusted_rate restores the normal pre-rule fallback,reconciled_to_prior_rule_free_snapshot
8a1424bc-ba4c-40a1-b0e3-2bdcfd8e1ab0,trilogy,2026-07,Vincennes - 131,510/A,AL,Companion,7359,6971,6991,Decrease 6.5% - Companion when RT occupancy < 50% +1 more,2026-08-21 01:10:59.05+00,2026-06,AL,7359,,,,6971,July modulo_suggested_rate; clearing rule_adjusted_rate restores the normal pre-rule fallback,reconciled_to_prior_rule_free_snapshot
8a39a218-1f5a-4eb1-b6c9-f7cde93eeca1,trilogy,2026-07,Shelbyville - 118,8B/B,VIL,One Bedroom,3289,3276,3178,Decrease 3% - One Bedroom when SL occupancy < 80% +1 more,2026-08-21 01:10:52.984+00,2026-06,VIL,3289,,,,3276,July modulo_suggested_rate; clearing rule_adjusted_rate restores the normal pre-rule fallback,reconciled_to_prior_rule_free_snapshot
8a40aa92-f8aa-47c5-93c7-f1708eba4c6f,trilogy,2026-07,Colerain - 412,502/A,AL,Companion,6219,6592,6164,Decrease 6.5% - Companion when RT occupancy < 50% +1 more,2026-08-21 01:10:51.217+00,2026-06,AL,6049,,,,6592,July modulo_suggested_rate; clearing rule_adjusted_rate restores the normal pre-rule fallback,reconciled_to_prior_rule_free_snapshot
8a4dfd22-96df-41de-ab3e-d6317b4e0cac,trilogy,2026-07,Shelbyville - 118,4A/B,VIL,One Bedroom,3289,3276,3178,Decrease 3% - One Bedroom when SL occupancy < 80% +1 more,2026-08-21 01:10:52.984+00,2026-06,VIL,3289,,,,3276,July modulo_suggested_rate; clearing rule_adjusted_rate restores the normal pre-rule fallback,reconciled_to_prior_rule_free_snapshot
8aac03d6-2958-4635-b440-8697b6cc850d,trilogy,2026-07,Terre Haute HC - 5163,303/A,AL,Studio Dlx,6629,6089,6298,"Decrease 3% - Studio Dlx, Studio when SL occupancy < 80% +2 more",2026-08-21 01:11:00.393+00,2026-06,AL,6629,,,,6089,July modulo_suggested_rate; clearing rule_adjusted_rate restores the normal pre-rule fallback,reconciled_to_prior_rule_free_snapshot
8b10c1ae-d521-48f8-bf6a-4bc0a1a1c30c,trilogy,2026-07,West Lafayette - 2135,238/A,AL,Companion,4230,4524,4230,Decrease 6.5% - Companion when RT occupancy < 50% +1 more,2026-08-21 01:10:48.199+00,2026-06,AL,4409,,,,4524,July modulo_suggested_rate; clearing rule_adjusted_rate restores the normal pre-rule fallback,reconciled_to_prior_rule_free_snapshot
8b221a26-a474-4f4f-9870-a31742c69f24,trilogy,2026-07,Leipsic - 409,457/A,VIL,One Bedroom,1469,1557,1510,Decrease 3% - One Bedroom when SL occupancy < 80% +1 more,2026-08-21 01:10:57.66+00,2026-06,VIL,1359,,,,1557,July modulo_suggested_rate; clearing rule_adjusted_rate restores the normal pre-rule fallback,reconciled_to_prior_rule_free_snapshot
8b4c441c-d4df-4584-98ed-38764549ff2a,trilogy,2026-07,Tiffin - 435,515/A,AL,Studio,6549,6942,6734,"Decrease 3% - Studio Dlx, Studio when SL occupancy < 80% +2 more",2026-08-21 01:10:51.217+00,2026-06,AL,6389,,,,6942,July modulo_suggested_rate; clearing rule_adjusted_rate restores the normal pre-rule fallback,reconciled_to_prior_rule_free_snapshot
8b726474-3175-4fdc-b085-dfe8c573d5af,trilogy,2026-07,Greenfield - 125,2260/A,VIL,One Bedroom,3499,3293,3324,Decrease 3% - One Bedroom when SL occupancy < 80% +1 more,2026-08-21 01:10:50.609+00,2026-06,VIL,3499,,,,3293,July modulo_suggested_rate; clearing rule_adjusted_rate restores the normal pre-rule fallback,reconciled_to_prior_rule_free_snapshot
8bd40532-a260-4cdf-bebe-87477f278251,trilogy,2026-07,Jasper - 108,507/A,AL,Studio,6389,6395,6203,"Decrease 3% - Studio Dlx, Studio when SL occupancy < 80% +2 more",2026-08-21 01:10:45.367+00,2026-06,AL,6319,,,,6395,July modulo_suggested_rate; clearing rule_adjusted_rate restores the normal pre-rule fallback,reconciled_to_prior_rule_free_snapshot
8bf77f4c-9951-4618-b7a6-ce22aa39032f,trilogy,2026-07,Louisville ES - 210,LB302/A,AL/MC,Studio,8989,9528,9242,"Decrease 3% - Studio Dlx, Studio when SL occupancy < 80% +2 more",2026-08-21 01:10:50.917+00,2026-06,AL/MC,8769,,,,9528,July modulo_suggested_rate; clearing rule_adjusted_rate restores the normal pre-rule fallback,reconciled_to_prior_rule_free_snapshot
8c4be8ed-2cb1-427a-a63a-279870a1ae7c,trilogy,2026-07,Kokomo WK - 5168,24/B,AL,Studio Dlx,6439,6825,6620,"Decrease 3% - Studio Dlx, Studio when SL occupancy < 80% +2 more",2026-08-21 01:10:55.676+00,2026-06,AL,6129,,,,6825,July modulo_suggested_rate; clearing rule_adjusted_rate restores the normal pre-rule fallback,reconciled_to_prior_rule_free_snapshot
8cc4eb51-a906-4056-a5eb-7d010a1a1b50,trilogy,2026-07,Greenfield - 125,2270/B,VIL,One Bedroom,3499,3293,3324,Decrease 3% - One Bedroom when SL occupancy < 80% +1 more,2026-08-21 01:10:50.917+00,2026-06,VIL,3499,,,,3293,July modulo_suggested_rate; clearing rule_adjusted_rate restores the normal pre-rule fallback,reconciled_to_prior_rule_free_snapshot
8cca061b-0e45-4560-889b-fabbb1c03bdf,trilogy,2026-07,Fremont - 403,513/A,AL,Studio,6349,6730,6528,"Decrease 3% - Studio Dlx, Studio when SL occupancy < 80% +2 more",2026-08-21 01:10:56.358+00,2026-06,AL,6039,,,,6730,July modulo_suggested_rate; clearing rule_adjusted_rate restores the normal pre-rule fallback,reconciled_to_prior_rule_free_snapshot
8cd18f8e-e2f3-416f-9a0e-17eafe82a72e,trilogy,2026-07,Bardstown - 233,210/B,AL/MC,Studio,6349,6143,6032,"Decrease 3% - Studio Dlx, Studio when SL occupancy < 80% +2 more",2026-08-21 01:10:41.57+00,2026-06,AL/MC,6349,,,,6143,July modulo_suggested_rate; clearing rule_adjusted_rate restores the normal pre-rule fallback,reconciled_to_prior_rule_free_snapshot
8cf31960-5c79-4b2d-8a81-8ff3b2d6fea2,trilogy,2026-07,Muncie - 128,510/A,AL,Studio,6989,6453,6640,"Decrease 3% - Studio Dlx, Studio when SL occupancy < 80% +2 more",2026-08-21 01:10:58.756+00,2026-06,AL,6919,,,,6453,July modulo_suggested_rate; clearing rule_adjusted_rate restores the normal pre-rule fallback,reconciled_to_prior_rule_free_snapshot
8d635041-b3ea-4e97-9506-7540df8bddf4,trilogy,2026-07,Anderson - 112,2206/B,VIL,One Bedroom,2819,2640,2678,Decrease 3% - One Bedroom when SL occupancy < 80% +1 more,2026-08-21 01:10:46.29+00,2026-06,VIL,2959,,,,2640,July modulo_suggested_rate; clearing rule_adjusted_rate restores the normal pre-rule fallback,reconciled_to_prior_rule_free_snapshot
8d66bc3a-1f4f-4f0c-b288-f954f11ff112,trilogy,2026-07,Willard - 2424,501/A,AL,Studio,6419,6406,6214,"Decrease 3% - Studio Dlx, Studio when SL occupancy < 80% +2 more",2026-08-21 01:10:53.742+00,2026-06,AL,6259,,,,6406,July modulo_suggested_rate; clearing rule_adjusted_rate restores the normal pre-rule fallback,reconciled_to_prior_rule_free_snapshot
8d7d4d8c-341f-4773-8f9d-20d975eb76c4,trilogy,2026-07,Anderson - 112,303/A,AL/MC,Companion,6999,6159,6649,Decrease 6.5% - Companion when RT occupancy < 50% +1 more,2026-08-21 01:10:46.29+00,2026-06,AL/MC,7179,,,,6159,July modulo_suggested_rate; clearing rule_adjusted_rate restores the normal pre-rule fallback,reconciled_to_prior_rule_free_snapshot
8dc25356-e35f-4ee2-8e15-d338d1252e68,trilogy,2026-07,Jasper - 108,520/A,AL,Studio,6389,6395,6203,"Decrease 3% - Studio Dlx, Studio when SL occupancy < 80% +2 more",2026-08-21 01:10:45.367+00,2026-06,AL,6319,,,,6395,July modulo_suggested_rate; clearing rule_adjusted_rate restores the normal pre-rule fallback,reconciled_to_prior_rule_free_snapshot
8de10876-44f3-4f3d-b23e-dde1ef3c5144,trilogy,2026-07,Avon - 5166,24/A,AL,Studio Dlx,4979,4964,4815,"Decrease 3% - Studio Dlx, Studio when SL occupancy < 80% +2 more",2026-08-21 01:10:50.609+00,2026-06,AL,4979,,,,4964,July modulo_suggested_rate; clearing rule_adjusted_rate restores the normal pre-rule fallback,reconciled_to_prior_rule_free_snapshot
8e03db29-4379-44ba-8d68-809df8ee0b13,trilogy,2026-07,Romeo - 2512,402/A,AL,Studio,7749,8214,7968,"Decrease 3% - Studio Dlx, Studio when SL occupancy < 80% +2 more",2026-08-21 01:10:50.917+00,2026-06,AL,7749,,,,8214,July modulo_suggested_rate; clearing rule_adjusted_rate restores the normal pre-rule fallback,reconciled_to_prior_rule_free_snapshot
8e262712-1f57-4627-9c39-b37531ebd446,trilogy,2026-07,Terre Haute HC - 5163,403/A,AL,Studio Dlx,6629,5926,6298,"Decrease 3% - Studio Dlx, Studio when SL occupancy < 80% +2 more",2026-08-21 01:11:00.393+00,2026-06,AL,6629,,,,5926,July modulo_suggested_rate; clearing rule_adjusted_rate restores the normal pre-rule fallback,reconciled_to_prior_rule_free_snapshot
8e3d8cd2-5b9c-4e9a-b22b-8507f8f6409f,trilogy,2026-07,Willard - 2424,510/A,AL,Studio,6419,6406,6214,"Decrease 3% - Studio Dlx, Studio when SL occupancy < 80% +2 more",2026-08-21 01:10:53.742+00,2026-06,AL,6259,,,,6406,July modulo_suggested_rate; clearing rule_adjusted_rate restores the normal pre-rule fallback,reconciled_to_prior_rule_free_snapshot
8e48eb2a-c1bd-4a0f-9620-54bedd5d5ea5,trilogy,2026-07,Jasper - 108,406/A,AL,Studio,6389,6395,6203,"Decrease 3% - Studio Dlx, Studio when SL occupancy < 80% +2 more",2026-08-21 01:10:45.367+00,2026-06,AL,6319,,,,6395,July modulo_suggested_rate; clearing rule_adjusted_rate restores the normal pre-rule fallback,reconciled_to_prior_rule_free_snapshot
8e4925a7-7037-480b-beeb-02d55e96fcd2,trilogy,2026-07,Bellevue - 414,503/A,AL,Studio,7039,7024,6813,"Decrease 3% - Studio Dlx, Studio when SL occupancy < 80% +2 more",2026-08-21 01:10:58.191+00,2026-06,AL,6859,,,,7024,July modulo_suggested_rate; clearing rule_adjusted_rate restores the normal pre-rule fallback,reconciled_to_prior_rule_free_snapshot
8e7b3c80-0378-4194-afb1-a42cffaf3537,trilogy,2026-07,Indianapolis AP - 5160,306/A,AL,Companion,2339,2227,2222,Decrease 6.5% - Companion when RT occupancy < 50% +1 more,2026-08-21 01:10:50.242+00,2026-06,AL,2339,,,,2227,July modulo_suggested_rate; clearing rule_adjusted_rate restores the normal pre-rule fallback,reconciled_to_prior_rule_free_snapshot
8e96f424-49a1-4b8a-8c50-0e20224068e4,trilogy,2026-07,Colerain - 412,501/A,AL,Companion,6219,6592,6164,Decrease 6.5% - Companion when RT occupancy < 50% +1 more,2026-08-21 01:10:51.649+00,2026-06,AL,6049,,,,6592,July modulo_suggested_rate; clearing rule_adjusted_rate restores the normal pre-rule fallback,reconciled_to_prior_rule_free_snapshot
8f36df2a-c68d-43b1-86db-b3de00a1b5c7,trilogy,2026-07,Anderson - 112,2214/A,VIL,One Bedroom,2819,2640,2678,Decrease 3% - One Bedroom when SL occupancy < 80% +1 more,2026-08-21 01:10:46.29+00,2026-06,VIL,2959,,,,2640,July modulo_suggested_rate; clearing rule_adjusted_rate restores the normal pre-rule fallback,reconciled_to_prior_rule_free_snapshot
8f46e8e9-9ae7-4c26-9284-6d20f6c4b645,trilogy,2026-07,Leipsic - 409,463/A,VIL,One Bedroom,1469,1557,1510,Decrease 3% - One Bedroom when SL occupancy < 80% +1 more,2026-08-21 01:10:57.66+00,2026-06,VIL,1359,,,,1557,July modulo_suggested_rate; clearing rule_adjusted_rate restores the normal pre-rule fallback,reconciled_to_prior_rule_free_snapshot
8f8803b2-3385-4d60-81e3-91457fd5d44d,trilogy,2026-07,Princeton - 117,512/A,AL,Companion,8539,7514,8112,Decrease 6.5% - Companion when RT occupancy < 50% +1 more,2026-08-21 01:11:00.393+00,2026-06,AL,8539,,,,7514,July modulo_suggested_rate; clearing rule_adjusted_rate restores the normal pre-rule fallback,reconciled_to_prior_rule_free_snapshot
8fd292cb-4f0a-45cf-9461-3a8720c77904,trilogy,2026-07,Lafayette SL - 5162,110/A,AL,Studio,7349,7334,7114,"Decrease 3% - Studio Dlx, Studio when SL occupancy < 80% +2 more",2026-08-21 01:10:48.831+00,2026-06,AL,7169,,,,7334,July modulo_suggested_rate; clearing rule_adjusted_rate restores the normal pre-rule fallback,reconciled_to_prior_rule_free_snapshot
8fe9c139-6d94-472d-9b48-9f5176739f78,trilogy,2026-07,Anderson - 112,2218/B,VIL,One Bedroom,2819,2640,2678,Decrease 3% - One Bedroom when SL occupancy < 80% +1 more,2026-08-21 01:10:46.29+00,2026-06,VIL,2959,,,,2640,July modulo_suggested_rate; clearing rule_adjusted_rate restores the normal pre-rule fallback,reconciled_to_prior_rule_free_snapshot
902ef269-681a-435b-adfe-31f69714dd2f,trilogy,2026-07,Belmont - 519,517/A,AL,Studio,7179,7610,7382,"Decrease 3% - Studio Dlx, Studio when SL occupancy < 80% +2 more",2026-08-21 01:10:50.242+00,2026-06,AL,6999,,,,7610,July modulo_suggested_rate; clearing rule_adjusted_rate restores the normal pre-rule fallback,reconciled_to_prior_rule_free_snapshot
904c8268-8f92-4467-bf56-5471b2f40788,trilogy,2026-07,Bardstown - 233,107/A,AL,Studio Dlx,4949,5246,5089,"Decrease 3% - Studio Dlx, Studio when SL occupancy < 80% +2 more",2026-08-21 01:10:41.57+00,2026-06,AL,4949,,,,5246,July modulo_suggested_rate; clearing rule_adjusted_rate restores the normal pre-rule fallback,reconciled_to_prior_rule_free_snapshot
907e0599-1905-47b5-8467-d111fd359f1e,trilogy,2026-07,Crawfordsville - 5167,21/A,AL,Studio,5969,5957,5778,"Decrease 3% - Studio Dlx, Studio when SL occupancy < 80% +2 more",2026-08-21 01:10:55.188+00,2026-06,AL,5819,,,,5957,July modulo_suggested_rate; clearing rule_adjusted_rate restores the normal pre-rule fallback,reconciled_to_prior_rule_free_snapshot
90995058-877c-4e30-af90-e4e88dd20601,trilogy,2026-07,Bellevue - 414,505/A,AL,Studio,7039,7024,6813,"Decrease 3% - Studio Dlx, Studio when SL occupancy < 80% +2 more",2026-08-21 01:10:58.191+00,2026-06,AL,6859,,,,7024,July modulo_suggested_rate; clearing rule_adjusted_rate restores the normal pre-rule fallback,reconciled_to_prior_rule_free_snapshot
91255cf8-cf41-4da8-98d6-efd53dc5e3f1,trilogy,2026-07,Monclova - 2422,603/B,AL/MC,Companion,7669,6872,7286,Decrease 6.5% - Companion when RT occupancy < 50% +1 more,2026-08-21 01:10:53.213+00,2026-06,AL/MC,7859,,,,6872,July modulo_suggested_rate; clearing rule_adjusted_rate restores the normal pre-rule fallback,reconciled_to_prior_rule_free_snapshot
918bb456-fc01-4f6c-9061-0d5b9f04909f,trilogy,2026-07,Tiffin - 435,507/B,AL,Studio,6549,6942,6734,"Decrease 3% - Studio Dlx, Studio when SL occupancy < 80% +2 more",2026-08-21 01:10:51.217+00,2026-06,AL,6389,,,,6942,July modulo_suggested_rate; clearing rule_adjusted_rate restores the normal pre-rule fallback,reconciled_to_prior_rule_free_snapshot
91a680db-71d7-45f7-93d7-09f7449de23f,trilogy,2026-07,Corydon - 2180,507/A,AL,Studio,6459,6446,6253,"Decrease 3% - Studio Dlx, Studio when SL occupancy < 80% +2 more",2026-08-21 01:10:55.188+00,2026-06,AL,6389,,,,6446,July modulo_suggested_rate; clearing rule_adjusted_rate restores the normal pre-rule fallback,reconciled_to_prior_rule_free_snapshot
91f1f35f-3be6-48c6-b028-aa0e926901e7,trilogy,2026-07,Batesville - 120,506/B,AL,Studio,6669,6900,6693,"Decrease 3% - Studio Dlx, Studio when SL occupancy < 80% +2 more",2026-08-21 01:10:54.344+00,2026-06,AL,6499,,,,6900,July modulo_suggested_rate; clearing rule_adjusted_rate restores the normal pre-rule fallback,reconciled_to_prior_rule_free_snapshot
9221d1b4-b935-48fe-9420-fe1ec31148e8,trilogy,2026-07,Leipsic - 409,252/A,VIL,One Bedroom,1469,1555,1508,Decrease 3% - One Bedroom when SL occupancy < 80% +1 more,2026-08-21 01:10:57.66+00,2026-06,VIL,1359,,,,1555,July modulo_suggested_rate; clearing rule_adjusted_rate restores the normal pre-rule fallback,reconciled_to_prior_rule_free_snapshot
9277bc3f-33e7-4a09-8119-aa1a394fcca6,trilogy,2026-07,Vincennes - 131,505/A,AL,Studio,6069,6284,6095,"Decrease 3% - Studio Dlx, Studio when SL occupancy < 80% +2 more",2026-08-21 01:10:59.05+00,2026-06,AL,6069,,,,6284,July modulo_suggested_rate; clearing rule_adjusted_rate restores the normal pre-rule fallback,reconciled_to_prior_rule_free_snapshot
92e5c7ff-1aba-4b72-91c1-b8011e29f637,trilogy,2026-07,Leipsic - 409,165/B,VIL,One Bedroom,1139,1207,1171,Decrease 3% - One Bedroom when SL occupancy < 80% +1 more,2026-08-21 01:10:57.66+00,2026-06,VIL,1069,,,,1207,July modulo_suggested_rate; clearing rule_adjusted_rate restores the normal pre-rule fallback,reconciled_to_prior_rule_free_snapshot
935a4fda-1d21-4782-9d7d-3b5ddc89ae98,trilogy,2026-07,Willard - 2424,510/B,AL,Studio,6419,6406,6214,"Decrease 3% - Studio Dlx, Studio when SL occupancy < 80% +2 more",2026-08-21 01:10:53.742+00,2026-06,AL,6259,,,,6406,July modulo_suggested_rate; clearing rule_adjusted_rate restores the normal pre-rule fallback,reconciled_to_prior_rule_free_snapshot
93ac5e88-0048-4218-97cf-2060d9b20c0e,trilogy,2026-07,Harrodsburg - 2187,406/A,AL,Companion,5999,6359,5946,Decrease 6.5% - Companion when RT occupancy < 50% +1 more,2026-08-21 01:11:00.666+00,2026-06,AL,5999,,,,6359,July modulo_suggested_rate; clearing rule_adjusted_rate restores the normal pre-rule fallback,reconciled_to_prior_rule_free_snapshot
93fc09bc-c5a0-40bb-ae07-6d24be26e5d3,trilogy,2026-07,Tiffin - 435,607/A,AL,Studio,6809,7218,7001,"Decrease 3% - Studio Dlx, Studio when SL occupancy < 80% +2 more",2026-08-21 01:10:51.217+00,2026-06,AL,379,,,,7218,July modulo_suggested_rate; clearing rule_adjusted_rate restores the normal pre-rule fallback,reconciled_to_prior_rule_free_snapshot
94877d6f-8e66-48d5-bbf4-f3a002637e57,trilogy,2026-07,Kokomo WK - 5168,06/A,AL,Studio,6119,6486,6291,"Decrease 3% - Studio Dlx, Studio when SL occupancy < 80% +2 more",2026-08-21 01:10:55.676+00,2026-06,AL,5969,,,,6486,July modulo_suggested_rate; clearing rule_adjusted_rate restores the normal pre-rule fallback,reconciled_to_prior_rule_free_snapshot
94d5eb41-387f-47d7-8ce3-66f854e925d2,trilogy,2026-07,Princeton - 117,405/A,AL,Companion,8539,7514,8112,Decrease 6.5% - Companion when RT occupancy < 50% +1 more,2026-08-21 01:11:00.393+00,2026-06,AL,8539,,,,7514,July modulo_suggested_rate; clearing rule_adjusted_rate restores the normal pre-rule fallback,reconciled_to_prior_rule_free_snapshot
94f2b015-984c-40d9-91af-3b25adf2ee37,trilogy,2026-07,Monclova - 2422,7005/B,VIL,One Bedroom,3229,3423,3320,Decrease 3% - One Bedroom when SL occupancy < 80% +1 more,2026-08-21 01:10:53.213+00,2026-06,VIL,3149,,,,3423,July modulo_suggested_rate; clearing rule_adjusted_rate restores the normal pre-rule fallback,reconciled_to_prior_rule_free_snapshot
9523d45f-6086-4771-8021-4ae680f8ee4f,trilogy,2026-07,Jasper - 108,402/A,AL,Studio,6389,6395,6203,"Decrease 3% - Studio Dlx, Studio when SL occupancy < 80% +2 more",2026-08-21 01:10:45.367+00,2026-06,AL,6319,,,,6395,July modulo_suggested_rate; clearing rule_adjusted_rate restores the normal pre-rule fallback,reconciled_to_prior_rule_free_snapshot
95750087-b7e8-4272-8349-e12886230c41,trilogy,2026-07,Crawfordsville - 5167,26/B,AL,Studio,5969,5957,5778,"Decrease 3% - Studio Dlx, Studio when SL occupancy < 80% +2 more",2026-08-21 01:10:55.188+00,2026-06,AL,5819,,,,5957,July modulo_suggested_rate; clearing rule_adjusted_rate restores the normal pre-rule fallback,reconciled_to_prior_rule_free_snapshot
95c4cd99-b8e6-41ce-a2ff-94dc1b1f0109,trilogy,2026-07,Batesville - 120,517/A,AL,Studio,6669,6900,6693,"Decrease 3% - Studio Dlx, Studio when SL occupancy < 80% +2 more",2026-08-21 01:10:54.344+00,2026-06,AL,6499,,,,6900,July modulo_suggested_rate; clearing rule_adjusted_rate restores the normal pre-rule fallback,reconciled_to_prior_rule_free_snapshot
96112bfe-9e80-4095-8edb-d1e42fd66443,trilogy,2026-07,Crawfordsville - 5167,28/B,AL,Studio,5969,5957,5778,"Decrease 3% - Studio Dlx, Studio when SL occupancy < 80% +2 more",2026-08-21 01:10:55.188+00,2026-06,AL,5819,,,,5957,July modulo_suggested_rate; clearing rule_adjusted_rate restores the normal pre-rule fallback,reconciled_to_prior_rule_free_snapshot
96411f3d-1cfc-4970-912b-bbd636240f49,trilogy,2026-07,Monclova - 2422,7015/B,VIL,One Bedroom,3229,3423,3320,Decrease 3% - One Bedroom when SL occupancy < 80% +1 more,2026-08-21 01:10:53.213+00,2026-06,VIL,3149,,,,3423,July modulo_suggested_rate; clearing rule_adjusted_rate restores the normal pre-rule fallback,reconciled_to_prior_rule_free_snapshot
96464cf1-8b28-4486-9002-8904138f7096,trilogy,2026-07,Anderson - 112,2224/A,VIL,One Bedroom,2819,2640,2678,Decrease 3% - One Bedroom when SL occupancy < 80% +1 more,2026-08-21 01:10:46.29+00,2026-06,VIL,2959,,,,2640,July modulo_suggested_rate; clearing rule_adjusted_rate restores the normal pre-rule fallback,reconciled_to_prior_rule_free_snapshot
96499085-ca6e-4305-99f7-a194afafb84b,trilogy,2026-07,Shelbyville - 118,8A/A,VIL,One Bedroom,3289,3276,3178,Decrease 3% - One Bedroom when SL occupancy < 80% +1 more,2026-08-21 01:10:52.984+00,2026-06,VIL,3289,,,,3276,July modulo_suggested_rate; clearing rule_adjusted_rate restores the normal pre-rule fallback,reconciled_to_prior_rule_free_snapshot
9672f065-e109-4d3b-9bd4-c1763e807f34,trilogy,2026-07,Fremont - 403,506/A,AL,Studio,5779,6126,5942,"Decrease 3% - Studio Dlx, Studio when SL occupancy < 80% +2 more",2026-08-21 01:10:56.358+00,2026-06,AL,5499,,,,6126,July modulo_suggested_rate; clearing rule_adjusted_rate restores the normal pre-rule fallback,reconciled_to_prior_rule_free_snapshot
96c538bf-3136-4d59-8cb6-2a560fb94621,trilogy,2026-07,Leipsic - 409,256/B,VIL,One Bedroom,229,243,236,Decrease 3% - One Bedroom when SL occupancy < 80% +1 more,2026-08-21 01:10:57.66+00,2026-06,VIL,209,,,,243,July modulo_suggested_rate; clearing rule_adjusted_rate restores the normal pre-rule fallback,reconciled_to_prior_rule_free_snapshot
96f0a606-1d80-4240-a02b-b214ae2a0558,trilogy,2026-07,Belmont - 519,604/B,AL/MC,Companion,9029,8235,8578,Decrease 6.5% - Companion when RT occupancy < 50% +1 more,2026-08-21 01:10:50.242+00,2026-06,AL/MC,9029,,,,8235,July modulo_suggested_rate; clearing rule_adjusted_rate restores the normal pre-rule fallback,reconciled_to_prior_rule_free_snapshot
9705f73b-1388-4f9d-9fc3-a6bb20d0c69b,trilogy,2026-07,Bardstown - 233,121/B,AL,Studio Dlx,4799,5087,4934,"Decrease 3% - Studio Dlx, Studio when SL occupancy < 80% +2 more",2026-08-21 01:10:41.57+00,2026-06,AL,4799,,,,5087,July modulo_suggested_rate; clearing rule_adjusted_rate restores the normal pre-rule fallback,reconciled_to_prior_rule_free_snapshot
974c4019-c95b-4360-ba3f-9a9c6509084c,trilogy,2026-07,Bardstown - 233,300/B,AL/MC,Studio,6279,6075,5965,"Decrease 3% - Studio Dlx, Studio when SL occupancy < 80% +2 more",2026-08-21 01:10:41.57+00,2026-06,AL/MC,6279,,,,6075,July modulo_suggested_rate; clearing rule_adjusted_rate restores the normal pre-rule fallback,reconciled_to_prior_rule_free_snapshot
97505821-1e74-40cb-b468-c7069d3fed4d,trilogy,2026-07,Tiffin - 435,501/A,AL,Studio,6799,7207,6991,"Decrease 3% - Studio Dlx, Studio when SL occupancy < 80% +2 more",2026-08-21 01:10:51.217+00,2026-06,AL,6629,,,,7207,July modulo_suggested_rate; clearing rule_adjusted_rate restores the normal pre-rule fallback,reconciled_to_prior_rule_free_snapshot
9752acee-aa50-4a9b-a1b7-fb103535fae8,trilogy,2026-07,Vincennes - 131,500/A,AL,Studio,6069,6132,5948,"Decrease 3% - Studio Dlx, Studio when SL occupancy < 80% +2 more",2026-08-21 01:10:59.05+00,2026-06,AL,6069,,,,6132,July modulo_suggested_rate; clearing rule_adjusted_rate restores the normal pre-rule fallback,reconciled_to_prior_rule_free_snapshot
975d5bf6-5ab7-47de-bab4-402afcec2730,trilogy,2026-07,Fremont - 403,505/B,AL,Studio,6349,6730,6528,"Decrease 3% - Studio Dlx, Studio when SL occupancy < 80% +2 more",2026-08-21 01:10:56.358+00,2026-06,AL,6039,,,,6730,July modulo_suggested_rate; clearing rule_adjusted_rate restores the normal pre-rule fallback,reconciled_to_prior_rule_free_snapshot
978f63cf-b5d6-4292-8208-7ce0c9ecda23,trilogy,2026-07,Batesville - 120,516/A,AL,Studio,6669,6900,6693,"Decrease 3% - Studio Dlx, Studio when SL occupancy < 80% +2 more",2026-08-21 01:10:54.344+00,2026-06,AL,6499,,,,6900,July modulo_suggested_rate; clearing rule_adjusted_rate restores the normal pre-rule fallback,reconciled_to_prior_rule_free_snapshot
97995377-09f0-4747-b94d-c6dacacd0063,trilogy,2026-07,Willard - 2424,522/A,AL,Studio,6419,6406,6214,"Decrease 3% - Studio Dlx, Studio when SL occupancy < 80% +2 more",2026-08-21 01:10:53.742+00,2026-06,AL,6259,,,,6406,July modulo_suggested_rate; clearing rule_adjusted_rate restores the normal pre-rule fallback,reconciled_to_prior_rule_free_snapshot
97e83717-e88e-438a-8794-47a2cbfd7eb3,trilogy,2026-07,Richmond FP - 123,502/B,AL,Companion,5539,5768,5393,Decrease 6.5% - Companion when RT occupancy < 50% +1 more,2026-08-21 01:10:52.024+00,2026-06,AL,5539,,,,5768,July modulo_suggested_rate; clearing rule_adjusted_rate restores the normal pre-rule fallback,reconciled_to_prior_rule_free_snapshot
9812a002-00c8-4c0b-b8c6-35f33959b645,trilogy,2026-07,Romeo - 2512,501/A,AL,Studio,7749,8214,7968,"Decrease 3% - Studio Dlx, Studio when SL occupancy < 80% +2 more",2026-08-21 01:10:50.917+00,2026-06,AL,7749,,,,8214,July modulo_suggested_rate; clearing rule_adjusted_rate restores the normal pre-rule fallback,reconciled_to_prior_rule_free_snapshot
982ac583-9c1a-4fa7-a135-18fda7ac6cfb,trilogy,2026-07,Boonville - 110,505/B,AL,Studio,6409,6794,6590,"Decrease 3% - Studio Dlx, Studio when SL occupancy < 80% +2 more",2026-08-21 01:10:56.638+00,2026-06,AL,6409,,,,6794,July modulo_suggested_rate; clearing rule_adjusted_rate restores the normal pre-rule fallback,reconciled_to_prior_rule_free_snapshot
9888e011-0fcb-4bf3-b179-aaaea9671083,trilogy,2026-07,Bardstown - 233,109/B,AL,Studio Dlx,4949,5246,5089,"Decrease 3% - Studio Dlx, Studio when SL occupancy < 80% +2 more",2026-08-21 01:10:41.57+00,2026-06,AL,4949,,,,5246,July modulo_suggested_rate; clearing rule_adjusted_rate restores the normal pre-rule fallback,reconciled_to_prior_rule_free_snapshot
98ac4de2-1ab1-416a-b3c2-e7b35e0fad51,trilogy,2026-07,Sylvania - 2427,7353/A,VIL,One Bedroom,3299,3090,3134,Decrease 3% - One Bedroom when SL occupancy < 80% +1 more,2026-08-21 01:10:45.367+00,2026-06,VIL,3299,,,,3090,July modulo_suggested_rate; clearing rule_adjusted_rate restores the normal pre-rule fallback,reconciled_to_prior_rule_free_snapshot
98cfa865-e179-4701-ad09-60934f985973,trilogy,2026-07,Leipsic - 409,260/A,VIL,One Bedroom,1139,1207,1171,Decrease 3% - One Bedroom when SL occupancy < 80% +1 more,2026-08-21 01:10:57.66+00,2026-06,VIL,1069,,,,1207,July modulo_suggested_rate; clearing rule_adjusted_rate restores the normal pre-rule fallback,reconciled_to_prior_rule_free_snapshot
9947f9b3-a681-4f6e-a0ce-6e2536901dfb,trilogy,2026-07,Monclova - 2422,4536/A,VIL,One Bedroom,3229,3423,3320,Decrease 3% - One Bedroom when SL occupancy < 80% +1 more,2026-08-21 01:10:53.213+00,2026-06,VIL,3149,,,,3423,July modulo_suggested_rate; clearing rule_adjusted_rate restores the normal pre-rule fallback,reconciled_to_prior_rule_free_snapshot
998a9c22-5ce5-47ee-9aaf-3a1478e357cf,trilogy,2026-07,Louisville ES - 210,LB305/B,AL/MC,Studio,8809,9338,9058,"Decrease 3% - Studio Dlx, Studio when SL occupancy < 80% +2 more",2026-08-21 01:10:50.917+00,2026-06,AL/MC,8589,,,,9338,July modulo_suggested_rate; clearing rule_adjusted_rate restores the normal pre-rule fallback,reconciled_to_prior_rule_free_snapshot
99fe2364-fa68-44b8-82b0-fcc6c6a3167f,trilogy,2026-07,Corydon - 2180,402/A,AL/MC,Studio,7499,7122,7124,"Decrease 3% - Studio Dlx, Studio when SL occupancy < 80% +2 more",2026-08-21 01:10:55.188+00,2026-06,AL/MC,7499,,,,7122,July modulo_suggested_rate; clearing rule_adjusted_rate restores the normal pre-rule fallback,reconciled_to_prior_rule_free_snapshot
9a06c3df-33ab-4195-bf3c-a236c99b2bce,trilogy,2026-07,Louisville ES - 210,LB228/B,AL/MC,Studio,8989,9528,9242,"Decrease 3% - Studio Dlx, Studio when SL occupancy < 80% +2 more",2026-08-21 01:10:50.917+00,2026-06,AL/MC,8769,,,,9528,July modulo_suggested_rate; clearing rule_adjusted_rate restores the normal pre-rule fallback,reconciled_to_prior_rule_free_snapshot
9a11d6d2-f005-40ef-8175-0c292ec7df9d,trilogy,2026-07,Ottawa MO - 430,324/A,VIL,One Bedroom,2699,2507,2564,Decrease 3% - One Bedroom when SL occupancy < 80% +1 more,2026-08-21 01:10:52.984+00,2026-06,VIL,2699,,,,2507,July modulo_suggested_rate; clearing rule_adjusted_rate restores the normal pre-rule fallback,reconciled_to_prior_rule_free_snapshot
9a37fd5d-542a-4620-a056-7006ee9b1e7a,trilogy,2026-07,Crawfordsville - 5167,06/A,AL,Studio,5969,5957,5778,"Decrease 3% - Studio Dlx, Studio when SL occupancy < 80% +2 more",2026-08-21 01:10:55.188+00,2026-06,AL,5819,,,,5957,July modulo_suggested_rate; clearing rule_adjusted_rate restores the normal pre-rule fallback,reconciled_to_prior_rule_free_snapshot
9a3892e5-c6c2-436f-968e-335c9dc1d5be,trilogy,2026-07,Shelbyville - 118,5A/B,VIL,One Bedroom,3289,3276,3178,Decrease 3% - One Bedroom when SL occupancy < 80% +1 more,2026-08-21 01:10:52.984+00,2026-06,VIL,3289,,,,3276,July modulo_suggested_rate; clearing rule_adjusted_rate restores the normal pre-rule fallback,reconciled_to_prior_rule_free_snapshot
9a693b33-f975-4a03-8f37-3426219f3396,trilogy,2026-07,Sylvania - 2427,7368/B,VIL,One Bedroom,3299,3090,3134,Decrease 3% - One Bedroom when SL occupancy < 80% +1 more,2026-08-21 01:10:45.367+00,2026-06,VIL,3299,,,,3090,July modulo_suggested_rate; clearing rule_adjusted_rate restores the normal pre-rule fallback,reconciled_to_prior_rule_free_snapshot
9a7eab94-6365-4341-8bd5-6f812f60cd97,trilogy,2026-07,Louisville ES - 210,LB225/A,AL/MC,Studio,8809,9338,9058,"Decrease 3% - Studio Dlx, Studio when SL occupancy < 80% +2 more",2026-08-21 01:10:50.917+00,2026-06,AL/MC,8589,,,,9338,July modulo_suggested_rate; clearing rule_adjusted_rate restores the normal pre-rule fallback,reconciled_to_prior_rule_free_snapshot
9a944024-f8dd-4c37-a748-5552ea60a763,trilogy,2026-07,Leipsic - 409,458/B,VIL,One Bedroom,1469,1557,1510,Decrease 3% - One Bedroom when SL occupancy < 80% +1 more,2026-08-21 01:10:57.66+00,2026-06,VIL,1359,,,,1557,July modulo_suggested_rate; clearing rule_adjusted_rate restores the normal pre-rule fallback,reconciled_to_prior_rule_free_snapshot
9a9d23dc-d524-4961-81c5-e03d1b0a163c,trilogy,2026-07,West Lafayette - 2135,340/B,AL,Companion,4409,4414,4189,Decrease 6.5% - Companion when RT occupancy < 50% +1 more,2026-08-21 01:10:48.199+00,2026-06,AL,4409,,,,4414,July modulo_suggested_rate; clearing rule_adjusted_rate restores the normal pre-rule fallback,reconciled_to_prior_rule_free_snapshot
9abdb6e0-bbdc-45be-8e48-cb9db6bc8950,trilogy,2026-07,Greenfield - 125,2253/A,VIL,One Bedroom,3499,3293,3324,Decrease 3% - One Bedroom when SL occupancy < 80% +1 more,2026-08-21 01:10:50.609+00,2026-06,VIL,3499,,,,3293,July modulo_suggested_rate; clearing rule_adjusted_rate restores the normal pre-rule fallback,reconciled_to_prior_rule_free_snapshot
9acbce86-4755-492b-be46-7cac95e18178,trilogy,2026-07,Bellevue - 414,501/A,AL,Studio,7039,7024,6813,"Decrease 3% - Studio Dlx, Studio when SL occupancy < 80% +2 more",2026-08-21 01:10:58.191+00,2026-06,AL,6859,,,,7024,July modulo_suggested_rate; clearing rule_adjusted_rate restores the normal pre-rule fallback,reconciled_to_prior_rule_free_snapshot
9b08ea96-ba93-4bf8-8edf-34313b220183,trilogy,2026-07,Vincennes - 131,515/A,AL,Studio,6069,6284,6095,"Decrease 3% - Studio Dlx, Studio when SL occupancy < 80% +2 more",2026-08-21 01:10:59.05+00,2026-06,AL,229,,,,6284,July modulo_suggested_rate; clearing rule_adjusted_rate restores the normal pre-rule fallback,reconciled_to_prior_rule_free_snapshot
9b27eefc-d74b-4629-a988-338e8cfaf4b4,trilogy,2026-07,Monclova - 2422,604/B,AL/MC,Companion,7669,6749,7286,Decrease 6.5% - Companion when RT occupancy < 50% +1 more,2026-08-21 01:10:53.213+00,2026-06,AL/MC,7859,,,,6749,July modulo_suggested_rate; clearing rule_adjusted_rate restores the normal pre-rule fallback,reconciled_to_prior_rule_free_snapshot
9b4d85cf-76ab-4548-8008-6f62b88274c4,trilogy,2026-07,Scottsburg - 121,510/A,AL,Studio Dlx,7579,6939,7200,"Decrease 3% - Studio Dlx, Studio when SL occupancy < 80% +2 more",2026-08-21 01:10:45.367+00,2026-06,AL,7579,,,,6939,July modulo_suggested_rate; clearing rule_adjusted_rate restores the normal pre-rule fallback,reconciled_to_prior_rule_free_snapshot
9b675885-0f9e-4534-89c7-c476361eb7be,trilogy,2026-07,Louisville ES - 210,LB119/B,AL/MC,Studio,8809,9338,9058,"Decrease 3% - Studio Dlx, Studio when SL occupancy < 80% +2 more",2026-08-21 01:10:50.917+00,2026-06,AL/MC,8589,,,,9338,July modulo_suggested_rate; clearing rule_adjusted_rate restores the normal pre-rule fallback,reconciled_to_prior_rule_free_snapshot
9b784cbd-c009-4d1d-98c0-cb60bce2c261,trilogy,2026-07,Anderson - 112,2214/B,VIL,One Bedroom,2819,2640,2678,Decrease 3% - One Bedroom when SL occupancy < 80% +1 more,2026-08-21 01:10:46.29+00,2026-06,VIL,2959,,,,2640,July modulo_suggested_rate; clearing rule_adjusted_rate restores the normal pre-rule fallback,reconciled_to_prior_rule_free_snapshot
9b7e379b-f066-4a84-b78f-aede52eeaaed,trilogy,2026-07,Bardstown - 233,124/A,AL,Studio Dlx,4509,4780,4637,"Decrease 3% - Studio Dlx, Studio when SL occupancy < 80% +2 more",2026-08-21 01:10:41.57+00,2026-06,AL,4509,,,,4780,July modulo_suggested_rate; clearing rule_adjusted_rate restores the normal pre-rule fallback,reconciled_to_prior_rule_free_snapshot
9ba3c169-723f-4436-a8ce-3bd3e8231d28,trilogy,2026-07,Princeton - 117,513/B,AL,Companion,8539,7514,8112,Decrease 6.5% - Companion when RT occupancy < 50% +1 more,2026-08-21 01:11:00.393+00,2026-06,AL,8539,,,,7514,July modulo_suggested_rate; clearing rule_adjusted_rate restores the normal pre-rule fallback,reconciled_to_prior_rule_free_snapshot
9bdadc69-df61-4090-83d1-63a9b87d4b2e,trilogy,2026-07,Louisville ES - 210,LB122/B,AL/MC,Studio,8989,9528,9242,"Decrease 3% - Studio Dlx, Studio when SL occupancy < 80% +2 more",2026-08-21 01:10:50.917+00,2026-06,AL/MC,8769,,,,9528,July modulo_suggested_rate; clearing rule_adjusted_rate restores the normal pre-rule fallback,reconciled_to_prior_rule_free_snapshot
9bf99d85-22cf-4c2e-95d4-9b6955b12842,trilogy,2026-07,Romeo - 2512,514/A,AL,Studio,7749,8214,7968,"Decrease 3% - Studio Dlx, Studio when SL occupancy < 80% +2 more",2026-08-21 01:10:50.917+00,2026-06,AL,7749,,,,8214,July modulo_suggested_rate; clearing rule_adjusted_rate restores the normal pre-rule fallback,reconciled_to_prior_rule_free_snapshot
9c384f9b-8399-4856-80eb-7434901951be,trilogy,2026-07,Shelbyville - 118,7B/A,VIL,One Bedroom,3289,3276,3178,Decrease 3% - One Bedroom when SL occupancy < 80% +1 more,2026-08-21 01:10:52.984+00,2026-06,VIL,3289,,,,3276,July modulo_suggested_rate; clearing rule_adjusted_rate restores the normal pre-rule fallback,reconciled_to_prior_rule_free_snapshot
9d3e7ef7-216d-4318-88f8-ecce37008a31,trilogy,2026-07,Shelbyville - 118,8A/B,VIL,One Bedroom,3289,3276,3178,Decrease 3% - One Bedroom when SL occupancy < 80% +1 more,2026-08-21 01:10:52.984+00,2026-06,VIL,3289,,,,3276,July modulo_suggested_rate; clearing rule_adjusted_rate restores the normal pre-rule fallback,reconciled_to_prior_rule_free_snapshot
9d75df66-8e18-451e-9c03-d28db683c085,trilogy,2026-07,Crawfordsville - 5167,17/A,AL,Studio,5969,5957,5778,"Decrease 3% - Studio Dlx, Studio when SL occupancy < 80% +2 more",2026-08-21 01:10:55.188+00,2026-06,AL,5819,,,,5957,July modulo_suggested_rate; clearing rule_adjusted_rate restores the normal pre-rule fallback,reconciled_to_prior_rule_free_snapshot
9d95e17b-31fc-48b7-ae22-4275398481ef,trilogy,2026-07,La Grange - 177,605/B,AL/MC,Companion,8309,7907,7894,Decrease 6.5% - Companion when RT occupancy < 50% +1 more,2026-08-21 01:10:52.31+00,2026-06,AL/MC,8309,,,,7907,July modulo_suggested_rate; clearing rule_adjusted_rate restores the normal pre-rule fallback,reconciled_to_prior_rule_free_snapshot
9de5c9d7-030a-4006-a1fd-dce2a966105a,trilogy,2026-07,Washington - 305,509/A,AL,Companion,6209,6582,6154,Decrease 6.5% - Companion when RT occupancy < 50% +1 more,2026-08-21 01:10:58.191+00,2026-06,AL,6209,,,,6582,July modulo_suggested_rate; clearing rule_adjusted_rate restores the normal pre-rule fallback,reconciled_to_prior_rule_free_snapshot
9e80c22e-a5af-4ac8-92f1-51ae5a8a03cd,trilogy,2026-07,Bardstown - 233,137/B,AL,Studio Dlx,4659,4939,4791,"Decrease 3% - Studio Dlx, Studio when SL occupancy < 80% +2 more",2026-08-21 01:10:41.57+00,2026-06,AL,4659,,,,4939,July modulo_suggested_rate; clearing rule_adjusted_rate restores the normal pre-rule fallback,reconciled_to_prior_rule_free_snapshot
9eaa8992-aa29-42df-9556-79a75cdd1b8a,trilogy,2026-07,Greenfield - 125,705/A,AL/MC,Companion,8109,7470,7704,Decrease 6.5% - Companion when RT occupancy < 50% +1 more,2026-08-21 01:10:50.609+00,2026-06,AL/MC,8109,,,,7470,July modulo_suggested_rate; clearing rule_adjusted_rate restores the normal pre-rule fallback,reconciled_to_prior_rule_free_snapshot
9ecb4e27-a3cc-4a64-87a8-4f5440f58b5b,trilogy,2026-07,Louisville ES - 210,LB323/B,AL/MC,Studio,8809,9338,9058,"Decrease 3% - Studio Dlx, Studio when SL occupancy < 80% +2 more",2026-08-21 01:10:50.917+00,2026-06,AL/MC,8589,,,,9338,July modulo_suggested_rate; clearing rule_adjusted_rate restores the normal pre-rule fallback,reconciled_to_prior_rule_free_snapshot
9f62d0b1-85ce-41b5-8bb1-b0e69671e8bf,trilogy,2026-07,Batesville - 120,519/A,AL,Studio,6669,6900,6693,"Decrease 3% - Studio Dlx, Studio when SL occupancy < 80% +2 more",2026-08-21 01:10:54.344+00,2026-06,AL,6499,,,,6900,July modulo_suggested_rate; clearing rule_adjusted_rate restores the normal pre-rule fallback,reconciled_to_prior_rule_free_snapshot
9fb81929-7872-423c-a2ae-5c3c50f9724d,trilogy,2026-07,Shelbyville - 118,2B/B,VIL,One Bedroom,3289,3276,3178,Decrease 3% - One Bedroom when SL occupancy < 80% +1 more,2026-08-21 01:10:52.984+00,2026-06,VIL,3289,,,,3276,July modulo_suggested_rate; clearing rule_adjusted_rate restores the normal pre-rule fallback,reconciled_to_prior_rule_free_snapshot
9fd471ad-1b95-4c34-81cb-55e1a49cf324,trilogy,2026-07,Batesville - 120,520/A,AL,Studio,6669,6900,6693,"Decrease 3% - Studio Dlx, Studio when SL occupancy < 80% +2 more",2026-08-21 01:10:54.344+00,2026-06,AL,6499,,,,6900,July modulo_suggested_rate; clearing rule_adjusted_rate restores the normal pre-rule fallback,reconciled_to_prior_rule_free_snapshot
a00e0b54-a3e8-46be-9a82-47e475da007a,trilogy,2026-07,Anderson - 112,2220/B,VIL,One Bedroom,2819,2640,2678,Decrease 3% - One Bedroom when SL occupancy < 80% +1 more,2026-08-21 01:10:46.29+00,2026-06,VIL,2959,,,,2640,July modulo_suggested_rate; clearing rule_adjusted_rate restores the normal pre-rule fallback,reconciled_to_prior_rule_free_snapshot
a01e1535-7d31-462a-91ee-2aec77eda0af,trilogy,2026-07,Louisville ES - 210,LB303/B,AL/MC,Studio,8809,9338,9058,"Decrease 3% - Studio Dlx, Studio when SL occupancy < 80% +2 more",2026-08-21 01:10:50.917+00,2026-06,AL/MC,8589,,,,9338,July modulo_suggested_rate; clearing rule_adjusted_rate restores the normal pre-rule fallback,reconciled_to_prior_rule_free_snapshot
a0397f01-017f-4577-9631-9a0e157b55ae,trilogy,2026-07,Scottsburg - 121,521/A,AL,Studio,5499,5495,5330,"Decrease 3% - Studio Dlx, Studio when SL occupancy < 80% +2 more",2026-08-21 01:10:45.367+00,2026-06,AL,5499,,,,5495,July modulo_suggested_rate; clearing rule_adjusted_rate restores the normal pre-rule fallback,reconciled_to_prior_rule_free_snapshot
a071f31e-2b29-4021-8f73-61070fdfca69,trilogy,2026-07,Louisville ES - 210,LB203/A,AL/MC,Studio,8809,9338,9058,"Decrease 3% - Studio Dlx, Studio when SL occupancy < 80% +2 more",2026-08-21 01:10:50.917+00,2026-06,AL/MC,8589,,,,9338,July modulo_suggested_rate; clearing rule_adjusted_rate restores the normal pre-rule fallback,reconciled_to_prior_rule_free_snapshot
a0a656cf-d076-44ed-8691-57caec50c061,trilogy,2026-07,Louisville ES - 210,LB104/A,AL/MC,Studio,8989,9528,9242,"Decrease 3% - Studio Dlx, Studio when SL occupancy < 80% +2 more",2026-08-21 01:10:50.917+00,2026-06,AL/MC,8769,,,,9528,July modulo_suggested_rate; clearing rule_adjusted_rate restores the normal pre-rule fallback,reconciled_to_prior_rule_free_snapshot
a0bb51fd-cdbc-4367-8d56-c7012e6fcee0,trilogy,2026-07,Washington - 305,511/B,AL,Companion,6209,6488,6066,Decrease 6.5% - Companion when RT occupancy < 50% +1 more,2026-08-21 01:10:58.191+00,2026-06,AL,6209,,,,6488,July modulo_suggested_rate; clearing rule_adjusted_rate restores the normal pre-rule fallback,reconciled_to_prior_rule_free_snapshot
a1d4924a-5ca9-4857-9ec3-27c18ecddbc7,trilogy,2026-07,Bardstown - 233,121/A,AL,Studio Dlx,4799,5087,4934,"Decrease 3% - Studio Dlx, Studio when SL occupancy < 80% +2 more",2026-08-21 01:10:41.57+00,2026-06,AL,4799,,,,5087,July modulo_suggested_rate; clearing rule_adjusted_rate restores the normal pre-rule fallback,reconciled_to_prior_rule_free_snapshot
a2290c00-a2e9-4e74-87ac-f25a3481ac8c,trilogy,2026-07,Jasper - 108,501/A,AL,Studio,6389,6395,6203,"Decrease 3% - Studio Dlx, Studio when SL occupancy < 80% +2 more",2026-08-21 01:10:41.57+00,2026-06,AL,6319,,,,6395,July modulo_suggested_rate; clearing rule_adjusted_rate restores the normal pre-rule fallback,reconciled_to_prior_rule_free_snapshot
a2444995-6a48-4157-ae4e-c9c86674f7b7,trilogy,2026-07,Corydon - 2180,517/A,AL,Studio,6459,6446,6253,"Decrease 3% - Studio Dlx, Studio when SL occupancy < 80% +2 more",2026-08-21 01:10:55.188+00,2026-06,AL,6389,,,,6446,July modulo_suggested_rate; clearing rule_adjusted_rate restores the normal pre-rule fallback,reconciled_to_prior_rule_free_snapshot
a27b2426-aecc-4001-9435-86405867bb2f,trilogy,2026-07,Vincennes - 131,521/A,AL,Studio,6069,6284,6095,"Decrease 3% - Studio Dlx, Studio when SL occupancy < 80% +2 more",2026-08-21 01:10:59.05+00,2026-06,AL,6069,,,,6284,July modulo_suggested_rate; clearing rule_adjusted_rate restores the normal pre-rule fallback,reconciled_to_prior_rule_free_snapshot
a2a35094-fc7c-48b9-8804-6a8f09e907e1,trilogy,2026-07,Richmond FP - 123,512/B,AL,Companion,6579,6624,6250,Decrease 6.5% - Companion when RT occupancy < 50% +1 more,2026-08-21 01:10:52.024+00,2026-06,AL,6509,,,,6624,July modulo_suggested_rate; clearing rule_adjusted_rate restores the normal pre-rule fallback,reconciled_to_prior_rule_free_snapshot
a2a7c197-19fe-4c84-b219-cd92e2e67634,trilogy,2026-07,Greenfield - 125,2257/A,VIL,One Bedroom,3499,3293,3324,Decrease 3% - One Bedroom when SL occupancy < 80% +1 more,2026-08-21 01:10:50.609+00,2026-06,VIL,3499,,,,3293,July modulo_suggested_rate; clearing rule_adjusted_rate restores the normal pre-rule fallback,reconciled_to_prior_rule_free_snapshot
a2b828e7-f000-4c22-8163-53537916669a,trilogy,2026-07,Louisville ES - 210,LB119/A,AL/MC,Studio,8809,9338,9058,"Decrease 3% - Studio Dlx, Studio when SL occupancy < 80% +2 more",2026-08-21 01:10:50.917+00,2026-06,AL/MC,8589,,,,9338,July modulo_suggested_rate; clearing rule_adjusted_rate restores the normal pre-rule fallback,reconciled_to_prior_rule_free_snapshot
a2e89659-a8c6-4c9a-9cdb-8ac42cd71f8c,trilogy,2026-07,Monclova - 2422,604/A,AL/MC,Companion,7669,6872,7286,Decrease 6.5% - Companion when RT occupancy < 50% +1 more,2026-08-21 01:10:53.213+00,2026-06,AL/MC,7859,,,,6872,July modulo_suggested_rate; clearing rule_adjusted_rate restores the normal pre-rule fallback,reconciled_to_prior_rule_free_snapshot
a2ee4ad7-b4c2-4a24-bf80-b2f751b772aa,trilogy,2026-07,Bardstown - 233,209/A,AL/MC,Studio,6099,5901,5794,"Decrease 3% - Studio Dlx, Studio when SL occupancy < 80% +2 more",2026-08-21 01:10:41.57+00,2026-06,AL/MC,6099,,,,5901,July modulo_suggested_rate; clearing rule_adjusted_rate restores the normal pre-rule fallback,reconciled_to_prior_rule_free_snapshot
a344c88a-0f4a-4885-8bf7-e24bc8d54eaa,trilogy,2026-07,Fremont - 403,514/A,AL,Studio,6349,6730,6528,"Decrease 3% - Studio Dlx, Studio when SL occupancy < 80% +2 more",2026-08-21 01:10:56.358+00,2026-06,AL,6039,,,,6730,July modulo_suggested_rate; clearing rule_adjusted_rate restores the normal pre-rule fallback,reconciled_to_prior_rule_free_snapshot
a35333a2-116a-4b3a-85c3-db992dad83c1,trilogy,2026-07,Fremont - 403,507/B,AL,Studio,6349,6730,6528,"Decrease 3% - Studio Dlx, Studio when SL occupancy < 80% +2 more",2026-08-21 01:10:56.358+00,2026-06,AL,6039,,,,6730,July modulo_suggested_rate; clearing rule_adjusted_rate restores the normal pre-rule fallback,reconciled_to_prior_rule_free_snapshot
a3700819-b585-4cdb-8a33-cec374c38045,trilogy,2026-07,Tiffin - 435,512/A,AL,Studio,6799,7207,6991,"Decrease 3% - Studio Dlx, Studio when SL occupancy < 80% +2 more",2026-08-21 01:10:51.217+00,2026-06,AL,6629,,,,7207,July modulo_suggested_rate; clearing rule_adjusted_rate restores the normal pre-rule fallback,reconciled_to_prior_rule_free_snapshot
a37ad289-6688-4696-87b0-8d3755469cb4,trilogy,2026-07,Louisville ES - 210,LB307/A,AL/MC,Studio,8809,9338,9058,"Decrease 3% - Studio Dlx, Studio when SL occupancy < 80% +2 more",2026-08-21 01:10:50.917+00,2026-06,AL/MC,8589,,,,9338,July modulo_suggested_rate; clearing rule_adjusted_rate restores the normal pre-rule fallback,reconciled_to_prior_rule_free_snapshot
a39a275f-abb6-48b8-b65a-ce3cd61f006c,trilogy,2026-07,Batesville - 120,501/B,AL,Studio,6669,6900,6693,"Decrease 3% - Studio Dlx, Studio when SL occupancy < 80% +2 more",2026-08-21 01:10:54.344+00,2026-06,AL,6499,,,,6900,July modulo_suggested_rate; clearing rule_adjusted_rate restores the normal pre-rule fallback,reconciled_to_prior_rule_free_snapshot
a3ae7a33-7331-4145-99e5-9cc5b8390e41,trilogy,2026-07,Greenfield - 125,531/A,VIL,One Bedroom,3299,3105,3134,Decrease 3% - One Bedroom when SL occupancy < 80% +1 more,2026-08-21 01:10:50.609+00,2026-06,VIL,3299,,,,3105,July modulo_suggested_rate; clearing rule_adjusted_rate restores the normal pre-rule fallback,reconciled_to_prior_rule_free_snapshot
a42c50a9-f736-4d4f-947d-c053c4fbf787,trilogy,2026-07,Louisville ES - 210,LB121/B,AL/MC,Studio,8809,9338,9058,"Decrease 3% - Studio Dlx, Studio when SL occupancy < 80% +2 more",2026-08-21 01:10:50.917+00,2026-06,AL/MC,8589,,,,9338,July modulo_suggested_rate; clearing rule_adjusted_rate restores the normal pre-rule fallback,reconciled_to_prior_rule_free_snapshot
a4553d67-cd54-40a5-a88a-ca08ed1c93fc,trilogy,2026-07,Leipsic - 409,256/A,VIL,One Bedroom,1469,1557,1510,Decrease 3% - One Bedroom when SL occupancy < 80% +1 more,2026-08-21 01:10:57.66+00,2026-06,VIL,1359,,,,1557,July modulo_suggested_rate; clearing rule_adjusted_rate restores the normal pre-rule fallback,reconciled_to_prior_rule_free_snapshot
a4947b8f-8a73-40c5-9465-9eac5f3fa866,trilogy,2026-07,Batesville - 120,508/B,AL,Studio,6669,6900,6693,"Decrease 3% - Studio Dlx, Studio when SL occupancy < 80% +2 more",2026-08-21 01:10:54.344+00,2026-06,AL,6499,,,,6900,July modulo_suggested_rate; clearing rule_adjusted_rate restores the normal pre-rule fallback,reconciled_to_prior_rule_free_snapshot
a4a2eb53-80fc-43e4-9997-85cb465fd47a,trilogy,2026-07,Anderson - 112,2131/A,VIL,One Bedroom,2819,2640,2678,Decrease 3% - One Bedroom when SL occupancy < 80% +1 more,2026-08-21 01:10:46.29+00,2026-06,VIL,2959,,,,2640,July modulo_suggested_rate; clearing rule_adjusted_rate restores the normal pre-rule fallback,reconciled_to_prior_rule_free_snapshot
a4bc04bb-182b-48ee-8af5-f3ce5d510bff,trilogy,2026-07,Tell City - 103,510/B,AL,Companion,7429,7075,7058,Decrease 6.5% - Companion when RT occupancy < 50% +1 more,2026-08-21 01:10:56.638+00,2026-06,AL,7429,,,,7075,July modulo_suggested_rate; clearing rule_adjusted_rate restores the normal pre-rule fallback,reconciled_to_prior_rule_free_snapshot
a4e8db42-7cff-4a96-9610-1ec81bd065b6,trilogy,2026-07,Greenfield - 125,2263/B,VIL,One Bedroom,3499,3293,3324,Decrease 3% - One Bedroom when SL occupancy < 80% +1 more,2026-08-21 01:10:50.609+00,2026-06,VIL,3499,,,,3293,July modulo_suggested_rate; clearing rule_adjusted_rate restores the normal pre-rule fallback,reconciled_to_prior_rule_free_snapshot
a4ec0ee8-bd0d-47dc-b514-b6c6001ad151,trilogy,2026-07,Sylvania - 2427,5370/A,VIL,One Bedroom,3299,3090,3134,Decrease 3% - One Bedroom when SL occupancy < 80% +1 more,2026-08-21 01:10:45.367+00,2026-06,VIL,129,,,,3090,July modulo_suggested_rate; clearing rule_adjusted_rate restores the normal pre-rule fallback,reconciled_to_prior_rule_free_snapshot
a4fc2fea-8bdf-4a40-a586-46d42caf073b,trilogy,2026-07,Willard - 2424,504/B,AL,Studio,6419,6406,6214,"Decrease 3% - Studio Dlx, Studio when SL occupancy < 80% +2 more",2026-08-21 01:10:53.742+00,2026-06,AL,6259,,,,6406,July modulo_suggested_rate; clearing rule_adjusted_rate restores the normal pre-rule fallback,reconciled_to_prior_rule_free_snapshot
a56be9fc-74b3-4737-98ed-2734eadda0bf,trilogy,2026-07,Lapeer - 2506,513/A,AL,Companion,7649,8108,7581,Decrease 6.5% - Companion when RT occupancy < 50% +1 more,2026-08-21 01:10:52.984+00,2026-06,AL,7459,,,,8108,July modulo_suggested_rate; clearing rule_adjusted_rate restores the normal pre-rule fallback,reconciled_to_prior_rule_free_snapshot
a5ba1c23-0f7f-40ab-9312-20a50fa1c452,trilogy,2026-07,Tiffin - 435,502/B,AL,Studio,6799,7207,6991,"Decrease 3% - Studio Dlx, Studio when SL occupancy < 80% +2 more",2026-08-21 01:10:51.217+00,2026-06,AL,6629,,,,7207,July modulo_suggested_rate; clearing rule_adjusted_rate restores the normal pre-rule fallback,reconciled_to_prior_rule_free_snapshot
a61c87fa-5ab5-4666-8772-80d996b7fc4b,trilogy,2026-07,Bardstown - 233,203/B,AL/MC,Studio,6349,6143,6032,"Decrease 3% - Studio Dlx, Studio when SL occupancy < 80% +2 more",2026-08-21 01:10:41.57+00,2026-06,AL/MC,6349,,,,6143,July modulo_suggested_rate; clearing rule_adjusted_rate restores the normal pre-rule fallback,reconciled_to_prior_rule_free_snapshot
a63c7972-5de3-424f-8a5d-97c17a7b371a,trilogy,2026-07,Monclova - 2422,705/A,AL/MC,Companion,7669,6872,7286,Decrease 6.5% - Companion when RT occupancy < 50% +1 more,2026-08-21 01:10:53.213+00,2026-06,AL/MC,7859,,,,6872,July modulo_suggested_rate; clearing rule_adjusted_rate restores the normal pre-rule fallback,reconciled_to_prior_rule_free_snapshot
a6422414-2af3-44fe-a536-f66411f65eef,trilogy,2026-07,Anderson - 112,1728/B,VIL,One Bedroom,2819,2640,2678,Decrease 3% - One Bedroom when SL occupancy < 80% +1 more,2026-08-21 01:10:46.29+00,2026-06,VIL,2959,,,,2640,July modulo_suggested_rate; clearing rule_adjusted_rate restores the normal pre-rule fallback,reconciled_to_prior_rule_free_snapshot
a6439d65-471f-4afe-a90f-80b363b964b5,trilogy,2026-07,Sylvania - 2427,7330/B,VIL,One Bedroom,3299,3090,3134,Decrease 3% - One Bedroom when SL occupancy < 80% +1 more,2026-08-21 01:10:45.367+00,2026-06,VIL,3299,,,,3090,July modulo_suggested_rate; clearing rule_adjusted_rate restores the normal pre-rule fallback,reconciled_to_prior_rule_free_snapshot
a6730f09-8179-4881-b084-7be6a26f1b60,trilogy,2026-07,Shelbyville - 118,6A/A,VIL,One Bedroom,3289,3276,3178,Decrease 3% - One Bedroom when SL occupancy < 80% +1 more,2026-08-21 01:10:52.984+00,2026-06,VIL,3289,,,,3276,July modulo_suggested_rate; clearing rule_adjusted_rate restores the normal pre-rule fallback,reconciled_to_prior_rule_free_snapshot
a6b65523-174c-42b1-bcde-76fb52670ef3,trilogy,2026-07,Princeton - 117,511/A,AL,Companion,8539,7514,8112,Decrease 6.5% - Companion when RT occupancy < 50% +1 more,2026-08-21 01:11:00.393+00,2026-06,AL,8539,,,,7514,July modulo_suggested_rate; clearing rule_adjusted_rate restores the normal pre-rule fallback,reconciled_to_prior_rule_free_snapshot
a7350bda-5196-4565-b38a-77b7276ea141,trilogy,2026-07,Louisville ES - 210,LB127/A,AL/MC,Studio,8809,9338,9058,"Decrease 3% - Studio Dlx, Studio when SL occupancy < 80% +2 more",2026-08-21 01:10:50.917+00,2026-06,AL/MC,8589,,,,9338,July modulo_suggested_rate; clearing rule_adjusted_rate restores the normal pre-rule fallback,reconciled_to_prior_rule_free_snapshot
a7ff6e89-6461-42fc-98be-2b99705b0f03,trilogy,2026-07,Lapeer - 2506,512/A,AL,Companion,7649,8108,7581,Decrease 6.5% - Companion when RT occupancy < 50% +1 more,2026-08-21 01:10:52.984+00,2026-06,AL,7459,,,,8108,July modulo_suggested_rate; clearing rule_adjusted_rate restores the normal pre-rule fallback,reconciled_to_prior_rule_free_snapshot
a8714fa9-6f1c-4e45-a35a-776f967296bd,trilogy,2026-07,Louisville ES - 210,LB113/B,AL/MC,Studio,8809,9338,9058,"Decrease 3% - Studio Dlx, Studio when SL occupancy < 80% +2 more",2026-08-21 01:10:50.917+00,2026-06,AL/MC,8589,,,,9338,July modulo_suggested_rate; clearing rule_adjusted_rate restores the normal pre-rule fallback,reconciled_to_prior_rule_free_snapshot
a87f0c3c-63ee-49b2-bd9a-6b1ac2a46439,trilogy,2026-07,Corydon - 2180,405/B,AL/MC,Companion,8089,7118,7685,Decrease 6.5% - Companion when RT occupancy < 50% +1 more,2026-08-21 01:10:55.188+00,2026-06,AL/MC,8509,,,,7118,July modulo_suggested_rate; clearing rule_adjusted_rate restores the normal pre-rule fallback,reconciled_to_prior_rule_free_snapshot
a88483e2-03cc-420a-80fa-169eac6a6766,trilogy,2026-07,Muncie - 128,517/A,AL,Studio,6989,6598,6640,"Decrease 3% - Studio Dlx, Studio when SL occupancy < 80% +2 more",2026-08-21 01:10:58.756+00,2026-06,AL,6919,,,,6598,July modulo_suggested_rate; clearing rule_adjusted_rate restores the normal pre-rule fallback,reconciled_to_prior_rule_free_snapshot
a8cb6baf-961c-4110-a42a-e34203fa523b,trilogy,2026-07,Crawfordsville - 5167,18/A,AL,Studio,5969,5957,5778,"Decrease 3% - Studio Dlx, Studio when SL occupancy < 80% +2 more",2026-08-21 01:10:55.188+00,2026-06,AL,5819,,,,5957,July modulo_suggested_rate; clearing rule_adjusted_rate restores the normal pre-rule fallback,reconciled_to_prior_rule_free_snapshot
a8d63967-f417-4b78-9689-cb9c15b3ec67,trilogy,2026-07,Indianapolis AP - 5160,303/B,AL,Companion,2339,2227,2222,Decrease 6.5% - Companion when RT occupancy < 50% +1 more,2026-08-21 01:10:50.242+00,2026-06,AL,2339,,,,2227,July modulo_suggested_rate; clearing rule_adjusted_rate restores the normal pre-rule fallback,reconciled_to_prior_rule_free_snapshot
a91185cd-4d7c-4593-a473-7a11666f5de8,trilogy,2026-07,Shelbyville - 118,4B/A,VIL,One Bedroom,3289,3276,3178,Decrease 3% - One Bedroom when SL occupancy < 80% +1 more,2026-08-21 01:10:52.984+00,2026-06,VIL,3289,,,,3276,July modulo_suggested_rate; clearing rule_adjusted_rate restores the normal pre-rule fallback,reconciled_to_prior_rule_free_snapshot
a943c342-098e-4ea5-8fc5-152108f31ce3,trilogy,2026-07,Sylvania - 2427,7311/A,VIL,One Bedroom,3299,3090,3134,Decrease 3% - One Bedroom when SL occupancy < 80% +1 more,2026-08-21 01:10:45.367+00,2026-06,VIL,3299,,,,3090,July modulo_suggested_rate; clearing rule_adjusted_rate restores the normal pre-rule fallback,reconciled_to_prior_rule_free_snapshot
a94d51f8-68b9-4d18-b47b-6a6955d45279,trilogy,2026-07,Muskegon - 525,511/A,AL,Companion,299,309,289,Decrease 6.5% - Companion when RT occupancy < 50% +1 more,2026-08-21 01:10:54.344+00,2026-06,AL,7729,,,,309,July modulo_suggested_rate; clearing rule_adjusted_rate restores the normal pre-rule fallback,reconciled_to_prior_rule_free_snapshot
a9943875-b80c-4032-8e65-47c912bf7316,trilogy,2026-07,Scottsburg - 121,520/A,AL,Studio,5499,5632,5463,"Decrease 3% - Studio Dlx, Studio when SL occupancy < 80% +2 more",2026-08-21 01:10:45.367+00,2026-06,AL,5499,,,,5632,July modulo_suggested_rate; clearing rule_adjusted_rate restores the normal pre-rule fallback,reconciled_to_prior_rule_free_snapshot
a9e77971-0168-410b-b2c8-329ac2f0463e,trilogy,2026-07,Jasper - 108,506/A,AL,Studio,6389,6395,6203,"Decrease 3% - Studio Dlx, Studio when SL occupancy < 80% +2 more",2026-08-21 01:10:41.57+00,2026-06,AL,6319,,,,6395,July modulo_suggested_rate; clearing rule_adjusted_rate restores the normal pre-rule fallback,reconciled_to_prior_rule_free_snapshot
aad11487-770e-425e-95d0-e682a6fe5bb9,trilogy,2026-07,Lafayette SL - 5162,118/A,AL,Studio,7349,7334,7114,"Decrease 3% - Studio Dlx, Studio when SL occupancy < 80% +2 more",2026-08-21 01:10:48.831+00,2026-06,AL,7169,,,,7334,July modulo_suggested_rate; clearing rule_adjusted_rate restores the normal pre-rule fallback,reconciled_to_prior_rule_free_snapshot
ab4a1856-249a-42bf-9d86-0e60c9c3b8dd,trilogy,2026-07,East Lansing - 2507,619/A,AL/MC,Companion,7599,6880,7219,Decrease 6.5% - Companion when RT occupancy < 50% +1 more,2026-08-21 01:11:00.393+00,2026-06,AL/MC,7599,,,,6880,July modulo_suggested_rate; clearing rule_adjusted_rate restores the normal pre-rule fallback,reconciled_to_prior_rule_free_snapshot
ab5028ef-02f5-44d7-aba2-5ad4d8835229,trilogy,2026-07,Louisville ES - 210,LB105/A,AL/MC,Studio,8809,9338,9058,"Decrease 3% - Studio Dlx, Studio when SL occupancy < 80% +2 more",2026-08-21 01:10:50.917+00,2026-06,AL/MC,8589,,,,9338,July modulo_suggested_rate; clearing rule_adjusted_rate restores the normal pre-rule fallback,reconciled_to_prior_rule_free_snapshot
ab645eb8-aef4-42b6-a449-34045753b98e,trilogy,2026-07,Tiffin - 435,519/A,AL,Studio,6549,6942,6734,"Decrease 3% - Studio Dlx, Studio when SL occupancy < 80% +2 more",2026-08-21 01:10:51.217+00,2026-06,AL,6389,,,,6942,July modulo_suggested_rate; clearing rule_adjusted_rate restores the normal pre-rule fallback,reconciled_to_prior_rule_free_snapshot
abc52fc2-2247-41ca-b296-318a0e59b738,trilogy,2026-07,Colerain - 412,512/A,AL,Companion,6219,6592,6164,Decrease 6.5% - Companion when RT occupancy < 50% +1 more,2026-08-21 01:10:51.217+00,2026-06,AL,6049,,,,6592,July modulo_suggested_rate; clearing rule_adjusted_rate restores the normal pre-rule fallback,reconciled_to_prior_rule_free_snapshot
ac2b82a8-558a-4219-b926-d481ede373a1,trilogy,2026-07,West Lafayette - 2135,305/B,AL,Companion,4409,4524,4230,Decrease 6.5% - Companion when RT occupancy < 50% +1 more,2026-08-21 01:10:48.199+00,2026-06,AL,4409,,,,4524,July modulo_suggested_rate; clearing rule_adjusted_rate restores the normal pre-rule fallback,reconciled_to_prior_rule_free_snapshot
ac6d7e71-5191-4b7e-b106-9fd58e958ccc,trilogy,2026-07,Indianapolis AP - 5160,305/A,AL,Companion,2339,2168,2222,Decrease 6.5% - Companion when RT occupancy < 50% +1 more,2026-08-21 01:10:50.242+00,2026-06,AL,2339,,,,2168,July modulo_suggested_rate; clearing rule_adjusted_rate restores the normal pre-rule fallback,reconciled_to_prior_rule_free_snapshot
ad1bc30f-3ff1-4acf-9351-927812b4b787,trilogy,2026-07,Bardstown - 233,123/A,AL,Studio Dlx,4659,4924,4776,"Decrease 3% - Studio Dlx, Studio when SL occupancy < 80% +2 more",2026-08-21 01:10:41.57+00,2026-06,AL,4659,,,,4924,July modulo_suggested_rate; clearing rule_adjusted_rate restores the normal pre-rule fallback,reconciled_to_prior_rule_free_snapshot
ad64824c-81e4-4be4-a90a-ca809e0f9376,trilogy,2026-07,Kokomo WK - 5168,10/A,AL,Studio Dlx,6439,6825,6620,"Decrease 3% - Studio Dlx, Studio when SL occupancy < 80% +2 more",2026-08-21 01:10:55.676+00,2026-06,AL,6129,,,,6825,July modulo_suggested_rate; clearing rule_adjusted_rate restores the normal pre-rule fallback,reconciled_to_prior_rule_free_snapshot
ad76a5ad-9852-4650-bc36-1ae864893e61,trilogy,2026-07,Louisville ES - 210,LB215/A,AL/MC,Studio,8809,9338,9058,"Decrease 3% - Studio Dlx, Studio when SL occupancy < 80% +2 more",2026-08-21 01:10:50.917+00,2026-06,AL/MC,8589,,,,9338,July modulo_suggested_rate; clearing rule_adjusted_rate restores the normal pre-rule fallback,reconciled_to_prior_rule_free_snapshot
ada998a9-970f-455a-90f7-fb6d9b0bfed0,trilogy,2026-07,Washington - 305,510/B,AL,Companion,6209,6488,6066,Decrease 6.5% - Companion when RT occupancy < 50% +1 more,2026-08-21 01:10:58.191+00,2026-06,AL,6209,,,,6488,July modulo_suggested_rate; clearing rule_adjusted_rate restores the normal pre-rule fallback,reconciled_to_prior_rule_free_snapshot
adaae4ac-3565-4ae6-9917-c319a81bc8ab,trilogy,2026-07,Boonville - 110,504/B,AL,Studio,6409,6794,6590,"Decrease 3% - Studio Dlx, Studio when SL occupancy < 80% +2 more",2026-08-21 01:10:56.638+00,2026-06,AL,6409,,,,6794,July modulo_suggested_rate; clearing rule_adjusted_rate restores the normal pre-rule fallback,reconciled_to_prior_rule_free_snapshot
adfd09f6-81fc-45e3-8432-d4470d8c9d1b,trilogy,2026-07,Princeton - 117,406/B,AL,Companion,8539,7514,8112,Decrease 6.5% - Companion when RT occupancy < 50% +1 more,2026-08-21 01:11:00.393+00,2026-06,AL,8539,,,,7514,July modulo_suggested_rate; clearing rule_adjusted_rate restores the normal pre-rule fallback,reconciled_to_prior_rule_free_snapshot
ae75f85c-1863-4611-ab88-7cd173fc959c,trilogy,2026-07,Louisville ES - 210,LB104/B,AL/MC,Studio,8989,9528,9242,"Decrease 3% - Studio Dlx, Studio when SL occupancy < 80% +2 more",2026-08-21 01:10:50.917+00,2026-06,AL/MC,8769,,,,9528,July modulo_suggested_rate; clearing rule_adjusted_rate restores the normal pre-rule fallback,reconciled_to_prior_rule_free_snapshot
ae9cf5b8-8899-43e9-b8ca-0e8fa42f110a,trilogy,2026-07,Kokomo WK - 5168,23/B,AL,Studio Dlx,6439,6825,6620,"Decrease 3% - Studio Dlx, Studio when SL occupancy < 80% +2 more",2026-08-21 01:10:55.676+00,2026-06,AL,6129,,,,6825,July modulo_suggested_rate; clearing rule_adjusted_rate restores the normal pre-rule fallback,reconciled_to_prior_rule_free_snapshot
ae9f714e-d304-41c8-a509-bc757302d396,trilogy,2026-07,Bloomington HS - 5149,511/B,AL,Companion,6029,6391,5976,Decrease 6.5% - Companion when RT occupancy < 50% +1 more,2026-08-21 01:10:52.31+00,2026-06,AL,6029,,,,6391,July modulo_suggested_rate; clearing rule_adjusted_rate restores the normal pre-rule fallback,reconciled_to_prior_rule_free_snapshot
aeba9ec6-34bc-41f1-8eb6-064150af27bd,trilogy,2026-07,Fremont - 403,518/A,AL,Studio,6349,6730,6528,"Decrease 3% - Studio Dlx, Studio when SL occupancy < 80% +2 more",2026-08-21 01:10:56.358+00,2026-06,AL,6039,,,,6730,July modulo_suggested_rate; clearing rule_adjusted_rate restores the normal pre-rule fallback,reconciled_to_prior_rule_free_snapshot
aeee72ed-32a9-4e6f-a11e-048253b657e1,trilogy,2026-07,Lapeer - 2506,514/A,AL,Companion,7649,8108,7581,Decrease 6.5% - Companion when RT occupancy < 50% +1 more,2026-08-21 01:10:52.984+00,2026-06,AL,7459,,,,8108,July modulo_suggested_rate; clearing rule_adjusted_rate restores the normal pre-rule fallback,reconciled_to_prior_rule_free_snapshot
aef45370-7cdb-4691-8188-98684d138a44,trilogy,2026-07,Ottawa MO - 430,254/A,VIL,One Bedroom,2699,2507,2564,Decrease 3% - One Bedroom when SL occupancy < 80% +1 more,2026-08-21 01:10:53.213+00,2026-06,VIL,2699,,,,2507,July modulo_suggested_rate; clearing rule_adjusted_rate restores the normal pre-rule fallback,reconciled_to_prior_rule_free_snapshot
af032268-f533-4dda-a479-b818a2cc0949,trilogy,2026-07,Kokomo WK - 5168,08/A,AL,Studio,6119,6486,6291,"Decrease 3% - Studio Dlx, Studio when SL occupancy < 80% +2 more",2026-08-21 01:10:55.676+00,2026-06,AL,5969,,,,6486,July modulo_suggested_rate; clearing rule_adjusted_rate restores the normal pre-rule fallback,reconciled_to_prior_rule_free_snapshot
af2cfc05-d95c-492c-a4fc-f4a8e1778d68,trilogy,2026-07,Ottawa MO - 430,345/B,VIL,One Bedroom,409,380,389,Decrease 3% - One Bedroom when SL occupancy < 80% +1 more,2026-08-21 01:10:53.213+00,2026-06,VIL,2699,,,,380,July modulo_suggested_rate; clearing rule_adjusted_rate restores the normal pre-rule fallback,reconciled_to_prior_rule_free_snapshot
af377090-549b-48d3-aa43-7ff813bdb61a,trilogy,2026-07,Bardstown - 233,306/A,AL/MC,Studio,6349,6143,6032,"Decrease 3% - Studio Dlx, Studio when SL occupancy < 80% +2 more",2026-08-21 01:10:41.57+00,2026-06,AL/MC,6349,,,,6143,July modulo_suggested_rate; clearing rule_adjusted_rate restores the normal pre-rule fallback,reconciled_to_prior_rule_free_snapshot
af583436-7be4-4b9f-91e9-222325e4c4a2,trilogy,2026-07,Monclova - 2422,4525/B,VIL,One Bedroom,3229,3423,3320,Decrease 3% - One Bedroom when SL occupancy < 80% +1 more,2026-08-21 01:10:53.213+00,2026-06,VIL,3149,,,,3423,July modulo_suggested_rate; clearing rule_adjusted_rate restores the normal pre-rule fallback,reconciled_to_prior_rule_free_snapshot
af599d3f-f9a8-4d56-be35-ca534e882e34,trilogy,2026-07,Scottsburg - 121,516/A,AL,Studio,5499,5632,5463,"Decrease 3% - Studio Dlx, Studio when SL occupancy < 80% +2 more",2026-08-21 01:10:45.367+00,2026-06,AL,5499,,,,5632,July modulo_suggested_rate; clearing rule_adjusted_rate restores the normal pre-rule fallback,reconciled_to_prior_rule_free_snapshot
af79afd6-3f44-41b5-a502-b2c97830a808,trilogy,2026-07,Tiffin - 435,504/A,AL,Studio,6799,7207,6991,"Decrease 3% - Studio Dlx, Studio when SL occupancy < 80% +2 more",2026-08-21 01:10:51.217+00,2026-06,AL,6629,,,,7207,July modulo_suggested_rate; clearing rule_adjusted_rate restores the normal pre-rule fallback,reconciled_to_prior_rule_free_snapshot
b0156d8f-5585-4053-a55c-7d5c8a295fd9,trilogy,2026-07,Kalida - 406,410/B,AL/MC,Studio,7919,7213,7523,"Decrease 3% - Studio Dlx, Studio when SL occupancy < 80% +2 more",2026-08-21 01:10:59.05+00,2026-06,AL/MC,8119,,,,7213,July modulo_suggested_rate; clearing rule_adjusted_rate restores the normal pre-rule fallback,reconciled_to_prior_rule_free_snapshot
b01deb49-4872-4323-8828-38d05b8032a7,trilogy,2026-07,Monclova - 2422,7010/A,VIL,One Bedroom,3229,3423,3320,Decrease 3% - One Bedroom when SL occupancy < 80% +1 more,2026-08-21 01:10:53.213+00,2026-06,VIL,3149,,,,3423,July modulo_suggested_rate; clearing rule_adjusted_rate restores the normal pre-rule fallback,reconciled_to_prior_rule_free_snapshot
b0470d45-c40d-4b05-9b9d-dd6fda42da2b,trilogy,2026-07,Sylvania - 2427,7310/A,VIL,One Bedroom,3299,3090,3134,Decrease 3% - One Bedroom when SL occupancy < 80% +1 more,2026-08-21 01:10:45.367+00,2026-06,VIL,3299,,,,3090,July modulo_suggested_rate; clearing rule_adjusted_rate restores the normal pre-rule fallback,reconciled_to_prior_rule_free_snapshot
b057d89d-56cb-46f7-8104-9e667b68f822,trilogy,2026-07,Tiffin - 435,503/B,AL,Studio,6799,7207,6991,"Decrease 3% - Studio Dlx, Studio when SL occupancy < 80% +2 more",2026-08-21 01:10:51.217+00,2026-06,AL,6629,,,,7207,July modulo_suggested_rate; clearing rule_adjusted_rate restores the normal pre-rule fallback,reconciled_to_prior_rule_free_snapshot
b0848016-0cc4-4555-9419-84377154b5c1,trilogy,2026-07,Louisville ES - 210,LB228/A,AL/MC,Studio,8989,9528,9242,"Decrease 3% - Studio Dlx, Studio when SL occupancy < 80% +2 more",2026-08-21 01:10:50.917+00,2026-06,AL/MC,8769,,,,9528,July modulo_suggested_rate; clearing rule_adjusted_rate restores the normal pre-rule fallback,reconciled_to_prior_rule_free_snapshot
b093be72-ed9c-4db4-9074-dc0bfc8e3c22,trilogy,2026-07,Kalida - 406,401/A,AL/MC,Studio,7919,7015,7523,"Decrease 3% - Studio Dlx, Studio when SL occupancy < 80% +2 more",2026-08-21 01:10:59.05+00,2026-06,AL/MC,8119,,,,7015,July modulo_suggested_rate; clearing rule_adjusted_rate restores the normal pre-rule fallback,reconciled_to_prior_rule_free_snapshot
b0a60c7e-b271-4182-8cb0-9722aa4865bd,trilogy,2026-07,Greensburg - 150,409/A,AL/MC,Studio,8079,7454,7675,"Decrease 3% - Studio Dlx, Studio when SL occupancy < 80% +2 more",2026-08-21 01:10:53.742+00,2026-06,AL/MC,8079,,,,7454,July modulo_suggested_rate; clearing rule_adjusted_rate restores the normal pre-rule fallback,reconciled_to_prior_rule_free_snapshot
b13b0a74-1bb5-492f-bce7-b5f8166ab556,trilogy,2026-07,Louisville ES - 210,LB325/A,AL/MC,Studio,8809,9338,9058,"Decrease 3% - Studio Dlx, Studio when SL occupancy < 80% +2 more",2026-08-21 01:10:50.917+00,2026-06,AL/MC,8589,,,,9338,July modulo_suggested_rate; clearing rule_adjusted_rate restores the normal pre-rule fallback,reconciled_to_prior_rule_free_snapshot
b18fc1a4-8f0d-47d5-8922-e6486f2ef8ad,trilogy,2026-07,Louisville ES - 210,LB325/B,AL/MC,Studio,8809,9338,9058,"Decrease 3% - Studio Dlx, Studio when SL occupancy < 80% +2 more",2026-08-21 01:10:50.917+00,2026-06,AL/MC,8589,,,,9338,July modulo_suggested_rate; clearing rule_adjusted_rate restores the normal pre-rule fallback,reconciled_to_prior_rule_free_snapshot
b19a6bcb-a448-4029-a113-f98f9ee89236,trilogy,2026-07,Crawfordsville - 5167,09/A,AL,Studio Dlx,6749,7154,6939,"Decrease 3% - Studio Dlx, Studio when SL occupancy < 80% +2 more",2026-08-21 01:10:55.188+00,2026-06,AL,6579,,,,7154,July modulo_suggested_rate; clearing rule_adjusted_rate restores the normal pre-rule fallback,reconciled_to_prior_rule_free_snapshot
b1d310bb-9b35-4cbd-ad00-8723b56ce45f,trilogy,2026-07,Shelbyville - 118,9A/B,VIL,One Bedroom,3289,3276,3178,Decrease 3% - One Bedroom when SL occupancy < 80% +1 more,2026-08-21 01:10:52.984+00,2026-06,VIL,3289,,,,3276,July modulo_suggested_rate; clearing rule_adjusted_rate restores the normal pre-rule fallback,reconciled_to_prior_rule_free_snapshot
b1da1ee9-e3aa-40be-891b-bf48fa47b1b7,trilogy,2026-07,Boonville - 110,508/A,AL,Studio,6409,6794,6590,"Decrease 3% - Studio Dlx, Studio when SL occupancy < 80% +2 more",2026-08-21 01:10:56.638+00,2026-06,AL,6409,,,,6794,July modulo_suggested_rate; clearing rule_adjusted_rate restores the normal pre-rule fallback,reconciled_to_prior_rule_free_snapshot
b1dde925-fbe5-4427-b1e7-a3742f7b963c,trilogy,2026-07,Belmont - 519,501/A,AL,Studio,7829,8299,8050,"Decrease 3% - Studio Dlx, Studio when SL occupancy < 80% +2 more",2026-08-21 01:10:50.242+00,2026-06,AL,7639,,,,8299,July modulo_suggested_rate; clearing rule_adjusted_rate restores the normal pre-rule fallback,reconciled_to_prior_rule_free_snapshot
b1feecad-4fc0-4dbd-b176-dc86850d42fc,trilogy,2026-07,Bellevue - 414,502/A,AL,Studio,7039,7024,6813,"Decrease 3% - Studio Dlx, Studio when SL occupancy < 80% +2 more",2026-08-21 01:10:58.191+00,2026-06,AL,6859,,,,7024,July modulo_suggested_rate; clearing rule_adjusted_rate restores the normal pre-rule fallback,reconciled_to_prior_rule_free_snapshot
b21426e5-66db-4697-bc78-3eaf229a67aa,trilogy,2026-07,Anderson - 112,1723/A,VIL,One Bedroom,2819,2640,2678,Decrease 3% - One Bedroom when SL occupancy < 80% +1 more,2026-08-21 01:10:46.29+00,2026-06,VIL,2959,,,,2640,July modulo_suggested_rate; clearing rule_adjusted_rate restores the normal pre-rule fallback,reconciled_to_prior_rule_free_snapshot
b22a2484-79c2-498c-a5ca-4156f59dfd0c,trilogy,2026-07,Richmond FP - 123,502/A,AL,Companion,5539,5768,5393,Decrease 6.5% - Companion when RT occupancy < 50% +1 more,2026-08-21 01:10:52.024+00,2026-06,AL,5539,,,,5768,July modulo_suggested_rate; clearing rule_adjusted_rate restores the normal pre-rule fallback,reconciled_to_prior_rule_free_snapshot
b24bbf6d-2f12-4e97-b10e-2bc72c2faf8c,trilogy,2026-07,Kalida - 406,405/B,AL/MC,Companion,11519,12210,11416,Decrease 6.5% - Companion when RT occupancy < 50% +1 more,2026-08-21 01:10:59.05+00,2026-06,AL/MC,11519,,,,12210,July modulo_suggested_rate; clearing rule_adjusted_rate restores the normal pre-rule fallback,reconciled_to_prior_rule_free_snapshot
b28ab9a5-a73d-493e-b106-33025f39b68b,trilogy,2026-07,Muncie - 128,520/A,AL,Studio,6989,6424,6640,"Decrease 3% - Studio Dlx, Studio when SL occupancy < 80% +2 more",2026-08-21 01:10:58.756+00,2026-06,AL,6919,,,,6424,July modulo_suggested_rate; clearing rule_adjusted_rate restores the normal pre-rule fallback,reconciled_to_prior_rule_free_snapshot
b2f69559-d40a-4a32-a10c-1aac4491f4ee,trilogy,2026-07,Greenfield - 125,604/A,AL/MC,Companion,5679,5373,5395,Decrease 6.5% - Companion when RT occupancy < 50% +1 more,2026-08-21 01:10:50.609+00,2026-06,AL/MC,5679,,,,5373,July modulo_suggested_rate; clearing rule_adjusted_rate restores the normal pre-rule fallback,reconciled_to_prior_rule_free_snapshot
b37e717f-41c2-4255-8ce9-2e76167c4753,trilogy,2026-07,Greenfield - 125,2262/B,VIL,One Bedroom,3499,3293,3324,Decrease 3% - One Bedroom when SL occupancy < 80% +1 more,2026-08-21 01:10:50.917+00,2026-06,VIL,3499,,,,3293,July modulo_suggested_rate; clearing rule_adjusted_rate restores the normal pre-rule fallback,reconciled_to_prior_rule_free_snapshot
b38f5671-3074-4794-927d-bec4ae23faf7,trilogy,2026-07,Colerain - 412,505/B,AL,Companion,6219,6592,6164,Decrease 6.5% - Companion when RT occupancy < 50% +1 more,2026-08-21 01:10:51.217+00,2026-06,AL,6049,,,,6592,July modulo_suggested_rate; clearing rule_adjusted_rate restores the normal pre-rule fallback,reconciled_to_prior_rule_free_snapshot
b3cdd780-74b9-43e0-bb00-98fea9fe8ae2,trilogy,2026-07,Bellevue - 414,520/A,AL,Studio,7039,7024,6813,"Decrease 3% - Studio Dlx, Studio when SL occupancy < 80% +2 more",2026-08-21 01:10:58.191+00,2026-06,AL,6859,,,,7024,July modulo_suggested_rate; clearing rule_adjusted_rate restores the normal pre-rule fallback,reconciled_to_prior_rule_free_snapshot
b47c0359-52db-41ca-b967-1a3c88dc5c57,trilogy,2026-07,Batesville - 120,503/B,AL,Studio,6669,6900,6693,"Decrease 3% - Studio Dlx, Studio when SL occupancy < 80% +2 more",2026-08-21 01:10:54.344+00,2026-06,AL,6499,,,,6900,July modulo_suggested_rate; clearing rule_adjusted_rate restores the normal pre-rule fallback,reconciled_to_prior_rule_free_snapshot
b4b14940-60cd-4e2e-82fd-9141f56ec814,trilogy,2026-07,Tiffin - 435,507/A,AL,Studio,6549,6942,6734,"Decrease 3% - Studio Dlx, Studio when SL occupancy < 80% +2 more",2026-08-21 01:10:51.217+00,2026-06,AL,6389,,,,6942,July modulo_suggested_rate; clearing rule_adjusted_rate restores the normal pre-rule fallback,reconciled_to_prior_rule_free_snapshot
b56c9736-4588-4041-9f4f-ad3b789b6995,trilogy,2026-07,Terre Haute CC - 129,408/A,AL/MC,Studio,8739,8816,8552,"Decrease 3% - Studio Dlx, Studio when SL occupancy < 80% +2 more",2026-08-21 01:10:54.079+00,2026-06,AL/MC,8739,,,,8816,July modulo_suggested_rate; clearing rule_adjusted_rate restores the normal pre-rule fallback,reconciled_to_prior_rule_free_snapshot
b5985412-1cae-4255-9dd5-b63fa2db78fd,trilogy,2026-07,Muskegon - 525,510/A,AL,Companion,7599,7301,7219,Decrease 6.5% - Companion when RT occupancy < 50% +1 more,2026-08-21 01:10:54.344+00,2026-06,AL,7409,,,,7301,July modulo_suggested_rate; clearing rule_adjusted_rate restores the normal pre-rule fallback,reconciled_to_prior_rule_free_snapshot
b5b81199-8b5e-47f3-8038-232571c76cb4,trilogy,2026-07,Ottawa MO - 430,224/B,VIL,One Bedroom,2699,2507,2564,Decrease 3% - One Bedroom when SL occupancy < 80% +1 more,2026-08-21 01:10:53.213+00,2026-06,VIL,2699,,,,2507,July modulo_suggested_rate; clearing rule_adjusted_rate restores the normal pre-rule fallback,reconciled_to_prior_rule_free_snapshot
b5d48ef8-637f-46a2-beab-a97afd62a3ba,trilogy,2026-07,Sylvania - 2427,7331/B,VIL,One Bedroom,3299,3090,3134,Decrease 3% - One Bedroom when SL occupancy < 80% +1 more,2026-08-21 01:10:45.367+00,2026-06,VIL,3299,,,,3090,July modulo_suggested_rate; clearing rule_adjusted_rate restores the normal pre-rule fallback,reconciled_to_prior_rule_free_snapshot
b609f575-e67b-4350-82f8-a6aad9f747ee,trilogy,2026-07,East Lansing - 2507,604/A,AL/MC,Companion,7599,6691,7219,Decrease 6.5% - Companion when RT occupancy < 50% +1 more,2026-08-21 01:11:00.393+00,2026-06,AL/MC,7599,,,,6691,July modulo_suggested_rate; clearing rule_adjusted_rate restores the normal pre-rule fallback,reconciled_to_prior_rule_free_snapshot
b6844dc7-c902-4d14-8fcc-efc5746fa095,trilogy,2026-07,Bardstown - 233,301/A,AL/MC,Studio,6479,6269,6155,"Decrease 3% - Studio Dlx, Studio when SL occupancy < 80% +2 more",2026-08-21 01:10:41.57+00,2026-06,AL/MC,6479,,,,6269,July modulo_suggested_rate; clearing rule_adjusted_rate restores the normal pre-rule fallback,reconciled_to_prior_rule_free_snapshot
b6a03203-3905-451a-bce0-cee95a9f5f91,trilogy,2026-07,Louisville ES - 210,LB201/B,AL/MC,Studio,8809,9338,9058,"Decrease 3% - Studio Dlx, Studio when SL occupancy < 80% +2 more",2026-08-21 01:10:50.917+00,2026-06,AL/MC,8589,,,,9338,July modulo_suggested_rate; clearing rule_adjusted_rate restores the normal pre-rule fallback,reconciled_to_prior_rule_free_snapshot
b6ab63fa-d39a-47f4-906b-38168dce8a5c,trilogy,2026-07,Boonville - 110,507/B,AL,Studio,6409,6794,6590,"Decrease 3% - Studio Dlx, Studio when SL occupancy < 80% +2 more",2026-08-21 01:10:56.638+00,2026-06,AL,6409,,,,6794,July modulo_suggested_rate; clearing rule_adjusted_rate restores the normal pre-rule fallback,reconciled_to_prior_rule_free_snapshot
b6b9fd02-531e-4981-98a1-8214122b2845,trilogy,2026-07,Willard - 2424,506/A,AL,Studio,6419,6406,6214,"Decrease 3% - Studio Dlx, Studio when SL occupancy < 80% +2 more",2026-08-21 01:10:53.742+00,2026-06,AL,6259,,,,6406,July modulo_suggested_rate; clearing rule_adjusted_rate restores the normal pre-rule fallback,reconciled_to_prior_rule_free_snapshot
b6f53190-791f-496a-86e5-316571a60906,trilogy,2026-07,South Bend - 5169,22/A,AL,Studio Dlx,6519,5775,6193,"Decrease 3% - Studio Dlx, Studio when SL occupancy < 80% +2 more",2026-08-21 01:10:50.242+00,2026-06,AL,6519,,,,5775,July modulo_suggested_rate; clearing rule_adjusted_rate restores the normal pre-rule fallback,reconciled_to_prior_rule_free_snapshot
b71d659b-775d-4538-b844-b6f2f6e46a89,trilogy,2026-07,Crawfordsville - 5167,27/B,AL,Studio,5969,5957,5778,"Decrease 3% - Studio Dlx, Studio when SL occupancy < 80% +2 more",2026-08-21 01:10:55.188+00,2026-06,AL,5819,,,,5957,July modulo_suggested_rate; clearing rule_adjusted_rate restores the normal pre-rule fallback,reconciled_to_prior_rule_free_snapshot
b764200d-ab80-4ee1-a16e-da637ee1afe0,trilogy,2026-07,Terre Haute CC - 129,402/A,AL/MC,Studio,8739,9035,8764,"Decrease 3% - Studio Dlx, Studio when SL occupancy < 80% +2 more",2026-08-21 01:10:54.079+00,2026-06,AL/MC,8739,,,,9035,July modulo_suggested_rate; clearing rule_adjusted_rate restores the normal pre-rule fallback,reconciled_to_prior_rule_free_snapshot
b7b3305d-8325-4bcf-8c21-5c97ec019408,trilogy,2026-07,Louisville ES - 210,LB222/B,AL/MC,Studio,8989,9528,9242,"Decrease 3% - Studio Dlx, Studio when SL occupancy < 80% +2 more",2026-08-21 01:10:50.917+00,2026-06,AL/MC,8769,,,,9528,July modulo_suggested_rate; clearing rule_adjusted_rate restores the normal pre-rule fallback,reconciled_to_prior_rule_free_snapshot
b7c606dd-b4cd-47db-b3e7-b5c2c9e452f1,trilogy,2026-07,Crawfordsville - 5167,27/A,AL,Studio,5969,5957,5778,"Decrease 3% - Studio Dlx, Studio when SL occupancy < 80% +2 more",2026-08-21 01:10:55.188+00,2026-06,AL,5819,,,,5957,July modulo_suggested_rate; clearing rule_adjusted_rate restores the normal pre-rule fallback,reconciled_to_prior_rule_free_snapshot
b82bf2cf-f663-41e7-8a40-3474114c02fa,trilogy,2026-07,Louisville ES - 210,LB223/A,AL/MC,Studio,8809,9338,9058,"Decrease 3% - Studio Dlx, Studio when SL occupancy < 80% +2 more",2026-08-21 01:10:50.917+00,2026-06,AL/MC,8589,,,,9338,July modulo_suggested_rate; clearing rule_adjusted_rate restores the normal pre-rule fallback,reconciled_to_prior_rule_free_snapshot
b85887c7-ec57-49bf-ab7c-f4cb214ca174,trilogy,2026-07,Richmond FP - 123,513/A,AL,Companion,6579,6624,6250,Decrease 6.5% - Companion when RT occupancy < 50% +1 more,2026-08-21 01:10:52.024+00,2026-06,AL,6509,,,,6624,July modulo_suggested_rate; clearing rule_adjusted_rate restores the normal pre-rule fallback,reconciled_to_prior_rule_free_snapshot
b86de541-280a-49e2-856d-7a007f896501,trilogy,2026-07,Lafayette SL - 5162,107/A,AL,Studio,5849,5837,5662,"Decrease 3% - Studio Dlx, Studio when SL occupancy < 80% +2 more",2026-08-21 01:10:48.831+00,2026-06,AL,5849,,,,5837,July modulo_suggested_rate; clearing rule_adjusted_rate restores the normal pre-rule fallback,reconciled_to_prior_rule_free_snapshot
b8c7bc39-933c-49f6-95e0-4b796175ebba,trilogy,2026-07,Sylvania - 2427,7312/B,VIL,One Bedroom,3299,3090,3134,Decrease 3% - One Bedroom when SL occupancy < 80% +1 more,2026-08-21 01:10:45.367+00,2026-06,VIL,3299,,,,3090,July modulo_suggested_rate; clearing rule_adjusted_rate restores the normal pre-rule fallback,reconciled_to_prior_rule_free_snapshot
b8d50b8a-93e4-43f5-919f-1e0d52ecc6a4,trilogy,2026-07,Leipsic - 409,163/B,VIL,One Bedroom,1469,1557,1510,Decrease 3% - One Bedroom when SL occupancy < 80% +1 more,2026-08-21 01:10:57.66+00,2026-06,VIL,1359,,,,1557,July modulo_suggested_rate; clearing rule_adjusted_rate restores the normal pre-rule fallback,reconciled_to_prior_rule_free_snapshot
b8da5fda-4915-4aa6-bce8-fc6ac7a3ad8a,trilogy,2026-07,Greenfield - 125,2259/A,VIL,One Bedroom,3499,3293,3324,Decrease 3% - One Bedroom when SL occupancy < 80% +1 more,2026-08-21 01:10:50.917+00,2026-06,VIL,3499,,,,3293,July modulo_suggested_rate; clearing rule_adjusted_rate restores the normal pre-rule fallback,reconciled_to_prior_rule_free_snapshot
b8f5b8c3-de9b-447c-ac0f-ed714c312243,trilogy,2026-07,Kokomo WK - 5168,09/A,AL,Studio Dlx,6439,6825,6620,"Decrease 3% - Studio Dlx, Studio when SL occupancy < 80% +2 more",2026-08-21 01:10:55.676+00,2026-06,AL,6129,,,,6825,July modulo_suggested_rate; clearing rule_adjusted_rate restores the normal pre-rule fallback,reconciled_to_prior_rule_free_snapshot
b90adffc-20c5-4995-9b8c-8cfaa5f1f2ec,trilogy,2026-07,Louisville ES - 210,LB311/B,AL/MC,Studio,8809,9338,9058,"Decrease 3% - Studio Dlx, Studio when SL occupancy < 80% +2 more",2026-08-21 01:10:50.917+00,2026-06,AL/MC,8589,,,,9338,July modulo_suggested_rate; clearing rule_adjusted_rate restores the normal pre-rule fallback,reconciled_to_prior_rule_free_snapshot
b91e1d3d-6d2d-4ecb-9027-b07b0020c4ae,trilogy,2026-07,Belmont - 519,505/A,AL,Studio,7319,7758,7525,"Decrease 3% - Studio Dlx, Studio when SL occupancy < 80% +2 more",2026-08-21 01:10:50.242+00,2026-06,AL,7139,,,,7758,July modulo_suggested_rate; clearing rule_adjusted_rate restores the normal pre-rule fallback,reconciled_to_prior_rule_free_snapshot
b99d4a8c-7996-48e0-a0a4-a90de049b122,trilogy,2026-07,Waunakee - 571,14/A,VIL,One Bedroom,2699,2861,2775,Decrease 3% - One Bedroom when SL occupancy < 80% +1 more,2026-08-21 01:10:50.917+00,2026-06,VIL,2629,,,,2861,July modulo_suggested_rate; clearing rule_adjusted_rate restores the normal pre-rule fallback,reconciled_to_prior_rule_free_snapshot
b9c77a86-e1d2-46fa-afb6-7b1bb4a5db2f,trilogy,2026-07,Boonville - 110,501/B,AL,Studio,6409,6794,6590,"Decrease 3% - Studio Dlx, Studio when SL occupancy < 80% +2 more",2026-08-21 01:10:56.638+00,2026-06,AL,6409,,,,6794,July modulo_suggested_rate; clearing rule_adjusted_rate restores the normal pre-rule fallback,reconciled_to_prior_rule_free_snapshot
b9c8ab8e-fc0c-4c76-8f3f-ce228ad09997,trilogy,2026-07,Kokomo WK - 5168,26/B,AL,Studio,6119,6486,6291,"Decrease 3% - Studio Dlx, Studio when SL occupancy < 80% +2 more",2026-08-21 01:10:55.676+00,2026-06,AL,5969,,,,6486,July modulo_suggested_rate; clearing rule_adjusted_rate restores the normal pre-rule fallback,reconciled_to_prior_rule_free_snapshot
b9d0ebcd-d6cd-44bc-a1a9-d84211c00638,trilogy,2026-07,Bardstown - 233,207/A,AL/MC,Studio,6229,6027,5918,"Decrease 3% - Studio Dlx, Studio when SL occupancy < 80% +2 more",2026-08-21 01:10:41.57+00,2026-06,AL/MC,6229,,,,6027,July modulo_suggested_rate; clearing rule_adjusted_rate restores the normal pre-rule fallback,reconciled_to_prior_rule_free_snapshot
b9df4b2c-d3ca-43bf-906d-cbed88664703,trilogy,2026-07,Sylvania - 2427,5373/B,VIL,One Bedroom,499,467,474,Decrease 3% - One Bedroom when SL occupancy < 80% +1 more,2026-08-21 01:10:45.367+00,2026-06,VIL,499,,,,467,July modulo_suggested_rate; clearing rule_adjusted_rate restores the normal pre-rule fallback,reconciled_to_prior_rule_free_snapshot
ba76661e-4d64-49b0-9699-73d8813f015b,trilogy,2026-07,Belmont - 519,506/A,AL,Studio,7179,7610,7382,"Decrease 3% - Studio Dlx, Studio when SL occupancy < 80% +2 more",2026-08-21 01:10:50.242+00,2026-06,AL,6999,,,,7610,July modulo_suggested_rate; clearing rule_adjusted_rate restores the normal pre-rule fallback,reconciled_to_prior_rule_free_snapshot
bab2cab7-b9db-456e-900b-eb4fa63a03f5,trilogy,2026-07,Avon - 5166,23/A,AL,Studio Dlx,4979,4964,4815,"Decrease 3% - Studio Dlx, Studio when SL occupancy < 80% +2 more",2026-08-21 01:10:50.609+00,2026-06,AL,4979,,,,4964,July modulo_suggested_rate; clearing rule_adjusted_rate restores the normal pre-rule fallback,reconciled_to_prior_rule_free_snapshot
bae7b2ea-7e08-4158-af6e-89f9cab478f1,trilogy,2026-07,Indianapolis AP - 5160,311/A,AL,Companion,89,85,85,Decrease 6.5% - Companion when RT occupancy < 50% +1 more,2026-08-21 01:10:50.242+00,2026-06,AL,2339,,,,85,July modulo_suggested_rate; clearing rule_adjusted_rate restores the normal pre-rule fallback,reconciled_to_prior_rule_free_snapshot
baf5da7a-8ec5-4bcf-b4dc-10c9a31bda87,trilogy,2026-07,Noblesville - 141,L205/B,AL/MC,Companion,7699,7310,7314,Decrease 6.5% - Companion when RT occupancy < 50% +1 more,2026-08-21 01:10:54.824+00,2026-06,AL/MC,7699,,,,7310,July modulo_suggested_rate; clearing rule_adjusted_rate restores the normal pre-rule fallback,reconciled_to_prior_rule_free_snapshot
bb065037-9ce9-4f37-b822-96e6b86fc4e9,trilogy,2026-07,Ottawa MO - 430,335/A,VIL,One Bedroom,2699,2507,2564,Decrease 3% - One Bedroom when SL occupancy < 80% +1 more,2026-08-21 01:10:53.213+00,2026-06,VIL,2699,,,,2507,July modulo_suggested_rate; clearing rule_adjusted_rate restores the normal pre-rule fallback,reconciled_to_prior_rule_free_snapshot
bb53ed36-6f5f-4b69-9f51-f732112efa1b,trilogy,2026-07,Bellevue - 414,507/A,AL,Studio,7039,7024,6813,"Decrease 3% - Studio Dlx, Studio when SL occupancy < 80% +2 more",2026-08-21 01:10:58.191+00,2026-06,AL,6859,,,,7024,July modulo_suggested_rate; clearing rule_adjusted_rate restores the normal pre-rule fallback,reconciled_to_prior_rule_free_snapshot
bb7fdca5-668c-4302-8d29-84d1ba2ff11b,trilogy,2026-07,Bloomington HS - 5149,514/B,AL,Companion,6029,6391,5976,Decrease 6.5% - Companion when RT occupancy < 50% +1 more,2026-08-21 01:10:52.31+00,2026-06,AL,6029,,,,6391,July modulo_suggested_rate; clearing rule_adjusted_rate restores the normal pre-rule fallback,reconciled_to_prior_rule_free_snapshot
bb9863e6-c17b-4981-b1af-d04b426778ae,trilogy,2026-07,Anderson - 112,1720/A,VIL,One Bedroom,2819,2640,2678,Decrease 3% - One Bedroom when SL occupancy < 80% +1 more,2026-08-21 01:10:46.29+00,2026-06,VIL,2959,,,,2640,July modulo_suggested_rate; clearing rule_adjusted_rate restores the normal pre-rule fallback,reconciled_to_prior_rule_free_snapshot
bbd47538-b301-4ef2-9091-f7279c78c6c0,trilogy,2026-07,Anderson - 112,2127/A,VIL,One Bedroom,429,443,430,Decrease 3% - One Bedroom when SL occupancy < 80% +1 more,2026-08-21 01:10:46.29+00,2026-06,VIL,449,,,,443,July modulo_suggested_rate; clearing rule_adjusted_rate restores the normal pre-rule fallback,reconciled_to_prior_rule_free_snapshot
bc710ad3-afa2-45f8-a78d-55957ea11a6c,trilogy,2026-07,Louisville ES - 210,LB124/A,AL/MC,Studio,8989,9528,9242,"Decrease 3% - Studio Dlx, Studio when SL occupancy < 80% +2 more",2026-08-21 01:10:50.917+00,2026-06,AL/MC,8769,,,,9528,July modulo_suggested_rate; clearing rule_adjusted_rate restores the normal pre-rule fallback,reconciled_to_prior_rule_free_snapshot
bc9d7c8e-4ae1-46f4-9d26-e2f18bc30af5,trilogy,2026-07,Bardstown - 233,201/B,AL/MC,Studio,6349,6143,6032,"Decrease 3% - Studio Dlx, Studio when SL occupancy < 80% +2 more",2026-08-21 01:10:41.57+00,2026-06,AL/MC,6349,,,,6143,July modulo_suggested_rate; clearing rule_adjusted_rate restores the normal pre-rule fallback,reconciled_to_prior_rule_free_snapshot
bcbaa5ca-1037-439a-bab4-d17d620c24df,trilogy,2026-07,Kalida - 406,404/A,AL/MC,Studio,7919,7213,7523,"Decrease 3% - Studio Dlx, Studio when SL occupancy < 80% +2 more",2026-08-21 01:10:59.05+00,2026-06,AL/MC,8119,,,,7213,July modulo_suggested_rate; clearing rule_adjusted_rate restores the normal pre-rule fallback,reconciled_to_prior_rule_free_snapshot
bcdc2e01-a4f8-46df-a85c-8c89e66945d2,trilogy,2026-07,Jasper - 108,504/A,AL,Studio,6389,6395,6203,"Decrease 3% - Studio Dlx, Studio when SL occupancy < 80% +2 more",2026-08-21 01:10:41.57+00,2026-06,AL,6319,,,,6395,July modulo_suggested_rate; clearing rule_adjusted_rate restores the normal pre-rule fallback,reconciled_to_prior_rule_free_snapshot
bd7d9ce8-b544-4e13-9bcc-776abadf90ee,trilogy,2026-07,Scottsburg - 121,505/A,AL,Studio,5499,5632,5463,"Decrease 3% - Studio Dlx, Studio when SL occupancy < 80% +2 more",2026-08-21 01:10:45.367+00,2026-06,AL,5499,,,,5632,July modulo_suggested_rate; clearing rule_adjusted_rate restores the normal pre-rule fallback,reconciled_to_prior_rule_free_snapshot
bda553f5-7d7e-4760-9288-07403383dad9,trilogy,2026-07,Scottsburg - 121,500/A,AL,Studio,5499,5632,5463,"Decrease 3% - Studio Dlx, Studio when SL occupancy < 80% +2 more",2026-08-21 01:10:45.367+00,2026-06,AL,5499,,,,5632,July modulo_suggested_rate; clearing rule_adjusted_rate restores the normal pre-rule fallback,reconciled_to_prior_rule_free_snapshot
bdc4cb11-2e18-41ad-ad06-2fcb78018e04,trilogy,2026-07,Greenfield - 125,2238/A,VIL,One Bedroom,3499,3293,3324,Decrease 3% - One Bedroom when SL occupancy < 80% +1 more,2026-08-21 01:10:50.917+00,2026-06,VIL,3499,,,,3293,July modulo_suggested_rate; clearing rule_adjusted_rate restores the normal pre-rule fallback,reconciled_to_prior_rule_free_snapshot
bdc81b49-05f2-4915-bfbc-3cc9e7f7d8c8,trilogy,2026-07,Richmond FP - 123,511/A,AL,Companion,6579,6788,6347,Decrease 6.5% - Companion when RT occupancy < 50% +1 more,2026-08-21 01:10:52.024+00,2026-06,AL,6509,,,,6788,July modulo_suggested_rate; clearing rule_adjusted_rate restores the normal pre-rule fallback,reconciled_to_prior_rule_free_snapshot
bdcaee37-9c54-4711-8d64-e59912e3c997,trilogy,2026-07,Bellevue - 414,519/A,AL,Studio,7039,7024,6813,"Decrease 3% - Studio Dlx, Studio when SL occupancy < 80% +2 more",2026-08-21 01:10:58.191+00,2026-06,AL,6859,,,,7024,July modulo_suggested_rate; clearing rule_adjusted_rate restores the normal pre-rule fallback,reconciled_to_prior_rule_free_snapshot
be7845d8-0194-4134-bfad-362561410079,trilogy,2026-07,Willard - 2424,506/B,AL,Studio,6419,6406,6214,"Decrease 3% - Studio Dlx, Studio when SL occupancy < 80% +2 more",2026-08-21 01:10:54.079+00,2026-06,AL,6259,,,,6406,July modulo_suggested_rate; clearing rule_adjusted_rate restores the normal pre-rule fallback,reconciled_to_prior_rule_free_snapshot
be9e6a6c-53c2-48ed-9008-0bfca6e906c0,trilogy,2026-07,Ottawa MO - 430,252/B,VIL,One Bedroom,2699,2507,2564,Decrease 3% - One Bedroom when SL occupancy < 80% +1 more,2026-08-21 01:10:52.984+00,2026-06,VIL,2699,,,,2507,July modulo_suggested_rate; clearing rule_adjusted_rate restores the normal pre-rule fallback,reconciled_to_prior_rule_free_snapshot
bea4f134-1980-4141-a0f3-7457c33c8e5e,trilogy,2026-07,Richmond FP - 123,500/A,AL,Companion,5539,5768,5393,Decrease 6.5% - Companion when RT occupancy < 50% +1 more,2026-08-21 01:10:52.024+00,2026-06,AL,5539,,,,5768,July modulo_suggested_rate; clearing rule_adjusted_rate restores the normal pre-rule fallback,reconciled_to_prior_rule_free_snapshot
bf0532d9-0110-41cb-b04d-a32791d15b7d,trilogy,2026-07,Monclova - 2422,4525/A,VIL,One Bedroom,3229,3423,3320,Decrease 3% - One Bedroom when SL occupancy < 80% +1 more,2026-08-21 01:10:53.213+00,2026-06,VIL,3149,,,,3423,July modulo_suggested_rate; clearing rule_adjusted_rate restores the normal pre-rule fallback,reconciled_to_prior_rule_free_snapshot
bf4754c8-50ef-4574-8b6e-bc55dc487166,trilogy,2026-07,Willard - 2424,521/A,AL,Studio,6419,6406,6214,"Decrease 3% - Studio Dlx, Studio when SL occupancy < 80% +2 more",2026-08-21 01:10:53.742+00,2026-06,AL,6259,,,,6406,July modulo_suggested_rate; clearing rule_adjusted_rate restores the normal pre-rule fallback,reconciled_to_prior_rule_free_snapshot
bf81b1e4-7d18-46a5-bc9f-cbf8fcbe8691,trilogy,2026-07,Leipsic - 409,451/A,VIL,One Bedroom,1469,1557,1510,Decrease 3% - One Bedroom when SL occupancy < 80% +1 more,2026-08-21 01:10:57.66+00,2026-06,VIL,1359,,,,1557,July modulo_suggested_rate; clearing rule_adjusted_rate restores the normal pre-rule fallback,reconciled_to_prior_rule_free_snapshot
bf8acf42-88bd-44d4-b951-e1bd76f916af,trilogy,2026-07,Corydon - 2180,403/B,AL/MC,Companion,8089,7118,7685,Decrease 6.5% - Companion when RT occupancy < 50% +1 more,2026-08-21 01:10:55.676+00,2026-06,AL/MC,8509,,,,7118,July modulo_suggested_rate; clearing rule_adjusted_rate restores the normal pre-rule fallback,reconciled_to_prior_rule_free_snapshot
bfa3e338-32bf-4afb-a58f-642f8d7b9e0c,trilogy,2026-07,Bloomington HS - 5149,512/B,AL,Companion,6029,6391,5976,Decrease 6.5% - Companion when RT occupancy < 50% +1 more,2026-08-21 01:10:52.31+00,2026-06,AL,6029,,,,6391,July modulo_suggested_rate; clearing rule_adjusted_rate restores the normal pre-rule fallback,reconciled_to_prior_rule_free_snapshot
c07a80a4-c353-495c-b1c5-3d1c117a519e,trilogy,2026-07,Washington - 305,512/A,AL,Companion,239,253,237,Decrease 6.5% - Companion when RT occupancy < 50% +1 more,2026-08-21 01:10:58.191+00,2026-06,AL,239,,,,253,July modulo_suggested_rate; clearing rule_adjusted_rate restores the normal pre-rule fallback,reconciled_to_prior_rule_free_snapshot
c0ab2eae-bebc-4c05-b412-040cb781e3c8,trilogy,2026-07,Greenfield - 125,532/B,VIL,One Bedroom,3299,3105,3134,Decrease 3% - One Bedroom when SL occupancy < 80% +1 more,2026-08-21 01:10:50.917+00,2026-06,VIL,3299,,,,3105,July modulo_suggested_rate; clearing rule_adjusted_rate restores the normal pre-rule fallback,reconciled_to_prior_rule_free_snapshot
c0eb30b1-51c3-4c01-8abf-20cf868be646,trilogy,2026-07,Bloomington HS - 5149,407/B,AL,Companion,6029,6391,5976,Decrease 6.5% - Companion when RT occupancy < 50% +1 more,2026-08-21 01:10:52.31+00,2026-06,AL,6029,,,,6391,July modulo_suggested_rate; clearing rule_adjusted_rate restores the normal pre-rule fallback,reconciled_to_prior_rule_free_snapshot
c0ee0aaa-9c6b-40d3-ac7c-4bb5f10ef342,trilogy,2026-07,Sylvania - 2427,7351/A,VIL,One Bedroom,3299,3090,3134,Decrease 3% - One Bedroom when SL occupancy < 80% +1 more,2026-08-21 01:10:45.367+00,2026-06,VIL,3299,,,,3090,July modulo_suggested_rate; clearing rule_adjusted_rate restores the normal pre-rule fallback,reconciled_to_prior_rule_free_snapshot
c10f664a-608a-4d9f-92ed-76eebf3457c2,trilogy,2026-07,Shelbyville - 118,9B/B,VIL,One Bedroom,3289,3276,3178,Decrease 3% - One Bedroom when SL occupancy < 80% +1 more,2026-08-21 01:10:52.984+00,2026-06,VIL,3289,,,,3276,July modulo_suggested_rate; clearing rule_adjusted_rate restores the normal pre-rule fallback,reconciled_to_prior_rule_free_snapshot
c11f17d6-abba-46df-ba8a-5d70244c1b25,trilogy,2026-07,Bardstown - 233,205/B,AL/MC,Studio,6229,6027,5918,"Decrease 3% - Studio Dlx, Studio when SL occupancy < 80% +2 more",2026-08-21 01:10:41.57+00,2026-06,AL/MC,6229,,,,6027,July modulo_suggested_rate; clearing rule_adjusted_rate restores the normal pre-rule fallback,reconciled_to_prior_rule_free_snapshot
c164b305-cda0-472b-9550-d6ed74ca09f0,trilogy,2026-07,Boonville - 110,500/B,AL,Studio,6409,6794,6590,"Decrease 3% - Studio Dlx, Studio when SL occupancy < 80% +2 more",2026-08-21 01:10:56.638+00,2026-06,AL,6409,,,,6794,July modulo_suggested_rate; clearing rule_adjusted_rate restores the normal pre-rule fallback,reconciled_to_prior_rule_free_snapshot
c16bfd5c-638d-4098-af77-7d7a6dd8a74f,trilogy,2026-07,Tiffin - 435,513/A,AL,Studio,6549,6942,6734,"Decrease 3% - Studio Dlx, Studio when SL occupancy < 80% +2 more",2026-08-21 01:10:51.217+00,2026-06,AL,6389,,,,6942,July modulo_suggested_rate; clearing rule_adjusted_rate restores the normal pre-rule fallback,reconciled_to_prior_rule_free_snapshot
c242f26d-4e66-4ad2-9cfa-7bcfc449ad6b,trilogy,2026-07,Monclova - 2422,7007/B,VIL,One Bedroom,3229,3423,3320,Decrease 3% - One Bedroom when SL occupancy < 80% +1 more,2026-08-21 01:10:53.213+00,2026-06,VIL,3149,,,,3423,July modulo_suggested_rate; clearing rule_adjusted_rate restores the normal pre-rule fallback,reconciled_to_prior_rule_free_snapshot
c268aa75-8da1-494f-ada7-5d1aaecdc33b,trilogy,2026-07,Boonville - 110,518/A,AL,Studio,6409,6794,6590,"Decrease 3% - Studio Dlx, Studio when SL occupancy < 80% +2 more",2026-08-21 01:10:56.638+00,2026-06,AL,6409,,,,6794,July modulo_suggested_rate; clearing rule_adjusted_rate restores the normal pre-rule fallback,reconciled_to_prior_rule_free_snapshot
c283e6d6-bb36-4956-8697-af945eb11f10,trilogy,2026-07,Muncie - 128,521/A,AL,Studio,6989,6598,6640,"Decrease 3% - Studio Dlx, Studio when SL occupancy < 80% +2 more",2026-08-21 01:10:58.756+00,2026-06,AL,6919,,,,6598,July modulo_suggested_rate; clearing rule_adjusted_rate restores the normal pre-rule fallback,reconciled_to_prior_rule_free_snapshot
c2c962c4-43b5-4af9-88ce-e040e7ee0e0a,trilogy,2026-07,Monclova - 2422,7015/A,VIL,One Bedroom,3229,3423,3320,Decrease 3% - One Bedroom when SL occupancy < 80% +1 more,2026-08-21 01:10:53.213+00,2026-06,VIL,3149,,,,3423,July modulo_suggested_rate; clearing rule_adjusted_rate restores the normal pre-rule fallback,reconciled_to_prior_rule_free_snapshot
c3681311-8549-48c1-a921-5da9e3a1643c,trilogy,2026-07,Tiffin - 435,602/A,AL,Studio,6539,6931,6723,"Decrease 3% - Studio Dlx, Studio when SL occupancy < 80% +2 more",2026-08-21 01:10:51.217+00,2026-06,AL,369,,,,6931,July modulo_suggested_rate; clearing rule_adjusted_rate restores the normal pre-rule fallback,reconciled_to_prior_rule_free_snapshot
c3f3500c-2d96-4f50-844c-bf318ae8bb76,trilogy,2026-07,Noblesville - 141,L104/A,AL/MC,Companion,7699,7310,7314,Decrease 6.5% - Companion when RT occupancy < 50% +1 more,2026-08-21 01:10:54.824+00,2026-06,AL/MC,7699,,,,7310,July modulo_suggested_rate; clearing rule_adjusted_rate restores the normal pre-rule fallback,reconciled_to_prior_rule_free_snapshot
c43f8aec-7dcb-414f-b249-22cf4a22407c,trilogy,2026-07,Tiffin - 435,501/B,AL,Studio,6799,7207,6991,"Decrease 3% - Studio Dlx, Studio when SL occupancy < 80% +2 more",2026-08-21 01:10:51.217+00,2026-06,AL,6629,,,,7207,July modulo_suggested_rate; clearing rule_adjusted_rate restores the normal pre-rule fallback,reconciled_to_prior_rule_free_snapshot
c442803a-2fb3-4098-8d80-bcc33c8545c6,trilogy,2026-07,Lafayette SL - 5162,129/A,AL,Studio,5849,5837,5662,"Decrease 3% - Studio Dlx, Studio when SL occupancy < 80% +2 more",2026-08-21 01:10:48.831+00,2026-06,AL,5849,,,,5837,July modulo_suggested_rate; clearing rule_adjusted_rate restores the normal pre-rule fallback,reconciled_to_prior_rule_free_snapshot
c45f345a-b57c-41a1-a20e-a41ccb7e777c,trilogy,2026-07,Louisville ES - 210,LB320/B,AL/MC,Studio,8989,9528,9242,"Decrease 3% - Studio Dlx, Studio when SL occupancy < 80% +2 more",2026-08-21 01:10:50.917+00,2026-06,AL/MC,8769,,,,9528,July modulo_suggested_rate; clearing rule_adjusted_rate restores the normal pre-rule fallback,reconciled_to_prior_rule_free_snapshot
c4634a4b-23ce-4052-b335-de1e3a0b716c,trilogy,2026-07,Waunakee - 571,04/B,VIL,One Bedroom,2699,2861,2775,Decrease 3% - One Bedroom when SL occupancy < 80% +1 more,2026-08-21 01:10:50.917+00,2026-06,VIL,2629,,,,2861,July modulo_suggested_rate; clearing rule_adjusted_rate restores the normal pre-rule fallback,reconciled_to_prior_rule_free_snapshot
c46e1bfd-5022-41e1-b5c7-69abc1331d55,trilogy,2026-07,Muncie - 128,402/A,AL,Studio,269,254,256,"Decrease 3% - Studio Dlx, Studio when SL occupancy < 80% +2 more",2026-08-21 01:10:58.756+00,2026-06,AL,6989,,,,254,July modulo_suggested_rate; clearing rule_adjusted_rate restores the normal pre-rule fallback,reconciled_to_prior_rule_free_snapshot
c47385ed-5633-43a4-b316-99e2beda6444,trilogy,2026-07,Sylvania - 2427,7313/A,VIL,One Bedroom,3299,3090,3134,Decrease 3% - One Bedroom when SL occupancy < 80% +1 more,2026-08-21 01:10:45.367+00,2026-06,VIL,3299,,,,3090,July modulo_suggested_rate; clearing rule_adjusted_rate restores the normal pre-rule fallback,reconciled_to_prior_rule_free_snapshot
c4b5f72d-fef0-4354-9d00-e97696f31737,trilogy,2026-07,Ottawa MO - 430,222/A,VIL,One Bedroom,2699,2507,2564,Decrease 3% - One Bedroom when SL occupancy < 80% +1 more,2026-08-21 01:10:52.984+00,2026-06,VIL,2699,,,,2507,July modulo_suggested_rate; clearing rule_adjusted_rate restores the normal pre-rule fallback,reconciled_to_prior_rule_free_snapshot
c4c585ad-9b2b-44a3-9db2-888e3f56a8a1,trilogy,2026-07,Leipsic - 409,251/B,VIL,One Bedroom,1139,1207,1171,Decrease 3% - One Bedroom when SL occupancy < 80% +1 more,2026-08-21 01:10:57.66+00,2026-06,VIL,1069,,,,1207,July modulo_suggested_rate; clearing rule_adjusted_rate restores the normal pre-rule fallback,reconciled_to_prior_rule_free_snapshot
c500415d-b42b-4040-9330-c42ff46ddb8c,trilogy,2026-07,Anderson - 112,1725/A,VIL,One Bedroom,2819,2640,2678,Decrease 3% - One Bedroom when SL occupancy < 80% +1 more,2026-08-21 01:10:46.29+00,2026-06,VIL,2959,,,,2640,July modulo_suggested_rate; clearing rule_adjusted_rate restores the normal pre-rule fallback,reconciled_to_prior_rule_free_snapshot
c55eead3-2175-4413-b7dc-6a32f16548b6,trilogy,2026-07,Monclova - 2422,703/A,AL/MC,Companion,7669,6749,7286,Decrease 6.5% - Companion when RT occupancy < 50% +1 more,2026-08-21 01:10:53.213+00,2026-06,AL/MC,7859,,,,6749,July modulo_suggested_rate; clearing rule_adjusted_rate restores the normal pre-rule fallback,reconciled_to_prior_rule_free_snapshot
c59b8be4-5318-4199-9b9a-370095e37bfe,trilogy,2026-07,Louisville ES - 210,LB105/B,AL/MC,Studio,8809,9338,9058,"Decrease 3% - Studio Dlx, Studio when SL occupancy < 80% +2 more",2026-08-21 01:10:50.917+00,2026-06,AL/MC,8589,,,,9338,July modulo_suggested_rate; clearing rule_adjusted_rate restores the normal pre-rule fallback,reconciled_to_prior_rule_free_snapshot
c617f652-5ab2-4615-a7b8-fdb4e3aaae33,trilogy,2026-07,Scottsburg - 121,513/A,AL,Studio Dlx,7579,7128,7200,"Decrease 3% - Studio Dlx, Studio when SL occupancy < 80% +2 more",2026-08-21 01:10:45.367+00,2026-06,AL,7579,,,,7128,July modulo_suggested_rate; clearing rule_adjusted_rate restores the normal pre-rule fallback,reconciled_to_prior_rule_free_snapshot
c649c716-62c6-4d4f-900f-d8c91697be80,trilogy,2026-07,Boonville - 110,505/A,AL,Studio,6409,6794,6590,"Decrease 3% - Studio Dlx, Studio when SL occupancy < 80% +2 more",2026-08-21 01:10:56.638+00,2026-06,AL,6409,,,,6794,July modulo_suggested_rate; clearing rule_adjusted_rate restores the normal pre-rule fallback,reconciled_to_prior_rule_free_snapshot
c66a0d3a-f4b0-4253-b0f1-aa5d63c159c6,trilogy,2026-07,East Lansing - 2507,603/B,AL/MC,Companion,7599,6880,7219,Decrease 6.5% - Companion when RT occupancy < 50% +1 more,2026-08-21 01:11:00.393+00,2026-06,AL/MC,7599,,,,6880,July modulo_suggested_rate; clearing rule_adjusted_rate restores the normal pre-rule fallback,reconciled_to_prior_rule_free_snapshot
c6757c05-36ea-43f9-8134-7f3649e4cd0e,trilogy,2026-07,Boonville - 110,503/B,AL,Studio,6409,6794,6590,"Decrease 3% - Studio Dlx, Studio when SL occupancy < 80% +2 more",2026-08-21 01:10:56.638+00,2026-06,AL,6409,,,,6794,July modulo_suggested_rate; clearing rule_adjusted_rate restores the normal pre-rule fallback,reconciled_to_prior_rule_free_snapshot
c6936494-2815-485b-8c86-683243456b60,trilogy,2026-07,Ottawa MO - 430,343/A,VIL,One Bedroom,2699,2507,2564,Decrease 3% - One Bedroom when SL occupancy < 80% +1 more,2026-08-21 01:10:52.984+00,2026-06,VIL,2699,,,,2507,July modulo_suggested_rate; clearing rule_adjusted_rate restores the normal pre-rule fallback,reconciled_to_prior_rule_free_snapshot
c6aa6cd9-0e20-4838-a25d-8bb633333360,trilogy,2026-07,Anderson - 112,1721/B,VIL,One Bedroom,2819,2640,2678,Decrease 3% - One Bedroom when SL occupancy < 80% +1 more,2026-08-21 01:10:46.29+00,2026-06,VIL,2959,,,,2640,July modulo_suggested_rate; clearing rule_adjusted_rate restores the normal pre-rule fallback,reconciled_to_prior_rule_free_snapshot
c7353f1f-a2e3-49ff-b9aa-fe459bdba1dc,trilogy,2026-07,Kokomo WK - 5168,29/B,AL,Studio,6119,6486,6291,"Decrease 3% - Studio Dlx, Studio when SL occupancy < 80% +2 more",2026-08-21 01:10:55.676+00,2026-06,AL,5969,,,,6486,July modulo_suggested_rate; clearing rule_adjusted_rate restores the normal pre-rule fallback,reconciled_to_prior_rule_free_snapshot
c73a05ce-18d0-4a8a-85ad-8c5c6ea8935d,trilogy,2026-07,Boonville - 110,506/A,AL,Studio,6409,6794,6590,"Decrease 3% - Studio Dlx, Studio when SL occupancy < 80% +2 more",2026-08-21 01:10:56.638+00,2026-06,AL,6409,,,,6794,July modulo_suggested_rate; clearing rule_adjusted_rate restores the normal pre-rule fallback,reconciled_to_prior_rule_free_snapshot
c73b4c03-7aad-4df9-8573-10d1169fab67,trilogy,2026-07,Louisville ES - 210,LB317/A,AL/MC,Studio,8809,9338,9058,"Decrease 3% - Studio Dlx, Studio when SL occupancy < 80% +2 more",2026-08-21 01:10:50.917+00,2026-06,AL/MC,8589,,,,9338,July modulo_suggested_rate; clearing rule_adjusted_rate restores the normal pre-rule fallback,reconciled_to_prior_rule_free_snapshot
c743de13-d276-4924-8b6e-1de3d60a0868,trilogy,2026-07,Sylvania - 2427,5370/B,VIL,One Bedroom,499,467,474,Decrease 3% - One Bedroom when SL occupancy < 80% +1 more,2026-08-21 01:10:45.367+00,2026-06,VIL,499,,,,467,July modulo_suggested_rate; clearing rule_adjusted_rate restores the normal pre-rule fallback,reconciled_to_prior_rule_free_snapshot
c7652147-04eb-481e-9502-8d0a1cc0e511,trilogy,2026-07,Crawfordsville - 5167,15/A,AL,Studio,5969,5957,5778,"Decrease 3% - Studio Dlx, Studio when SL occupancy < 80% +2 more",2026-08-21 01:10:55.188+00,2026-06,AL,5819,,,,5957,July modulo_suggested_rate; clearing rule_adjusted_rate restores the normal pre-rule fallback,reconciled_to_prior_rule_free_snapshot
c7b0469c-ed63-4c7b-a36d-f9f6d70d103e,trilogy,2026-07,Greenfield - 125,2231/A,VIL,One Bedroom,3299,3105,3134,Decrease 3% - One Bedroom when SL occupancy < 80% +1 more,2026-08-21 01:10:50.609+00,2026-06,VIL,3299,,,,3105,July modulo_suggested_rate; clearing rule_adjusted_rate restores the normal pre-rule fallback,reconciled_to_prior_rule_free_snapshot
c87a511a-8557-4522-8515-505f322e87c6,trilogy,2026-07,Scottsburg - 121,502/A,AL,Studio,5499,5632,5463,"Decrease 3% - Studio Dlx, Studio when SL occupancy < 80% +2 more",2026-08-21 01:10:45.367+00,2026-06,AL,5499,,,,5632,July modulo_suggested_rate; clearing rule_adjusted_rate restores the normal pre-rule fallback,reconciled_to_prior_rule_free_snapshot
c8a866ff-d4b5-4822-a5b3-88a2654f13b5,trilogy,2026-07,Sylvania - 2427,9142/B,VIL,One Bedroom,3299,3090,3134,Decrease 3% - One Bedroom when SL occupancy < 80% +1 more,2026-08-21 01:10:45.367+00,2026-06,VIL,3299,,,,3090,July modulo_suggested_rate; clearing rule_adjusted_rate restores the normal pre-rule fallback,reconciled_to_prior_rule_free_snapshot
c9318b86-6548-4ae8-8f41-9ab195896930,trilogy,2026-07,Belmont - 519,503/A,AL,Studio,7509,7960,7721,"Decrease 3% - Studio Dlx, Studio when SL occupancy < 80% +2 more",2026-08-21 01:10:50.242+00,2026-06,AL,7319,,,,7960,July modulo_suggested_rate; clearing rule_adjusted_rate restores the normal pre-rule fallback,reconciled_to_prior_rule_free_snapshot
c997a9b9-53d8-45cb-9138-2b244d7f3427,trilogy,2026-07,Romeo - 2512,506/A,AL,Studio,7749,8135,7891,"Decrease 3% - Studio Dlx, Studio when SL occupancy < 80% +2 more",2026-08-21 01:10:50.917+00,2026-06,AL,7749,,,,8135,July modulo_suggested_rate; clearing rule_adjusted_rate restores the normal pre-rule fallback,reconciled_to_prior_rule_free_snapshot
c9c2cfb2-e7f8-4ffc-90de-4ae7a0cf0756,trilogy,2026-07,Louisville ES - 210,LB321/A,AL/MC,Studio,8809,9338,9058,"Decrease 3% - Studio Dlx, Studio when SL occupancy < 80% +2 more",2026-08-21 01:10:50.917+00,2026-06,AL/MC,8589,,,,9338,July modulo_suggested_rate; clearing rule_adjusted_rate restores the normal pre-rule fallback,reconciled_to_prior_rule_free_snapshot
c9c8dea7-a0fd-4b88-80b3-8c5fed433bef,trilogy,2026-07,Vincennes - 131,501/A,AL,Studio,6069,6284,6095,"Decrease 3% - Studio Dlx, Studio when SL occupancy < 80% +2 more",2026-08-21 01:10:59.05+00,2026-06,AL,6069,,,,6284,July modulo_suggested_rate; clearing rule_adjusted_rate restores the normal pre-rule fallback,reconciled_to_prior_rule_free_snapshot
c9eb54f8-281d-4e3e-95f5-13fc921e2a2e,trilogy,2026-07,Bardstown - 233,122/A,AL,Studio Dlx,4659,4939,4791,"Decrease 3% - Studio Dlx, Studio when SL occupancy < 80% +2 more",2026-08-21 01:10:41.57+00,2026-06,AL,4659,,,,4939,July modulo_suggested_rate; clearing rule_adjusted_rate restores the normal pre-rule fallback,reconciled_to_prior_rule_free_snapshot
c9f34984-ffcc-4486-8218-bb6c8d98d446,trilogy,2026-07,Sylvania - 2427,7353/B,VIL,One Bedroom,3299,3090,3134,Decrease 3% - One Bedroom when SL occupancy < 80% +1 more,2026-08-21 01:10:45.367+00,2026-06,VIL,3299,,,,3090,July modulo_suggested_rate; clearing rule_adjusted_rate restores the normal pre-rule fallback,reconciled_to_prior_rule_free_snapshot
ca026f8d-637e-46e9-925b-378b09ff853d,trilogy,2026-07,Waunakee - 571,08/B,VIL,One Bedroom,2699,2861,2775,Decrease 3% - One Bedroom when SL occupancy < 80% +1 more,2026-08-21 01:10:50.917+00,2026-06,VIL,2629,,,,2861,July modulo_suggested_rate; clearing rule_adjusted_rate restores the normal pre-rule fallback,reconciled_to_prior_rule_free_snapshot
ca0d615c-8cfb-4074-a3fe-49e6beabc442,trilogy,2026-07,Greenfield - 125,560/B,VIL,One Bedroom,3499,3293,3324,Decrease 3% - One Bedroom when SL occupancy < 80% +1 more,2026-08-21 01:10:50.917+00,2026-06,VIL,3499,,,,3293,July modulo_suggested_rate; clearing rule_adjusted_rate restores the normal pre-rule fallback,reconciled_to_prior_rule_free_snapshot
ca283ca3-a632-418f-a935-ea699e5f2072,trilogy,2026-07,Indianapolis AP - 5160,301/A,AL,Companion,2339,2227,2222,Decrease 6.5% - Companion when RT occupancy < 50% +1 more,2026-08-21 01:10:50.242+00,2026-06,AL,2339,,,,2227,July modulo_suggested_rate; clearing rule_adjusted_rate restores the normal pre-rule fallback,reconciled_to_prior_rule_free_snapshot
ca59ac17-58bf-435a-bbe3-ebc417430917,trilogy,2026-07,Sylvania - 2427,7311/B,VIL,One Bedroom,3299,3090,3134,Decrease 3% - One Bedroom when SL occupancy < 80% +1 more,2026-08-21 01:10:45.367+00,2026-06,VIL,3299,,,,3090,July modulo_suggested_rate; clearing rule_adjusted_rate restores the normal pre-rule fallback,reconciled_to_prior_rule_free_snapshot
cac0711b-a02a-484a-9feb-4801af734c0a,trilogy,2026-07,Vincennes - 131,517/A,AL,Studio,6069,6284,6095,"Decrease 3% - Studio Dlx, Studio when SL occupancy < 80% +2 more",2026-08-21 01:10:59.05+00,2026-06,AL,229,,,,6284,July modulo_suggested_rate; clearing rule_adjusted_rate restores the normal pre-rule fallback,reconciled_to_prior_rule_free_snapshot
cb0eb961-b05e-4b40-8af8-285aa68f24a3,trilogy,2026-07,Anderson - 112,2125/B,VIL,One Bedroom,2819,2640,2678,Decrease 3% - One Bedroom when SL occupancy < 80% +1 more,2026-08-21 01:10:46.29+00,2026-06,VIL,2959,,,,2640,July modulo_suggested_rate; clearing rule_adjusted_rate restores the normal pre-rule fallback,reconciled_to_prior_rule_free_snapshot
cb35ee6e-c4b2-4b55-99f0-3d1febcdf9a1,trilogy,2026-07,Anderson - 112,2212/B,VIL,One Bedroom,2819,2640,2678,Decrease 3% - One Bedroom when SL occupancy < 80% +1 more,2026-08-21 01:10:46.29+00,2026-06,VIL,2959,,,,2640,July modulo_suggested_rate; clearing rule_adjusted_rate restores the normal pre-rule fallback,reconciled_to_prior_rule_free_snapshot
cb556600-3eea-455b-8373-cdd07f8f1e47,trilogy,2026-07,Anderson - 112,2131/B,VIL,One Bedroom,2819,2640,2678,Decrease 3% - One Bedroom when SL occupancy < 80% +1 more,2026-08-21 01:10:46.29+00,2026-06,VIL,2959,,,,2640,July modulo_suggested_rate; clearing rule_adjusted_rate restores the normal pre-rule fallback,reconciled_to_prior_rule_free_snapshot
cb8b3f35-1d60-4957-beb7-34a72861e5ad,trilogy,2026-07,Scottsburg - 121,501/A,AL,Studio,5499,5632,5463,"Decrease 3% - Studio Dlx, Studio when SL occupancy < 80% +2 more",2026-08-21 01:10:45.367+00,2026-06,AL,5499,,,,5632,July modulo_suggested_rate; clearing rule_adjusted_rate restores the normal pre-rule fallback,reconciled_to_prior_rule_free_snapshot
cba343bb-e8a3-454d-a4dd-67c7f920a090,trilogy,2026-07,Lafayette SL - 5162,124/A,AL,Studio,5849,5837,5662,"Decrease 3% - Studio Dlx, Studio when SL occupancy < 80% +2 more",2026-08-21 01:10:48.831+00,2026-06,AL,5849,,,,5837,July modulo_suggested_rate; clearing rule_adjusted_rate restores the normal pre-rule fallback,reconciled_to_prior_rule_free_snapshot
cbaf3afd-9c9b-46b8-8953-634213111fb0,trilogy,2026-07,Bellevue - 414,505/B,AL,Studio,7039,7024,6813,"Decrease 3% - Studio Dlx, Studio when SL occupancy < 80% +2 more",2026-08-21 01:10:58.191+00,2026-06,AL,6859,,,,7024,July modulo_suggested_rate; clearing rule_adjusted_rate restores the normal pre-rule fallback,reconciled_to_prior_rule_free_snapshot
cbc3b80d-6901-4717-8334-834ed68be4c8,trilogy,2026-07,Belmont - 519,516/A,AL,Studio,7319,7758,7525,"Decrease 3% - Studio Dlx, Studio when SL occupancy < 80% +2 more",2026-08-21 01:10:50.242+00,2026-06,AL,7139,,,,7758,July modulo_suggested_rate; clearing rule_adjusted_rate restores the normal pre-rule fallback,reconciled_to_prior_rule_free_snapshot
cbdee89a-831f-484a-b3af-a29c0ef80bd1,trilogy,2026-07,Greenfield - 125,617/A,AL/MC,Companion,8109,7470,7704,Decrease 6.5% - Companion when RT occupancy < 50% +1 more,2026-08-21 01:10:50.609+00,2026-06,AL/MC,8109,,,,7470,July modulo_suggested_rate; clearing rule_adjusted_rate restores the normal pre-rule fallback,reconciled_to_prior_rule_free_snapshot
cbfc2f8e-b9cb-47be-9930-8822a8a1f312,trilogy,2026-07,Kalida - 406,406/B,AL/MC,Companion,11519,12210,11416,Decrease 6.5% - Companion when RT occupancy < 50% +1 more,2026-08-21 01:10:59.05+00,2026-06,AL/MC,11519,,,,12210,July modulo_suggested_rate; clearing rule_adjusted_rate restores the normal pre-rule fallback,reconciled_to_prior_rule_free_snapshot
cc080a05-d873-4a0f-bcfe-74c49327c02a,trilogy,2026-07,Leipsic - 409,252/B,VIL,One Bedroom,1469,1557,1510,Decrease 3% - One Bedroom when SL occupancy < 80% +1 more,2026-08-21 01:10:57.66+00,2026-06,VIL,1359,,,,1557,July modulo_suggested_rate; clearing rule_adjusted_rate restores the normal pre-rule fallback,reconciled_to_prior_rule_free_snapshot
cc335db2-95c7-4f69-b3e7-479ff9c6d814,trilogy,2026-07,Vincennes - 131,518/A,AL,Studio,6069,6284,6095,"Decrease 3% - Studio Dlx, Studio when SL occupancy < 80% +2 more",2026-08-21 01:10:59.05+00,2026-06,AL,6069,,,,6284,July modulo_suggested_rate; clearing rule_adjusted_rate restores the normal pre-rule fallback,reconciled_to_prior_rule_free_snapshot
cc8b26ac-a964-44c3-b454-a830eea89d95,trilogy,2026-07,Lafayette SL - 5162,107/B,AL,Studio,5849,5837,5662,"Decrease 3% - Studio Dlx, Studio when SL occupancy < 80% +2 more",2026-08-21 01:10:48.831+00,2026-06,AL,5849,,,,5837,July modulo_suggested_rate; clearing rule_adjusted_rate restores the normal pre-rule fallback,reconciled_to_prior_rule_free_snapshot
cd65cde1-242a-465b-a5a8-57f56e7fbdfc,trilogy,2026-07,Jasper - 108,408/A,AL,Studio,6389,6236,6070,"Decrease 3% - Studio Dlx, Studio when SL occupancy < 80% +2 more",2026-08-21 01:10:45.367+00,2026-06,AL,6319,,,,6236,July modulo_suggested_rate; clearing rule_adjusted_rate restores the normal pre-rule fallback,reconciled_to_prior_rule_free_snapshot
cdd5e4ff-229e-4987-ba48-92cf2cb794f4,trilogy,2026-07,Belmont - 519,514/A,AL,Studio,7319,7758,7525,"Decrease 3% - Studio Dlx, Studio when SL occupancy < 80% +2 more",2026-08-21 01:10:50.242+00,2026-06,AL,7139,,,,7758,July modulo_suggested_rate; clearing rule_adjusted_rate restores the normal pre-rule fallback,reconciled_to_prior_rule_free_snapshot
ce059946-5781-43e1-ae2f-604f740a3eca,trilogy,2026-07,Princeton - 117,513/A,AL,Companion,8539,7514,8112,Decrease 6.5% - Companion when RT occupancy < 50% +1 more,2026-08-21 01:11:00.393+00,2026-06,AL,8539,,,,7514,July modulo_suggested_rate; clearing rule_adjusted_rate restores the normal pre-rule fallback,reconciled_to_prior_rule_free_snapshot
ce6f9e18-f0b7-4de6-8143-309b47dd77cd,trilogy,2026-07,Lafayette SL - 5162,106/A,AL,Studio,5849,5837,5662,"Decrease 3% - Studio Dlx, Studio when SL occupancy < 80% +2 more",2026-08-21 01:10:48.831+00,2026-06,AL,5849,,,,5837,July modulo_suggested_rate; clearing rule_adjusted_rate restores the normal pre-rule fallback,reconciled_to_prior_rule_free_snapshot
cf245032-cd44-4c24-9760-afca23c1fa10,trilogy,2026-07,Kokomo WK - 5168,20T/B,AL,Studio,6119,6412,6220,"Decrease 3% - Studio Dlx, Studio when SL occupancy < 80% +2 more",2026-08-21 01:10:55.676+00,2026-06,AL,5969,,,,6412,July modulo_suggested_rate; clearing rule_adjusted_rate restores the normal pre-rule fallback,reconciled_to_prior_rule_free_snapshot
cf8fe819-1c66-4d67-8c74-b0b322c20967,trilogy,2026-07,Louisville ES - 210,LB223/B,AL/MC,Studio,8809,9338,9058,"Decrease 3% - Studio Dlx, Studio when SL occupancy < 80% +2 more",2026-08-21 01:10:50.917+00,2026-06,AL/MC,8589,,,,9338,July modulo_suggested_rate; clearing rule_adjusted_rate restores the normal pre-rule fallback,reconciled_to_prior_rule_free_snapshot
cfbd628e-8d5f-427c-8524-7ec81ed4baab,trilogy,2026-07,Anderson - 112,1726/A,VIL,One Bedroom,2819,2640,2678,Decrease 3% - One Bedroom when SL occupancy < 80% +1 more,2026-08-21 01:10:46.29+00,2026-06,VIL,2959,,,,2640,July modulo_suggested_rate; clearing rule_adjusted_rate restores the normal pre-rule fallback,reconciled_to_prior_rule_free_snapshot
d0d15b9d-322a-4363-a1a6-dd15e4b1ee0d,trilogy,2026-07,Lima SL - 433,612/A,AL/MC,Studio,7159,7574,7347,"Decrease 3% - Studio Dlx, Studio when SL occupancy < 80% +2 more",2026-08-21 01:10:54.824+00,2026-06,AL/MC,6979,,,,7574,July modulo_suggested_rate; clearing rule_adjusted_rate restores the normal pre-rule fallback,reconciled_to_prior_rule_free_snapshot
d10270ec-837e-4c29-9718-6ed0ccc0e314,trilogy,2026-07,Monclova - 2422,6957/A,VIL,One Bedroom,3229,3423,3320,Decrease 3% - One Bedroom when SL occupancy < 80% +1 more,2026-08-21 01:10:53.213+00,2026-06,VIL,3149,,,,3423,July modulo_suggested_rate; clearing rule_adjusted_rate restores the normal pre-rule fallback,reconciled_to_prior_rule_free_snapshot
d1389776-af5e-46b0-85fb-ba8ad19b97f4,trilogy,2026-07,Crawfordsville - 5167,16/A,AL,Studio,5969,5957,5778,"Decrease 3% - Studio Dlx, Studio when SL occupancy < 80% +2 more",2026-08-21 01:10:55.188+00,2026-06,AL,5819,,,,5957,July modulo_suggested_rate; clearing rule_adjusted_rate restores the normal pre-rule fallback,reconciled_to_prior_rule_free_snapshot
d2157e11-787e-4b2c-92bd-2975c5797768,trilogy,2026-07,Monclova - 2422,7013/B,VIL,One Bedroom,3229,3423,3320,Decrease 3% - One Bedroom when SL occupancy < 80% +1 more,2026-08-21 01:10:53.213+00,2026-06,VIL,3149,,,,3423,July modulo_suggested_rate; clearing rule_adjusted_rate restores the normal pre-rule fallback,reconciled_to_prior_rule_free_snapshot
d256beb9-1eac-47d4-a0c1-f093faf0ce1e,trilogy,2026-07,Lafayette SL - 5162,104/A,AL,Studio,5849,5837,5662,"Decrease 3% - Studio Dlx, Studio when SL occupancy < 80% +2 more",2026-08-21 01:10:48.831+00,2026-06,AL,5849,,,,5837,July modulo_suggested_rate; clearing rule_adjusted_rate restores the normal pre-rule fallback,reconciled_to_prior_rule_free_snapshot
d274c4a6-0759-4fa1-b9cd-bf4822d1903c,trilogy,2026-07,Noblesville - 141,L205/A,AL/MC,Companion,7699,7503,7314,Decrease 6.5% - Companion when RT occupancy < 50% +1 more,2026-08-21 01:10:54.824+00,2026-06,AL/MC,7699,,,,7503,July modulo_suggested_rate; clearing rule_adjusted_rate restores the normal pre-rule fallback,reconciled_to_prior_rule_free_snapshot
d277f4ab-ca6b-4107-9ff6-658c4cdf2b80,trilogy,2026-07,Bellevue - 414,500/A,AL,Studio,7039,7024,6813,"Decrease 3% - Studio Dlx, Studio when SL occupancy < 80% +2 more",2026-08-21 01:10:58.191+00,2026-06,AL,6859,,,,7024,July modulo_suggested_rate; clearing rule_adjusted_rate restores the normal pre-rule fallback,reconciled_to_prior_rule_free_snapshot
d2b506ec-dbaf-481a-aaff-72913d6bb73d,trilogy,2026-07,Fremont - 403,504/B,AL,Studio,6349,6730,6528,"Decrease 3% - Studio Dlx, Studio when SL occupancy < 80% +2 more",2026-08-21 01:10:56.358+00,2026-06,AL,6039,,,,6730,July modulo_suggested_rate; clearing rule_adjusted_rate restores the normal pre-rule fallback,reconciled_to_prior_rule_free_snapshot
d2e55a05-0761-4e07-b8b3-e04cc079a5ff,trilogy,2026-07,Leipsic - 409,161/B,VIL,One Bedroom,1469,1557,1510,Decrease 3% - One Bedroom when SL occupancy < 80% +1 more,2026-08-21 01:10:57.66+00,2026-06,VIL,1359,,,,1557,July modulo_suggested_rate; clearing rule_adjusted_rate restores the normal pre-rule fallback,reconciled_to_prior_rule_free_snapshot
d3570364-bfae-48b4-9945-88693599903d,trilogy,2026-07,Sylvania - 2427,7310/B,VIL,One Bedroom,3299,3090,3134,Decrease 3% - One Bedroom when SL occupancy < 80% +1 more,2026-08-21 01:10:45.367+00,2026-06,VIL,3299,,,,3090,July modulo_suggested_rate; clearing rule_adjusted_rate restores the normal pre-rule fallback,reconciled_to_prior_rule_free_snapshot
d35a31d7-32a7-4a63-97f0-b9f7f8e65213,trilogy,2026-07,Ottawa MO - 430,213/B,VIL,One Bedroom,2699,2507,2564,Decrease 3% - One Bedroom when SL occupancy < 80% +1 more,2026-08-21 01:10:52.984+00,2026-06,VIL,2699,,,,2507,July modulo_suggested_rate; clearing rule_adjusted_rate restores the normal pre-rule fallback,reconciled_to_prior_rule_free_snapshot
d3b34bdf-73f9-4f69-b4d5-db6d98db5e74,trilogy,2026-07,Scottsburg - 121,518/A,AL,Studio,5499,5632,5463,"Decrease 3% - Studio Dlx, Studio when SL occupancy < 80% +2 more",2026-08-21 01:10:45.367+00,2026-06,AL,5499,,,,5632,July modulo_suggested_rate; clearing rule_adjusted_rate restores the normal pre-rule fallback,reconciled_to_prior_rule_free_snapshot
d3df2b82-fc02-418e-8680-4d78e5f1487d,trilogy,2026-07,Louisville ES - 210,LB321/B,AL/MC,Studio,8809,9338,9058,"Decrease 3% - Studio Dlx, Studio when SL occupancy < 80% +2 more",2026-08-21 01:10:50.917+00,2026-06,AL/MC,8589,,,,9338,July modulo_suggested_rate; clearing rule_adjusted_rate restores the normal pre-rule fallback,reconciled_to_prior_rule_free_snapshot
d43607b5-0a78-497b-b42b-9468e736bd35,trilogy,2026-07,Louisville ES - 210,LB211/A,AL/MC,Studio,8809,9338,9058,"Decrease 3% - Studio Dlx, Studio when SL occupancy < 80% +2 more",2026-08-21 01:10:50.917+00,2026-06,AL/MC,8589,,,,9338,July modulo_suggested_rate; clearing rule_adjusted_rate restores the normal pre-rule fallback,reconciled_to_prior_rule_free_snapshot
d45344fa-038f-4315-8f34-1be876b4a6ee,trilogy,2026-07,Anderson - 112,317/B,AL/MC,Companion,6999,6159,6649,Decrease 6.5% - Companion when RT occupancy < 50% +1 more,2026-08-21 01:10:46.29+00,2026-06,AL/MC,7179,,,,6159,July modulo_suggested_rate; clearing rule_adjusted_rate restores the normal pre-rule fallback,reconciled_to_prior_rule_free_snapshot
d4aaca63-20e3-411d-9055-0aa05888739c,trilogy,2026-07,Bardstown - 233,205/A,AL/MC,Studio,6229,6027,5918,"Decrease 3% - Studio Dlx, Studio when SL occupancy < 80% +2 more",2026-08-21 01:10:41.57+00,2026-06,AL/MC,6229,,,,6027,July modulo_suggested_rate; clearing rule_adjusted_rate restores the normal pre-rule fallback,reconciled_to_prior_rule_free_snapshot
d4bbdea1-dab9-4384-b762-51080eb501f6,trilogy,2026-07,Louisville ES - 210,LB302/B,AL/MC,Studio,8989,9528,9242,"Decrease 3% - Studio Dlx, Studio when SL occupancy < 80% +2 more",2026-08-21 01:10:50.917+00,2026-06,AL/MC,8769,,,,9528,July modulo_suggested_rate; clearing rule_adjusted_rate restores the normal pre-rule fallback,reconciled_to_prior_rule_free_snapshot
d4e2f4f7-3f4d-435f-b472-57b5af8f81eb,trilogy,2026-07,Louisville ES - 210,LB227/B,AL/MC,Studio,8809,9338,9058,"Decrease 3% - Studio Dlx, Studio when SL occupancy < 80% +2 more",2026-08-21 01:10:50.917+00,2026-06,AL/MC,8589,,,,9338,July modulo_suggested_rate; clearing rule_adjusted_rate restores the normal pre-rule fallback,reconciled_to_prior_rule_free_snapshot
d4f5899e-7494-42d1-9b5f-d6ab75ab85e5,trilogy,2026-07,Anderson - 112,1722/B,VIL,One Bedroom,2819,2640,2678,Decrease 3% - One Bedroom when SL occupancy < 80% +1 more,2026-08-21 01:10:46.29+00,2026-06,VIL,2959,,,,2640,July modulo_suggested_rate; clearing rule_adjusted_rate restores the normal pre-rule fallback,reconciled_to_prior_rule_free_snapshot
d4f6cb5d-bf85-4b73-bc77-c3be7f7af9f7,trilogy,2026-07,Shelbyville - 118,406/B,AL/MC,Companion,8689,9210,8611,Decrease 6.5% - Companion when RT occupancy < 50% +1 more,2026-08-21 01:10:52.984+00,2026-06,AL/MC,8469,,,,9210,July modulo_suggested_rate; clearing rule_adjusted_rate restores the normal pre-rule fallback,reconciled_to_prior_rule_free_snapshot
d54b5655-a4bd-41e9-8b0e-d1a480b9aa65,trilogy,2026-07,Romeo - 2512,505/A,AL,Studio,7749,8214,7968,"Decrease 3% - Studio Dlx, Studio when SL occupancy < 80% +2 more",2026-08-21 01:10:50.917+00,2026-06,AL,7749,,,,8214,July modulo_suggested_rate; clearing rule_adjusted_rate restores the normal pre-rule fallback,reconciled_to_prior_rule_free_snapshot
d5664bc6-e688-4ad2-911e-690157ed5179,trilogy,2026-07,Bardstown - 233,139/A,AL,Studio Dlx,4799,5087,4934,"Decrease 3% - Studio Dlx, Studio when SL occupancy < 80% +2 more",2026-08-21 01:10:41.57+00,2026-06,AL,4799,,,,5087,July modulo_suggested_rate; clearing rule_adjusted_rate restores the normal pre-rule fallback,reconciled_to_prior_rule_free_snapshot
d5ac6f32-be22-4990-ad83-bd3358f44c7a,trilogy,2026-07,Kokomo WK - 5168,29/A,AL,Studio,6119,6486,6291,"Decrease 3% - Studio Dlx, Studio when SL occupancy < 80% +2 more",2026-08-21 01:10:55.676+00,2026-06,AL,5969,,,,6486,July modulo_suggested_rate; clearing rule_adjusted_rate restores the normal pre-rule fallback,reconciled_to_prior_rule_free_snapshot
d5b661be-be6b-49dc-86c4-63b09dc29d07,trilogy,2026-07,Lima SL - 433,607/A,AL/MC,Studio,7159,7589,7361,"Decrease 3% - Studio Dlx, Studio when SL occupancy < 80% +2 more",2026-08-21 01:10:54.824+00,2026-06,AL/MC,6979,,,,7589,July modulo_suggested_rate; clearing rule_adjusted_rate restores the normal pre-rule fallback,reconciled_to_prior_rule_free_snapshot
d61507a9-b97f-427c-88a5-980f391e692f,trilogy,2026-07,Kalida - 406,407/A,AL/MC,Studio,7919,7213,7523,"Decrease 3% - Studio Dlx, Studio when SL occupancy < 80% +2 more",2026-08-21 01:10:59.05+00,2026-06,AL/MC,8119,,,,7213,July modulo_suggested_rate; clearing rule_adjusted_rate restores the normal pre-rule fallback,reconciled_to_prior_rule_free_snapshot
d62adc25-6191-4b5a-b95a-323c51b1682d,trilogy,2026-07,Leipsic - 409,161/A,VIL,One Bedroom,1469,1557,1510,Decrease 3% - One Bedroom when SL occupancy < 80% +1 more,2026-08-21 01:10:57.66+00,2026-06,VIL,1359,,,,1557,July modulo_suggested_rate; clearing rule_adjusted_rate restores the normal pre-rule fallback,reconciled_to_prior_rule_free_snapshot
d66947f2-edb2-44d7-9cf7-3d8bda42e4cb,trilogy,2026-07,Richmond FP - 123,501/A,AL,Companion,5539,5768,5393,Decrease 6.5% - Companion when RT occupancy < 50% +1 more,2026-08-21 01:10:52.024+00,2026-06,AL,5539,,,,5768,July modulo_suggested_rate; clearing rule_adjusted_rate restores the normal pre-rule fallback,reconciled_to_prior_rule_free_snapshot
d66f7168-c593-483f-9e6b-4d9013318c09,trilogy,2026-07,Waunakee - 571,06/A,VIL,One Bedroom,2699,2861,2775,Decrease 3% - One Bedroom when SL occupancy < 80% +1 more,2026-08-21 01:10:50.917+00,2026-06,VIL,2629,,,,2861,July modulo_suggested_rate; clearing rule_adjusted_rate restores the normal pre-rule fallback,reconciled_to_prior_rule_free_snapshot
d766f223-f89d-4b5a-8bf3-5ec03ce3a4c6,trilogy,2026-07,Belmont - 519,507/A,AL,Studio,7179,7610,7382,"Decrease 3% - Studio Dlx, Studio when SL occupancy < 80% +2 more",2026-08-21 01:10:50.242+00,2026-06,AL,6999,,,,7610,July modulo_suggested_rate; clearing rule_adjusted_rate restores the normal pre-rule fallback,reconciled_to_prior_rule_free_snapshot
d76b5ddf-a970-47d4-b575-f3692aed7622,trilogy,2026-07,Tiffin - 435,514/A,AL,Studio,6799,7207,6991,"Decrease 3% - Studio Dlx, Studio when SL occupancy < 80% +2 more",2026-08-21 01:10:51.217+00,2026-06,AL,6629,,,,7207,July modulo_suggested_rate; clearing rule_adjusted_rate restores the normal pre-rule fallback,reconciled_to_prior_rule_free_snapshot
d787868d-821e-41a6-92ee-40425eaf8102,trilogy,2026-07,Greenfield - 125,528/B,VIL,One Bedroom,3299,3105,3134,Decrease 3% - One Bedroom when SL occupancy < 80% +1 more,2026-08-21 01:10:50.609+00,2026-06,VIL,3299,,,,3105,July modulo_suggested_rate; clearing rule_adjusted_rate restores the normal pre-rule fallback,reconciled_to_prior_rule_free_snapshot
d7abd1fa-e504-4e7a-a697-1b1c15724aea,trilogy,2026-07,Kalida - 406,403/B,AL/MC,Studio,7919,7213,7523,"Decrease 3% - Studio Dlx, Studio when SL occupancy < 80% +2 more",2026-08-21 01:10:59.05+00,2026-06,AL/MC,8119,,,,7213,July modulo_suggested_rate; clearing rule_adjusted_rate restores the normal pre-rule fallback,reconciled_to_prior_rule_free_snapshot
d80e8ab6-0674-4bd1-96c8-ad9f458d36b1,trilogy,2026-07,Leipsic - 409,255/A,VIL,One Bedroom,1469,1557,1510,Decrease 3% - One Bedroom when SL occupancy < 80% +1 more,2026-08-21 01:10:57.66+00,2026-06,VIL,1359,,,,1557,July modulo_suggested_rate; clearing rule_adjusted_rate restores the normal pre-rule fallback,reconciled_to_prior_rule_free_snapshot
d82746c0-4960-455b-9623-3a1fb67dd0c6,trilogy,2026-07,Corydon - 2180,514/A,AL,Studio,6459,6285,6136,"Decrease 3% - Studio Dlx, Studio when SL occupancy < 80% +2 more",2026-08-21 01:10:55.676+00,2026-06,AL,6389,,,,6285,July modulo_suggested_rate; clearing rule_adjusted_rate restores the normal pre-rule fallback,reconciled_to_prior_rule_free_snapshot
d87892b5-00ee-448a-b7c3-f8c2347eafab,trilogy,2026-07,Greenfield - 125,2215/A,VIL,One Bedroom,3299,3105,3134,Decrease 3% - One Bedroom when SL occupancy < 80% +1 more,2026-08-21 01:10:50.917+00,2026-06,VIL,3299,,,,3105,July modulo_suggested_rate; clearing rule_adjusted_rate restores the normal pre-rule fallback,reconciled_to_prior_rule_free_snapshot
d88dabd6-0341-4cd5-bf5c-094424f7766b,trilogy,2026-07,Louisville ES - 210,LB324/A,AL/MC,Studio,8989,9528,9242,"Decrease 3% - Studio Dlx, Studio when SL occupancy < 80% +2 more",2026-08-21 01:10:50.917+00,2026-06,AL/MC,8769,,,,9528,July modulo_suggested_rate; clearing rule_adjusted_rate restores the normal pre-rule fallback,reconciled_to_prior_rule_free_snapshot
d8dc4a6f-9837-4869-b5b8-518237e9a635,trilogy,2026-07,Romeo - 2512,409/A,AL,Studio,7749,8214,7968,"Decrease 3% - Studio Dlx, Studio when SL occupancy < 80% +2 more",2026-08-21 01:10:50.917+00,2026-06,AL,7749,,,,8214,July modulo_suggested_rate; clearing rule_adjusted_rate restores the normal pre-rule fallback,reconciled_to_prior_rule_free_snapshot
d8fb393d-70fe-4597-ad84-5bcc58a1496f,trilogy,2026-07,Batesville - 120,509/A,AL,Studio,6669,6900,6693,"Decrease 3% - Studio Dlx, Studio when SL occupancy < 80% +2 more",2026-08-21 01:10:54.344+00,2026-06,AL,6499,,,,6900,July modulo_suggested_rate; clearing rule_adjusted_rate restores the normal pre-rule fallback,reconciled_to_prior_rule_free_snapshot
d9464299-1918-49b9-b34b-40dc17b6eb01,trilogy,2026-07,Crawfordsville - 5167,30/B,AL,Studio,5969,5957,5778,"Decrease 3% - Studio Dlx, Studio when SL occupancy < 80% +2 more",2026-08-21 01:10:55.188+00,2026-06,AL,5819,,,,5957,July modulo_suggested_rate; clearing rule_adjusted_rate restores the normal pre-rule fallback,reconciled_to_prior_rule_free_snapshot
d9a4c56a-1bb9-42fa-b3aa-7cc5252a9444,trilogy,2026-07,Bellevue - 414,515/A,AL,Studio,7039,7024,6813,"Decrease 3% - Studio Dlx, Studio when SL occupancy < 80% +2 more",2026-08-21 01:10:58.191+00,2026-06,AL,6859,,,,7024,July modulo_suggested_rate; clearing rule_adjusted_rate restores the normal pre-rule fallback,reconciled_to_prior_rule_free_snapshot
da366226-d23c-4c74-8008-90f348374f2c,trilogy,2026-07,Ottawa MO - 430,224/A,VIL,One Bedroom,2699,2507,2564,Decrease 3% - One Bedroom when SL occupancy < 80% +1 more,2026-08-21 01:10:53.213+00,2026-06,VIL,2699,,,,2507,July modulo_suggested_rate; clearing rule_adjusted_rate restores the normal pre-rule fallback,reconciled_to_prior_rule_free_snapshot
da378b66-b199-4669-9b33-ebefc3707e4d,trilogy,2026-07,Sylvania - 2427,5376/B,VIL,One Bedroom,3299,3090,3134,Decrease 3% - One Bedroom when SL occupancy < 80% +1 more,2026-08-21 01:10:45.367+00,2026-06,VIL,3299,,,,3090,July modulo_suggested_rate; clearing rule_adjusted_rate restores the normal pre-rule fallback,reconciled_to_prior_rule_free_snapshot
da4d03bb-9108-4726-8d8a-2b01fe521b08,trilogy,2026-07,Leipsic - 409,165/A,VIL,One Bedroom,1139,1207,1171,Decrease 3% - One Bedroom when SL occupancy < 80% +1 more,2026-08-21 01:10:57.66+00,2026-06,VIL,1069,,,,1207,July modulo_suggested_rate; clearing rule_adjusted_rate restores the normal pre-rule fallback,reconciled_to_prior_rule_free_snapshot
daccbad4-08d4-4ad2-a558-d094b454548a,trilogy,2026-07,Richmond FP - 123,510/B,AL,Companion,6579,6624,6250,Decrease 6.5% - Companion when RT occupancy < 50% +1 more,2026-08-21 01:10:52.024+00,2026-06,AL,6509,,,,6624,July modulo_suggested_rate; clearing rule_adjusted_rate restores the normal pre-rule fallback,reconciled_to_prior_rule_free_snapshot
db40e1ec-50b5-4f17-a94d-a4cc8918dcb6,trilogy,2026-07,Crawfordsville - 5167,10/A,AL,Studio Dlx,6749,7154,6939,"Decrease 3% - Studio Dlx, Studio when SL occupancy < 80% +2 more",2026-08-21 01:10:55.188+00,2026-06,AL,6579,,,,7154,July modulo_suggested_rate; clearing rule_adjusted_rate restores the normal pre-rule fallback,reconciled_to_prior_rule_free_snapshot
dbb296b0-90b1-4f2a-b034-8dbdfdd08170,trilogy,2026-07,Ottawa MO - 430,343/B,VIL,One Bedroom,2699,2507,2564,Decrease 3% - One Bedroom when SL occupancy < 80% +1 more,2026-08-21 01:10:53.213+00,2026-06,VIL,2699,,,,2507,July modulo_suggested_rate; clearing rule_adjusted_rate restores the normal pre-rule fallback,reconciled_to_prior_rule_free_snapshot
dbd003a3-e792-4b8b-a13a-70efc76c9da1,trilogy,2026-07,Batesville - 120,518/A,AL,Studio,6669,6900,6693,"Decrease 3% - Studio Dlx, Studio when SL occupancy < 80% +2 more",2026-08-21 01:10:54.344+00,2026-06,AL,6499,,,,6900,July modulo_suggested_rate; clearing rule_adjusted_rate restores the normal pre-rule fallback,reconciled_to_prior_rule_free_snapshot
dbf16e8f-cb34-4105-8c26-87c910c82898,trilogy,2026-07,Batesville - 120,502/A,AL,Studio,6669,6900,6693,"Decrease 3% - Studio Dlx, Studio when SL occupancy < 80% +2 more",2026-08-21 01:10:54.344+00,2026-06,AL,6499,,,,6900,July modulo_suggested_rate; clearing rule_adjusted_rate restores the normal pre-rule fallback,reconciled_to_prior_rule_free_snapshot
dc078bc8-7414-421a-ac47-03f41730f066,trilogy,2026-07,Lafayette SL - 5162,109/A,AL,Studio,7349,7170,6982,"Decrease 3% - Studio Dlx, Studio when SL occupancy < 80% +2 more",2026-08-21 01:10:48.831+00,2026-06,AL,7169,,,,7170,July modulo_suggested_rate; clearing rule_adjusted_rate restores the normal pre-rule fallback,reconciled_to_prior_rule_free_snapshot
dc0ca788-deba-4c60-bcc4-4abc842bb4c6,trilogy,2026-07,Bloomington HS - 5149,405/A,AL,Companion,6029,6391,5976,Decrease 6.5% - Companion when RT occupancy < 50% +1 more,2026-08-21 01:10:52.31+00,2026-06,AL,6029,,,,6391,July modulo_suggested_rate; clearing rule_adjusted_rate restores the normal pre-rule fallback,reconciled_to_prior_rule_free_snapshot
dc175d7f-f754-40ed-b986-225286367e4e,trilogy,2026-07,Harrodsburg - 2187,404/B,AL,Companion,5999,6359,5946,Decrease 6.5% - Companion when RT occupancy < 50% +1 more,2026-08-21 01:11:00.666+00,2026-06,AL,5999,,,,6359,July modulo_suggested_rate; clearing rule_adjusted_rate restores the normal pre-rule fallback,reconciled_to_prior_rule_free_snapshot
dc363558-7609-4c2c-b8ca-3c296c4ca736,trilogy,2026-07,Colerain - 412,512/B,AL,Companion,6219,6592,6164,Decrease 6.5% - Companion when RT occupancy < 50% +1 more,2026-08-21 01:10:51.217+00,2026-06,AL,6049,,,,6592,July modulo_suggested_rate; clearing rule_adjusted_rate restores the normal pre-rule fallback,reconciled_to_prior_rule_free_snapshot
dd0f2bdd-7be5-48e9-b60d-ef96d2b5b99b,trilogy,2026-07,Bellevue - 414,517/A,AL,Studio,7039,7024,6813,"Decrease 3% - Studio Dlx, Studio when SL occupancy < 80% +2 more",2026-08-21 01:10:58.191+00,2026-06,AL,6859,,,,7024,July modulo_suggested_rate; clearing rule_adjusted_rate restores the normal pre-rule fallback,reconciled_to_prior_rule_free_snapshot
dd5fa942-8089-4c9e-b7b5-1c3753112782,trilogy,2026-07,Leipsic - 409,465/A,VIL,One Bedroom,1139,1207,1171,Decrease 3% - One Bedroom when SL occupancy < 80% +1 more,2026-08-21 01:10:57.66+00,2026-06,VIL,1069,,,,1207,July modulo_suggested_rate; clearing rule_adjusted_rate restores the normal pre-rule fallback,reconciled_to_prior_rule_free_snapshot
dd79bb25-0a02-4e0e-978f-9ba49d073d0c,trilogy,2026-07,Tell City - 103,508/A,AL,Companion,7429,7075,7058,Decrease 6.5% - Companion when RT occupancy < 50% +1 more,2026-08-21 01:10:56.638+00,2026-06,AL,7429,,,,7075,July modulo_suggested_rate; clearing rule_adjusted_rate restores the normal pre-rule fallback,reconciled_to_prior_rule_free_snapshot
dd80a224-d9c2-439b-a982-35b85ca1ef76,trilogy,2026-07,Greenfield - 125,2261/B,VIL,One Bedroom,3499,3293,3324,Decrease 3% - One Bedroom when SL occupancy < 80% +1 more,2026-08-21 01:10:50.609+00,2026-06,VIL,3499,,,,3293,July modulo_suggested_rate; clearing rule_adjusted_rate restores the normal pre-rule fallback,reconciled_to_prior_rule_free_snapshot
ddb2f01a-b9bc-4c0b-a1c9-285549acb289,trilogy,2026-07,Leipsic - 409,455/B,VIL,One Bedroom,1139,1207,1171,Decrease 3% - One Bedroom when SL occupancy < 80% +1 more,2026-08-21 01:10:57.66+00,2026-06,VIL,1069,,,,1207,July modulo_suggested_rate; clearing rule_adjusted_rate restores the normal pre-rule fallback,reconciled_to_prior_rule_free_snapshot
de14778f-defb-48fa-8c0f-c356c0066a5e,trilogy,2026-07,Louisville ES - 210,LB109/B,AL/MC,Studio,8809,9338,9058,"Decrease 3% - Studio Dlx, Studio when SL occupancy < 80% +2 more",2026-08-21 01:10:50.917+00,2026-06,AL/MC,8589,,,,9338,July modulo_suggested_rate; clearing rule_adjusted_rate restores the normal pre-rule fallback,reconciled_to_prior_rule_free_snapshot
de32336e-6903-4801-926a-80985701de34,trilogy,2026-07,Lafayette SL - 5162,111/A,AL,Studio,5849,5837,5662,"Decrease 3% - Studio Dlx, Studio when SL occupancy < 80% +2 more",2026-08-21 01:10:48.831+00,2026-06,AL,5849,,,,5837,July modulo_suggested_rate; clearing rule_adjusted_rate restores the normal pre-rule fallback,reconciled_to_prior_rule_free_snapshot
de5bc96d-ddfd-466c-b6e1-58ff56a93c37,trilogy,2026-07,Shelbyville - 118,1B/B,VIL,One Bedroom,3289,3276,3178,Decrease 3% - One Bedroom when SL occupancy < 80% +1 more,2026-08-21 01:10:52.984+00,2026-06,VIL,3289,,,,3276,July modulo_suggested_rate; clearing rule_adjusted_rate restores the normal pre-rule fallback,reconciled_to_prior_rule_free_snapshot
debafd33-4f99-428c-a466-556f6bacfe3d,trilogy,2026-07,Willard - 2424,505/B,AL,Studio,6419,6406,6214,"Decrease 3% - Studio Dlx, Studio when SL occupancy < 80% +2 more",2026-08-21 01:10:53.742+00,2026-06,AL,6259,,,,6406,July modulo_suggested_rate; clearing rule_adjusted_rate restores the normal pre-rule fallback,reconciled_to_prior_rule_free_snapshot
dec26cfb-0c42-4b05-b015-c9a4dcf0ca34,trilogy,2026-07,Muncie - 128,403/A,AL,Studio,6809,6428,6469,"Decrease 3% - Studio Dlx, Studio when SL occupancy < 80% +2 more",2026-08-21 01:10:58.756+00,2026-06,AL,6739,,,,6428,July modulo_suggested_rate; clearing rule_adjusted_rate restores the normal pre-rule fallback,reconciled_to_prior_rule_free_snapshot
ded908f5-69e2-4996-b0c6-b3c259c4312b,trilogy,2026-07,Louisville ES - 210,LB219/A,AL/MC,Studio,8809,9338,9058,"Decrease 3% - Studio Dlx, Studio when SL occupancy < 80% +2 more",2026-08-21 01:10:50.917+00,2026-06,AL/MC,8589,,,,9338,July modulo_suggested_rate; clearing rule_adjusted_rate restores the normal pre-rule fallback,reconciled_to_prior_rule_free_snapshot
dee8f7d6-778c-4885-8251-5a968b96847e,trilogy,2026-07,Louisville ES - 210,LB315/A,AL/MC,Studio,8809,9338,9058,"Decrease 3% - Studio Dlx, Studio when SL occupancy < 80% +2 more",2026-08-21 01:10:50.917+00,2026-06,AL/MC,8589,,,,9338,July modulo_suggested_rate; clearing rule_adjusted_rate restores the normal pre-rule fallback,reconciled_to_prior_rule_free_snapshot
df12788c-be42-4c93-a0b0-8e003d583073,trilogy,2026-07,Willard - 2424,516/A,AL,Studio,6419,6406,6214,"Decrease 3% - Studio Dlx, Studio when SL occupancy < 80% +2 more",2026-08-21 01:10:53.742+00,2026-06,AL,6259,,,,6406,July modulo_suggested_rate; clearing rule_adjusted_rate restores the normal pre-rule fallback,reconciled_to_prior_rule_free_snapshot
df34fdff-e3f0-47cd-b2d2-3d676ae8001b,trilogy,2026-07,Indianapolis AP - 5160,305/B,AL,Companion,2339,2227,2222,Decrease 6.5% - Companion when RT occupancy < 50% +1 more,2026-08-21 01:10:50.242+00,2026-06,AL,2339,,,,2227,July modulo_suggested_rate; clearing rule_adjusted_rate restores the normal pre-rule fallback,reconciled_to_prior_rule_free_snapshot
df50b1bd-3fe5-4279-be9d-3341569329fd,trilogy,2026-07,Romeo - 2512,512/A,AL,Studio,7749,8214,7968,"Decrease 3% - Studio Dlx, Studio when SL occupancy < 80% +2 more",2026-08-21 01:10:50.917+00,2026-06,AL,7749,,,,8214,July modulo_suggested_rate; clearing rule_adjusted_rate restores the normal pre-rule fallback,reconciled_to_prior_rule_free_snapshot
df6096ba-67b2-4545-a355-26efea14c6d9,trilogy,2026-07,Louisville ES - 210,LB222/A,AL/MC,Studio,8989,9528,9242,"Decrease 3% - Studio Dlx, Studio when SL occupancy < 80% +2 more",2026-08-21 01:10:50.917+00,2026-06,AL/MC,8769,,,,9528,July modulo_suggested_rate; clearing rule_adjusted_rate restores the normal pre-rule fallback,reconciled_to_prior_rule_free_snapshot
dff70d26-62af-440f-8504-5621eabe4907,trilogy,2026-07,Tiffin - 435,516/A,AL,Studio,6799,7207,6991,"Decrease 3% - Studio Dlx, Studio when SL occupancy < 80% +2 more",2026-08-21 01:10:51.217+00,2026-06,AL,6629,,,,7207,July modulo_suggested_rate; clearing rule_adjusted_rate restores the normal pre-rule fallback,reconciled_to_prior_rule_free_snapshot
e023ce52-f7df-4d69-97ee-e9cd0266d80a,trilogy,2026-07,Muncie - 128,518/A,AL,Studio,6989,6598,6640,"Decrease 3% - Studio Dlx, Studio when SL occupancy < 80% +2 more",2026-08-21 01:10:58.756+00,2026-06,AL,6919,,,,6598,July modulo_suggested_rate; clearing rule_adjusted_rate restores the normal pre-rule fallback,reconciled_to_prior_rule_free_snapshot
e035b9d4-9bb2-49d8-afd2-f12d37de6274,trilogy,2026-07,Sylvania - 2427,9149/B,VIL,One Bedroom,3299,3090,3134,Decrease 3% - One Bedroom when SL occupancy < 80% +1 more,2026-08-21 01:10:45.367+00,2026-06,VIL,3299,,,,3090,July modulo_suggested_rate; clearing rule_adjusted_rate restores the normal pre-rule fallback,reconciled_to_prior_rule_free_snapshot
e03835a1-0735-47be-ac11-bda3eb20b012,trilogy,2026-07,Greenfield - 125,531/B,VIL,One Bedroom,3299,3105,3134,Decrease 3% - One Bedroom when SL occupancy < 80% +1 more,2026-08-21 01:10:50.609+00,2026-06,VIL,3299,,,,3105,July modulo_suggested_rate; clearing rule_adjusted_rate restores the normal pre-rule fallback,reconciled_to_prior_rule_free_snapshot
e082015a-ea90-466d-91a3-684665767ae9,trilogy,2026-07,Tell City - 103,515/A,AL,Companion,7429,7075,7058,Decrease 6.5% - Companion when RT occupancy < 50% +1 more,2026-08-21 01:10:56.638+00,2026-06,AL,7429,,,,7075,July modulo_suggested_rate; clearing rule_adjusted_rate restores the normal pre-rule fallback,reconciled_to_prior_rule_free_snapshot
e0a72228-8cf7-4421-aaaf-647abbf75788,trilogy,2026-07,Sylvania - 2427,7331/A,VIL,One Bedroom,3299,3090,3134,Decrease 3% - One Bedroom when SL occupancy < 80% +1 more,2026-08-21 01:10:45.367+00,2026-06,VIL,3299,,,,3090,July modulo_suggested_rate; clearing rule_adjusted_rate restores the normal pre-rule fallback,reconciled_to_prior_rule_free_snapshot
e1095e2e-8222-48e0-a8d4-6cc3c7cf8dde,trilogy,2026-07,Willard - 2424,515/A,AL,Studio,6419,6406,6214,"Decrease 3% - Studio Dlx, Studio when SL occupancy < 80% +2 more",2026-08-21 01:10:53.742+00,2026-06,AL,6259,,,,6406,July modulo_suggested_rate; clearing rule_adjusted_rate restores the normal pre-rule fallback,reconciled_to_prior_rule_free_snapshot
e10b1a14-6e57-4c59-9694-a404a2c514f7,trilogy,2026-07,Louisville ES - 210,LB203/B,AL/MC,Studio,8809,9338,9058,"Decrease 3% - Studio Dlx, Studio when SL occupancy < 80% +2 more",2026-08-21 01:10:50.917+00,2026-06,AL/MC,8589,,,,9338,July modulo_suggested_rate; clearing rule_adjusted_rate restores the normal pre-rule fallback,reconciled_to_prior_rule_free_snapshot
e123ba22-96ac-456a-aad3-b13149918d6e,trilogy,2026-07,Bardstown - 233,200/A,AL/MC,Studio,6279,6075,5965,"Decrease 3% - Studio Dlx, Studio when SL occupancy < 80% +2 more",2026-08-21 01:10:41.57+00,2026-06,AL/MC,6279,,,,6075,July modulo_suggested_rate; clearing rule_adjusted_rate restores the normal pre-rule fallback,reconciled_to_prior_rule_free_snapshot
e1377906-294a-411b-93ce-0e8924e470c3,trilogy,2026-07,Shelbyville - 118,405/B,AL/MC,Companion,8689,9210,8611,Decrease 6.5% - Companion when RT occupancy < 50% +1 more,2026-08-21 01:10:52.984+00,2026-06,AL/MC,8469,,,,9210,July modulo_suggested_rate; clearing rule_adjusted_rate restores the normal pre-rule fallback,reconciled_to_prior_rule_free_snapshot
e1901371-5379-4b6c-a956-92139fe5206c,trilogy,2026-07,Bardstown - 233,302/A,AL/MC,Studio,6589,6375,6260,"Decrease 3% - Studio Dlx, Studio when SL occupancy < 80% +2 more",2026-08-21 01:10:41.57+00,2026-06,AL/MC,6589,,,,6375,July modulo_suggested_rate; clearing rule_adjusted_rate restores the normal pre-rule fallback,reconciled_to_prior_rule_free_snapshot
e1ff42f5-1a00-430d-bfc0-f29b4136d6d5,trilogy,2026-07,Ottawa MO - 430,332/A,VIL,One Bedroom,2699,2507,2564,Decrease 3% - One Bedroom when SL occupancy < 80% +1 more,2026-08-21 01:10:52.984+00,2026-06,VIL,2699,,,,2507,July modulo_suggested_rate; clearing rule_adjusted_rate restores the normal pre-rule fallback,reconciled_to_prior_rule_free_snapshot
e24b63d4-9516-43e5-8aba-0fcd355902a1,trilogy,2026-07,Greenfield - 125,703/B,AL/MC,Companion,8109,7672,7704,Decrease 6.5% - Companion when RT occupancy < 50% +1 more,2026-08-21 01:10:50.609+00,2026-06,AL/MC,8109,,,,7672,July modulo_suggested_rate; clearing rule_adjusted_rate restores the normal pre-rule fallback,reconciled_to_prior_rule_free_snapshot
e2605b20-19c7-4542-97df-e8bce442dfab,trilogy,2026-07,Greenfield - 125,604/B,AL/MC,Companion,8109,7672,7704,Decrease 6.5% - Companion when RT occupancy < 50% +1 more,2026-08-21 01:10:50.609+00,2026-06,AL/MC,8109,,,,7672,July modulo_suggested_rate; clearing rule_adjusted_rate restores the normal pre-rule fallback,reconciled_to_prior_rule_free_snapshot
e29e52a1-90bc-4aa5-86c7-db72ee0b2745,trilogy,2026-07,Tiffin - 435,504/B,AL,Studio,6799,7207,6991,"Decrease 3% - Studio Dlx, Studio when SL occupancy < 80% +2 more",2026-08-21 01:10:51.217+00,2026-06,AL,6629,,,,7207,July modulo_suggested_rate; clearing rule_adjusted_rate restores the normal pre-rule fallback,reconciled_to_prior_rule_free_snapshot
e2c8583c-0582-4e4a-b227-59d5916a8627,trilogy,2026-07,Vincennes - 131,511/B,AL,Companion,7359,6787,6991,Decrease 6.5% - Companion when RT occupancy < 50% +1 more,2026-08-21 01:10:59.05+00,2026-06,AL,7359,,,,6787,July modulo_suggested_rate; clearing rule_adjusted_rate restores the normal pre-rule fallback,reconciled_to_prior_rule_free_snapshot
e3289273-18e0-47c7-ab52-aa8184acce70,trilogy,2026-07,Waunakee - 571,12/B,VIL,One Bedroom,2699,2861,2775,Decrease 3% - One Bedroom when SL occupancy < 80% +1 more,2026-08-21 01:10:50.917+00,2026-06,VIL,2629,,,,2861,July modulo_suggested_rate; clearing rule_adjusted_rate restores the normal pre-rule fallback,reconciled_to_prior_rule_free_snapshot
e38fae76-b4a6-43fa-b7ff-45d75892d9fe,trilogy,2026-07,Bardstown - 233,303/B,AL/MC,Studio,6349,6143,6032,"Decrease 3% - Studio Dlx, Studio when SL occupancy < 80% +2 more",2026-08-21 01:10:41.57+00,2026-06,AL/MC,6349,,,,6143,July modulo_suggested_rate; clearing rule_adjusted_rate restores the normal pre-rule fallback,reconciled_to_prior_rule_free_snapshot
e3984e98-f2da-4780-a0c8-2ef9be7b819f,trilogy,2026-07,Bellevue - 414,506/B,AL,Studio,7039,7024,6813,"Decrease 3% - Studio Dlx, Studio when SL occupancy < 80% +2 more",2026-08-21 01:10:58.191+00,2026-06,AL,6859,,,,7024,July modulo_suggested_rate; clearing rule_adjusted_rate restores the normal pre-rule fallback,reconciled_to_prior_rule_free_snapshot
e3a49996-b162-4e70-8a2c-9d2865ad849c,trilogy,2026-07,Westfield - 5171,307/B,AL,Studio Dlx,5689,6030,5849,"Decrease 3% - Studio Dlx, Studio when SL occupancy < 80% +2 more",2026-08-21 01:11:00.666+00,2026-06,AL,5689,,,,6030,July modulo_suggested_rate; clearing rule_adjusted_rate restores the normal pre-rule fallback,reconciled_to_prior_rule_free_snapshot
e3a51709-f543-4de2-a0c0-d4946b269d7f,trilogy,2026-07,Kokomo WK - 5168,23/A,AL,Studio Dlx,6439,6825,6620,"Decrease 3% - Studio Dlx, Studio when SL occupancy < 80% +2 more",2026-08-21 01:10:55.676+00,2026-06,AL,6129,,,,6825,July modulo_suggested_rate; clearing rule_adjusted_rate restores the normal pre-rule fallback,reconciled_to_prior_rule_free_snapshot
e4071fff-ea42-47bc-b283-84d05f013d3a,trilogy,2026-07,Scottsburg - 121,515/A,AL,Studio,5499,5632,5463,"Decrease 3% - Studio Dlx, Studio when SL occupancy < 80% +2 more",2026-08-21 01:10:45.367+00,2026-06,AL,5499,,,,5632,July modulo_suggested_rate; clearing rule_adjusted_rate restores the normal pre-rule fallback,reconciled_to_prior_rule_free_snapshot
e42c75db-18d6-4400-91a8-68801d070bae,trilogy,2026-07,Shelbyville - 118,4B/B,VIL,One Bedroom,3289,3276,3178,Decrease 3% - One Bedroom when SL occupancy < 80% +1 more,2026-08-21 01:10:52.984+00,2026-06,VIL,3289,,,,3276,July modulo_suggested_rate; clearing rule_adjusted_rate restores the normal pre-rule fallback,reconciled_to_prior_rule_free_snapshot
e4874583-72d1-4b33-a120-626514a223b2,trilogy,2026-07,Harrodsburg - 2187,405/B,AL,Companion,5999,6359,5946,Decrease 6.5% - Companion when RT occupancy < 50% +1 more,2026-08-21 01:11:00.666+00,2026-06,AL,5999,,,,6359,July modulo_suggested_rate; clearing rule_adjusted_rate restores the normal pre-rule fallback,reconciled_to_prior_rule_free_snapshot
e495b3ba-3f2b-4f2e-b4b5-e674a9f38a70,trilogy,2026-07,Kokomo WK - 5168,09/B,AL,Studio Dlx,6439,6825,6620,"Decrease 3% - Studio Dlx, Studio when SL occupancy < 80% +2 more",2026-08-21 01:10:55.676+00,2026-06,AL,6129,,,,6825,July modulo_suggested_rate; clearing rule_adjusted_rate restores the normal pre-rule fallback,reconciled_to_prior_rule_free_snapshot
e49e4bbf-ab15-4a23-a605-9e03b6fd58fb,trilogy,2026-07,Jasper - 108,514/A,AL,Studio,6389,6395,6203,"Decrease 3% - Studio Dlx, Studio when SL occupancy < 80% +2 more",2026-08-21 01:10:45.367+00,2026-06,AL,6319,,,,6395,July modulo_suggested_rate; clearing rule_adjusted_rate restores the normal pre-rule fallback,reconciled_to_prior_rule_free_snapshot
e4a4ffdc-47ac-42ce-b521-e0c894adb3d4,trilogy,2026-07,Batesville - 120,500/A,AL,Studio,6669,6900,6693,"Decrease 3% - Studio Dlx, Studio when SL occupancy < 80% +2 more",2026-08-21 01:10:54.344+00,2026-06,AL,6499,,,,6900,July modulo_suggested_rate; clearing rule_adjusted_rate restores the normal pre-rule fallback,reconciled_to_prior_rule_free_snapshot
e4b68e0d-5c41-4991-b518-6caffa7f4dc4,trilogy,2026-07,Colerain - 412,514/B,AL,Companion,7449,7896,7383,Decrease 6.5% - Companion when RT occupancy < 50% +1 more,2026-08-21 01:10:51.649+00,2026-06,AL,7259,,,,7896,July modulo_suggested_rate; clearing rule_adjusted_rate restores the normal pre-rule fallback,reconciled_to_prior_rule_free_snapshot
e4bae6b4-0cc9-4773-9bd0-7ed380b269b0,trilogy,2026-07,Vincennes - 131,508/A,AL,Studio,6069,6284,6095,"Decrease 3% - Studio Dlx, Studio when SL occupancy < 80% +2 more",2026-08-21 01:10:59.05+00,2026-06,AL,6069,,,,6284,July modulo_suggested_rate; clearing rule_adjusted_rate restores the normal pre-rule fallback,reconciled_to_prior_rule_free_snapshot
e4d13fcd-4790-4fda-9b0f-ba4e65d4b97a,trilogy,2026-07,Monclova - 2422,705/B,AL/MC,Companion,7669,6749,7286,Decrease 6.5% - Companion when RT occupancy < 50% +1 more,2026-08-21 01:10:53.213+00,2026-06,AL/MC,7859,,,,6749,July modulo_suggested_rate; clearing rule_adjusted_rate restores the normal pre-rule fallback,reconciled_to_prior_rule_free_snapshot
e50d702b-df3a-40e0-a9f6-49a046566410,trilogy,2026-07,Anderson - 112,2226/A,VIL,One Bedroom,2819,2640,2678,Decrease 3% - One Bedroom when SL occupancy < 80% +1 more,2026-08-21 01:10:46.29+00,2026-06,VIL,2959,,,,2640,July modulo_suggested_rate; clearing rule_adjusted_rate restores the normal pre-rule fallback,reconciled_to_prior_rule_free_snapshot
e528c3b2-6e32-432e-ac1c-49ba3517eec9,trilogy,2026-07,Vincennes - 131,510/B,AL,Companion,7359,6971,6991,Decrease 6.5% - Companion when RT occupancy < 50% +1 more,2026-08-21 01:10:59.05+00,2026-06,AL,7359,,,,6971,July modulo_suggested_rate; clearing rule_adjusted_rate restores the normal pre-rule fallback,reconciled_to_prior_rule_free_snapshot
e553e656-8d9a-4603-b1bb-6f467dff2fec,trilogy,2026-07,Greenfield - 125,2236/B,VIL,One Bedroom,3499,3293,3324,Decrease 3% - One Bedroom when SL occupancy < 80% +1 more,2026-08-21 01:10:50.609+00,2026-06,VIL,3499,,,,3293,July modulo_suggested_rate; clearing rule_adjusted_rate restores the normal pre-rule fallback,reconciled_to_prior_rule_free_snapshot
e569826f-410b-41b4-90b3-b118803206e3,trilogy,2026-07,Bardstown - 233,301/B,AL/MC,Studio,6479,6269,6155,"Decrease 3% - Studio Dlx, Studio when SL occupancy < 80% +2 more",2026-08-21 01:10:41.57+00,2026-06,AL/MC,6479,,,,6269,July modulo_suggested_rate; clearing rule_adjusted_rate restores the normal pre-rule fallback,reconciled_to_prior_rule_free_snapshot
e6163b00-10b6-4a51-84fb-09b37b1b00c7,trilogy,2026-07,Lima SL - 433,608/A,AL/MC,Studio,7159,7589,7361,"Decrease 3% - Studio Dlx, Studio when SL occupancy < 80% +2 more",2026-08-21 01:10:54.824+00,2026-06,AL/MC,6979,,,,7589,July modulo_suggested_rate; clearing rule_adjusted_rate restores the normal pre-rule fallback,reconciled_to_prior_rule_free_snapshot
e633c7a0-468f-42ac-ba23-1538c3e76354,trilogy,2026-07,Crawfordsville - 5167,30/A,AL,Studio,5969,5957,5778,"Decrease 3% - Studio Dlx, Studio when SL occupancy < 80% +2 more",2026-08-21 01:10:55.188+00,2026-06,AL,5819,,,,5957,July modulo_suggested_rate; clearing rule_adjusted_rate restores the normal pre-rule fallback,reconciled_to_prior_rule_free_snapshot
e65fa6fc-5d69-4041-9097-3262f97f9ece,trilogy,2026-07,Louisville ES - 210,LB209/B,AL/MC,Studio,8809,9338,9058,"Decrease 3% - Studio Dlx, Studio when SL occupancy < 80% +2 more",2026-08-21 01:10:50.917+00,2026-06,AL/MC,8589,,,,9338,July modulo_suggested_rate; clearing rule_adjusted_rate restores the normal pre-rule fallback,reconciled_to_prior_rule_free_snapshot
e69d16a9-3ae4-4572-94e8-55bab73085df,trilogy,2026-07,Colerain - 412,507/A,AL,Companion,4359,4621,4321,Decrease 6.5% - Companion when RT occupancy < 50% +1 more,2026-08-21 01:10:51.649+00,2026-06,AL,4239,,,,4621,July modulo_suggested_rate; clearing rule_adjusted_rate restores the normal pre-rule fallback,reconciled_to_prior_rule_free_snapshot
e6b60d9c-f5a5-4fc3-bb44-7304ffe578de,trilogy,2026-07,Fremont - 403,513/B,AL,Studio,6349,6730,6528,"Decrease 3% - Studio Dlx, Studio when SL occupancy < 80% +2 more",2026-08-21 01:10:56.358+00,2026-06,AL,6039,,,,6730,July modulo_suggested_rate; clearing rule_adjusted_rate restores the normal pre-rule fallback,reconciled_to_prior_rule_free_snapshot
e6b68ca5-dda2-4fd7-87cc-307713ba16d0,trilogy,2026-07,Louisville ES - 210,LB307/B,AL/MC,Studio,8809,9338,9058,"Decrease 3% - Studio Dlx, Studio when SL occupancy < 80% +2 more",2026-08-21 01:10:50.917+00,2026-06,AL/MC,8589,,,,9338,July modulo_suggested_rate; clearing rule_adjusted_rate restores the normal pre-rule fallback,reconciled_to_prior_rule_free_snapshot
e7673be5-c56a-48b7-be8c-b00db24e0571,trilogy,2026-07,Fremont - 403,519/B,AL,Studio,6349,6730,6528,"Decrease 3% - Studio Dlx, Studio when SL occupancy < 80% +2 more",2026-08-21 01:10:56.358+00,2026-06,AL,6039,,,,6730,July modulo_suggested_rate; clearing rule_adjusted_rate restores the normal pre-rule fallback,reconciled_to_prior_rule_free_snapshot
e7b1d885-59db-4d2d-afd7-0ab5185b34ac,trilogy,2026-07,Waunakee - 571,16/A,VIL,One Bedroom,2699,2861,2775,Decrease 3% - One Bedroom when SL occupancy < 80% +1 more,2026-08-21 01:10:50.917+00,2026-06,VIL,2629,,,,2861,July modulo_suggested_rate; clearing rule_adjusted_rate restores the normal pre-rule fallback,reconciled_to_prior_rule_free_snapshot
e7b22247-a4b3-4845-a19a-899d2d391e8b,trilogy,2026-07,Jasper - 108,505/A,AL,Studio,6389,6395,6203,"Decrease 3% - Studio Dlx, Studio when SL occupancy < 80% +2 more",2026-08-21 01:10:45.367+00,2026-06,AL,6319,,,,6395,July modulo_suggested_rate; clearing rule_adjusted_rate restores the normal pre-rule fallback,reconciled_to_prior_rule_free_snapshot
e7e37589-bb74-4789-83ff-b2a051693613,trilogy,2026-07,Muncie - 128,502/A,AL,Studio,6989,6598,6640,"Decrease 3% - Studio Dlx, Studio when SL occupancy < 80% +2 more",2026-08-21 01:10:58.756+00,2026-06,AL,6919,,,,6598,July modulo_suggested_rate; clearing rule_adjusted_rate restores the normal pre-rule fallback,reconciled_to_prior_rule_free_snapshot
e7f2a392-78d9-4398-a723-1bb1487d71c5,trilogy,2026-07,Batesville - 120,504/B,AL,Studio,6669,6900,6693,"Decrease 3% - Studio Dlx, Studio when SL occupancy < 80% +2 more",2026-08-21 01:10:54.344+00,2026-06,AL,6499,,,,6900,July modulo_suggested_rate; clearing rule_adjusted_rate restores the normal pre-rule fallback,reconciled_to_prior_rule_free_snapshot
e81d1174-5111-471a-a189-32f79f999815,trilogy,2026-07,Corydon - 2180,504/A,AL,Studio,6459,6446,6253,"Decrease 3% - Studio Dlx, Studio when SL occupancy < 80% +2 more",2026-08-21 01:10:55.676+00,2026-06,AL,6389,,,,6446,July modulo_suggested_rate; clearing rule_adjusted_rate restores the normal pre-rule fallback,reconciled_to_prior_rule_free_snapshot
e871d63e-088c-4874-b246-344e906a026a,trilogy,2026-07,Avon - 5166,10/A,AL,Studio Dlx,4979,4964,4815,"Decrease 3% - Studio Dlx, Studio when SL occupancy < 80% +2 more",2026-08-21 01:10:50.609+00,2026-06,AL,4979,,,,4964,July modulo_suggested_rate; clearing rule_adjusted_rate restores the normal pre-rule fallback,reconciled_to_prior_rule_free_snapshot
e8e7f5ca-87e0-4c60-9302-b6a8d798704a,trilogy,2026-07,Leipsic - 409,258/B,VIL,One Bedroom,1469,1557,1510,Decrease 3% - One Bedroom when SL occupancy < 80% +1 more,2026-08-21 01:10:57.66+00,2026-06,VIL,1359,,,,1557,July modulo_suggested_rate; clearing rule_adjusted_rate restores the normal pre-rule fallback,reconciled_to_prior_rule_free_snapshot
e91e28db-f5f1-4c23-8574-2b65ab192f18,trilogy,2026-07,Leipsic - 409,156/A,VIL,One Bedroom,1469,1557,1510,Decrease 3% - One Bedroom when SL occupancy < 80% +1 more,2026-08-21 01:10:57.66+00,2026-06,VIL,1359,,,,1557,July modulo_suggested_rate; clearing rule_adjusted_rate restores the normal pre-rule fallback,reconciled_to_prior_rule_free_snapshot
e9319cfe-1431-4758-aa2a-8087375af491,trilogy,2026-07,Monclova - 2422,6957/B,VIL,One Bedroom,3229,3423,3320,Decrease 3% - One Bedroom when SL occupancy < 80% +1 more,2026-08-21 01:10:53.213+00,2026-06,VIL,3149,,,,3423,July modulo_suggested_rate; clearing rule_adjusted_rate restores the normal pre-rule fallback,reconciled_to_prior_rule_free_snapshot
ea13129a-dca6-4d29-93d3-113f4d62e737,trilogy,2026-07,Waunakee - 571,02/A,VIL,One Bedroom,2699,2861,2775,Decrease 3% - One Bedroom when SL occupancy < 80% +1 more,2026-08-21 01:10:50.917+00,2026-06,VIL,2629,,,,2861,July modulo_suggested_rate; clearing rule_adjusted_rate restores the normal pre-rule fallback,reconciled_to_prior_rule_free_snapshot
ea5e3d50-dff9-4417-80ae-18ec585efc29,trilogy,2026-07,Ottawa MO - 430,333/A,VIL,One Bedroom,2699,2507,2564,Decrease 3% - One Bedroom when SL occupancy < 80% +1 more,2026-08-21 01:10:52.984+00,2026-06,VIL,2699,,,,2507,July modulo_suggested_rate; clearing rule_adjusted_rate restores the normal pre-rule fallback,reconciled_to_prior_rule_free_snapshot
ea6356c4-281b-4090-926e-b794e054e75b,trilogy,2026-07,Shelbyville - 118,9A/A,VIL,One Bedroom,3289,3276,3178,Decrease 3% - One Bedroom when SL occupancy < 80% +1 more,2026-08-21 01:10:52.984+00,2026-06,VIL,3289,,,,3276,July modulo_suggested_rate; clearing rule_adjusted_rate restores the normal pre-rule fallback,reconciled_to_prior_rule_free_snapshot
ea74aa4b-b6d3-4d06-94ab-398ac4fd55a4,trilogy,2026-07,Richmond FP - 123,501/B,AL,Companion,5539,5768,5393,Decrease 6.5% - Companion when RT occupancy < 50% +1 more,2026-08-21 01:10:52.024+00,2026-06,AL,5539,,,,5768,July modulo_suggested_rate; clearing rule_adjusted_rate restores the normal pre-rule fallback,reconciled_to_prior_rule_free_snapshot
ea8d9dc6-7921-4dad-940c-65b52e4a88e4,trilogy,2026-07,Louisville ES - 210,LB224/A,AL/MC,Studio,8989,9528,9242,"Decrease 3% - Studio Dlx, Studio when SL occupancy < 80% +2 more",2026-08-21 01:10:50.917+00,2026-06,AL/MC,8769,,,,9528,July modulo_suggested_rate; clearing rule_adjusted_rate restores the normal pre-rule fallback,reconciled_to_prior_rule_free_snapshot
ea9aec77-0475-4682-8712-b0e7d60ec33d,trilogy,2026-07,Bardstown - 233,213/B,AL/MC,Studio,6099,5749,5794,"Decrease 3% - Studio Dlx, Studio when SL occupancy < 80% +2 more",2026-08-21 01:10:41.57+00,2026-06,AL/MC,6099,,,,5749,July modulo_suggested_rate; clearing rule_adjusted_rate restores the normal pre-rule fallback,reconciled_to_prior_rule_free_snapshot
eab31f9e-303a-4573-8d99-a210cbdf221f,trilogy,2026-07,Willard - 2424,507/B,AL,Studio,6419,6406,6214,"Decrease 3% - Studio Dlx, Studio when SL occupancy < 80% +2 more",2026-08-21 01:10:53.742+00,2026-06,AL,6259,,,,6406,July modulo_suggested_rate; clearing rule_adjusted_rate restores the normal pre-rule fallback,reconciled_to_prior_rule_free_snapshot
eaec311e-5427-464f-a649-8b4037bb0b55,trilogy,2026-07,Jasper - 108,503/A,AL,Studio,6389,6395,6203,"Decrease 3% - Studio Dlx, Studio when SL occupancy < 80% +2 more",2026-08-21 01:10:45.367+00,2026-06,AL,6319,,,,6395,July modulo_suggested_rate; clearing rule_adjusted_rate restores the normal pre-rule fallback,reconciled_to_prior_rule_free_snapshot
eba3ff92-1636-4b9e-9763-a8c398d0bb00,trilogy,2026-07,Sylvania - 2427,7312/A,VIL,One Bedroom,3299,3090,3134,Decrease 3% - One Bedroom when SL occupancy < 80% +1 more,2026-08-21 01:10:45.367+00,2026-06,VIL,3299,,,,3090,July modulo_suggested_rate; clearing rule_adjusted_rate restores the normal pre-rule fallback,reconciled_to_prior_rule_free_snapshot
ebcaa228-17c0-4768-a835-ca9e759f9ec8,trilogy,2026-07,Kalida - 406,406/A,AL/MC,Companion,11519,12210,11416,Decrease 6.5% - Companion when RT occupancy < 50% +1 more,2026-08-21 01:10:59.05+00,2026-06,AL/MC,11519,,,,12210,July modulo_suggested_rate; clearing rule_adjusted_rate restores the normal pre-rule fallback,reconciled_to_prior_rule_free_snapshot
ebd5b49e-4373-4302-98b7-0cde7cf3406f,trilogy,2026-07,Batesville - 120,507/B,AL,Studio,6669,6900,6693,"Decrease 3% - Studio Dlx, Studio when SL occupancy < 80% +2 more",2026-08-21 01:10:54.344+00,2026-06,AL,6499,,,,6900,July modulo_suggested_rate; clearing rule_adjusted_rate restores the normal pre-rule fallback,reconciled_to_prior_rule_free_snapshot
ec58768a-d04e-4685-a4c8-2c33b5cd2a50,trilogy,2026-07,Greenfield - 125,535/A,VIL,One Bedroom,3299,3105,3134,Decrease 3% - One Bedroom when SL occupancy < 80% +1 more,2026-08-21 01:10:50.609+00,2026-06,VIL,3299,,,,3105,July modulo_suggested_rate; clearing rule_adjusted_rate restores the normal pre-rule fallback,reconciled_to_prior_rule_free_snapshot
ec6a30a8-2bd4-49df-94f6-365f8a5cf98f,trilogy,2026-07,Boonville - 110,516/A,AL,Studio,6409,6794,6590,"Decrease 3% - Studio Dlx, Studio when SL occupancy < 80% +2 more",2026-08-21 01:10:56.638+00,2026-06,AL,6409,,,,6794,July modulo_suggested_rate; clearing rule_adjusted_rate restores the normal pre-rule fallback,reconciled_to_prior_rule_free_snapshot
ec985e7b-4a0c-4644-8f6d-9936b4899034,trilogy,2026-07,Jasper - 108,517/A,AL,Studio,6389,6395,6203,"Decrease 3% - Studio Dlx, Studio when SL occupancy < 80% +2 more",2026-08-21 01:10:45.367+00,2026-06,AL,6319,,,,6395,July modulo_suggested_rate; clearing rule_adjusted_rate restores the normal pre-rule fallback,reconciled_to_prior_rule_free_snapshot
ec9a55b0-8870-4d82-89b5-f9fe08bcae22,trilogy,2026-07,Scottsburg - 121,503/A,AL,Studio,5499,5632,5463,"Decrease 3% - Studio Dlx, Studio when SL occupancy < 80% +2 more",2026-08-21 01:10:45.367+00,2026-06,AL,5499,,,,5632,July modulo_suggested_rate; clearing rule_adjusted_rate restores the normal pre-rule fallback,reconciled_to_prior_rule_free_snapshot
ece0eab1-fb7e-4d09-81b8-6ef04c1bbe12,trilogy,2026-07,Bloomington SC - 5164,114/A,AL,Studio Dlx,6739,7143,6929,"Decrease 3% - Studio Dlx, Studio when SL occupancy < 80% +2 more",2026-08-21 01:10:54.824+00,2026-06,AL,6499,,,,7143,July modulo_suggested_rate; clearing rule_adjusted_rate restores the normal pre-rule fallback,reconciled_to_prior_rule_free_snapshot
ecf2495c-11a4-4566-9459-f27a2f253cc1,trilogy,2026-07,Jasper - 108,515/A,AL,Studio,6389,6395,6203,"Decrease 3% - Studio Dlx, Studio when SL occupancy < 80% +2 more",2026-08-21 01:10:45.367+00,2026-06,AL,6319,,,,6395,July modulo_suggested_rate; clearing rule_adjusted_rate restores the normal pre-rule fallback,reconciled_to_prior_rule_free_snapshot
ed51afa0-654b-4854-bc6f-931d16b8452c,trilogy,2026-07,Anderson - 112,1729/A,VIL,One Bedroom,2819,2640,2678,Decrease 3% - One Bedroom when SL occupancy < 80% +1 more,2026-08-21 01:10:46.29+00,2026-06,VIL,2959,,,,2640,July modulo_suggested_rate; clearing rule_adjusted_rate restores the normal pre-rule fallback,reconciled_to_prior_rule_free_snapshot
ed7f4442-246c-4fde-bba0-488ff2c01261,trilogy,2026-07,Vincennes - 131,512/A,AL,Companion,7359,6971,6991,Decrease 6.5% - Companion when RT occupancy < 50% +1 more,2026-08-21 01:10:59.05+00,2026-06,AL,7359,,,,6971,July modulo_suggested_rate; clearing rule_adjusted_rate restores the normal pre-rule fallback,reconciled_to_prior_rule_free_snapshot
ed9fd2ea-8d78-4e20-b21a-48b3d1c5218c,trilogy,2026-07,Batesville - 120,502/B,AL,Studio,6669,6900,6693,"Decrease 3% - Studio Dlx, Studio when SL occupancy < 80% +2 more",2026-08-21 01:10:54.344+00,2026-06,AL,6499,,,,6900,July modulo_suggested_rate; clearing rule_adjusted_rate restores the normal pre-rule fallback,reconciled_to_prior_rule_free_snapshot
edef4f95-9228-43b6-b574-ce027db2a8a4,trilogy,2026-07,Lafayette SL - 5162,123/A,AL,Studio,5849,5837,5662,"Decrease 3% - Studio Dlx, Studio when SL occupancy < 80% +2 more",2026-08-21 01:10:48.831+00,2026-06,AL,5849,,,,5837,July modulo_suggested_rate; clearing rule_adjusted_rate restores the normal pre-rule fallback,reconciled_to_prior_rule_free_snapshot
edf354b5-661b-4ef7-ae31-df347dba2a3d,trilogy,2026-07,Muncie - 128,505/A,AL,Studio,6989,6598,6640,"Decrease 3% - Studio Dlx, Studio when SL occupancy < 80% +2 more",2026-08-21 01:10:58.756+00,2026-06,AL,6919,,,,6598,July modulo_suggested_rate; clearing rule_adjusted_rate restores the normal pre-rule fallback,reconciled_to_prior_rule_free_snapshot
ee16082e-660e-4008-83b8-d7bff04ce57f,trilogy,2026-07,Sylvania - 2427,7330/A,VIL,One Bedroom,3299,3090,3134,Decrease 3% - One Bedroom when SL occupancy < 80% +1 more,2026-08-21 01:10:45.367+00,2026-06,VIL,3299,,,,3090,July modulo_suggested_rate; clearing rule_adjusted_rate restores the normal pre-rule fallback,reconciled_to_prior_rule_free_snapshot
ee47fa23-8b9f-45e2-9ec2-7241df1cac8f,trilogy,2026-07,Harrodsburg - 2187,504/B,AL,Companion,5999,6359,5946,Decrease 6.5% - Companion when RT occupancy < 50% +1 more,2026-08-21 01:11:00.666+00,2026-06,AL,5999,,,,6359,July modulo_suggested_rate; clearing rule_adjusted_rate restores the normal pre-rule fallback,reconciled_to_prior_rule_free_snapshot
ee66f2b2-d8ea-4662-9ba2-4f5994e80c93,trilogy,2026-07,Fremont - 403,516/A,AL,Studio,6349,6730,6528,"Decrease 3% - Studio Dlx, Studio when SL occupancy < 80% +2 more",2026-08-21 01:10:56.358+00,2026-06,AL,6039,,,,6730,July modulo_suggested_rate; clearing rule_adjusted_rate restores the normal pre-rule fallback,reconciled_to_prior_rule_free_snapshot
ee933c55-8737-47f3-acbf-03dbdfe76d1f,trilogy,2026-07,Kokomo WK - 5168,30/A,AL,Studio,6119,6486,6291,"Decrease 3% - Studio Dlx, Studio when SL occupancy < 80% +2 more",2026-08-21 01:10:55.676+00,2026-06,AL,5969,,,,6486,July modulo_suggested_rate; clearing rule_adjusted_rate restores the normal pre-rule fallback,reconciled_to_prior_rule_free_snapshot
eeaf3cce-da99-4537-a892-75051dc45e00,trilogy,2026-07,Lafayette SL - 5162,117/A,AL,Studio,7349,7334,7114,"Decrease 3% - Studio Dlx, Studio when SL occupancy < 80% +2 more",2026-08-21 01:10:48.831+00,2026-06,AL,7169,,,,7334,July modulo_suggested_rate; clearing rule_adjusted_rate restores the normal pre-rule fallback,reconciled_to_prior_rule_free_snapshot
eef8c86c-de35-4d59-819c-55898ceebb68,trilogy,2026-07,Bardstown - 233,200/B,AL/MC,Studio,6279,6075,5965,"Decrease 3% - Studio Dlx, Studio when SL occupancy < 80% +2 more",2026-08-21 01:10:41.57+00,2026-06,AL/MC,6279,,,,6075,July modulo_suggested_rate; clearing rule_adjusted_rate restores the normal pre-rule fallback,reconciled_to_prior_rule_free_snapshot
ef2a6a53-f89a-479b-8b98-1fe7b39add62,trilogy,2026-07,Louisville ES - 210,LB107/A,AL/MC,Studio,8809,9338,9058,"Decrease 3% - Studio Dlx, Studio when SL occupancy < 80% +2 more",2026-08-21 01:10:50.917+00,2026-06,AL/MC,8589,,,,9338,July modulo_suggested_rate; clearing rule_adjusted_rate restores the normal pre-rule fallback,reconciled_to_prior_rule_free_snapshot
ef8d652d-5c44-49f6-94a6-8c110311136d,trilogy,2026-07,La Grange - 177,603/A,AL/MC,Companion,8309,8115,7894,Decrease 6.5% - Companion when RT occupancy < 50% +1 more,2026-08-21 01:10:52.566+00,2026-06,AL/MC,8309,,,,8115,July modulo_suggested_rate; clearing rule_adjusted_rate restores the normal pre-rule fallback,reconciled_to_prior_rule_free_snapshot
efa64aee-941c-4231-8bbb-93ec2e944b79,trilogy,2026-07,Anderson - 112,2145/A,VIL,One Bedroom,2819,2640,2678,Decrease 3% - One Bedroom when SL occupancy < 80% +1 more,2026-08-21 01:10:46.29+00,2026-06,VIL,2959,,,,2640,July modulo_suggested_rate; clearing rule_adjusted_rate restores the normal pre-rule fallback,reconciled_to_prior_rule_free_snapshot
efeb6587-8652-408c-9448-956b7dbb4d3f,trilogy,2026-07,Crawfordsville - 5167,23/B,AL,Studio Dlx,1689,1790,1736,"Decrease 3% - Studio Dlx, Studio when SL occupancy < 80% +2 more",2026-08-21 01:10:55.188+00,2026-06,AL,1649,,,,1790,July modulo_suggested_rate; clearing rule_adjusted_rate restores the normal pre-rule fallback,reconciled_to_prior_rule_free_snapshot
eff80709-c3ef-464b-834b-76bb3ec9c1b1,trilogy,2026-07,Kokomo WK - 5168,26/A,AL,Studio,6119,6486,6291,"Decrease 3% - Studio Dlx, Studio when SL occupancy < 80% +2 more",2026-08-21 01:10:55.676+00,2026-06,AL,5969,,,,6486,July modulo_suggested_rate; clearing rule_adjusted_rate restores the normal pre-rule fallback,reconciled_to_prior_rule_free_snapshot
f024a371-a92d-43e6-8934-32bb939e5f5f,trilogy,2026-07,East Lansing - 2507,604/B,AL/MC,Companion,7599,6880,7219,Decrease 6.5% - Companion when RT occupancy < 50% +1 more,2026-08-21 01:11:00.393+00,2026-06,AL/MC,7599,,,,6880,July modulo_suggested_rate; clearing rule_adjusted_rate restores the normal pre-rule fallback,reconciled_to_prior_rule_free_snapshot
f036926e-1a0c-461b-a434-fc6b39b771aa,trilogy,2026-07,Lafayette SL - 5162,115/A,AL,Studio,5849,5837,5662,"Decrease 3% - Studio Dlx, Studio when SL occupancy < 80% +2 more",2026-08-21 01:10:48.831+00,2026-06,AL,5849,,,,5837,July modulo_suggested_rate; clearing rule_adjusted_rate restores the normal pre-rule fallback,reconciled_to_prior_rule_free_snapshot
f108cd09-3960-4d8e-ba44-01798f75d36d,trilogy,2026-07,West Lafayette - 2135,308/B,AL,Companion,4409,4524,4230,Decrease 6.5% - Companion when RT occupancy < 50% +1 more,2026-08-21 01:10:48.199+00,2026-06,AL,4409,,,,4524,July modulo_suggested_rate; clearing rule_adjusted_rate restores the normal pre-rule fallback,reconciled_to_prior_rule_free_snapshot
f12fe3ad-5b9a-43de-8669-c48e716005c5,trilogy,2026-07,Colerain - 412,501/B,AL,Companion,6219,6592,6164,Decrease 6.5% - Companion when RT occupancy < 50% +1 more,2026-08-21 01:10:51.649+00,2026-06,AL,6049,,,,6592,July modulo_suggested_rate; clearing rule_adjusted_rate restores the normal pre-rule fallback,reconciled_to_prior_rule_free_snapshot
f1796056-ded8-4cf7-bf59-9cd8a0e997a3,trilogy,2026-07,Louisville ES - 210,LB323/A,AL/MC,Studio,8809,9338,9058,"Decrease 3% - Studio Dlx, Studio when SL occupancy < 80% +2 more",2026-08-21 01:10:50.917+00,2026-06,AL/MC,8589,,,,9338,July modulo_suggested_rate; clearing rule_adjusted_rate restores the normal pre-rule fallback,reconciled_to_prior_rule_free_snapshot
f17b5a6c-619e-4ebc-93d1-25c8276fbb63,trilogy,2026-07,Crawfordsville - 5167,04/A,AL,Studio,5969,5957,5778,"Decrease 3% - Studio Dlx, Studio when SL occupancy < 80% +2 more",2026-08-21 01:10:55.188+00,2026-06,AL,5819,,,,5957,July modulo_suggested_rate; clearing rule_adjusted_rate restores the normal pre-rule fallback,reconciled_to_prior_rule_free_snapshot
f1cb649e-f7aa-48df-9379-e9cd72875273,trilogy,2026-07,Monclova - 2422,4534/A,VIL,One Bedroom,3229,3423,3320,Decrease 3% - One Bedroom when SL occupancy < 80% +1 more,2026-08-21 01:10:53.213+00,2026-06,VIL,3149,,,,3423,July modulo_suggested_rate; clearing rule_adjusted_rate restores the normal pre-rule fallback,reconciled_to_prior_rule_free_snapshot
f1cc9080-ad3c-4cb8-aa09-8e2ed5c11389,trilogy,2026-07,Kalida - 406,402/A,AL/MC,Studio,7919,7213,7523,"Decrease 3% - Studio Dlx, Studio when SL occupancy < 80% +2 more",2026-08-21 01:10:59.05+00,2026-06,AL/MC,8119,,,,7213,July modulo_suggested_rate; clearing rule_adjusted_rate restores the normal pre-rule fallback,reconciled_to_prior_rule_free_snapshot
f2498c0f-4819-4f9b-a352-79895edba4a9,trilogy,2026-07,Sylvania - 2427,5356/B,VIL,One Bedroom,3299,3090,3134,Decrease 3% - One Bedroom when SL occupancy < 80% +1 more,2026-08-21 01:10:45.367+00,2026-06,VIL,3299,,,,3090,July modulo_suggested_rate; clearing rule_adjusted_rate restores the normal pre-rule fallback,reconciled_to_prior_rule_free_snapshot
f24dac82-3274-49f9-b8f7-c2282dfad77b,trilogy,2026-07,Romeo - 2512,407/A,AL,Studio,7749,8214,7968,"Decrease 3% - Studio Dlx, Studio when SL occupancy < 80% +2 more",2026-08-21 01:10:50.917+00,2026-06,AL,7749,,,,8214,July modulo_suggested_rate; clearing rule_adjusted_rate restores the normal pre-rule fallback,reconciled_to_prior_rule_free_snapshot
f2626d2d-2753-404d-b868-370a438ab223,trilogy,2026-07,Louisville ES - 210,LB303/A,AL/MC,Studio,8809,9338,9058,"Decrease 3% - Studio Dlx, Studio when SL occupancy < 80% +2 more",2026-08-21 01:10:50.917+00,2026-06,AL/MC,8589,,,,9338,July modulo_suggested_rate; clearing rule_adjusted_rate restores the normal pre-rule fallback,reconciled_to_prior_rule_free_snapshot
f288eff4-4913-47ed-99b4-16ce9168caa3,trilogy,2026-07,Colerain - 412,505/A,AL,Companion,6219,6592,6164,Decrease 6.5% - Companion when RT occupancy < 50% +1 more,2026-08-21 01:10:51.217+00,2026-06,AL,6049,,,,6592,July modulo_suggested_rate; clearing rule_adjusted_rate restores the normal pre-rule fallback,reconciled_to_prior_rule_free_snapshot
f3046a4a-3fdf-4329-b3dd-328b7a2b7d97,trilogy,2026-07,Shelbyville - 118,2A/A,VIL,One Bedroom,3289,3276,3178,Decrease 3% - One Bedroom when SL occupancy < 80% +1 more,2026-08-21 01:10:52.984+00,2026-06,VIL,3289,,,,3276,July modulo_suggested_rate; clearing rule_adjusted_rate restores the normal pre-rule fallback,reconciled_to_prior_rule_free_snapshot
f337b065-cda4-4be3-a15e-b192e7b1bb93,trilogy,2026-07,Waunakee - 571,10/A,VIL,One Bedroom,2699,2861,2775,Decrease 3% - One Bedroom when SL occupancy < 80% +1 more,2026-08-21 01:10:50.917+00,2026-06,VIL,2629,,,,2861,July modulo_suggested_rate; clearing rule_adjusted_rate restores the normal pre-rule fallback,reconciled_to_prior_rule_free_snapshot
f3451069-c247-4a41-9b86-f013b63d9081,trilogy,2026-07,La Grange - 177,603/B,AL/MC,Companion,8309,7907,7894,Decrease 6.5% - Companion when RT occupancy < 50% +1 more,2026-08-21 01:10:52.31+00,2026-06,AL/MC,8309,,,,7907,July modulo_suggested_rate; clearing rule_adjusted_rate restores the normal pre-rule fallback,reconciled_to_prior_rule_free_snapshot
f34773a0-ac5f-4669-b75a-24f1acf5c88e,trilogy,2026-07,Anderson - 112,1723/B,VIL,One Bedroom,429,443,430,Decrease 3% - One Bedroom when SL occupancy < 80% +1 more,2026-08-21 01:10:46.29+00,2026-06,VIL,449,,,,443,July modulo_suggested_rate; clearing rule_adjusted_rate restores the normal pre-rule fallback,reconciled_to_prior_rule_free_snapshot
f34f5850-2cbd-44dc-84d7-d36b2178436b,trilogy,2026-07,Lafayette SL - 5162,112/B,AL,Studio,1469,1557,1510,"Decrease 3% - Studio Dlx, Studio when SL occupancy < 80% +2 more",2026-08-21 01:10:48.831+00,2026-06,AL,1469,,,,1557,July modulo_suggested_rate; clearing rule_adjusted_rate restores the normal pre-rule fallback,reconciled_to_prior_rule_free_snapshot
f36d2d34-595f-460f-8363-1ab6504c2a2a,trilogy,2026-07,Muncie - 128,509/A,AL,Studio,6989,6598,6640,"Decrease 3% - Studio Dlx, Studio when SL occupancy < 80% +2 more",2026-08-21 01:10:58.756+00,2026-06,AL,6919,,,,6598,July modulo_suggested_rate; clearing rule_adjusted_rate restores the normal pre-rule fallback,reconciled_to_prior_rule_free_snapshot
f37d2d7f-4158-4e4a-81d3-cfa6c7098653,trilogy,2026-07,Sylvania - 2427,5367/A,VIL,One Bedroom,3299,3090,3134,Decrease 3% - One Bedroom when SL occupancy < 80% +1 more,2026-08-21 01:10:45.367+00,2026-06,VIL,3299,,,,3090,July modulo_suggested_rate; clearing rule_adjusted_rate restores the normal pre-rule fallback,reconciled_to_prior_rule_free_snapshot
f38c63ae-5617-41cd-b04b-f4e4abf518a9,trilogy,2026-07,Louisville ES - 210,LB211/B,AL/MC,Studio,8809,9338,9058,"Decrease 3% - Studio Dlx, Studio when SL occupancy < 80% +2 more",2026-08-21 01:10:50.917+00,2026-06,AL/MC,8589,,,,9338,July modulo_suggested_rate; clearing rule_adjusted_rate restores the normal pre-rule fallback,reconciled_to_prior_rule_free_snapshot
f42808fe-6c0e-45c4-9577-cbfc186cd339,trilogy,2026-07,Anderson - 112,2143/A,VIL,One Bedroom,2819,2640,2678,Decrease 3% - One Bedroom when SL occupancy < 80% +1 more,2026-08-21 01:10:46.29+00,2026-06,VIL,2959,,,,2640,July modulo_suggested_rate; clearing rule_adjusted_rate restores the normal pre-rule fallback,reconciled_to_prior_rule_free_snapshot
f494d13d-437d-43cf-a5c1-842ab9292c22,trilogy,2026-07,Greenfield - 125,2250/A,VIL,One Bedroom,3499,3293,3324,Decrease 3% - One Bedroom when SL occupancy < 80% +1 more,2026-08-21 01:10:50.609+00,2026-06,VIL,3499,,,,3293,July modulo_suggested_rate; clearing rule_adjusted_rate restores the normal pre-rule fallback,reconciled_to_prior_rule_free_snapshot
f4cbcc69-a16c-4916-b725-b909c6d80ee2,trilogy,2026-07,Monclova - 2422,7005/A,VIL,One Bedroom,3229,3423,3320,Decrease 3% - One Bedroom when SL occupancy < 80% +1 more,2026-08-21 01:10:53.213+00,2026-06,VIL,3149,,,,3423,July modulo_suggested_rate; clearing rule_adjusted_rate restores the normal pre-rule fallback,reconciled_to_prior_rule_free_snapshot
f4d0a19f-a3ff-46fc-8f15-b03f59e256c7,trilogy,2026-07,Bardstown - 233,138/B,AL,Studio Dlx,4509,4780,4637,"Decrease 3% - Studio Dlx, Studio when SL occupancy < 80% +2 more",2026-08-21 01:10:41.57+00,2026-06,AL,4509,,,,4780,July modulo_suggested_rate; clearing rule_adjusted_rate restores the normal pre-rule fallback,reconciled_to_prior_rule_free_snapshot
f4d0fc7c-ea1f-420d-9c02-1d0aab89c5e8,trilogy,2026-07,Leipsic - 409,155/B,VIL,One Bedroom,1469,1557,1510,Decrease 3% - One Bedroom when SL occupancy < 80% +1 more,2026-08-21 01:10:57.66+00,2026-06,VIL,1359,,,,1557,July modulo_suggested_rate; clearing rule_adjusted_rate restores the normal pre-rule fallback,reconciled_to_prior_rule_free_snapshot
f4dd9038-b489-4f07-b284-462f9f5c927e,trilogy,2026-07,Corydon - 2180,503/A,AL,Studio,6459,6446,6253,"Decrease 3% - Studio Dlx, Studio when SL occupancy < 80% +2 more",2026-08-21 01:10:55.676+00,2026-06,AL,6389,,,,6446,July modulo_suggested_rate; clearing rule_adjusted_rate restores the normal pre-rule fallback,reconciled_to_prior_rule_free_snapshot
f4e1e26d-37f6-4c11-a3d7-f6a6013d4817,trilogy,2026-07,Greenfield - 125,2252/A,VIL,One Bedroom,3499,3293,3324,Decrease 3% - One Bedroom when SL occupancy < 80% +1 more,2026-08-21 01:10:50.609+00,2026-06,VIL,3499,,,,3293,July modulo_suggested_rate; clearing rule_adjusted_rate restores the normal pre-rule fallback,reconciled_to_prior_rule_free_snapshot
f511e291-5675-4881-86b3-41301a3bb894,trilogy,2026-07,Monclova - 2422,4534/B,VIL,One Bedroom,3229,3423,3320,Decrease 3% - One Bedroom when SL occupancy < 80% +1 more,2026-08-21 01:10:53.213+00,2026-06,VIL,3149,,,,3423,July modulo_suggested_rate; clearing rule_adjusted_rate restores the normal pre-rule fallback,reconciled_to_prior_rule_free_snapshot
f5a25745-edb9-4fa7-90e0-01ec49411bdd,trilogy,2026-07,Louisville ES - 210,LB224/B,AL/MC,Studio,8989,9528,9242,"Decrease 3% - Studio Dlx, Studio when SL occupancy < 80% +2 more",2026-08-21 01:10:50.917+00,2026-06,AL/MC,8769,,,,9528,July modulo_suggested_rate; clearing rule_adjusted_rate restores the normal pre-rule fallback,reconciled_to_prior_rule_free_snapshot
f5bd13ca-5789-438c-b514-75730603bb07,trilogy,2026-07,Bardstown - 233,201/A,AL/MC,Studio,6349,6143,6032,"Decrease 3% - Studio Dlx, Studio when SL occupancy < 80% +2 more",2026-08-21 01:10:41.57+00,2026-06,AL/MC,6349,,,,6143,July modulo_suggested_rate; clearing rule_adjusted_rate restores the normal pre-rule fallback,reconciled_to_prior_rule_free_snapshot
f5dd9e8d-ac4f-4b34-a5fc-a0fa716823e7,trilogy,2026-07,Boonville - 110,519/A,AL,Studio,6409,6794,6590,"Decrease 3% - Studio Dlx, Studio when SL occupancy < 80% +2 more",2026-08-21 01:10:56.638+00,2026-06,AL,6409,,,,6794,July modulo_suggested_rate; clearing rule_adjusted_rate restores the normal pre-rule fallback,reconciled_to_prior_rule_free_snapshot
f6171675-c148-4fde-b217-96f24bb7e93b,trilogy,2026-07,Tell City - 103,517/B,AL,Companion,7429,6889,7058,Decrease 6.5% - Companion when RT occupancy < 50% +1 more,2026-08-21 01:10:56.638+00,2026-06,AL,7429,,,,6889,July modulo_suggested_rate; clearing rule_adjusted_rate restores the normal pre-rule fallback,reconciled_to_prior_rule_free_snapshot
f62823ef-71b0-461e-b700-7a94b7ee4b21,trilogy,2026-07,Louisville ES - 210,LB127/B,AL/MC,Studio,8809,9338,9058,"Decrease 3% - Studio Dlx, Studio when SL occupancy < 80% +2 more",2026-08-21 01:10:50.917+00,2026-06,AL/MC,8589,,,,9338,July modulo_suggested_rate; clearing rule_adjusted_rate restores the normal pre-rule fallback,reconciled_to_prior_rule_free_snapshot
f65e6bc8-122f-41b0-8292-6e2e5c9dedff,trilogy,2026-07,Lafayette SL - 5162,113/A,AL,Studio,5849,5837,5662,"Decrease 3% - Studio Dlx, Studio when SL occupancy < 80% +2 more",2026-08-21 01:10:48.831+00,2026-06,AL,5849,,,,5837,July modulo_suggested_rate; clearing rule_adjusted_rate restores the normal pre-rule fallback,reconciled_to_prior_rule_free_snapshot
f672ad22-935b-44bc-a579-89e96654a60a,trilogy,2026-07,Bardstown - 233,302/B,AL/MC,Studio,6589,6375,6260,"Decrease 3% - Studio Dlx, Studio when SL occupancy < 80% +2 more",2026-08-21 01:10:41.57+00,2026-06,AL/MC,6589,,,,6375,July modulo_suggested_rate; clearing rule_adjusted_rate restores the normal pre-rule fallback,reconciled_to_prior_rule_free_snapshot
f6fbc30e-517b-44d7-8207-d83ef7d1e461,trilogy,2026-07,Vincennes - 131,516/A,AL,Studio,6069,6284,6095,"Decrease 3% - Studio Dlx, Studio when SL occupancy < 80% +2 more",2026-08-21 01:10:59.05+00,2026-06,AL,6069,,,,6284,July modulo_suggested_rate; clearing rule_adjusted_rate restores the normal pre-rule fallback,reconciled_to_prior_rule_free_snapshot
f70c0c96-3175-4586-a2a8-909387aa9a20,trilogy,2026-07,Bardstown - 233,308/B,AL/MC,Studio,6349,6143,6032,"Decrease 3% - Studio Dlx, Studio when SL occupancy < 80% +2 more",2026-08-21 01:10:41.57+00,2026-06,AL/MC,6349,,,,6143,July modulo_suggested_rate; clearing rule_adjusted_rate restores the normal pre-rule fallback,reconciled_to_prior_rule_free_snapshot
f722496a-d915-4fe6-b1c4-aaecfda49939,trilogy,2026-07,Vincennes - 131,514/A,AL,Studio,6069,6284,6095,"Decrease 3% - Studio Dlx, Studio when SL occupancy < 80% +2 more",2026-08-21 01:10:59.05+00,2026-06,AL,6069,,,,6284,July modulo_suggested_rate; clearing rule_adjusted_rate restores the normal pre-rule fallback,reconciled_to_prior_rule_free_snapshot
f7284908-17b0-4c9f-83f2-3e2a95041133,trilogy,2026-07,Fremont - 403,502/B,AL,Studio,6349,6730,6528,"Decrease 3% - Studio Dlx, Studio when SL occupancy < 80% +2 more",2026-08-21 01:10:56.358+00,2026-06,AL,6039,,,,6730,July modulo_suggested_rate; clearing rule_adjusted_rate restores the normal pre-rule fallback,reconciled_to_prior_rule_free_snapshot
f828b9c0-7a3e-4749-8b62-388266b95304,trilogy,2026-07,La Grange - 177,604/B,AL/MC,Companion,8169,7774,7761,Decrease 6.5% - Companion when RT occupancy < 50% +1 more,2026-08-21 01:10:52.31+00,2026-06,AL/MC,8169,,,,7774,July modulo_suggested_rate; clearing rule_adjusted_rate restores the normal pre-rule fallback,reconciled_to_prior_rule_free_snapshot
f87e6346-ad6f-4891-bb3f-d9a9ef38525c,trilogy,2026-07,Greenfield - 125,528/A,VIL,One Bedroom,3299,3105,3134,Decrease 3% - One Bedroom when SL occupancy < 80% +1 more,2026-08-21 01:10:50.609+00,2026-06,VIL,3299,,,,3105,July modulo_suggested_rate; clearing rule_adjusted_rate restores the normal pre-rule fallback,reconciled_to_prior_rule_free_snapshot
f92b5fe5-9886-4d6f-80ec-3274de26fa1d,trilogy,2026-07,Colerain - 412,504/B,AL,Companion,6219,6592,6164,Decrease 6.5% - Companion when RT occupancy < 50% +1 more,2026-08-21 01:10:51.217+00,2026-06,AL,6049,,,,6592,July modulo_suggested_rate; clearing rule_adjusted_rate restores the normal pre-rule fallback,reconciled_to_prior_rule_free_snapshot
f9c419f9-162e-4a67-86a6-261ed8301332,trilogy,2026-07,Leipsic - 409,155/A,VIL,One Bedroom,1469,1557,1510,Decrease 3% - One Bedroom when SL occupancy < 80% +1 more,2026-08-21 01:10:57.66+00,2026-06,VIL,1359,,,,1557,July modulo_suggested_rate; clearing rule_adjusted_rate restores the normal pre-rule fallback,reconciled_to_prior_rule_free_snapshot
f9ca8704-b98a-47a3-8b36-7af3db82b996,trilogy,2026-07,Waunakee - 571,16/B,VIL,One Bedroom,2699,2861,2775,Decrease 3% - One Bedroom when SL occupancy < 80% +1 more,2026-08-21 01:10:50.917+00,2026-06,VIL,2629,,,,2861,July modulo_suggested_rate; clearing rule_adjusted_rate restores the normal pre-rule fallback,reconciled_to_prior_rule_free_snapshot
fa2c1308-27a8-4ce2-a0d6-691eefb79004,trilogy,2026-07,Anderson - 112,2139/B,VIL,One Bedroom,2819,2640,2678,Decrease 3% - One Bedroom when SL occupancy < 80% +1 more,2026-08-21 01:10:46.29+00,2026-06,VIL,2959,,,,2640,July modulo_suggested_rate; clearing rule_adjusted_rate restores the normal pre-rule fallback,reconciled_to_prior_rule_free_snapshot
fa5ea029-8b5b-46be-b726-eb568d3d9a0f,trilogy,2026-07,Louisville ES - 210,LB103/B,AL/MC,Studio,2209,2342,2272,"Decrease 3% - Studio Dlx, Studio when SL occupancy < 80% +2 more",2026-08-21 01:10:50.917+00,2026-06,AL/MC,2149,,,,2342,July modulo_suggested_rate; clearing rule_adjusted_rate restores the normal pre-rule fallback,reconciled_to_prior_rule_free_snapshot
faa1b0fd-52c6-4671-b4eb-dd6706287c74,trilogy,2026-07,Louisville ES - 210,LB111/A,AL/MC,Studio,8809,9338,9058,"Decrease 3% - Studio Dlx, Studio when SL occupancy < 80% +2 more",2026-08-21 01:10:50.917+00,2026-06,AL/MC,8589,,,,9338,July modulo_suggested_rate; clearing rule_adjusted_rate restores the normal pre-rule fallback,reconciled_to_prior_rule_free_snapshot
faa83d1e-47ea-4202-87e5-cf3acf0821a0,trilogy,2026-07,Bardstown - 233,110/A,AL,Studio Dlx,4799,5087,4934,"Decrease 3% - Studio Dlx, Studio when SL occupancy < 80% +2 more",2026-08-21 01:10:41.57+00,2026-06,AL,4799,,,,5087,July modulo_suggested_rate; clearing rule_adjusted_rate restores the normal pre-rule fallback,reconciled_to_prior_rule_free_snapshot
facc0f5e-deb7-4590-8745-1243e3985cf9,trilogy,2026-07,Belmont - 519,605/A,AL/MC,Companion,9429,8835,8958,Decrease 6.5% - Companion when RT occupancy < 50% +1 more,2026-08-21 01:10:50.242+00,2026-06,AL/MC,9429,,,,8835,July modulo_suggested_rate; clearing rule_adjusted_rate restores the normal pre-rule fallback,reconciled_to_prior_rule_free_snapshot
fadeeccc-3929-4a76-973f-0035920d6990,trilogy,2026-07,East Lansing - 2507,703/A,AL/MC,Companion,7599,6691,7219,Decrease 6.5% - Companion when RT occupancy < 50% +1 more,2026-08-21 01:11:00.393+00,2026-06,AL/MC,7599,,,,6691,July modulo_suggested_rate; clearing rule_adjusted_rate restores the normal pre-rule fallback,reconciled_to_prior_rule_free_snapshot
fb217697-cd5c-43da-b8c5-18e22df23b07,trilogy,2026-07,Greenfield - 125,603/B,AL/MC,Companion,5679,5373,5395,Decrease 6.5% - Companion when RT occupancy < 50% +1 more,2026-08-21 01:10:50.609+00,2026-06,AL/MC,5679,,,,5373,July modulo_suggested_rate; clearing rule_adjusted_rate restores the normal pre-rule fallback,reconciled_to_prior_rule_free_snapshot
fb4999f7-5e65-4538-aecf-46653dd2642d,trilogy,2026-07,Belmont - 519,512/A,AL,Studio,7319,7758,7525,"Decrease 3% - Studio Dlx, Studio when SL occupancy < 80% +2 more",2026-08-21 01:10:50.242+00,2026-06,AL,7139,,,,7758,July modulo_suggested_rate; clearing rule_adjusted_rate restores the normal pre-rule fallback,reconciled_to_prior_rule_free_snapshot
fba292b1-3e70-4cb9-a8f5-da9783d10805,trilogy,2026-07,Kokomo WK - 5168,27/B,AL,Studio,6119,6486,6291,"Decrease 3% - Studio Dlx, Studio when SL occupancy < 80% +2 more",2026-08-21 01:10:55.676+00,2026-06,AL,5969,,,,6486,July modulo_suggested_rate; clearing rule_adjusted_rate restores the normal pre-rule fallback,reconciled_to_prior_rule_free_snapshot
fc4056ce-b1e2-4fc2-9d35-cf43bd806f08,trilogy,2026-07,Jasper - 108,407/A,AL,Studio,6389,6395,6203,"Decrease 3% - Studio Dlx, Studio when SL occupancy < 80% +2 more",2026-08-21 01:10:45.367+00,2026-06,AL,6319,,,,6395,July modulo_suggested_rate; clearing rule_adjusted_rate restores the normal pre-rule fallback,reconciled_to_prior_rule_free_snapshot
fc7294c5-a05e-4ffa-ae32-e1024eb06302,trilogy,2026-07,Sylvania - 2427,7313/B,VIL,One Bedroom,3299,3090,3134,Decrease 3% - One Bedroom when SL occupancy < 80% +1 more,2026-08-21 01:10:45.367+00,2026-06,VIL,3299,,,,3090,July modulo_suggested_rate; clearing rule_adjusted_rate restores the normal pre-rule fallback,reconciled_to_prior_rule_free_snapshot
fc8429e2-4d38-42a4-aacd-4109189af657,trilogy,2026-07,Bardstown - 233,109/A,AL,Studio Dlx,4949,5246,5089,"Decrease 3% - Studio Dlx, Studio when SL occupancy < 80% +2 more",2026-08-21 01:10:41.57+00,2026-06,AL,4949,,,,5246,July modulo_suggested_rate; clearing rule_adjusted_rate restores the normal pre-rule fallback,reconciled_to_prior_rule_free_snapshot
fcb19d3e-9f37-4ba8-bec2-dd4eb6a1fb91,trilogy,2026-07,Romeo - 2512,513/A,AL,Studio,7749,8207,7961,"Decrease 3% - Studio Dlx, Studio when SL occupancy < 80% +2 more",2026-08-21 01:10:51.217+00,2026-06,AL,7749,,,,8207,July modulo_suggested_rate; clearing rule_adjusted_rate restores the normal pre-rule fallback,reconciled_to_prior_rule_free_snapshot
fcb68442-b4ca-452b-86a6-92268793fc58,trilogy,2026-07,Greenfield - 125,2263/A,VIL,One Bedroom,3499,3293,3324,Decrease 3% - One Bedroom when SL occupancy < 80% +1 more,2026-08-21 01:10:50.609+00,2026-06,VIL,3499,,,,3293,July modulo_suggested_rate; clearing rule_adjusted_rate restores the normal pre-rule fallback,reconciled_to_prior_rule_free_snapshot
fceb874c-ca69-4f5c-ac24-c910d1eaaad7,trilogy,2026-07,Leipsic - 409,258/A,VIL,One Bedroom,1469,1557,1510,Decrease 3% - One Bedroom when SL occupancy < 80% +1 more,2026-08-21 01:10:57.66+00,2026-06,VIL,1359,,,,1557,July modulo_suggested_rate; clearing rule_adjusted_rate restores the normal pre-rule fallback,reconciled_to_prior_rule_free_snapshot
fcf8a970-6c83-4c48-ad48-524731af4753,trilogy,2026-07,Kalida - 406,402/B,AL/MC,Studio,7919,7213,7523,"Decrease 3% - Studio Dlx, Studio when SL occupancy < 80% +2 more",2026-08-21 01:10:59.05+00,2026-06,AL/MC,8119,,,,7213,July modulo_suggested_rate; clearing rule_adjusted_rate restores the normal pre-rule fallback,reconciled_to_prior_rule_free_snapshot
fd133054-4753-4072-a250-d43627d70f08,trilogy,2026-07,Greenfield - 125,2232L/B,VIL,One Bedroom,3499,3293,3324,Decrease 3% - One Bedroom when SL occupancy < 80% +1 more,2026-08-21 01:10:50.609+00,2026-06,VIL,3499,,,,3293,July modulo_suggested_rate; clearing rule_adjusted_rate restores the normal pre-rule fallback,reconciled_to_prior_rule_free_snapshot
fd4ebe6f-fc26-469f-adad-31c93e00d8cb,trilogy,2026-07,Vincennes - 131,511/A,AL,Companion,7359,6971,6991,Decrease 6.5% - Companion when RT occupancy < 50% +1 more,2026-08-21 01:10:59.05+00,2026-06,AL,7359,,,,6971,July modulo_suggested_rate; clearing rule_adjusted_rate restores the normal pre-rule fallback,reconciled_to_prior_rule_free_snapshot
fd5b6b75-4690-437f-9c70-c8562d78d5df,trilogy,2026-07,Corydon - 2180,410/A,AL/MC,Studio,7499,7122,7124,"Decrease 3% - Studio Dlx, Studio when SL occupancy < 80% +2 more",2026-08-21 01:10:55.676+00,2026-06,AL/MC,7499,,,,7122,July modulo_suggested_rate; clearing rule_adjusted_rate restores the normal pre-rule fallback,reconciled_to_prior_rule_free_snapshot
fd92bc03-2fe5-4f8c-84c9-f93cb12f0a4a,trilogy,2026-07,Westfield - 5171,407/A,AL,Studio Dlx,5689,6030,5849,"Decrease 3% - Studio Dlx, Studio when SL occupancy < 80% +2 more",2026-08-21 01:11:00.666+00,2026-06,AL,5689,,,,6030,July modulo_suggested_rate; clearing rule_adjusted_rate restores the normal pre-rule fallback,reconciled_to_prior_rule_free_snapshot
fda25e1c-ba14-4547-82b2-7ad5c789cd6c,trilogy,2026-07,Bellevue - 414,506/A,AL,Studio,7039,7024,6813,"Decrease 3% - Studio Dlx, Studio when SL occupancy < 80% +2 more",2026-08-21 01:10:58.191+00,2026-06,AL,6859,,,,7024,July modulo_suggested_rate; clearing rule_adjusted_rate restores the normal pre-rule fallback,reconciled_to_prior_rule_free_snapshot
fe096cef-75d7-4519-b094-29543c685255,trilogy,2026-07,Greenfield - 125,560/A,VIL,One Bedroom,3499,3293,3324,Decrease 3% - One Bedroom when SL occupancy < 80% +1 more,2026-08-21 01:10:50.609+00,2026-06,VIL,3499,,,,3293,July modulo_suggested_rate; clearing rule_adjusted_rate restores the normal pre-rule fallback,reconciled_to_prior_rule_free_snapshot
fe493a77-bc8c-4c5e-a1e3-1dabad24a35e,trilogy,2026-07,Bardstown - 233,108/A,AL,Studio Dlx,4799,5087,4934,"Decrease 3% - Studio Dlx, Studio when SL occupancy < 80% +2 more",2026-08-21 01:10:41.57+00,2026-06,AL,4799,,,,5087,July modulo_suggested_rate; clearing rule_adjusted_rate restores the normal pre-rule fallback,reconciled_to_prior_rule_free_snapshot
fe822cd9-0867-459c-b32f-691e5f332b95,trilogy,2026-07,Greenfield - 125,617/B,AL/MC,Companion,8109,7470,7704,Decrease 6.5% - Companion when RT occupancy < 50% +1 more,2026-08-21 01:10:50.609+00,2026-06,AL/MC,8109,,,,7470,July modulo_suggested_rate; clearing rule_adjusted_rate restores the normal pre-rule fallback,reconciled_to_prior_rule_free_snapshot
fe952188-187a-4d1c-9ff1-9774b7e36013,trilogy,2026-07,Shelbyville - 118,3A/B,VIL,One Bedroom,3289,3276,3178,Decrease 3% - One Bedroom when SL occupancy < 80% +1 more,2026-08-21 01:10:52.984+00,2026-06,VIL,3289,,,,3276,July modulo_suggested_rate; clearing rule_adjusted_rate restores the normal pre-rule fallback,reconciled_to_prior_rule_free_snapshot
fea359bc-57e0-48bb-9855-2fe12feb5843,trilogy,2026-07,Bardstown - 233,123/B,AL,Studio Dlx,4659,4939,4791,"Decrease 3% - Studio Dlx, Studio when SL occupancy < 80% +2 more",2026-08-21 01:10:41.57+00,2026-06,AL,4659,,,,4939,July modulo_suggested_rate; clearing rule_adjusted_rate restores the normal pre-rule fallback,reconciled_to_prior_rule_free_snapshot
fed10afc-28f2-434e-8f6a-84ba83442f5d,trilogy,2026-07,West Lafayette - 2135,238/B,AL,Companion,4409,4524,4230,Decrease 6.5% - Companion when RT occupancy < 50% +1 more,2026-08-21 01:10:48.199+00,2026-06,AL,4409,,,,4524,July modulo_suggested_rate; clearing rule_adjusted_rate restores the normal pre-rule fallback,reconciled_to_prior_rule_free_snapshot
fefb9c22-819c-4a9d-a953-fdf44072caed,trilogy,2026-07,Fremont - 403,506/B,AL,Studio,5779,6126,5942,"Decrease 3% - Studio Dlx, Studio when SL occupancy < 80% +2 more",2026-08-21 01:10:56.358+00,2026-06,AL,5499,,,,6126,July modulo_suggested_rate; clearing rule_adjusted_rate restores the normal pre-rule fallback,reconciled_to_prior_rule_free_snapshot
ff1b1121-9fe8-40a3-92b8-4ef95229e024,trilogy,2026-07,Jasper - 108,521/A,AL,Studio,6389,6395,6203,"Decrease 3% - Studio Dlx, Studio when SL occupancy < 80% +2 more",2026-08-21 01:10:45.367+00,2026-06,AL,6319,,,,6395,July modulo_suggested_rate; clearing rule_adjusted_rate restores the normal pre-rule fallback,reconciled_to_prior_rule_free_snapshot
ff4dcf77-a891-441d-a956-e5a7e6b5c827,trilogy,2026-07,Corydon - 2180,401/A,AL/MC,Studio,7499,7122,7124,"Decrease 3% - Studio Dlx, Studio when SL occupancy < 80% +2 more",2026-08-21 01:10:55.676+00,2026-06,AL/MC,7499,,,,7122,July modulo_suggested_rate; clearing rule_adjusted_rate restores the normal pre-rule fallback,reconciled_to_prior_rule_free_snapshot
ff7b9596-20ab-4700-8662-b88b93ee5b15,trilogy,2026-07,Kokomo WK - 5168,20T/A,AL,Studio,6119,6412,6220,"Decrease 3% - Studio Dlx, Studio when SL occupancy < 80% +2 more",2026-08-21 01:10:55.676+00,2026-06,AL,5969,,,,6412,July modulo_suggested_rate; clearing rule_adjusted_rate restores the normal pre-rule fallback,reconciled_to_prior_rule_free_snapshot
ffa2d935-2494-458c-a760-eec79a97eb78,trilogy,2026-07,Greenfield - 125,2272/B,VIL,One Bedroom,3499,3293,3324,Decrease 3% - One Bedroom when SL occupancy < 80% +1 more,2026-08-21 01:10:50.609+00,2026-06,VIL,3499,,,,3293,July modulo_suggested_rate; clearing rule_adjusted_rate restores the normal pre-rule fallback,reconciled_to_prior_rule_free_snapshot
ffd951ed-bf1a-4428-a8eb-11a9fba6b66e,trilogy,2026-07,Louisville ES - 210,LB217/A,AL/MC,Studio,8809,9338,9058,"Decrease 3% - Studio Dlx, Studio when SL occupancy < 80% +2 more",2026-08-21 01:10:50.917+00,2026-06,AL/MC,8589,,,,9338,July modulo_suggested_rate; clearing rule_adjusted_rate restores the normal pre-rule fallback,reconciled_to_prior_rule_free_snapshot
